sample_id,design,library,formula,n_cations,Mn,Fe,Co,Ni,La,Ce,Cu,Ta,Sn,Ca,Sb
sample_004b1d877faf6318,Ca-Mn-Co-Ni-Sn-Sb|Mn0.2Ni0.3Sb0.5,Ca-Mn-Co-Ni-Sn-Sb,Mn0.2Ni0.3Sb0.5,3,0.2,0,0,0.3,0,0,0,0,0,0,0.5
sample_004b5feede564c1a,Mn-Fe-Co-Ni-La-Ce|Ni0.1La0.4Ce0.5,Mn-Fe-Co-Ni-La-Ce,Ni0.1La0.4Ce0.5,3,0,0,0,0.1,0.4,0.5,0,0,0,0,0
sample_004bfcb2fb99b63a,Mn-Fe-Co-Cu-Sn-Ta|Mn0.1Co0.7Ta0.2,Mn-Fe-Co-Cu-Sn-Ta,Mn0.1Co0.7Ta0.2,3,0.1,0,0.7,0,0,0,0,0.2,0,0,0
sample_005111da9c8bb4fa,Mn-Fe-Co-Cu-Sn-Ta|Mn0.8Sn0.1Ta0.1,Mn-Fe-Co-Cu-Sn-Ta,Mn0.8Sn0.1Ta0.1,3,0.8,0,0,0,0,0,0,0.1,0.1,0,0
sample_005ac1cc1eb8dfea,Ca-Mn-Co-Ni-Sn-Sb|Co0.8Ni0.1Sn0.1,Ca-Mn-Co-Ni-Sn-Sb,Co0.8Ni0.1Sn0.1,3,0,0,0.8,0.1,0,0,0,0,0.1,0,0
sample_006d67ff239ecaf6,Ca-Mn-Co-Ni-Sn-Sb|Mn0.7Co0.1Sn0.2,Ca-Mn-Co-Ni-Sn-Sb,Mn0.7Co0.1Sn0.2,3,0.7,0,0.1,0,0,0,0,0,0.2,0,0
sample_006e130eeeeb9710,Ca-Mn-Co-Ni-Sn-Sb|Mn0.3Co0.4Sn0.3,Ca-Mn-Co-Ni-Sn-Sb,Mn0.3Co0.4Sn0.3,3,0.3,0,0.4,0,0,0,0,0,0.3,0,0
sample_0083992ec748f1dd,Ca-Mn-Co-Ni-Sn-Sb|Mn0.2Co0.1Sn0.7,Ca-Mn-Co-Ni-Sn-Sb,Mn0.2Co0.1Sn0.7,3,0.2,0,0.1,0,0,0,0,0,0.7,0,0
sample_0086c392a98ad292,Ca-Mn-Co-Ni-Sn-Sb|Mn0.1Co0.4Sb0.5,Ca-Mn-Co-Ni-Sn-Sb,Mn0.1Co0.4Sb0.5,3,0.1,0,0.4,0,0,0,0,0,0,0,0.5
sample_008b6225001581d0,Mn-Fe-Co-Cu-Sn-Ta|Mn0.7Fe0.1Cu0.2,Mn-Fe-Co-Cu-Sn-Ta,Mn0.7Fe0.1Cu0.2,3,0.7,0.1,0,0,0,0,0.2,0,0,0,0
sample_00ab4ac158949740,Mn-Fe-Co-Ni-Cu-Ta|Mn0.3Co0.3Ta0.4,Mn-Fe-Co-Ni-Cu-Ta,Mn0.3Co0.3Ta0.4,3,0.3,0,0.3,0,0,0,0,0.4,0,0,0
sample_00bc67449637a0b1,Mn-Fe-Co-Ni-La-Ce|Mn0.6Ni0.3La0.1,Mn-Fe-Co-Ni-La-Ce,Mn0.6Ni0.3La0.1,3,0.6,0,0,0.3,0.1,0,0,0,0,0,0
sample_00d82df9b6ea16df,Mn-Fe-Co-Ni-La-Ce|Ni0.2La0.8,Mn-Fe-Co-Ni-La-Ce,Ni0.2La0.8,2,0,0,0,0.2,0.8,0,0,0,0,0,0
sample_00e2f59de27e55d2,Mn-Fe-Co-Ni-La-Ce|Mn0.1Ni0.3Ce0.6,Mn-Fe-Co-Ni-La-Ce,Mn0.1Ni0.3Ce0.6,3,0.1,0,0,0.3,0,0.6,0,0,0,0,0
sample_00ec9ac2e0532aa5,Mn-Fe-Co-Ni-Cu-Ta|Fe0.4Ni0.2Ta0.4,Mn-Fe-Co-Ni-Cu-Ta,Fe0.4Ni0.2Ta0.4,3,0,0.4,0,0.2,0,0,0,0.4,0,0,0
sample_00f0576bcef9bafc,Mn-Fe-Co-Cu-Sn-Ta|Mn0.2Co0.6Sn0.2,Mn-Fe-Co-Cu-Sn-Ta,Mn0.2Co0.6Sn0.2,3,0.2,0,0.6,0,0,0,0,0,0.2,0,0
sample_00f9f0a70ed2062f,Mn-Fe-Co-Ni-Cu-Ta|Mn0.1Fe0.1Co0.8,Mn-Fe-Co-Ni-Cu-Ta,Mn0.1Fe0.1Co0.8,3,0.1,0.1,0.8,0,0,0,0,0,0,0,0
sample_010404b45fcf7982,Mn-Fe-Co-Ni-Cu-Ta|Mn0.3Co0.6Ni0.1,Mn-Fe-Co-Ni-Cu-Ta,Mn0.3Co0.6Ni0.1,3,0.3,0,0.6,0.1,0,0,0,0,0,0,0
sample_010619f2be43c210,Ca-Mn-Co-Ni-Sn-Sb|Co0.4Sn0.1Sb0.5,Ca-Mn-Co-Ni-Sn-Sb,Co0.4Sn0.1Sb0.5,3,0,0,0.4,0,0,0,0,0,0.1,0,0.5
sample_010cb688f0c2db4b,Ca-Mn-Co-Ni-Sn-Sb|Ca0.5Mn0.1Co0.4,Ca-Mn-Co-Ni-Sn-Sb,Ca0.5Mn0.1Co0.4,3,0.1,0,0.4,0,0,0,0,0,0,0.5,0
sample_01174ed14981ff5d,Ca-Mn-Co-Ni-Sn-Sb|Mn0.6Co0.1Sn0.3,Ca-Mn-Co-Ni-Sn-Sb,Mn0.6Co0.1Sn0.3,3,0.6,0,0.1,0,0,0,0,0,0.3,0,0
sample_012382cd98b718c9,Ca-Mn-Co-Ni-Sn-Sb|Mn0.4Ni0.6,Ca-Mn-Co-Ni-Sn-Sb,Mn0.4Ni0.6,2,0.4,0,0,0.6,0,0,0,0,0,0,0
sample_01324773d5f5e407,Mn-Fe-Co-Ni-Cu-Ta|Cu0.6Ta0.4,Mn-Fe-Co-Ni-Cu-Ta,Cu0.6Ta0.4,2,0,0,0,0,0,0,0.6,0.4,0,0,0
sample_013c7f96fc6c86b8,Mn-Fe-Co-Ni-Cu-Ta|Mn0.7Fe0.1Co0.2,Mn-Fe-Co-Ni-Cu-Ta,Mn0.7Fe0.1Co0.2,3,0.7,0.1,0.2,0,0,0,0,0,0,0,0
sample_01445b3d7408cc14,Mn-Fe-Co-Ni-Cu-Ta|Fe0.5Co0.2Cu0.3,Mn-Fe-Co-Ni-Cu-Ta,Fe0.5Co0.2Cu0.3,3,0,0.5,0.2,0,0,0,0.3,0,0,0,0
sample_014d92712cbb45cd,Mn-Fe-Co-Ni-Cu-Ta|Co0.2Ni0.5Cu0.3,Mn-Fe-Co-Ni-Cu-Ta,Co0.2Ni0.5Cu0.3,3,0,0,0.2,0.5,0,0,0.3,0,0,0,0
sample_014ed70f2e47f5e4,Mn-Fe-Co-Ni-Cu-Ta|Ni0.6Cu0.1Ta0.3,Mn-Fe-Co-Ni-Cu-Ta,Ni0.6Cu0.1Ta0.3,3,0,0,0,0.6,0,0,0.1,0.3,0,0,0
sample_0155b5f24ae00e8d,Ca-Mn-Co-Ni-Sn-Sb|Ni0.4Sb0.6,Ca-Mn-Co-Ni-Sn-Sb,Ni0.4Sb0.6,2,0,0,0,0.4,0,0,0,0,0,0,0.6
sample_015a50bd303fdafd,Mn-Fe-Co-Ni-La-Ce|Mn0.2Fe0.6Ni0.2,Mn-Fe-Co-Ni-La-Ce,Mn0.2Fe0.6Ni0.2,3,0.2,0.6,0,0.2,0,0,0,0,0,0,0
sample_01a2f2ffde0c985d,Mn-Fe-Co-Cu-Sn-Ta|Mn0.5Fe0.2Sn0.3,Mn-Fe-Co-Cu-Sn-Ta,Mn0.5Fe0.2Sn0.3,3,0.5,0.2,0,0,0,0,0,0,0.3,0,0
sample_01aee6c8138adece,Mn-Fe-Co-Ni-Cu-Ta|Mn0.6Co0.2Ni0.2,Mn-Fe-Co-Ni-Cu-Ta,Mn0.6Co0.2Ni0.2,3,0.6,0,0.2,0.2,0,0,0,0,0,0,0
sample_01e2db3d535ccbf8,Mn-Fe-Co-Ni-Cu-Ta|Mn0.2Fe0.6Co0.2,Mn-Fe-Co-Ni-Cu-Ta,Mn0.2Fe0.6Co0.2,3,0.2,0.6,0.2,0,0,0,0,0,0,0,0
sample_01e48ee76ae7f0d4,Mn-Fe-Co-Cu-Sn-Ta|Fe0.3Sn0.5Ta0.2,Mn-Fe-Co-Cu-Sn-Ta,Fe0.3Sn0.5Ta0.2,3,0,0.3,0,0,0,0,0,0.2,0.5,0,0
sample_020c4a6797392739,Mn-Fe-Co-Cu-Sn-Ta|Mn0.7Sn0.1Ta0.2,Mn-Fe-Co-Cu-Sn-Ta,Mn0.7Sn0.1Ta0.2,3,0.7,0,0,0,0,0,0,0.2,0.1,0,0
sample_020dec03a41f6037,Ca-Mn-Co-Ni-Sn-Sb|Ni0.1Sn0.5Sb0.4,Ca-Mn-Co-Ni-Sn-Sb,Ni0.1Sn0.5Sb0.4,3,0,0,0,0.1,0,0,0,0,0.5,0,0.4
sample_0210ff3d9c226f6d,Mn-Fe-Co-Cu-Sn-Ta|Mn0.6Cu0.2Ta0.2,Mn-Fe-Co-Cu-Sn-Ta,Mn0.6Cu0.2Ta0.2,3,0.6,0,0,0,0,0,0.2,0.2,0,0,0
sample_0230b3093a69685c,Mn-Fe-Co-Ni-Cu-Ta|Mn0.1Ni0.1Ta0.8,Mn-Fe-Co-Ni-Cu-Ta,Mn0.1Ni0.1Ta0.8,3,0.1,0,0,0.1,0,0,0,0.8,0,0,0
sample_023478be4e984df8,Mn-Fe-Co-Ni-Cu-Ta|Mn0.5Fe0.1Co0.4,Mn-Fe-Co-Ni-Cu-Ta,Mn0.5Fe0.1Co0.4,3,0.5,0.1,0.4,0,0,0,0,0,0,0,0
sample_023c3a18f7aa8c8b,Mn-Fe-Co-Ni-La-Ce|Fe0.3Ni0.2Ce0.5,Mn-Fe-Co-Ni-La-Ce,Fe0.3Ni0.2Ce0.5,3,0,0.3,0,0.2,0,0.5,0,0,0,0,0
sample_024ea7f5bb4b3ccf,Mn-Fe-Co-Ni-Cu-Ta|Fe0.4Cu0.2Ta0.4,Mn-Fe-Co-Ni-Cu-Ta,Fe0.4Cu0.2Ta0.4,3,0,0.4,0,0,0,0,0.2,0.4,0,0,0
sample_0250b8ce3814a072,Mn-Fe-Co-Ni-Cu-Ta|Co0.9Ni0.1,Mn-Fe-Co-Ni-Cu-Ta,Co0.9Ni0.1,2,0,0,0.9,0.1,0,0,0,0,0,0,0
sample_027034067fd55a63,Mn-Fe-Co-Cu-Sn-Ta|Mn0.5Co0.4Ta0.1,Mn-Fe-Co-Cu-Sn-Ta,Mn0.5Co0.4Ta0.1,3,0.5,0,0.4,0,0,0,0,0.1,0,0,0
sample_02713c2975707540,Mn-Fe-Co-Ni-La-Ce|Co0.5Ni0.4La0.1,Mn-Fe-Co-Ni-La-Ce,Co0.5Ni0.4La0.1,3,0,0,0.5,0.4,0.1,0,0,0,0,0,0
sample_027bc239b7169b49,Ca-Mn-Co-Ni-Sn-Sb|Ca0.4Ni0.2Sn0.4,Ca-Mn-Co-Ni-Sn-Sb,Ca0.4Ni0.2Sn0.4,3,0,0,0,0.2,0,0,0,0,0.4,0.4,0
sample_02977d1cbf972f75,Mn-Fe-Co-Ni-Cu-Ta|Co0.3Ni0.6Ta0.1,Mn-Fe-Co-Ni-Cu-Ta,Co0.3Ni0.6Ta0.1,3,0,0,0.3,0.6,0,0,0,0.1,0,0,0
sample_02a5238576e8e384,Mn-Fe-Co-Ni-La-Ce|Mn0.6Fe0.3Ni0.1,Mn-Fe-Co-Ni-La-Ce,Mn0.6Fe0.3Ni0.1,3,0.6,0.3,0,0.1,0,0,0,0,0,0,0
sample_02b01a5b90c6fc2e,Ca-Mn-Co-Ni-Sn-Sb|Ca0.1Mn0.1Co0.8,Ca-Mn-Co-Ni-Sn-Sb,Ca0.1Mn0.1Co0.8,3,0.1,0,0.8,0,0,0,0,0,0,0.1,0
sample_02b957548a7baf28,Mn-Fe-Co-Cu-Sn-Ta|Mn0.8Fe0.1Cu0.1,Mn-Fe-Co-Cu-Sn-Ta,Mn0.8Fe0.1Cu0.1,3,0.8,0.1,0,0,0,0,0.1,0,0,0,0
sample_02bce17fac06d5cc,Mn-Fe-Co-Cu-Sn-Ta|Mn0.2Fe0.1Sn0.7,Mn-Fe-Co-Cu-Sn-Ta,Mn0.2Fe0.1Sn0.7,3,0.2,0.1,0,0,0,0,0,0,0.7,0,0
sample_02c7bc6b1ffca629,Mn-Fe-Co-Ni-La-Ce|Mn0.2Fe0.5La0.3,Mn-Fe-Co-Ni-La-Ce,Mn0.2Fe0.5La0.3,3,0.2,0.5,0,0,0.3,0,0,0,0,0,0
sample_02e2b1e02b5e0bf6,Ca-Mn-Co-Ni-Sn-Sb|Ca0.5Mn0.2Sb0.3,Ca-Mn-Co-Ni-Sn-Sb,Ca0.5Mn0.2Sb0.3,3,0.2,0,0,0,0,0,0,0,0,0.5,0.3
sample_02e3ab0e409f53cd,Mn-Fe-Co-Cu-Sn-Ta|Cu0.8Sn0.2,Mn-Fe-Co-Cu-Sn-Ta,Cu0.8Sn0.2,2,0,0,0,0,0,0,0.8,0,0.2,0,0
sample_02f24d6f41eca507,Mn-Fe-Co-Cu-Sn-Ta|Mn0.1Fe0.7Sn0.2,Mn-Fe-Co-Cu-Sn-Ta,Mn0.1Fe0.7Sn0.2,3,0.1,0.7,0,0,0,0,0,0,0.2,0,0
sample_02fa23d5eedeecff,Ca-Mn-Co-Ni-Sn-Sb|Mn0.1Ni0.2Sn0.7,Ca-Mn-Co-Ni-Sn-Sb,Mn0.1Ni0.2Sn0.7,3,0.1,0,0,0.2,0,0,0,0,0.7,0,0
sample_0317879ad2b6b6c8,Mn-Fe-Co-Ni-Cu-Ta|Mn0.2Fe0.1Ta0.7,Mn-Fe-Co-Ni-Cu-Ta,Mn0.2Fe0.1Ta0.7,3,0.2,0.1,0,0,0,0,0,0.7,0,0,0
sample_032d87da340f7192,Mn-Fe-Co-Ni-Cu-Ta|Fe0.6Cu0.2Ta0.2,Mn-Fe-Co-Ni-Cu-Ta,Fe0.6Cu0.2Ta0.2,3,0,0.6,0,0,0,0,0.2,0.2,0,0,0
sample_032fd292a2628fb6,Ca-Mn-Co-Ni-Sn-Sb|Mn0.2Co0.1Sb0.7,Ca-Mn-Co-Ni-Sn-Sb,Mn0.2Co0.1Sb0.7,3,0.2,0,0.1,0,0,0,0,0,0,0,0.7
sample_03343178c087cc35,Mn-Fe-Co-Cu-Sn-Ta|Fe0.5Sn0.5,Mn-Fe-Co-Cu-Sn-Ta,Fe0.5Sn0.5,2,0,0.5,0,0,0,0,0,0,0.5,0,0
sample_03663d0449ede382,Mn-Fe-Co-Ni-La-Ce|Fe0.6Ni0.2Ce0.2,Mn-Fe-Co-Ni-La-Ce,Fe0.6Ni0.2Ce0.2,3,0,0.6,0,0.2,0,0.2,0,0,0,0,0
sample_038f55e05c2ddea6,Ca-Mn-Co-Ni-Sn-Sb|Ca0.2Mn0.7Ni0.1,Ca-Mn-Co-Ni-Sn-Sb,Ca0.2Mn0.7Ni0.1,3,0.7,0,0,0.1,0,0,0,0,0,0.2,0
sample_03c40eac783b5254,Mn-Fe-Co-Ni-Cu-Ta|Ni0.1Cu0.7Ta0.2,Mn-Fe-Co-Ni-Cu-Ta,Ni0.1Cu0.7Ta0.2,3,0,0,0,0.1,0,0,0.7,0.2,0,0,0
sample_03c7909ae4b777c0,Ca-Mn-Co-Ni-Sn-Sb|Co0.1Sn0.8Sb0.1,Ca-Mn-Co-Ni-Sn-Sb,Co0.1Sn0.8Sb0.1,3,0,0,0.1,0,0,0,0,0,0.8,0,0.1
sample_03d3ab8fe0e7e0ee,Mn-Fe-Co-Ni-Cu-Ta|Mn0.7Fe0.2Co0.1,Mn-Fe-Co-Ni-Cu-Ta,Mn0.7Fe0.2Co0.1,3,0.7,0.2,0.1,0,0,0,0,0,0,0,0
sample_03d78edc21b06fb1,Ca-Mn-Co-Ni-Sn-Sb|Mn0.1Ni0.6Sb0.3,Ca-Mn-Co-Ni-Sn-Sb,Mn0.1Ni0.6Sb0.3,3,0.1,0,0,0.6,0,0,0,0,0,0,0.3
sample_03d9e0a42e910609,Mn-Fe-Co-Ni-La-Ce|Mn0.1Co0.2La0.7,Mn-Fe-Co-Ni-La-Ce,Mn0.1Co0.2La0.7,3,0.1,0,0.2,0,0.7,0,0,0,0,0,0
sample_03e03a6b6e81b0fe,Mn-Fe-Co-Ni-La-Ce|Mn0.5La0.4Ce0.1,Mn-Fe-Co-Ni-La-Ce,Mn0.5La0.4Ce0.1,3,0.5,0,0,0,0.4,0.1,0,0,0,0,0
sample_03e94918cc3f995f,Mn-Fe-Co-Ni-Cu-Ta|Mn0.8Fe0.1Ni0.1,Mn-Fe-Co-Ni-Cu-Ta,Mn0.8Fe0.1Ni0.1,3,0.8,0.1,0,0.1,0,0,0,0,0,0,0
sample_03fe73cfb4b1e67b,Mn-Fe-Co-Ni-La-Ce|Mn0.3Ni0.4La0.3,Mn-Fe-Co-Ni-La-Ce,Mn0.3Ni0.4La0.3,3,0.3,0,0,0.4,0.3,0,0,0,0,0,0
sample_0423bb5a97a97634,Mn-Fe-Co-Ni-La-Ce|Co0.8Ni0.2,Mn-Fe-Co-Ni-La-Ce,Co0.8Ni0.2,2,0,0,0.8,0.2,0,0,0,0,0,0,0
sample_044017a971f6d3d1,Ca-Mn-Co-Ni-Sn-Sb|Ca0.6Mn0.2Co0.2,Ca-Mn-Co-Ni-Sn-Sb,Ca0.6Mn0.2Co0.2,3,0.2,0,0.2,0,0,0,0,0,0,0.6,0
sample_0443abd7db8a3279,Mn-Fe-Co-Cu-Sn-Ta|Co0.7Cu0.2Sn0.1,Mn-Fe-Co-Cu-Sn-Ta,Co0.7Cu0.2Sn0.1,3,0,0,0.7,0,0,0,0.2,0,0.1,0,0
sample_044c5e03a2598f20,Mn-Fe-Co-Cu-Sn-Ta|Mn0.4Fe0.3Co0.3,Mn-Fe-Co-Cu-Sn-Ta,Mn0.4Fe0.3Co0.3,3,0.4,0.3,0.3,0,0,0,0,0,0,0,0
sample_044cee098685f105,Mn-Fe-Co-Ni-Cu-Ta|Mn0.1Fe0.8Cu0.1,Mn-Fe-Co-Ni-Cu-Ta,Mn0.1Fe0.8Cu0.1,3,0.1,0.8,0,0,0,0,0.1,0,0,0,0
sample_04552166d3c2b9b1,Mn-Fe-Co-Cu-Sn-Ta|Mn0.4Fe0.1Sn0.5,Mn-Fe-Co-Cu-Sn-Ta,Mn0.4Fe0.1Sn0.5,3,0.4,0.1,0,0,0,0,0,0,0.5,0,0
sample_045f569a113b482e,Mn-Fe-Co-Ni-Cu-Ta|Mn0.2Fe0.8,Mn-Fe-Co-Ni-Cu-Ta,Mn0.2Fe0.8,2,0.2,0.8,0,0,0,0,0,0,0,0,0
sample_046dc577dc896ddd,Ca-Mn-Co-Ni-Sn-Sb|Ca0.5Mn0.3Ni0.2,Ca-Mn-Co-Ni-Sn-Sb,Ca0.5Mn0.3Ni0.2,3,0.3,0,0,0.2,0,0,0,0,0,0.5,0
sample_047f1d14d987aeb1,Mn-Fe-Co-Ni-Cu-Ta|Co0.1Ni0.5Ta0.4,Mn-Fe-Co-Ni-Cu-Ta,Co0.1Ni0.5Ta0.4,3,0,0,0.1,0.5,0,0,0,0.4,0,0,0
sample_0489a73271731117,Mn-Fe-Co-Cu-Sn-Ta|Mn0.2Co0.7Sn0.1,Mn-Fe-Co-Cu-Sn-Ta,Mn0.2Co0.7Sn0.1,3,0.2,0,0.7,0,0,0,0,0,0.1,0,0
sample_04cc173bdb5f9fb2,Mn-Fe-Co-Ni-Cu-Ta|Mn0.3Co0.3Cu0.4,Mn-Fe-Co-Ni-Cu-Ta,Mn0.3Co0.3Cu0.4,3,0.3,0,0.3,0,0,0,0.4,0,0,0,0
sample_04d461fc3bb27f53,Mn-Fe-Co-Ni-Cu-Ta|Mn0.6Cu0.1Ta0.3,Mn-Fe-Co-Ni-Cu-Ta,Mn0.6Cu0.1Ta0.3,3,0.6,0,0,0,0,0,0.1,0.3,0,0,0
sample_04d4e86c92b66b6f,Mn-Fe-Co-Cu-Sn-Ta|Fe0.2Cu0.1Ta0.7,Mn-Fe-Co-Cu-Sn-Ta,Fe0.2Cu0.1Ta0.7,3,0,0.2,0,0,0,0,0.1,0.7,0,0,0
sample_04d573a77f93dd7f,Mn-Fe-Co-Ni-La-Ce|Fe0.5Ni0.3Ce0.2,Mn-Fe-Co-Ni-La-Ce,Fe0.5Ni0.3Ce0.2,3,0,0.5,0,0.3,0,0.2,0,0,0,0,0
sample_053933416f3d9e97,Mn-Fe-Co-Cu-Sn-Ta|Fe0.6Co0.3Sn0.1,Mn-Fe-Co-Cu-Sn-Ta,Fe0.6Co0.3Sn0.1,3,0,0.6,0.3,0,0,0,0,0,0.1,0,0
sample_054706593ff962c0,Ca-Mn-Co-Ni-Sn-Sb|Ca0.3Ni0.3Sb0.4,Ca-Mn-Co-Ni-Sn-Sb,Ca0.3Ni0.3Sb0.4,3,0,0,0,0.3,0,0,0,0,0,0.3,0.4
sample_05474f7a4560b4bb,Mn-Fe-Co-Cu-Sn-Ta|Co0.2Sn0.6Ta0.2,Mn-Fe-Co-Cu-Sn-Ta,Co0.2Sn0.6Ta0.2,3,0,0,0.2,0,0,0,0,0.2,0.6,0,0
sample_05729d63af4fc739,Mn-Fe-Co-Ni-Cu-Ta|Fe0.6Ni0.2Cu0.2,Mn-Fe-Co-Ni-Cu-Ta,Fe0.6Ni0.2Cu0.2,3,0,0.6,0,0.2,0,0,0.2,0,0,0,0
sample_0598b2107fd9fad1,Ca-Mn-Co-Ni-Sn-Sb|Ca0.6Ni0.3Sb0.1,Ca-Mn-Co-Ni-Sn-Sb,Ca0.6Ni0.3Sb0.1,3,0,0,0,0.3,0,0,0,0,0,0.6,0.1
sample_05a682002deb8ffc,Mn-Fe-Co-Ni-La-Ce|Mn0.1Co0.2Ce0.7,Mn-Fe-Co-Ni-La-Ce,Mn0.1Co0.2Ce0.7,3,0.1,0,0.2,0,0,0.7,0,0,0,0,0
sample_05a6cb947b8aaa4a,Ca-Mn-Co-Ni-Sn-Sb|Sn0.6Sb0.4,Ca-Mn-Co-Ni-Sn-Sb,Sn0.6Sb0.4,2,0,0,0,0,0,0,0,0,0.6,0,0.4
sample_05a865bfd22cd015,Ca-Mn-Co-Ni-Sn-Sb|Ca0.3Ni0.6Sb0.1,Ca-Mn-Co-Ni-Sn-Sb,Ca0.3Ni0.6Sb0.1,3,0,0,0,0.6,0,0,0,0,0,0.3,0.1
sample_05ac4d9bf2d1be50,Ca-Mn-Co-Ni-Sn-Sb|Mn0.3Sn0.2Sb0.5,Ca-Mn-Co-Ni-Sn-Sb,Mn0.3Sn0.2Sb0.5,3,0.3,0,0,0,0,0,0,0,0.2,0,0.5
sample_05b10d0b226c7247,Mn-Fe-Co-Cu-Sn-Ta|Mn0.3Co0.5Sn0.2,Mn-Fe-Co-Cu-Sn-Ta,Mn0.3Co0.5Sn0.2,3,0.3,0,0.5,0,0,0,0,0,0.2,0,0
sample_05cddb1cb444fa9f,Mn-Fe-Co-Ni-La-Ce|Mn0.6Co0.3Ni0.1,Mn-Fe-Co-Ni-La-Ce,Mn0.6Co0.3Ni0.1,3,0.6,0,0.3,0.1,0,0,0,0,0,0,0
sample_05cfedd4599e9f55,Ca-Mn-Co-Ni-Sn-Sb|Ca0.4Co0.2Ni0.4,Ca-Mn-Co-Ni-Sn-Sb,Ca0.4Co0.2Ni0.4,3,0,0,0.2,0.4,0,0,0,0,0,0.4,0
sample_05dabdafec8a30a4,Ca-Mn-Co-Ni-Sn-Sb|Ca0.2Ni0.7Sb0.1,Ca-Mn-Co-Ni-Sn-Sb,Ca0.2Ni0.7Sb0.1,3,0,0,0,0.7,0,0,0,0,0,0.2,0.1
sample_05f32b6ae8f7bfae,Mn-Fe-Co-Ni-La-Ce|Fe0.1La0.9,Mn-Fe-Co-Ni-La-Ce,Fe0.1La0.9,2,0,0.1,0,0,0.9,0,0,0,0,0,0
sample_05f52db61277f7d3,Mn-Fe-Co-Ni-Cu-Ta|Fe0.6Ni0.4,Mn-Fe-Co-Ni-Cu-Ta,Fe0.6Ni0.4,2,0,0.6,0,0.4,0,0,0,0,0,0,0
sample_061225bf610dc829,Ca-Mn-Co-Ni-Sn-Sb|Ca0.5Mn0.2Co0.3,Ca-Mn-Co-Ni-Sn-Sb,Ca0.5Mn0.2Co0.3,3,0.2,0,0.3,0,0,0,0,0,0,0.5,0
sample_06317cddde052942,Ca-Mn-Co-Ni-Sn-Sb|Ca0.1Co0.8Sb0.1,Ca-Mn-Co-Ni-Sn-Sb,Ca0.1Co0.8Sb0.1,3,0,0,0.8,0,0,0,0,0,0,0.1,0.1
sample_0639a54cea2007bd,Mn-Fe-Co-Cu-Sn-Ta|Mn0.4Sn0.6,Mn-Fe-Co-Cu-Sn-Ta,Mn0.4Sn0.6,2,0.4,0,0,0,0,0,0,0,0.6,0,0
sample_06457a7ecca88bc1,Mn-Fe-Co-Cu-Sn-Ta|Fe0.2Cu0.4Ta0.4,Mn-Fe-Co-Cu-Sn-Ta,Fe0.2Cu0.4Ta0.4,3,0,0.2,0,0,0,0,0.4,0.4,0,0,0
sample_064fd75d83be7d59,Ca-Mn-Co-Ni-Sn-Sb|Ca0.1Mn0.6Ni0.3,Ca-Mn-Co-Ni-Sn-Sb,Ca0.1Mn0.6Ni0.3,3,0.6,0,0,0.3,0,0,0,0,0,0.1,0
sample_0653925df2df5cf3,Mn-Fe-Co-Ni-Cu-Ta|Mn0.2Ni0.8,Mn-Fe-Co-Ni-Cu-Ta,Mn0.2Ni0.8,2,0.2,0,0,0.8,0,0,0,0,0,0,0
sample_0653d3e84449f7bb,Mn-Fe-Co-Ni-Cu-Ta|Mn0.3Co0.1Cu0.6,Mn-Fe-Co-Ni-Cu-Ta,Mn0.3Co0.1Cu0.6,3,0.3,0,0.1,0,0,0,0.6,0,0,0,0
sample_0669744c0a0ef14e,Ca-Mn-Co-Ni-Sn-Sb|Sn0.5Sb0.5,Ca-Mn-Co-Ni-Sn-Sb,Sn0.5Sb0.5,2,0,0,0,0,0,0,0,0,0.5,0,0.5
sample_068865cdc7431268,Mn-Fe-Co-Cu-Sn-Ta|Mn0.2Fe0.6Co0.2,Mn-Fe-Co-Cu-Sn-Ta,Mn0.2Fe0.6Co0.2,3,0.2,0.6,0.2,0,0,0,0,0,0,0,0
sample_0695b9d2294d765d,Ca-Mn-Co-Ni-Sn-Sb|Mn0.4Sb0.6,Ca-Mn-Co-Ni-Sn-Sb,Mn0.4Sb0.6,2,0.4,0,0,0,0,0,0,0,0,0,0.6
sample_06ca2405b8289bb8,Mn-Fe-Co-Cu-Sn-Ta|Mn0.4Fe0.1Co0.5,Mn-Fe-Co-Cu-Sn-Ta,Mn0.4Fe0.1Co0.5,3,0.4,0.1,0.5,0,0,0,0,0,0,0,0
sample_06ca41a56d90713a,Mn-Fe-Co-Cu-Sn-Ta|Mn0.6Cu0.4,Mn-Fe-Co-Cu-Sn-Ta,Mn0.6Cu0.4,2,0.6,0,0,0,0,0,0.4,0,0,0,0
sample_06cea26931d149d5,Mn-Fe-Co-Ni-Cu-Ta|Fe0.8Ni0.2,Mn-Fe-Co-Ni-Cu-Ta,Fe0.8Ni0.2,2,0,0.8,0,0.2,0,0,0,0,0,0,0
sample_06d4dba6a8600c27,Mn-Fe-Co-Cu-Sn-Ta|Sn0.7Ta0.3,Mn-Fe-Co-Cu-Sn-Ta,Sn0.7Ta0.3,2,0,0,0,0,0,0,0,0.3,0.7,0,0
sample_06e3ff3b70d410af,Ca-Mn-Co-Ni-Sn-Sb|Mn0.3Co0.6Sn0.1,Ca-Mn-Co-Ni-Sn-Sb,Mn0.3Co0.6Sn0.1,3,0.3,0,0.6,0,0,0,0,0,0.1,0,0
sample_06fe1727138db0ac,Mn-Fe-Co-Cu-Sn-Ta|Fe0.4Co0.1Sn0.5,Mn-Fe-Co-Cu-Sn-Ta,Fe0.4Co0.1Sn0.5,3,0,0.4,0.1,0,0,0,0,0,0.5,0,0
sample_07247b5a30a88f4d,Mn-Fe-Co-Cu-Sn-Ta|Mn0.3Cu0.2Ta0.5,Mn-Fe-Co-Cu-Sn-Ta,Mn0.3Cu0.2Ta0.5,3,0.3,0,0,0,0,0,0.2,0.5,0,0,0
sample_0729c546034cfeb6,Mn-Fe-Co-Ni-Cu-Ta|Mn0.2Ni0.4Ta0.4,Mn-Fe-Co-Ni-Cu-Ta,Mn0.2Ni0.4Ta0.4,3,0.2,0,0,0.4,0,0,0,0.4,0,0,0
sample_0747dceca57793db,Mn-Fe-Co-Ni-La-Ce|Ni0.1La0.8Ce0.1,Mn-Fe-Co-Ni-La-Ce,Ni0.1La0.8Ce0.1,3,0,0,0,0.1,0.8,0.1,0,0,0,0,0
sample_075264ca7bc56928,Mn-Fe-Co-Ni-Cu-Ta|Mn0.4Co0.2Ta0.4,Mn-Fe-Co-Ni-Cu-Ta,Mn0.4Co0.2Ta0.4,3,0.4,0,0.2,0,0,0,0,0.4,0,0,0
sample_0767b7bee17dc282,Ca-Mn-Co-Ni-Sn-Sb|Ca0.1Sn0.3Sb0.6,Ca-Mn-Co-Ni-Sn-Sb,Ca0.1Sn0.3Sb0.6,3,0,0,0,0,0,0,0,0,0.3,0.1,0.6
sample_0774ed427ee9f19f,Mn-Fe-Co-Ni-Cu-Ta|Mn0.3Fe0.2Co0.5,Mn-Fe-Co-Ni-Cu-Ta,Mn0.3Fe0.2Co0.5,3,0.3,0.2,0.5,0,0,0,0,0,0,0,0
sample_07824cd9f4c887c5,Mn-Fe-Co-Ni-Cu-Ta|Ni0.2Ta0.8,Mn-Fe-Co-Ni-Cu-Ta,Ni0.2Ta0.8,2,0,0,0,0.2,0,0,0,0.8,0,0,0
sample_0794903d78998a22,Mn-Fe-Co-Cu-Sn-Ta|Cu0.1Sn0.7Ta0.2,Mn-Fe-Co-Cu-Sn-Ta,Cu0.1Sn0.7Ta0.2,3,0,0,0,0,0,0,0.1,0.2,0.7,0,0
sample_07c801907664aaa4,Mn-Fe-Co-Cu-Sn-Ta|Mn0.8Cu0.1Sn0.1,Mn-Fe-Co-Cu-Sn-Ta,Mn0.8Cu0.1Sn0.1,3,0.8,0,0,0,0,0,0.1,0,0.1,0,0
sample_07c8f772665a9900,Mn-Fe-Co-Ni-Cu-Ta|Mn0.2Fe0.1Ni0.7,Mn-Fe-Co-Ni-Cu-Ta,Mn0.2Fe0.1Ni0.7,3,0.2,0.1,0,0.7,0,0,0,0,0,0,0
sample_07d6f9a41798a51d,Mn-Fe-Co-Cu-Sn-Ta|Mn0.1Sn0.9,Mn-Fe-Co-Cu-Sn-Ta,Mn0.1Sn0.9,2,0.1,0,0,0,0,0,0,0,0.9,0,0
sample_07e3327a061b486a,Ca-Mn-Co-Ni-Sn-Sb|Ca0.2Ni0.3Sb0.5,Ca-Mn-Co-Ni-Sn-Sb,Ca0.2Ni0.3Sb0.5,3,0,0,0,0.3,0,0,0,0,0,0.2,0.5
sample_07e658f3414353b3,Mn-Fe-Co-Ni-La-Ce|Mn0.3Ni0.1Ce0.6,Mn-Fe-Co-Ni-La-Ce,Mn0.3Ni0.1Ce0.6,3,0.3,0,0,0.1,0,0.6,0,0,0,0,0
sample_07eab3c6a00e6f2a,Ca-Mn-Co-Ni-Sn-Sb|Co0.1Sn0.6Sb0.3,Ca-Mn-Co-Ni-Sn-Sb,Co0.1Sn0.6Sb0.3,3,0,0,0.1,0,0,0,0,0,0.6,0,0.3
sample_08011d0d2a335ae0,Mn-Fe-Co-Ni-La-Ce|Ni0.6La0.2Ce0.2,Mn-Fe-Co-Ni-La-Ce,Ni0.6La0.2Ce0.2,3,0,0,0,0.6,0.2,0.2,0,0,0,0,0
sample_0806956ae11520fc,Mn-Fe-Co-Ni-Cu-Ta|Mn0.1Ni0.6Cu0.3,Mn-Fe-Co-Ni-Cu-Ta,Mn0.1Ni0.6Cu0.3,3,0.1,0,0,0.6,0,0,0.3,0,0,0,0
sample_0808efb34dcdd497,Mn-Fe-Co-Ni-Cu-Ta|Mn0.2Co0.6Ta0.2,Mn-Fe-Co-Ni-Cu-Ta,Mn0.2Co0.6Ta0.2,3,0.2,0,0.6,0,0,0,0,0.2,0,0,0
sample_08151350ed5cbff7,Ca-Mn-Co-Ni-Sn-Sb|Ca0.1Co0.1Ni0.8,Ca-Mn-Co-Ni-Sn-Sb,Ca0.1Co0.1Ni0.8,3,0,0,0.1,0.8,0,0,0,0,0,0.1,0
sample_0825ef5572bdae27,Mn-Fe-Co-Ni-Cu-Ta|Co0.2Cu0.3Ta0.5,Mn-Fe-Co-Ni-Cu-Ta,Co0.2Cu0.3Ta0.5,3,0,0,0.2,0,0,0,0.3,0.5,0,0,0
sample_083d7b75b1a463a2,Mn-Fe-Co-Cu-Sn-Ta|Mn0.7Fe0.2Co0.1,Mn-Fe-Co-Cu-Sn-Ta,Mn0.7Fe0.2Co0.1,3,0.7,0.2,0.1,0,0,0,0,0,0,0,0
sample_0851678586d78003,Ca-Mn-Co-Ni-Sn-Sb|Ni0.7Sn0.2Sb0.1,Ca-Mn-Co-Ni-Sn-Sb,Ni0.7Sn0.2Sb0.1,3,0,0,0,0.7,0,0,0,0,0.2,0,0.1
sample_08518a9feaf09ab9,Mn-Fe-Co-Ni-Cu-Ta|Fe0.7Ni0.1Cu0.2,Mn-Fe-Co-Ni-Cu-Ta,Fe0.7Ni0.1Cu0.2,3,0,0.7,0,0.1,0,0,0.2,0,0,0,0
sample_0852a2f343fe6f8c,Mn-Fe-Co-Ni-La-Ce|Mn0.8Ni0.2,Mn-Fe-Co-Ni-La-Ce,Mn0.8Ni0.2,2,0.8,0,0,0.2,0,0,0,0,0,0,0
sample_087ce75070e620b9,Mn-Fe-Co-Ni-Cu-Ta|Fe0.5Co0.3Ni0.2,Mn-Fe-Co-Ni-Cu-Ta,Fe0.5Co0.3Ni0.2,3,0,0.5,0.3,0.2,0,0,0,0,0,0,0
sample_08970492ef65975b,Mn-Fe-Co-Cu-Sn-Ta|Co0.2Cu0.7Ta0.1,Mn-Fe-Co-Cu-Sn-Ta,Co0.2Cu0.7Ta0.1,3,0,0,0.2,0,0,0,0.7,0.1,0,0,0
sample_08e0a650d5a8b2d1,Ca-Mn-Co-Ni-Sn-Sb|Ca0.2Sn0.1Sb0.7,Ca-Mn-Co-Ni-Sn-Sb,Ca0.2Sn0.1Sb0.7,3,0,0,0,0,0,0,0,0,0.1,0.2,0.7
sample_08f3f9c25cff35c4,Mn-Fe-Co-Ni-Cu-Ta|Fe0.3Co0.2Ta0.5,Mn-Fe-Co-Ni-Cu-Ta,Fe0.3Co0.2Ta0.5,3,0,0.3,0.2,0,0,0,0,0.5,0,0,0
sample_08f57a647e10c2f6,Mn-Fe-Co-Ni-Cu-Ta|Mn0.4Ni0.1Ta0.5,Mn-Fe-Co-Ni-Cu-Ta,Mn0.4Ni0.1Ta0.5,3,0.4,0,0,0.1,0,0,0,0.5,0,0,0
sample_08ffd0d92210b065,Ca-Mn-Co-Ni-Sn-Sb|Co0.3Ni0.7,Ca-Mn-Co-Ni-Sn-Sb,Co0.3Ni0.7,2,0,0,0.3,0.7,0,0,0,0,0,0,0
sample_091127838e48bd36,Mn-Fe-Co-Ni-Cu-Ta|Mn0.1Fe0.2Ta0.7,Mn-Fe-Co-Ni-Cu-Ta,Mn0.1Fe0.2Ta0.7,3,0.1,0.2,0,0,0,0,0,0.7,0,0,0
sample_09291bbbe0f39be2,Mn-Fe-Co-Ni-Cu-Ta|Fe0.3Ni0.3Cu0.4,Mn-Fe-Co-Ni-Cu-Ta,Fe0.3Ni0.3Cu0.4,3,0,0.3,0,0.3,0,0,0.4,0,0,0,0
sample_0938766d287279c2,Mn-Fe-Co-Ni-Cu-Ta|Co0.3Ta0.7,Mn-Fe-Co-Ni-Cu-Ta,Co0.3Ta0.7,2,0,0,0.3,0,0,0,0,0.7,0,0,0
sample_093946729cf159cd,Mn-Fe-Co-Ni-Cu-Ta|Fe0.6Co0.4,Mn-Fe-Co-Ni-Cu-Ta,Fe0.6Co0.4,2,0,0.6,0.4,0,0,0,0,0,0,0,0
sample_094935f24624d2e4,Mn-Fe-Co-Ni-La-Ce|Mn0.4Co0.6,Mn-Fe-Co-Ni-La-Ce,Mn0.4Co0.6,2,0.4,0,0.6,0,0,0,0,0,0,0,0
sample_094937cc6ece5c01,Mn-Fe-Co-Ni-La-Ce|Co0.8Ce0.2,Mn-Fe-Co-Ni-La-Ce,Co0.8Ce0.2,2,0,0,0.8,0,0,0.2,0,0,0,0,0
sample_097329b07bdf27f5,Ca-Mn-Co-Ni-Sn-Sb|Ca0.2Co0.8,Ca-Mn-Co-Ni-Sn-Sb,Ca0.2Co0.8,2,0,0,0.8,0,0,0,0,0,0,0.2,0
sample_0975788201ad8f23,Mn-Fe-Co-Ni-La-Ce|Mn0.1Ni0.4Ce0.5,Mn-Fe-Co-Ni-La-Ce,Mn0.1Ni0.4Ce0.5,3,0.1,0,0,0.4,0,0.5,0,0,0,0,0
sample_098074eb43ba88bf,Mn-Fe-Co-Ni-Cu-Ta|Co0.5Ni0.4Ta0.1,Mn-Fe-Co-Ni-Cu-Ta,Co0.5Ni0.4Ta0.1,3,0,0,0.5,0.4,0,0,0,0.1,0,0,0
sample_099735009bbce735,Mn-Fe-Co-Ni-La-Ce|Fe0.6Co0.1La0.3,Mn-Fe-Co-Ni-La-Ce,Fe0.6Co0.1La0.3,3,0,0.6,0.1,0,0.3,0,0,0,0,0,0
sample_09b062d198ba9870,Mn-Fe-Co-Ni-Cu-Ta|Fe0.3Ni0.4Ta0.3,Mn-Fe-Co-Ni-Cu-Ta,Fe0.3Ni0.4Ta0.3,3,0,0.3,0,0.4,0,0,0,0.3,0,0,0
sample_09ba5b6043204493,Mn-Fe-Co-Ni-La-Ce|Fe0.3Co0.4La0.3,Mn-Fe-Co-Ni-La-Ce,Fe0.3Co0.4La0.3,3,0,0.3,0.4,0,0.3,0,0,0,0,0,0
sample_09bbdf2f9bc03478,Mn-Fe-Co-Ni-La-Ce|Co0.3Ni0.2Ce0.5,Mn-Fe-Co-Ni-La-Ce,Co0.3Ni0.2Ce0.5,3,0,0,0.3,0.2,0,0.5,0,0,0,0,0
sample_09bc54d39453db3a,Mn-Fe-Co-Cu-Sn-Ta|Co0.2Cu0.8,Mn-Fe-Co-Cu-Sn-Ta,Co0.2Cu0.8,2,0,0,0.2,0,0,0,0.8,0,0,0,0
sample_09bcafb16c8762b2,Ca-Mn-Co-Ni-Sn-Sb|Ni0.5Sn0.1Sb0.4,Ca-Mn-Co-Ni-Sn-Sb,Ni0.5Sn0.1Sb0.4,3,0,0,0,0.5,0,0,0,0,0.1,0,0.4
sample_09be93a0c0076efd,Mn-Fe-Co-Cu-Sn-Ta|Co0.4Ta0.6,Mn-Fe-Co-Cu-Sn-Ta,Co0.4Ta0.6,2,0,0,0.4,0,0,0,0,0.6,0,0,0
sample_09cefa22775dc2a9,Ca-Mn-Co-Ni-Sn-Sb|Co0.7Sn0.3,Ca-Mn-Co-Ni-Sn-Sb,Co0.7Sn0.3,2,0,0,0.7,0,0,0,0,0,0.3,0,0
sample_09d00b3d8af6fb34,Mn-Fe-Co-Ni-La-Ce|Mn0.4Co0.4La0.2,Mn-Fe-Co-Ni-La-Ce,Mn0.4Co0.4La0.2,3,0.4,0,0.4,0,0.2,0,0,0,0,0,0
sample_09d11ab3bd27fb56,Mn-Fe-Co-Cu-Sn-Ta|Mn0.3Co0.4Sn0.3,Mn-Fe-Co-Cu-Sn-Ta,Mn0.3Co0.4Sn0.3,3,0.3,0,0.4,0,0,0,0,0,0.3,0,0
sample_09fb83ed679d8dd4,Mn-Fe-Co-Ni-Cu-Ta|Co0.5Cu0.2Ta0.3,Mn-Fe-Co-Ni-Cu-Ta,Co0.5Cu0.2Ta0.3,3,0,0,0.5,0,0,0,0.2,0.3,0,0,0
sample_0a2c8c201f0667fa,Mn-Fe-Co-Cu-Sn-Ta|Mn0.5Cu0.5,Mn-Fe-Co-Cu-Sn-Ta,Mn0.5Cu0.5,2,0.5,0,0,0,0,0,0.5,0,0,0,0
sample_0a359a013224093b,Ca-Mn-Co-Ni-Sn-Sb|Co0.3Ni0.3Sn0.4,Ca-Mn-Co-Ni-Sn-Sb,Co0.3Ni0.3Sn0.4,3,0,0,0.3,0.3,0,0,0,0,0.4,0,0
sample_0a4c72e41a199292,Mn-Fe-Co-Ni-Cu-Ta|Mn0.4Co0.3Cu0.3,Mn-Fe-Co-Ni-Cu-Ta,Mn0.4Co0.3Cu0.3,3,0.4,0,0.3,0,0,0,0.3,0,0,0,0
sample_0a4c9d60627a01d3,Mn-Fe-Co-Cu-Sn-Ta|Mn0.6Fe0.2Co0.2,Mn-Fe-Co-Cu-Sn-Ta,Mn0.6Fe0.2Co0.2,3,0.6,0.2,0.2,0,0,0,0,0,0,0,0
sample_0a55461ef5d78b20,Mn-Fe-Co-Ni-Cu-Ta|Mn0.7Co0.2Ni0.1,Mn-Fe-Co-Ni-Cu-Ta,Mn0.7Co0.2Ni0.1,3,0.7,0,0.2,0.1,0,0,0,0,0,0,0
sample_0a58b7042942347d,Mn-Fe-Co-Ni-La-Ce|Mn0.1Ni0.7Ce0.2,Mn-Fe-Co-Ni-La-Ce,Mn0.1Ni0.7Ce0.2,3,0.1,0,0,0.7,0,0.2,0,0,0,0,0
sample_0a5bbbf8236737f2,Mn-Fe-Co-Ni-Cu-Ta|Mn0.3Cu0.6Ta0.1,Mn-Fe-Co-Ni-Cu-Ta,Mn0.3Cu0.6Ta0.1,3,0.3,0,0,0,0,0,0.6,0.1,0,0,0
sample_0a784ee2b37ed7c4,Ca-Mn-Co-Ni-Sn-Sb|Ca0.2Co0.4Sn0.4,Ca-Mn-Co-Ni-Sn-Sb,Ca0.2Co0.4Sn0.4,3,0,0,0.4,0,0,0,0,0,0.4,0.2,0
sample_0aae726de09470a5,Mn-Fe-Co-Ni-Cu-Ta|Mn0.3Co0.5Ni0.2,Mn-Fe-Co-Ni-Cu-Ta,Mn0.3Co0.5Ni0.2,3,0.3,0,0.5,0.2,0,0,0,0,0,0,0
sample_0aed151bacd11c71,Mn-Fe-Co-Cu-Sn-Ta|Co0.4Sn0.5Ta0.1,Mn-Fe-Co-Cu-Sn-Ta,Co0.4Sn0.5Ta0.1,3,0,0,0.4,0,0,0,0,0.1,0.5,0,0
sample_0af2ca1cdb79ca7e,Ca-Mn-Co-Ni-Sn-Sb|Ca0.1Sb0.9,Ca-Mn-Co-Ni-Sn-Sb,Ca0.1Sb0.9,2,0,0,0,0,0,0,0,0,0,0.1,0.9
sample_0afd0b86f3770e10,Mn-Fe-Co-Ni-La-Ce|Mn0.3Ni0.3Ce0.4,Mn-Fe-Co-Ni-La-Ce,Mn0.3Ni0.3Ce0.4,3,0.3,0,0,0.3,0,0.4,0,0,0,0,0
sample_0b19cf6752662b05,Mn-Fe-Co-Ni-La-Ce|Co0.6Ni0.4,Mn-Fe-Co-Ni-La-Ce,Co0.6Ni0.4,2,0,0,0.6,0.4,0,0,0,0,0,0,0
sample_0b2957a733282057,Mn-Fe-Co-Ni-Cu-Ta|Fe0.1Cu0.6Ta0.3,Mn-Fe-Co-Ni-Cu-Ta,Fe0.1Cu0.6Ta0.3,3,0,0.1,0,0,0,0,0.6,0.3,0,0,0
sample_0b483ee6e12b72bb,Mn-Fe-Co-Ni-Cu-Ta|Mn0.2Co0.5Ni0.3,Mn-Fe-Co-Ni-Cu-Ta,Mn0.2Co0.5Ni0.3,3,0.2,0,0.5,0.3,0,0,0,0,0,0,0
sample_0b488f387b655385,Ca-Mn-Co-Ni-Sn-Sb|Mn0.3Sn0.1Sb0.6,Ca-Mn-Co-Ni-Sn-Sb,Mn0.3Sn0.1Sb0.6,3,0.3,0,0,0,0,0,0,0,0.1,0,0.6
sample_0b5799659ee2df96,Mn-Fe-Co-Cu-Sn-Ta|Mn0.2Cu0.5Sn0.3,Mn-Fe-Co-Cu-Sn-Ta,Mn0.2Cu0.5Sn0.3,3,0.2,0,0,0,0,0,0.5,0,0.3,0,0
sample_0b58bb2eaa88fbcb,Mn-Fe-Co-Cu-Sn-Ta|Mn0.4Co0.3Ta0.3,Mn-Fe-Co-Cu-Sn-Ta,Mn0.4Co0.3Ta0.3,3,0.4,0,0.3,0,0,0,0,0.3,0,0,0
sample_0b61a8cd5b31185d,Ca-Mn-Co-Ni-Sn-Sb|Ca0.1Ni0.4Sn0.5,Ca-Mn-Co-Ni-Sn-Sb,Ca0.1Ni0.4Sn0.5,3,0,0,0,0.4,0,0,0,0,0.5,0.1,0
sample_0b669a82d8c76dcd,Mn-Fe-Co-Ni-Cu-Ta|Mn0.1Co0.8Ta0.1,Mn-Fe-Co-Ni-Cu-Ta,Mn0.1Co0.8Ta0.1,3,0.1,0,0.8,0,0,0,0,0.1,0,0,0
sample_0b701207cf76cdbe,Mn-Fe-Co-Cu-Sn-Ta|Mn0.5Fe0.3Cu0.2,Mn-Fe-Co-Cu-Sn-Ta,Mn0.5Fe0.3Cu0.2,3,0.5,0.3,0,0,0,0,0.2,0,0,0,0
sample_0b7cf074ed2e3a2a,Mn-Fe-Co-Cu-Sn-Ta|Mn0.2Co0.1Cu0.7,Mn-Fe-Co-Cu-Sn-Ta,Mn0.2Co0.1Cu0.7,3,0.2,0,0.1,0,0,0,0.7,0,0,0,0
sample_0b92a0b553bb6cc0,Mn-Fe-Co-Cu-Sn-Ta|Fe0.2Co0.7Ta0.1,Mn-Fe-Co-Cu-Sn-Ta,Fe0.2Co0.7Ta0.1,3,0,0.2,0.7,0,0,0,0,0.1,0,0,0
sample_0ba809563b9d858d,Mn-Fe-Co-Cu-Sn-Ta|Fe0.5Cu0.4Ta0.1,Mn-Fe-Co-Cu-Sn-Ta,Fe0.5Cu0.4Ta0.1,3,0,0.5,0,0,0,0,0.4,0.1,0,0,0
sample_0bbb92ad7465056e,Mn-Fe-Co-Ni-Cu-Ta|Mn0.4Ni0.5Cu0.1,Mn-Fe-Co-Ni-Cu-Ta,Mn0.4Ni0.5Cu0.1,3,0.4,0,0,0.5,0,0,0.1,0,0,0,0
sample_0bc8c215f209e9f3,Mn-Fe-Co-Ni-La-Ce|Mn0.2Co0.1Ni0.7,Mn-Fe-Co-Ni-La-Ce,Mn0.2Co0.1Ni0.7,3,0.2,0,0.1,0.7,0,0,0,0,0,0,0
sample_0bda21d0977390e3,Mn-Fe-Co-Ni-La-Ce|Fe0.7La0.1Ce0.2,Mn-Fe-Co-Ni-La-Ce,Fe0.7La0.1Ce0.2,3,0,0.7,0,0,0.1,0.2,0,0,0,0,0
sample_0bf34b97177cee06,Ca-Mn-Co-Ni-Sn-Sb|Mn0.5Co0.2Sn0.3,Ca-Mn-Co-Ni-Sn-Sb,Mn0.5Co0.2Sn0.3,3,0.5,0,0.2,0,0,0,0,0,0.3,0,0
sample_0c20027f94532eaa,Mn-Fe-Co-Cu-Sn-Ta|Fe0.3Sn0.1Ta0.6,Mn-Fe-Co-Cu-Sn-Ta,Fe0.3Sn0.1Ta0.6,3,0,0.3,0,0,0,0,0,0.6,0.1,0,0
sample_0c24ddf74c9a3f20,Mn-Fe-Co-Ni-Cu-Ta|Fe0.1Co0.8Ta0.1,Mn-Fe-Co-Ni-Cu-Ta,Fe0.1Co0.8Ta0.1,3,0,0.1,0.8,0,0,0,0,0.1,0,0,0
sample_0c4e1f3e001ffb9c,Mn-Fe-Co-Ni-La-Ce|Co0.6La0.2Ce0.2,Mn-Fe-Co-Ni-La-Ce,Co0.6La0.2Ce0.2,3,0,0,0.6,0,0.2,0.2,0,0,0,0,0
sample_0c6dcc320e03df23,Mn-Fe-Co-Ni-Cu-Ta|Fe0.6Co0.2Cu0.2,Mn-Fe-Co-Ni-Cu-Ta,Fe0.6Co0.2Cu0.2,3,0,0.6,0.2,0,0,0,0.2,0,0,0,0
sample_0c77f936bee2192f,Mn-Fe-Co-Ni-La-Ce|Mn0.5Co0.1Ni0.4,Mn-Fe-Co-Ni-La-Ce,Mn0.5Co0.1Ni0.4,3,0.5,0,0.1,0.4,0,0,0,0,0,0,0
sample_0c7e8af6a7d2b435,Mn-Fe-Co-Ni-La-Ce|Mn0.3Co0.7,Mn-Fe-Co-Ni-La-Ce,Mn0.3Co0.7,2,0.3,0,0.7,0,0,0,0,0,0,0,0
sample_0c83606b18a7a304,Mn-Fe-Co-Ni-La-Ce|Co0.3Ni0.1Ce0.6,Mn-Fe-Co-Ni-La-Ce,Co0.3Ni0.1Ce0.6,3,0,0,0.3,0.1,0,0.6,0,0,0,0,0
sample_0c88339959ef32e6,Mn-Fe-Co-Cu-Sn-Ta|Co0.1Cu0.4Sn0.5,Mn-Fe-Co-Cu-Sn-Ta,Co0.1Cu0.4Sn0.5,3,0,0,0.1,0,0,0,0.4,0,0.5,0,0
sample_0ca360b0f39ad966,Mn-Fe-Co-Cu-Sn-Ta|Cu0.7Sn0.1Ta0.2,Mn-Fe-Co-Cu-Sn-Ta,Cu0.7Sn0.1Ta0.2,3,0,0,0,0,0,0,0.7,0.2,0.1,0,0
sample_0cb1e861c2aeb47b,Mn-Fe-Co-Cu-Sn-Ta|Fe0.2Sn0.1Ta0.7,Mn-Fe-Co-Cu-Sn-Ta,Fe0.2Sn0.1Ta0.7,3,0,0.2,0,0,0,0,0,0.7,0.1,0,0
sample_0cccb7d682c894a5,Ca-Mn-Co-Ni-Sn-Sb|Ca0.8Sn0.2,Ca-Mn-Co-Ni-Sn-Sb,Ca0.8Sn0.2,2,0,0,0,0,0,0,0,0,0.2,0.8,0
sample_0ce827844ab3b5fb,Mn-Fe-Co-Cu-Sn-Ta|Mn0.2Fe0.2Cu0.6,Mn-Fe-Co-Cu-Sn-Ta,Mn0.2Fe0.2Cu0.6,3,0.2,0.2,0,0,0,0,0.6,0,0,0,0
sample_0d3a969bfa9dc739,Ca-Mn-Co-Ni-Sn-Sb|Ca0.1Mn0.4Sb0.5,Ca-Mn-Co-Ni-Sn-Sb,Ca0.1Mn0.4Sb0.5,3,0.4,0,0,0,0,0,0,0,0,0.1,0.5
sample_0d3e4f266543e18f,Ca-Mn-Co-Ni-Sn-Sb|Mn0.4Co0.3Sn0.3,Ca-Mn-Co-Ni-Sn-Sb,Mn0.4Co0.3Sn0.3,3,0.4,0,0.3,0,0,0,0,0,0.3,0,0
sample_0d465eeb8da4743f,Ca-Mn-Co-Ni-Sn-Sb|Ca0.8Mn0.1Co0.1,Ca-Mn-Co-Ni-Sn-Sb,Ca0.8Mn0.1Co0.1,3,0.1,0,0.1,0,0,0,0,0,0,0.8,0
sample_0d5e215d74c9907d,Mn-Fe-Co-Ni-Cu-Ta|Fe0.1Co0.8Cu0.1,Mn-Fe-Co-Ni-Cu-Ta,Fe0.1Co0.8Cu0.1,3,0,0.1,0.8,0,0,0,0.1,0,0,0,0
sample_0d612876096d1585,Mn-Fe-Co-Cu-Sn-Ta|Mn0.2Co0.7Ta0.1,Mn-Fe-Co-Cu-Sn-Ta,Mn0.2Co0.7Ta0.1,3,0.2,0,0.7,0,0,0,0,0.1,0,0,0
sample_0d8239bed3c6e68b,Mn-Fe-Co-Cu-Sn-Ta|Mn0.2Sn0.5Ta0.3,Mn-Fe-Co-Cu-Sn-Ta,Mn0.2Sn0.5Ta0.3,3,0.2,0,0,0,0,0,0,0.3,0.5,0,0
sample_0d909af058508182,Mn-Fe-Co-Cu-Sn-Ta|Fe0.1Co0.4Sn0.5,Mn-Fe-Co-Cu-Sn-Ta,Fe0.1Co0.4Sn0.5,3,0,0.1,0.4,0,0,0,0,0,0.5,0,0
sample_0d9a75a2c0477f10,Ca-Mn-Co-Ni-Sn-Sb|Ca0.2Co0.7Sn0.1,Ca-Mn-Co-Ni-Sn-Sb,Ca0.2Co0.7Sn0.1,3,0,0,0.7,0,0,0,0,0,0.1,0.2,0
sample_0d9d7d7721bee540,Ca-Mn-Co-Ni-Sn-Sb|Ca0.3Mn0.1Co0.6,Ca-Mn-Co-Ni-Sn-Sb,Ca0.3Mn0.1Co0.6,3,0.1,0,0.6,0,0,0,0,0,0,0.3,0
sample_0da0542b286bc1cf,Ca-Mn-Co-Ni-Sn-Sb|Mn0.6Co0.1Ni0.3,Ca-Mn-Co-Ni-Sn-Sb,Mn0.6Co0.1Ni0.3,3,0.6,0,0.1,0.3,0,0,0,0,0,0,0
sample_0dad0b7d121d5881,Mn-Fe-Co-Ni-La-Ce|Mn0.4Fe0.5La0.1,Mn-Fe-Co-Ni-La-Ce,Mn0.4Fe0.5La0.1,3,0.4,0.5,0,0,0.1,0,0,0,0,0,0
sample_0db4346e55b1c430,Mn-Fe-Co-Ni-La-Ce|Mn0.2Ni0.3Ce0.5,Mn-Fe-Co-Ni-La-Ce,Mn0.2Ni0.3Ce0.5,3,0.2,0,0,0.3,0,0.5,0,0,0,0,0
sample_0dd877a1aa9c33bc,Ca-Mn-Co-Ni-Sn-Sb|Ca0.2Ni0.2Sb0.6,Ca-Mn-Co-Ni-Sn-Sb,Ca0.2Ni0.2Sb0.6,3,0,0,0,0.2,0,0,0,0,0,0.2,0.6
sample_0df2d82501d199b7,Ca-Mn-Co-Ni-Sn-Sb|Co0.5Ni0.4Sb0.1,Ca-Mn-Co-Ni-Sn-Sb,Co0.5Ni0.4Sb0.1,3,0,0,0.5,0.4,0,0,0,0,0,0,0.1
sample_0df4aa7f96d14f5e,Mn-Fe-Co-Ni-La-Ce|Fe0.1Co0.6Ni0.3,Mn-Fe-Co-Ni-La-Ce,Fe0.1Co0.6Ni0.3,3,0,0.1,0.6,0.3,0,0,0,0,0,0,0
sample_0e0757ff90e04947,Mn-Fe-Co-Ni-La-Ce|Mn0.4Fe0.1Ce0.5,Mn-Fe-Co-Ni-La-Ce,Mn0.4Fe0.1Ce0.5,3,0.4,0.1,0,0,0,0.5,0,0,0,0,0
sample_0e17a1519f53523f,Mn-Fe-Co-Ni-La-Ce|Fe0.2Ni0.7Ce0.1,Mn-Fe-Co-Ni-La-Ce,Fe0.2Ni0.7Ce0.1,3,0,0.2,0,0.7,0,0.1,0,0,0,0,0
sample_0e1ff5d4c96b64bb,Mn-Fe-Co-Ni-La-Ce|Mn0.5Co0.2Ce0.3,Mn-Fe-Co-Ni-La-Ce,Mn0.5Co0.2Ce0.3,3,0.5,0,0.2,0,0,0.3,0,0,0,0,0
sample_0e2a5b41bd0f5f0f,Mn-Fe-Co-Ni-La-Ce|Mn0.5Ni0.5,Mn-Fe-Co-Ni-La-Ce,Mn0.5Ni0.5,2,0.5,0,0,0.5,0,0,0,0,0,0,0
sample_0e329a0298effeeb,Mn-Fe-Co-Ni-Cu-Ta|Mn0.6Fe0.1Ni0.3,Mn-Fe-Co-Ni-Cu-Ta,Mn0.6Fe0.1Ni0.3,3,0.6,0.1,0,0.3,0,0,0,0,0,0,0
sample_0e3b64c269932f91,Ca-Mn-Co-Ni-Sn-Sb|Ca0.1Co0.4Sb0.5,Ca-Mn-Co-Ni-Sn-Sb,Ca0.1Co0.4Sb0.5,3,0,0,0.4,0,0,0,0,0,0,0.1,0.5
sample_0e3bd8114d52b514,Mn-Fe-Co-Ni-La-Ce|Fe0.1Ni0.6Ce0.3,Mn-Fe-Co-Ni-La-Ce,Fe0.1Ni0.6Ce0.3,3,0,0.1,0,0.6,0,0.3,0,0,0,0,0
sample_0e3efe774874818f,Ca-Mn-Co-Ni-Sn-Sb|Ca0.1Co0.3Ni0.6,Ca-Mn-Co-Ni-Sn-Sb,Ca0.1Co0.3Ni0.6,3,0,0,0.3,0.6,0,0,0,0,0,0.1,0
sample_0e45ae6bd65ff849,Mn-Fe-Co-Ni-Cu-Ta|Fe0.4Cu0.5Ta0.1,Mn-Fe-Co-Ni-Cu-Ta,Fe0.4Cu0.5Ta0.1,3,0,0.4,0,0,0,0,0.5,0.1,0,0,0
sample_0e48ccab6790beaa,Mn-Fe-Co-Ni-Cu-Ta|Fe0.5Ni0.2Ta0.3,Mn-Fe-Co-Ni-Cu-Ta,Fe0.5Ni0.2Ta0.3,3,0,0.5,0,0.2,0,0,0,0.3,0,0,0
sample_0e4e40e121a23990,Ca-Mn-Co-Ni-Sn-Sb|Mn0.9Sn0.1,Ca-Mn-Co-Ni-Sn-Sb,Mn0.9Sn0.1,2,0.9,0,0,0,0,0,0,0,0.1,0,0
sample_0e4f3a24147bfa38,Mn-Fe-Co-Ni-La-Ce|Mn0.2Co0.6La0.2,Mn-Fe-Co-Ni-La-Ce,Mn0.2Co0.6La0.2,3,0.2,0,0.6,0,0.2,0,0,0,0,0,0
sample_0e68ac51f0d53f72,Mn-Fe-Co-Cu-Sn-Ta|Co0.3Cu0.4Sn0.3,Mn-Fe-Co-Cu-Sn-Ta,Co0.3Cu0.4Sn0.3,3,0,0,0.3,0,0,0,0.4,0,0.3,0,0
sample_0e69229d4b2b8012,Ca-Mn-Co-Ni-Sn-Sb|Mn0.1Ni0.7Sn0.2,Ca-Mn-Co-Ni-Sn-Sb,Mn0.1Ni0.7Sn0.2,3,0.1,0,0,0.7,0,0,0,0,0.2,0,0
sample_0e94addff6f2528e,Ca-Mn-Co-Ni-Sn-Sb|Ca0.2Mn0.1Ni0.7,Ca-Mn-Co-Ni-Sn-Sb,Ca0.2Mn0.1Ni0.7,3,0.1,0,0,0.7,0,0,0,0,0,0.2,0
sample_0e9ed30531d1af0d,Mn-Fe-Co-Ni-Cu-Ta|Fe0.1Co0.7Cu0.2,Mn-Fe-Co-Ni-Cu-Ta,Fe0.1Co0.7Cu0.2,3,0,0.1,0.7,0,0,0,0.2,0,0,0,0
sample_0ea0bc5348054b55,Ca-Mn-Co-Ni-Sn-Sb|Ca0.2Mn0.7Sb0.1,Ca-Mn-Co-Ni-Sn-Sb,Ca0.2Mn0.7Sb0.1,3,0.7,0,0,0,0,0,0,0,0,0.2,0.1
sample_0ea90066a05b475a,Mn-Fe-Co-Cu-Sn-Ta|Fe0.1Co0.2Cu0.7,Mn-Fe-Co-Cu-Sn-Ta,Fe0.1Co0.2Cu0.7,3,0,0.1,0.2,0,0,0,0.7,0,0,0,0
sample_0ec1c88b89b5943f,Mn-Fe-Co-Cu-Sn-Ta|Mn0.3Cu0.5Ta0.2,Mn-Fe-Co-Cu-Sn-Ta,Mn0.3Cu0.5Ta0.2,3,0.3,0,0,0,0,0,0.5,0.2,0,0,0
sample_0ecb15d1417bf31d,Mn-Fe-Co-Ni-Cu-Ta|Fe0.1Co0.3Ta0.6,Mn-Fe-Co-Ni-Cu-Ta,Fe0.1Co0.3Ta0.6,3,0,0.1,0.3,0,0,0,0,0.6,0,0,0
sample_0ee6712a467b93e2,Mn-Fe-Co-Cu-Sn-Ta|Co0.2Cu0.3Ta0.5,Mn-Fe-Co-Cu-Sn-Ta,Co0.2Cu0.3Ta0.5,3,0,0,0.2,0,0,0,0.3,0.5,0,0,0
sample_0f1871f5f25f3362,Mn-Fe-Co-Ni-Cu-Ta|Fe0.4Co0.3Ta0.3,Mn-Fe-Co-Ni-Cu-Ta,Fe0.4Co0.3Ta0.3,3,0,0.4,0.3,0,0,0,0,0.3,0,0,0
sample_0f357d70951d47b4,Mn-Fe-Co-Ni-La-Ce|Fe0.6Co0.4,Mn-Fe-Co-Ni-La-Ce,Fe0.6Co0.4,2,0,0.6,0.4,0,0,0,0,0,0,0,0
sample_0f35fa49123eed09,Ca-Mn-Co-Ni-Sn-Sb|Ca0.6Co0.3Sn0.1,Ca-Mn-Co-Ni-Sn-Sb,Ca0.6Co0.3Sn0.1,3,0,0,0.3,0,0,0,0,0,0.1,0.6,0
sample_0f3fc0aaa9968a07,Ca-Mn-Co-Ni-Sn-Sb|Ca0.1Co0.6Sn0.3,Ca-Mn-Co-Ni-Sn-Sb,Ca0.1Co0.6Sn0.3,3,0,0,0.6,0,0,0,0,0,0.3,0.1,0
sample_0f54dbbe69d62e95,Mn-Fe-Co-Ni-Cu-Ta|Mn0.5Fe0.4Ta0.1,Mn-Fe-Co-Ni-Cu-Ta,Mn0.5Fe0.4Ta0.1,3,0.5,0.4,0,0,0,0,0,0.1,0,0,0
sample_0f5b7d87d4f9b00f,Ca-Mn-Co-Ni-Sn-Sb|Ca0.4Mn0.3Sn0.3,Ca-Mn-Co-Ni-Sn-Sb,Ca0.4Mn0.3Sn0.3,3,0.3,0,0,0,0,0,0,0,0.3,0.4,0
sample_0f640162bab3be2f,Mn-Fe-Co-Ni-Cu-Ta|Ni0.6Cu0.2Ta0.2,Mn-Fe-Co-Ni-Cu-Ta,Ni0.6Cu0.2Ta0.2,3,0,0,0,0.6,0,0,0.2,0.2,0,0,0
sample_0f6e048c15277c0f,Mn-Fe-Co-Ni-Cu-Ta|Fe0.1Ni0.7Cu0.2,Mn-Fe-Co-Ni-Cu-Ta,Fe0.1Ni0.7Cu0.2,3,0,0.1,0,0.7,0,0,0.2,0,0,0,0
sample_0f7c4a6e9731179d,Ca-Mn-Co-Ni-Sn-Sb|Mn0.2Co0.3Ni0.5,Ca-Mn-Co-Ni-Sn-Sb,Mn0.2Co0.3Ni0.5,3,0.2,0,0.3,0.5,0,0,0,0,0,0,0
sample_0f8dbdfc16cc6106,Ca-Mn-Co-Ni-Sn-Sb|Ca0.4Mn0.5Sb0.1,Ca-Mn-Co-Ni-Sn-Sb,Ca0.4Mn0.5Sb0.1,3,0.5,0,0,0,0,0,0,0,0,0.4,0.1
sample_0f935873c3603b64,Mn-Fe-Co-Cu-Sn-Ta|Mn0.3Cu0.5Sn0.2,Mn-Fe-Co-Cu-Sn-Ta,Mn0.3Cu0.5Sn0.2,3,0.3,0,0,0,0,0,0.5,0,0.2,0,0
sample_0f9e023fda6cc6dc,Mn-Fe-Co-Cu-Sn-Ta|Mn0.4Co0.4Ta0.2,Mn-Fe-Co-Cu-Sn-Ta,Mn0.4Co0.4Ta0.2,3,0.4,0,0.4,0,0,0,0,0.2,0,0,0
sample_0fa68003bab99e40,Mn-Fe-Co-Ni-La-Ce|Mn0.6La0.2Ce0.2,Mn-Fe-Co-Ni-La-Ce,Mn0.6La0.2Ce0.2,3,0.6,0,0,0,0.2,0.2,0,0,0,0,0
sample_0fb1253a12cc4961,Mn-Fe-Co-Ni-Cu-Ta|Fe0.2Co0.7Cu0.1,Mn-Fe-Co-Ni-Cu-Ta,Fe0.2Co0.7Cu0.1,3,0,0.2,0.7,0,0,0,0.1,0,0,0,0
sample_0fb9e684fa36c224,Mn-Fe-Co-Cu-Sn-Ta|Co0.4Sn0.6,Mn-Fe-Co-Cu-Sn-Ta,Co0.4Sn0.6,2,0,0,0.4,0,0,0,0,0,0.6,0,0
sample_0fcf80b63257a039,Mn-Fe-Co-Cu-Sn-Ta|Co0.6Cu0.4,Mn-Fe-Co-Cu-Sn-Ta,Co0.6Cu0.4,2,0,0,0.6,0,0,0,0.4,0,0,0,0
sample_0fdec152313e1f72,Ca-Mn-Co-Ni-Sn-Sb|Co0.4Ni0.2Sn0.4,Ca-Mn-Co-Ni-Sn-Sb,Co0.4Ni0.2Sn0.4,3,0,0,0.4,0.2,0,0,0,0,0.4,0,0
sample_0fe9f322836259f2,Mn-Fe-Co-Ni-La-Ce|Fe0.5Ni0.2La0.3,Mn-Fe-Co-Ni-La-Ce,Fe0.5Ni0.2La0.3,3,0,0.5,0,0.2,0.3,0,0,0,0,0,0
sample_0ff047a0c0cbc26e,Mn-Fe-Co-Cu-Sn-Ta|Mn0.3Fe0.4Co0.3,Mn-Fe-Co-Cu-Sn-Ta,Mn0.3Fe0.4Co0.3,3,0.3,0.4,0.3,0,0,0,0,0,0,0,0
sample_1020250e52a8b325,Mn-Fe-Co-Ni-La-Ce|Fe0.6La0.1Ce0.3,Mn-Fe-Co-Ni-La-Ce,Fe0.6La0.1Ce0.3,3,0,0.6,0,0,0.1,0.3,0,0,0,0,0
sample_103873eca4decee8,Mn-Fe-Co-Cu-Sn-Ta|Mn0.2Cu0.3Ta0.5,Mn-Fe-Co-Cu-Sn-Ta,Mn0.2Cu0.3Ta0.5,3,0.2,0,0,0,0,0,0.3,0.5,0,0,0
sample_103893626c3b752b,Mn-Fe-Co-Cu-Sn-Ta|Fe0.7Co0.1Sn0.2,Mn-Fe-Co-Cu-Sn-Ta,Fe0.7Co0.1Sn0.2,3,0,0.7,0.1,0,0,0,0,0,0.2,0,0
sample_10640937fb3afed6,Mn-Fe-Co-Ni-La-Ce|Mn0.6Fe0.2Co0.2,Mn-Fe-Co-Ni-La-Ce,Mn0.6Fe0.2Co0.2,3,0.6,0.2,0.2,0,0,0,0,0,0,0,0
sample_10688a13cbc03a85,Ca-Mn-Co-Ni-Sn-Sb|Mn0.5Ni0.1Sb0.4,Ca-Mn-Co-Ni-Sn-Sb,Mn0.5Ni0.1Sb0.4,3,0.5,0,0,0.1,0,0,0,0,0,0,0.4
sample_109d5e703816e673,Mn-Fe-Co-Ni-La-Ce|Mn0.1La0.7Ce0.2,Mn-Fe-Co-Ni-La-Ce,Mn0.1La0.7Ce0.2,3,0.1,0,0,0,0.7,0.2,0,0,0,0,0
sample_10a1c19b05227561,Ca-Mn-Co-Ni-Sn-Sb|Mn0.4Sn0.1Sb0.5,Ca-Mn-Co-Ni-Sn-Sb,Mn0.4Sn0.1Sb0.5,3,0.4,0,0,0,0,0,0,0,0.1,0,0.5
sample_10ae0e014a2917f0,Ca-Mn-Co-Ni-Sn-Sb|Ca0.2Mn0.6Co0.2,Ca-Mn-Co-Ni-Sn-Sb,Ca0.2Mn0.6Co0.2,3,0.6,0,0.2,0,0,0,0,0,0,0.2,0
sample_10b74164339cedad,Mn-Fe-Co-Ni-La-Ce|Ni0.2Ce0.8,Mn-Fe-Co-Ni-La-Ce,Ni0.2Ce0.8,2,0,0,0,0.2,0,0.8,0,0,0,0,0
sample_10c1fc51a83cab81,Mn-Fe-Co-Cu-Sn-Ta|Mn0.5Co0.4Sn0.1,Mn-Fe-Co-Cu-Sn-Ta,Mn0.5Co0.4Sn0.1,3,0.5,0,0.4,0,0,0,0,0,0.1,0,0
sample_10c208aa693128fa,Mn-Fe-Co-Ni-La-Ce|Mn0.4Ce0.6,Mn-Fe-Co-Ni-La-Ce,Mn0.4Ce0.6,2,0.4,0,0,0,0,0.6,0,0,0,0,0
sample_10c30b9acd00985e,Mn-Fe-Co-Ni-La-Ce|Ni0.2La0.2Ce0.6,Mn-Fe-Co-Ni-La-Ce,Ni0.2La0.2Ce0.6,3,0,0,0,0.2,0.2,0.6,0,0,0,0,0
sample_10dda9da5bc80665,Ca-Mn-Co-Ni-Sn-Sb|Ca0.1Co0.7Sb0.2,Ca-Mn-Co-Ni-Sn-Sb,Ca0.1Co0.7Sb0.2,3,0,0,0.7,0,0,0,0,0,0,0.1,0.2
sample_10e29400532a1e5e,Ca-Mn-Co-Ni-Sn-Sb|Mn0.1Co0.9,Ca-Mn-Co-Ni-Sn-Sb,Mn0.1Co0.9,2,0.1,0,0.9,0,0,0,0,0,0,0,0
sample_10e61aadcd5fcb1f,Mn-Fe-Co-Ni-La-Ce|Mn0.5Co0.2Ni0.3,Mn-Fe-Co-Ni-La-Ce,Mn0.5Co0.2Ni0.3,3,0.5,0,0.2,0.3,0,0,0,0,0,0,0
sample_10f8ea48b88844f9,Ca-Mn-Co-Ni-Sn-Sb|Ca0.1Sn0.7Sb0.2,Ca-Mn-Co-Ni-Sn-Sb,Ca0.1Sn0.7Sb0.2,3,0,0,0,0,0,0,0,0,0.7,0.1,0.2
sample_1101ff49281599de,Mn-Fe-Co-Ni-Cu-Ta|Ni0.7Ta0.3,Mn-Fe-Co-Ni-Cu-Ta,Ni0.7Ta0.3,2,0,0,0,0.7,0,0,0,0.3,0,0,0
sample_11375443dbaac994,Mn-Fe-Co-Cu-Sn-Ta|Co0.2Sn0.3Ta0.5,Mn-Fe-Co-Cu-Sn-Ta,Co0.2Sn0.3Ta0.5,3,0,0,0.2,0,0,0,0,0.5,0.3,0,0
sample_1182aa617a766345,Mn-Fe-Co-Ni-Cu-Ta|Mn0.4Cu0.3Ta0.3,Mn-Fe-Co-Ni-Cu-Ta,Mn0.4Cu0.3Ta0.3,3,0.4,0,0,0,0,0,0.3,0.3,0,0,0
sample_11ad902092c647d2,Mn-Fe-Co-Ni-Cu-Ta|Mn0.3Fe0.5Ta0.2,Mn-Fe-Co-Ni-Cu-Ta,Mn0.3Fe0.5Ta0.2,3,0.3,0.5,0,0,0,0,0,0.2,0,0,0
sample_11c0f1caa0c529e1,Ca-Mn-Co-Ni-Sn-Sb|Ca0.3Mn0.3Ni0.4,Ca-Mn-Co-Ni-Sn-Sb,Ca0.3Mn0.3Ni0.4,3,0.3,0,0,0.4,0,0,0,0,0,0.3,0
sample_11d606bbf891187f,Ca-Mn-Co-Ni-Sn-Sb|Co0.9Sn0.1,Ca-Mn-Co-Ni-Sn-Sb,Co0.9Sn0.1,2,0,0,0.9,0,0,0,0,0,0.1,0,0
sample_11da2793258b1998,Mn-Fe-Co-Ni-La-Ce|Mn0.2Fe0.4Ni0.4,Mn-Fe-Co-Ni-La-Ce,Mn0.2Fe0.4Ni0.4,3,0.2,0.4,0,0.4,0,0,0,0,0,0,0
sample_121da919f0d1dcbb,Mn-Fe-Co-Ni-La-Ce|Fe0.7Ni0.1Ce0.2,Mn-Fe-Co-Ni-La-Ce,Fe0.7Ni0.1Ce0.2,3,0,0.7,0,0.1,0,0.2,0,0,0,0,0
sample_123422154ac25c3b,Ca-Mn-Co-Ni-Sn-Sb|Ni0.3Sn0.2Sb0.5,Ca-Mn-Co-Ni-Sn-Sb,Ni0.3Sn0.2Sb0.5,3,0,0,0,0.3,0,0,0,0,0.2,0,0.5
sample_123ec587eb5f8fb7,Mn-Fe-Co-Ni-Cu-Ta|Mn0.6Fe0.3Cu0.1,Mn-Fe-Co-Ni-Cu-Ta,Mn0.6Fe0.3Cu0.1,3,0.6,0.3,0,0,0,0,0.1,0,0,0,0
sample_1243fb63d5d9a7eb,Ca-Mn-Co-Ni-Sn-Sb|Co0.2Sn0.3Sb0.5,Ca-Mn-Co-Ni-Sn-Sb,Co0.2Sn0.3Sb0.5,3,0,0,0.2,0,0,0,0,0,0.3,0,0.5
sample_125535fb85d625fc,Mn-Fe-Co-Cu-Sn-Ta|Fe0.1Co0.5Sn0.4,Mn-Fe-Co-Cu-Sn-Ta,Fe0.1Co0.5Sn0.4,3,0,0.1,0.5,0,0,0,0,0,0.4,0,0
sample_125f4f974cfeb44e,Mn-Fe-Co-Ni-Cu-Ta|Mn0.6Ni0.2Cu0.2,Mn-Fe-Co-Ni-Cu-Ta,Mn0.6Ni0.2Cu0.2,3,0.6,0,0,0.2,0,0,0.2,0,0,0,0
sample_12697a59d9c9120f,Mn-Fe-Co-Ni-Cu-Ta|Co0.2Ni0.3Ta0.5,Mn-Fe-Co-Ni-Cu-Ta,Co0.2Ni0.3Ta0.5,3,0,0,0.2,0.3,0,0,0,0.5,0,0,0
sample_1271c604ed1a4194,Mn-Fe-Co-Ni-Cu-Ta|Fe0.8Co0.1Cu0.1,Mn-Fe-Co-Ni-Cu-Ta,Fe0.8Co0.1Cu0.1,3,0,0.8,0.1,0,0,0,0.1,0,0,0,0
sample_12ae74c221c448e3,Ca-Mn-Co-Ni-Sn-Sb|Ca0.4Mn0.2Sb0.4,Ca-Mn-Co-Ni-Sn-Sb,Ca0.4Mn0.2Sb0.4,3,0.2,0,0,0,0,0,0,0,0,0.4,0.4
sample_12c267139ce77342,Mn-Fe-Co-Ni-La-Ce|Co0.1La0.3Ce0.6,Mn-Fe-Co-Ni-La-Ce,Co0.1La0.3Ce0.6,3,0,0,0.1,0,0.3,0.6,0,0,0,0,0
sample_130f4d171a4eb4a9,Ca-Mn-Co-Ni-Sn-Sb|Ni0.2Sn0.7Sb0.1,Ca-Mn-Co-Ni-Sn-Sb,Ni0.2Sn0.7Sb0.1,3,0,0,0,0.2,0,0,0,0,0.7,0,0.1
sample_13114fb9a694df2e,Mn-Fe-Co-Ni-La-Ce|Fe0.5Co0.3Ce0.2,Mn-Fe-Co-Ni-La-Ce,Fe0.5Co0.3Ce0.2,3,0,0.5,0.3,0,0,0.2,0,0,0,0,0
sample_134cc14a5268ac7d,Ca-Mn-Co-Ni-Sn-Sb|Ca0.5Mn0.3Sb0.2,Ca-Mn-Co-Ni-Sn-Sb,Ca0.5Mn0.3Sb0.2,3,0.3,0,0,0,0,0,0,0,0,0.5,0.2
sample_1368d18603e9194e,Mn-Fe-Co-Ni-La-Ce|Mn0.2Fe0.7La0.1,Mn-Fe-Co-Ni-La-Ce,Mn0.2Fe0.7La0.1,3,0.2,0.7,0,0,0.1,0,0,0,0,0,0
sample_13b8413b4f71f76e,Mn-Fe-Co-Cu-Sn-Ta|Fe0.6Cu0.1Sn0.3,Mn-Fe-Co-Cu-Sn-Ta,Fe0.6Cu0.1Sn0.3,3,0,0.6,0,0,0,0,0.1,0,0.3,0,0
sample_13ce0879eda1a796,Mn-Fe-Co-Ni-Cu-Ta|Fe0.4Ni0.2Cu0.4,Mn-Fe-Co-Ni-Cu-Ta,Fe0.4Ni0.2Cu0.4,3,0,0.4,0,0.2,0,0,0.4,0,0,0,0
sample_13d94b2a5266664f,Mn-Fe-Co-Cu-Sn-Ta|Fe0.8Cu0.2,Mn-Fe-Co-Cu-Sn-Ta,Fe0.8Cu0.2,2,0,0.8,0,0,0,0,0.2,0,0,0,0
sample_13ff5c8b49c8adb0,Mn-Fe-Co-Ni-La-Ce|Fe0.1Ni0.8La0.1,Mn-Fe-Co-Ni-La-Ce,Fe0.1Ni0.8La0.1,3,0,0.1,0,0.8,0.1,0,0,0,0,0,0
sample_13ff90584c98293c,Mn-Fe-Co-Cu-Sn-Ta|Mn0.2Sn0.6Ta0.2,Mn-Fe-Co-Cu-Sn-Ta,Mn0.2Sn0.6Ta0.2,3,0.2,0,0,0,0,0,0,0.2,0.6,0,0
sample_1401c349d2cfe590,Mn-Fe-Co-Cu-Sn-Ta|Fe0.4Co0.3Ta0.3,Mn-Fe-Co-Cu-Sn-Ta,Fe0.4Co0.3Ta0.3,3,0,0.4,0.3,0,0,0,0,0.3,0,0,0
sample_1407d88f6fde2940,Mn-Fe-Co-Ni-La-Ce|Mn0.3Co0.1Ni0.6,Mn-Fe-Co-Ni-La-Ce,Mn0.3Co0.1Ni0.6,3,0.3,0,0.1,0.6,0,0,0,0,0,0,0
sample_140b59ceb61c3281,Mn-Fe-Co-Ni-Cu-Ta|Mn0.4Fe0.2Ta0.4,Mn-Fe-Co-Ni-Cu-Ta,Mn0.4Fe0.2Ta0.4,3,0.4,0.2,0,0,0,0,0,0.4,0,0,0
sample_141152d7e35a0703,Mn-Fe-Co-Ni-La-Ce|Fe0.4La0.4Ce0.2,Mn-Fe-Co-Ni-La-Ce,Fe0.4La0.4Ce0.2,3,0,0.4,0,0,0.4,0.2,0,0,0,0,0
sample_141333605325a4f5,Mn-Fe-Co-Ni-La-Ce|Mn0.3Ni0.2Ce0.5,Mn-Fe-Co-Ni-La-Ce,Mn0.3Ni0.2Ce0.5,3,0.3,0,0,0.2,0,0.5,0,0,0,0,0
sample_1416ca7c71d7b4ff,Mn-Fe-Co-Ni-La-Ce|Mn0.8Ni0.1La0.1,Mn-Fe-Co-Ni-La-Ce,Mn0.8Ni0.1La0.1,3,0.8,0,0,0.1,0.1,0,0,0,0,0,0
sample_141a4fff77a1f400,Mn-Fe-Co-Ni-La-Ce|Mn0.2Co0.2Ce0.6,Mn-Fe-Co-Ni-La-Ce,Mn0.2Co0.2Ce0.6,3,0.2,0,0.2,0,0,0.6,0,0,0,0,0
sample_141e0310734e2835,Ca-Mn-Co-Ni-Sn-Sb|Ca0.1Mn0.3Sn0.6,Ca-Mn-Co-Ni-Sn-Sb,Ca0.1Mn0.3Sn0.6,3,0.3,0,0,0,0,0,0,0,0.6,0.1,0
sample_142d4c193d0efc5f,Ca-Mn-Co-Ni-Sn-Sb|Co0.4Sn0.5Sb0.1,Ca-Mn-Co-Ni-Sn-Sb,Co0.4Sn0.5Sb0.1,3,0,0,0.4,0,0,0,0,0,0.5,0,0.1
sample_1434ddc781b3d8c6,Mn-Fe-Co-Ni-Cu-Ta|Fe0.6Co0.2Ni0.2,Mn-Fe-Co-Ni-Cu-Ta,Fe0.6Co0.2Ni0.2,3,0,0.6,0.2,0.2,0,0,0,0,0,0,0
sample_14413d2433c254da,Ca-Mn-Co-Ni-Sn-Sb|Ca0.3Mn0.3Sb0.4,Ca-Mn-Co-Ni-Sn-Sb,Ca0.3Mn0.3Sb0.4,3,0.3,0,0,0,0,0,0,0,0,0.3,0.4
sample_1446b813d3e17a60,Mn-Fe-Co-Ni-Cu-Ta|Mn0.5Ni0.1Cu0.4,Mn-Fe-Co-Ni-Cu-Ta,Mn0.5Ni0.1Cu0.4,3,0.5,0,0,0.1,0,0,0.4,0,0,0,0
sample_145ac49a76661c82,Mn-Fe-Co-Cu-Sn-Ta|Cu0.1Sn0.2Ta0.7,Mn-Fe-Co-Cu-Sn-Ta,Cu0.1Sn0.2Ta0.7,3,0,0,0,0,0,0,0.1,0.7,0.2,0,0
sample_147a2ed50362654e,Ca-Mn-Co-Ni-Sn-Sb|Mn0.3Ni0.2Sb0.5,Ca-Mn-Co-Ni-Sn-Sb,Mn0.3Ni0.2Sb0.5,3,0.3,0,0,0.2,0,0,0,0,0,0,0.5
sample_149078800a9d8ac8,Mn-Fe-Co-Cu-Sn-Ta|Mn0.2Fe0.3Co0.5,Mn-Fe-Co-Cu-Sn-Ta,Mn0.2Fe0.3Co0.5,3,0.2,0.3,0.5,0,0,0,0,0,0,0,0
sample_149c8a22bd9f8e5e,Ca-Mn-Co-Ni-Sn-Sb|Ca0.2Sn0.3Sb0.5,Ca-Mn-Co-Ni-Sn-Sb,Ca0.2Sn0.3Sb0.5,3,0,0,0,0,0,0,0,0,0.3,0.2,0.5
sample_14a7d088786bb54a,Mn-Fe-Co-Cu-Sn-Ta|Mn0.3Co0.1Sn0.6,Mn-Fe-Co-Cu-Sn-Ta,Mn0.3Co0.1Sn0.6,3,0.3,0,0.1,0,0,0,0,0,0.6,0,0
sample_14baee7cbf3502b6,Ca-Mn-Co-Ni-Sn-Sb|Ca0.4Mn0.1Sb0.5,Ca-Mn-Co-Ni-Sn-Sb,Ca0.4Mn0.1Sb0.5,3,0.1,0,0,0,0,0,0,0,0,0.4,0.5
sample_14e70a7ed848e67d,Mn-Fe-Co-Ni-La-Ce|Co0.1La0.7Ce0.2,Mn-Fe-Co-Ni-La-Ce,Co0.1La0.7Ce0.2,3,0,0,0.1,0,0.7,0.2,0,0,0,0,0
sample_14ecd19bbfb3d23c,Ca-Mn-Co-Ni-Sn-Sb|Ca0.1Co0.7Ni0.2,Ca-Mn-Co-Ni-Sn-Sb,Ca0.1Co0.7Ni0.2,3,0,0,0.7,0.2,0,0,0,0,0,0.1,0
sample_1512049653baa498,Mn-Fe-Co-Cu-Sn-Ta|Cu0.2Sn0.8,Mn-Fe-Co-Cu-Sn-Ta,Cu0.2Sn0.8,2,0,0,0,0,0,0,0.2,0,0.8,0,0
sample_1518536ed71419fa,Ca-Mn-Co-Ni-Sn-Sb|Ca0.5Mn0.3Sn0.2,Ca-Mn-Co-Ni-Sn-Sb,Ca0.5Mn0.3Sn0.2,3,0.3,0,0,0,0,0,0,0,0.2,0.5,0
sample_1526aa1e2ee83827,Mn-Fe-Co-Ni-Cu-Ta|Co0.4Ni0.3Ta0.3,Mn-Fe-Co-Ni-Cu-Ta,Co0.4Ni0.3Ta0.3,3,0,0,0.4,0.3,0,0,0,0.3,0,0,0
sample_1539668b4a66f6d7,Mn-Fe-Co-Ni-La-Ce|Mn0.4Co0.4Ce0.2,Mn-Fe-Co-Ni-La-Ce,Mn0.4Co0.4Ce0.2,3,0.4,0,0.4,0,0,0.2,0,0,0,0,0
sample_154a13291e9ff411,Mn-Fe-Co-Ni-Cu-Ta|Fe0.3Ni0.5Ta0.2,Mn-Fe-Co-Ni-Cu-Ta,Fe0.3Ni0.5Ta0.2,3,0,0.3,0,0.5,0,0,0,0.2,0,0,0
sample_1582c5a2ace8ab54,Mn-Fe-Co-Ni-Cu-Ta|Mn0.1Fe0.7Ta0.2,Mn-Fe-Co-Ni-Cu-Ta,Mn0.1Fe0.7Ta0.2,3,0.1,0.7,0,0,0,0,0,0.2,0,0,0
sample_15a6c79ed2588480,Mn-Fe-Co-Cu-Sn-Ta|Mn0.4Sn0.4Ta0.2,Mn-Fe-Co-Cu-Sn-Ta,Mn0.4Sn0.4Ta0.2,3,0.4,0,0,0,0,0,0,0.2,0.4,0,0
sample_15c2b72c10c59bee,Ca-Mn-Co-Ni-Sn-Sb|Ca0.2Ni0.5Sn0.3,Ca-Mn-Co-Ni-Sn-Sb,Ca0.2Ni0.5Sn0.3,3,0,0,0,0.5,0,0,0,0,0.3,0.2,0
sample_15eeba9495e0ee7a,Ca-Mn-Co-Ni-Sn-Sb|Ca0.5Co0.2Ni0.3,Ca-Mn-Co-Ni-Sn-Sb,Ca0.5Co0.2Ni0.3,3,0,0,0.2,0.3,0,0,0,0,0,0.5,0
sample_16143ccc88455e35,Ca-Mn-Co-Ni-Sn-Sb|Mn0.4Ni0.3Sn0.3,Ca-Mn-Co-Ni-Sn-Sb,Mn0.4Ni0.3Sn0.3,3,0.4,0,0,0.3,0,0,0,0,0.3,0,0
sample_162a75812823a23a,Mn-Fe-Co-Cu-Sn-Ta|Fe0.5Co0.2Cu0.3,Mn-Fe-Co-Cu-Sn-Ta,Fe0.5Co0.2Cu0.3,3,0,0.5,0.2,0,0,0,0.3,0,0,0,0
sample_163420e2ebda5f0e,Mn-Fe-Co-Ni-La-Ce|Mn0.3Fe0.4Co0.3,Mn-Fe-Co-Ni-La-Ce,Mn0.3Fe0.4Co0.3,3,0.3,0.4,0.3,0,0,0,0,0,0,0,0
sample_1644834ae74d45a8,Mn-Fe-Co-Cu-Sn-Ta|Fe0.8Cu0.1Ta0.1,Mn-Fe-Co-Cu-Sn-Ta,Fe0.8Cu0.1Ta0.1,3,0,0.8,0,0,0,0,0.1,0.1,0,0,0
sample_1680a8355e0af48a,Mn-Fe-Co-Ni-Cu-Ta|Fe0.2Co0.4Cu0.4,Mn-Fe-Co-Ni-Cu-Ta,Fe0.2Co0.4Cu0.4,3,0,0.2,0.4,0,0,0,0.4,0,0,0,0
sample_16827079c0ac6c52,Mn-Fe-Co-Cu-Sn-Ta|Mn0.6Fe0.1Ta0.3,Mn-Fe-Co-Cu-Sn-Ta,Mn0.6Fe0.1Ta0.3,3,0.6,0.1,0,0,0,0,0,0.3,0,0,0
sample_16909bfe137296f4,Mn-Fe-Co-Ni-Cu-Ta|Mn0.3Cu0.5Ta0.2,Mn-Fe-Co-Ni-Cu-Ta,Mn0.3Cu0.5Ta0.2,3,0.3,0,0,0,0,0,0.5,0.2,0,0,0
sample_16aaf859e8a64f7b,Mn-Fe-Co-Cu-Sn-Ta|Fe0.2Co0.7Sn0.1,Mn-Fe-Co-Cu-Sn-Ta,Fe0.2Co0.7Sn0.1,3,0,0.2,0.7,0,0,0,0,0,0.1,0,0
sample_16c31372b3daf39a,Mn-Fe-Co-Ni-Cu-Ta|Fe0.5Co0.4Ta0.1,Mn-Fe-Co-Ni-Cu-Ta,Fe0.5Co0.4Ta0.1,3,0,0.5,0.4,0,0,0,0,0.1,0,0,0
sample_16c3776f7ce285e9,Ca-Mn-Co-Ni-Sn-Sb|Mn0.1Co0.5Sb0.4,Ca-Mn-Co-Ni-Sn-Sb,Mn0.1Co0.5Sb0.4,3,0.1,0,0.5,0,0,0,0,0,0,0,0.4
sample_16ce6aee364a6aa8,Mn-Fe-Co-Cu-Sn-Ta|Co0.3Sn0.4Ta0.3,Mn-Fe-Co-Cu-Sn-Ta,Co0.3Sn0.4Ta0.3,3,0,0,0.3,0,0,0,0,0.3,0.4,0,0
sample_170b656662d23c25,Mn-Fe-Co-Ni-Cu-Ta|Mn0.4Fe0.1Ni0.5,Mn-Fe-Co-Ni-Cu-Ta,Mn0.4Fe0.1Ni0.5,3,0.4,0.1,0,0.5,0,0,0,0,0,0,0
sample_17136b64ec6bb0a4,Mn-Fe-Co-Cu-Sn-Ta|Fe0.1Sn0.6Ta0.3,Mn-Fe-Co-Cu-Sn-Ta,Fe0.1Sn0.6Ta0.3,3,0,0.1,0,0,0,0,0,0.3,0.6,0,0
sample_17180c0f0eec3ef8,Mn-Fe-Co-Ni-Cu-Ta|Fe0.3Ni0.6Ta0.1,Mn-Fe-Co-Ni-Cu-Ta,Fe0.3Ni0.6Ta0.1,3,0,0.3,0,0.6,0,0,0,0.1,0,0,0
sample_1724c1249927dc52,Mn-Fe-Co-Cu-Sn-Ta|Fe0.5Cu0.1Ta0.4,Mn-Fe-Co-Cu-Sn-Ta,Fe0.5Cu0.1Ta0.4,3,0,0.5,0,0,0,0,0.1,0.4,0,0,0
sample_172975026b76e8da,Mn-Fe-Co-Cu-Sn-Ta|Mn0.1Cu0.1Sn0.8,Mn-Fe-Co-Cu-Sn-Ta,Mn0.1Cu0.1Sn0.8,3,0.1,0,0,0,0,0,0.1,0,0.8,0,0
sample_173caee2761d7421,Mn-Fe-Co-Cu-Sn-Ta|Mn0.6Cu0.1Ta0.3,Mn-Fe-Co-Cu-Sn-Ta,Mn0.6Cu0.1Ta0.3,3,0.6,0,0,0,0,0,0.1,0.3,0,0,0
sample_177169badc736bb1,Mn-Fe-Co-Ni-Cu-Ta|Co0.2Ni0.1Cu0.7,Mn-Fe-Co-Ni-Cu-Ta,Co0.2Ni0.1Cu0.7,3,0,0,0.2,0.1,0,0,0.7,0,0,0,0
sample_1787295b5640cee3,Mn-Fe-Co-Ni-La-Ce|Mn0.7Ni0.2Ce0.1,Mn-Fe-Co-Ni-La-Ce,Mn0.7Ni0.2Ce0.1,3,0.7,0,0,0.2,0,0.1,0,0,0,0,0
sample_1794010e129c32b9,Mn-Fe-Co-Cu-Sn-Ta|Mn0.5Cu0.3Sn0.2,Mn-Fe-Co-Cu-Sn-Ta,Mn0.5Cu0.3Sn0.2,3,0.5,0,0,0,0,0,0.3,0,0.2,0,0
sample_17a8c816a449540c,Mn-Fe-Co-Ni-Cu-Ta|Co0.5Ni0.3Ta0.2,Mn-Fe-Co-Ni-Cu-Ta,Co0.5Ni0.3Ta0.2,3,0,0,0.5,0.3,0,0,0,0.2,0,0,0
sample_17ae976a93ad89ec,Mn-Fe-Co-Ni-La-Ce|Fe0.9Ni0.1,Mn-Fe-Co-Ni-La-Ce,Fe0.9Ni0.1,2,0,0.9,0,0.1,0,0,0,0,0,0,0
sample_17d6d048d51f635f,Mn-Fe-Co-Ni-Cu-Ta|Co0.1Ni0.8Ta0.1,Mn-Fe-Co-Ni-Cu-Ta,Co0.1Ni0.8Ta0.1,3,0,0,0.1,0.8,0,0,0,0.1,0,0,0
sample_17f39959e121117c,Mn-Fe-Co-Ni-Cu-Ta|Fe0.3Ni0.1Ta0.6,Mn-Fe-Co-Ni-Cu-Ta,Fe0.3Ni0.1Ta0.6,3,0,0.3,0,0.1,0,0,0,0.6,0,0,0
sample_17fa7ffbe4830f0c,Mn-Fe-Co-Ni-La-Ce|Fe0.2La0.3Ce0.5,Mn-Fe-Co-Ni-La-Ce,Fe0.2La0.3Ce0.5,3,0,0.2,0,0,0.3,0.5,0,0,0,0,0
sample_1817318cb9afdbd4,Mn-Fe-Co-Ni-La-Ce|Fe0.1Ce0.9,Mn-Fe-Co-Ni-La-Ce,Fe0.1Ce0.9,2,0,0.1,0,0,0,0.9,0,0,0,0,0
sample_182b628f35d2e998,Mn-Fe-Co-Ni-La-Ce|Mn0.5Ce0.5,Mn-Fe-Co-Ni-La-Ce,Mn0.5Ce0.5,2,0.5,0,0,0,0,0.5,0,0,0,0,0
sample_184b9a7b09d1ebb7,Mn-Fe-Co-Ni-Cu-Ta|Ni0.2Cu0.4Ta0.4,Mn-Fe-Co-Ni-Cu-Ta,Ni0.2Cu0.4Ta0.4,3,0,0,0,0.2,0,0,0.4,0.4,0,0,0
sample_189134a84299d069,Mn-Fe-Co-Cu-Sn-Ta|Mn0.2Fe0.1Co0.7,Mn-Fe-Co-Cu-Sn-Ta,Mn0.2Fe0.1Co0.7,3,0.2,0.1,0.7,0,0,0,0,0,0,0,0
sample_18b950d0b4fad4dc,Mn-Fe-Co-Cu-Sn-Ta|Co0.1Sn0.8Ta0.1,Mn-Fe-Co-Cu-Sn-Ta,Co0.1Sn0.8Ta0.1,3,0,0,0.1,0,0,0,0,0.1,0.8,0,0
sample_18c86444fc9df871,Mn-Fe-Co-Ni-Cu-Ta|Mn0.3Co0.3Ni0.4,Mn-Fe-Co-Ni-Cu-Ta,Mn0.3Co0.3Ni0.4,3,0.3,0,0.3,0.4,0,0,0,0,0,0,0
sample_18dc5996803e159e,Mn-Fe-Co-Ni-Cu-Ta|Mn0.2Co0.3Cu0.5,Mn-Fe-Co-Ni-Cu-Ta,Mn0.2Co0.3Cu0.5,3,0.2,0,0.3,0,0,0,0.5,0,0,0,0
sample_18f48fe1218cd3df,Mn-Fe-Co-Ni-Cu-Ta|Co0.1Ni0.7Cu0.2,Mn-Fe-Co-Ni-Cu-Ta,Co0.1Ni0.7Cu0.2,3,0,0,0.1,0.7,0,0,0.2,0,0,0,0
sample_18fbeb83e3209547,Mn-Fe-Co-Ni-La-Ce|Mn0.8Fe0.1Ni0.1,Mn-Fe-Co-Ni-La-Ce,Mn0.8Fe0.1Ni0.1,3,0.8,0.1,0,0.1,0,0,0,0,0,0,0
sample_1901281a654d18b7,Mn-Fe-Co-Ni-La-Ce|Mn0.2Fe0.4Co0.4,Mn-Fe-Co-Ni-La-Ce,Mn0.2Fe0.4Co0.4,3,0.2,0.4,0.4,0,0,0,0,0,0,0,0
sample_190701da51dc9a81,Mn-Fe-Co-Ni-La-Ce|La0.5Ce0.5,Mn-Fe-Co-Ni-La-Ce,La0.5Ce0.5,2,0,0,0,0,0.5,0.5,0,0,0,0,0
sample_1908f68a925a3e38,Mn-Fe-Co-Cu-Sn-Ta|Mn0.6Fe0.3Cu0.1,Mn-Fe-Co-Cu-Sn-Ta,Mn0.6Fe0.3Cu0.1,3,0.6,0.3,0,0,0,0,0.1,0,0,0,0
sample_19183347ca97b940,Mn-Fe-Co-Cu-Sn-Ta|Fe0.7Cu0.3,Mn-Fe-Co-Cu-Sn-Ta,Fe0.7Cu0.3,2,0,0.7,0,0,0,0,0.3,0,0,0,0
sample_1919c6ad42deccbd,Mn-Fe-Co-Ni-La-Ce|Mn0.3Fe0.1Co0.6,Mn-Fe-Co-Ni-La-Ce,Mn0.3Fe0.1Co0.6,3,0.3,0.1,0.6,0,0,0,0,0,0,0,0
sample_193a9ede05e878e9,Mn-Fe-Co-Cu-Sn-Ta|Co0.3Cu0.1Sn0.6,Mn-Fe-Co-Cu-Sn-Ta,Co0.3Cu0.1Sn0.6,3,0,0,0.3,0,0,0,0.1,0,0.6,0,0
sample_194261505d1a5f2c,Mn-Fe-Co-Ni-La-Ce|Fe0.1La0.2Ce0.7,Mn-Fe-Co-Ni-La-Ce,Fe0.1La0.2Ce0.7,3,0,0.1,0,0,0.2,0.7,0,0,0,0,0
sample_194dc9b7c5eee879,Mn-Fe-Co-Cu-Sn-Ta|Cu0.5Sn0.4Ta0.1,Mn-Fe-Co-Cu-Sn-Ta,Cu0.5Sn0.4Ta0.1,3,0,0,0,0,0,0,0.5,0.1,0.4,0,0
sample_195268e9542bc527,Ca-Mn-Co-Ni-Sn-Sb|Co0.7Sb0.3,Ca-Mn-Co-Ni-Sn-Sb,Co0.7Sb0.3,2,0,0,0.7,0,0,0,0,0,0,0,0.3
sample_1968aa5724aab815,Ca-Mn-Co-Ni-Sn-Sb|Mn0.5Co0.3Ni0.2,Ca-Mn-Co-Ni-Sn-Sb,Mn0.5Co0.3Ni0.2,3,0.5,0,0.3,0.2,0,0,0,0,0,0,0
sample_198be0f322b85d09,Mn-Fe-Co-Cu-Sn-Ta|Cu0.1Sn0.4Ta0.5,Mn-Fe-Co-Cu-Sn-Ta,Cu0.1Sn0.4Ta0.5,3,0,0,0,0,0,0,0.1,0.5,0.4,0,0
sample_198fbd17943f85c3,Mn-Fe-Co-Ni-La-Ce|Mn0.2Co0.7Ni0.1,Mn-Fe-Co-Ni-La-Ce,Mn0.2Co0.7Ni0.1,3,0.2,0,0.7,0.1,0,0,0,0,0,0,0
sample_19dc22f1cf273ab5,Mn-Fe-Co-Cu-Sn-Ta|Mn0.3Fe0.5Cu0.2,Mn-Fe-Co-Cu-Sn-Ta,Mn0.3Fe0.5Cu0.2,3,0.3,0.5,0,0,0,0,0.2,0,0,0,0
sample_19e3fa8588e52182,Mn-Fe-Co-Ni-La-Ce|Mn0.8Co0.1Ni0.1,Mn-Fe-Co-Ni-La-Ce,Mn0.8Co0.1Ni0.1,3,0.8,0,0.1,0.1,0,0,0,0,0,0,0
sample_19e961684a7f1c38,Mn-Fe-Co-Ni-La-Ce|Mn0.2Ni0.8,Mn-Fe-Co-Ni-La-Ce,Mn0.2Ni0.8,2,0.2,0,0,0.8,0,0,0,0,0,0,0
sample_19f4076ef7a10305,Ca-Mn-Co-Ni-Sn-Sb|Mn0.5Co0.4Sb0.1,Ca-Mn-Co-Ni-Sn-Sb,Mn0.5Co0.4Sb0.1,3,0.5,0,0.4,0,0,0,0,0,0,0,0.1
sample_19f7c2fa8bace93e,Mn-Fe-Co-Ni-La-Ce|Co0.7La0.1Ce0.2,Mn-Fe-Co-Ni-La-Ce,Co0.7La0.1Ce0.2,3,0,0,0.7,0,0.1,0.2,0,0,0,0,0
sample_1a04b871e93abc2c,Mn-Fe-Co-Ni-Cu-Ta|Mn0.1Fe0.2Cu0.7,Mn-Fe-Co-Ni-Cu-Ta,Mn0.1Fe0.2Cu0.7,3,0.1,0.2,0,0,0,0,0.7,0,0,0,0
sample_1a24e0819f9a13b6,Mn-Fe-Co-Ni-La-Ce|Mn0.3Fe0.4Ni0.3,Mn-Fe-Co-Ni-La-Ce,Mn0.3Fe0.4Ni0.3,3,0.3,0.4,0,0.3,0,0,0,0,0,0,0
sample_1a2b8f65be046b5e,Ca-Mn-Co-Ni-Sn-Sb|Ca0.5Ni0.5,Ca-Mn-Co-Ni-Sn-Sb,Ca0.5Ni0.5,2,0,0,0,0.5,0,0,0,0,0,0.5,0
sample_1a4db953fd6d9e29,Mn-Fe-Co-Cu-Sn-Ta|Mn0.8Sn0.2,Mn-Fe-Co-Cu-Sn-Ta,Mn0.8Sn0.2,2,0.8,0,0,0,0,0,0,0,0.2,0,0
sample_1a7beb703fb02975,Ca-Mn-Co-Ni-Sn-Sb|Ca0.3Co0.2Sn0.5,Ca-Mn-Co-Ni-Sn-Sb,Ca0.3Co0.2Sn0.5,3,0,0,0.2,0,0,0,0,0,0.5,0.3,0
sample_1a939bab05a6b693,Mn-Fe-Co-Cu-Sn-Ta|Co0.5Cu0.2Ta0.3,Mn-Fe-Co-Cu-Sn-Ta,Co0.5Cu0.2Ta0.3,3,0,0,0.5,0,0,0,0.2,0.3,0,0,0
sample_1aa2d57b06e99668,Mn-Fe-Co-Ni-Cu-Ta|Fe0.4Ni0.1Ta0.5,Mn-Fe-Co-Ni-Cu-Ta,Fe0.4Ni0.1Ta0.5,3,0,0.4,0,0.1,0,0,0,0.5,0,0,0
sample_1ab36d2285556570,Mn-Fe-Co-Ni-La-Ce|La0.3Ce0.7,Mn-Fe-Co-Ni-La-Ce,La0.3Ce0.7,2,0,0,0,0,0.3,0.7,0,0,0,0,0
sample_1af99de7c536cd08,Mn-Fe-Co-Ni-Cu-Ta|Mn0.4Fe0.4Cu0.2,Mn-Fe-Co-Ni-Cu-Ta,Mn0.4Fe0.4Cu0.2,3,0.4,0.4,0,0,0,0,0.2,0,0,0,0
sample_1b0c045bfe7509d2,Mn-Fe-Co-Ni-Cu-Ta|Co0.3Ni0.1Cu0.6,Mn-Fe-Co-Ni-Cu-Ta,Co0.3Ni0.1Cu0.6,3,0,0,0.3,0.1,0,0,0.6,0,0,0,0
sample_1b24d9975f1501e8,Ca-Mn-Co-Ni-Sn-Sb|Ni0.5Sn0.5,Ca-Mn-Co-Ni-Sn-Sb,Ni0.5Sn0.5,2,0,0,0,0.5,0,0,0,0,0.5,0,0
sample_1b48885f7fd434e0,Ca-Mn-Co-Ni-Sn-Sb|Ca0.2Co0.1Ni0.7,Ca-Mn-Co-Ni-Sn-Sb,Ca0.2Co0.1Ni0.7,3,0,0,0.1,0.7,0,0,0,0,0,0.2,0
sample_1b6e17ae305f6f66,Mn-Fe-Co-Cu-Sn-Ta|Fe0.5Ta0.5,Mn-Fe-Co-Cu-Sn-Ta,Fe0.5Ta0.5,2,0,0.5,0,0,0,0,0,0.5,0,0,0
sample_1b7a77bf2fbc196d,Mn-Fe-Co-Ni-La-Ce|Mn0.4Co0.1La0.5,Mn-Fe-Co-Ni-La-Ce,Mn0.4Co0.1La0.5,3,0.4,0,0.1,0,0.5,0,0,0,0,0,0
sample_1b7e941f48140433,Mn-Fe-Co-Ni-La-Ce|Co0.1La0.4Ce0.5,Mn-Fe-Co-Ni-La-Ce,Co0.1La0.4Ce0.5,3,0,0,0.1,0,0.4,0.5,0,0,0,0,0
sample_1bab53eacd917426,Mn-Fe-Co-Cu-Sn-Ta|Cu0.7Ta0.3,Mn-Fe-Co-Cu-Sn-Ta,Cu0.7Ta0.3,2,0,0,0,0,0,0,0.7,0.3,0,0,0
sample_1c1b9c3e7dab9eff,Mn-Fe-Co-Ni-Cu-Ta|Mn0.2Ni0.6Cu0.2,Mn-Fe-Co-Ni-Cu-Ta,Mn0.2Ni0.6Cu0.2,3,0.2,0,0,0.6,0,0,0.2,0,0,0,0
sample_1c395bbfde0ef2d6,Mn-Fe-Co-Cu-Sn-Ta|Mn0.3Sn0.7,Mn-Fe-Co-Cu-Sn-Ta,Mn0.3Sn0.7,2,0.3,0,0,0,0,0,0,0,0.7,0,0
sample_1c3b881c8157aaf7,Mn-Fe-Co-Ni-La-Ce|Mn0.3Ni0.5La0.2,Mn-Fe-Co-Ni-La-Ce,Mn0.3Ni0.5La0.2,3,0.3,0,0,0.5,0.2,0,0,0,0,0,0
sample_1c4aba4b6eced22d,Ca-Mn-Co-Ni-Sn-Sb|Mn0.2Sn0.7Sb0.1,Ca-Mn-Co-Ni-Sn-Sb,Mn0.2Sn0.7Sb0.1,3,0.2,0,0,0,0,0,0,0,0.7,0,0.1
sample_1c676620493f4f69,Mn-Fe-Co-Ni-Cu-Ta|Fe0.5Co0.3Ta0.2,Mn-Fe-Co-Ni-Cu-Ta,Fe0.5Co0.3Ta0.2,3,0,0.5,0.3,0,0,0,0,0.2,0,0,0
sample_1c79837d63f871b7,Mn-Fe-Co-Cu-Sn-Ta|Fe0.4Cu0.2Ta0.4,Mn-Fe-Co-Cu-Sn-Ta,Fe0.4Cu0.2Ta0.4,3,0,0.4,0,0,0,0,0.2,0.4,0,0,0
sample_1c83fb418d1a7c4c,Mn-Fe-Co-Ni-Cu-Ta|Mn0.1Ni0.5Cu0.4,Mn-Fe-Co-Ni-Cu-Ta,Mn0.1Ni0.5Cu0.4,3,0.1,0,0,0.5,0,0,0.4,0,0,0,0
sample_1cbadee1dc512170,Mn-Fe-Co-Cu-Sn-Ta|Mn0.4Co0.2Cu0.4,Mn-Fe-Co-Cu-Sn-Ta,Mn0.4Co0.2Cu0.4,3,0.4,0,0.2,0,0,0,0.4,0,0,0,0
sample_1cbf92f4ef613161,Mn-Fe-Co-Ni-La-Ce|Mn0.5Fe0.2La0.3,Mn-Fe-Co-Ni-La-Ce,Mn0.5Fe0.2La0.3,3,0.5,0.2,0,0,0.3,0,0,0,0,0,0
sample_1cc60eaee31ea6ee,Ca-Mn-Co-Ni-Sn-Sb|Mn0.8Ni0.1Sb0.1,Ca-Mn-Co-Ni-Sn-Sb,Mn0.8Ni0.1Sb0.1,3,0.8,0,0,0.1,0,0,0,0,0,0,0.1
sample_1cd42341a441ba18,Ca-Mn-Co-Ni-Sn-Sb|Ca0.6Co0.3Ni0.1,Ca-Mn-Co-Ni-Sn-Sb,Ca0.6Co0.3Ni0.1,3,0,0,0.3,0.1,0,0,0,0,0,0.6,0
sample_1d02cd1331582284,Ca-Mn-Co-Ni-Sn-Sb|Mn0.1Ni0.3Sb0.6,Ca-Mn-Co-Ni-Sn-Sb,Mn0.1Ni0.3Sb0.6,3,0.1,0,0,0.3,0,0,0,0,0,0,0.6
sample_1d31b2d01d4e4de5,Ca-Mn-Co-Ni-Sn-Sb|Mn0.1Ni0.1Sn0.8,Ca-Mn-Co-Ni-Sn-Sb,Mn0.1Ni0.1Sn0.8,3,0.1,0,0,0.1,0,0,0,0,0.8,0,0
sample_1d3f13b5baa94e6f,Mn-Fe-Co-Ni-La-Ce|Mn0.3Co0.5Ni0.2,Mn-Fe-Co-Ni-La-Ce,Mn0.3Co0.5Ni0.2,3,0.3,0,0.5,0.2,0,0,0,0,0,0,0
sample_1d55390a7e16a33e,Mn-Fe-Co-Ni-La-Ce|Co0.5Ni0.1La0.4,Mn-Fe-Co-Ni-La-Ce,Co0.5Ni0.1La0.4,3,0,0,0.5,0.1,0.4,0,0,0,0,0,0
sample_1d6ad9b2f13e5530,Mn-Fe-Co-Ni-La-Ce|Ni0.1La0.2Ce0.7,Mn-Fe-Co-Ni-La-Ce,Ni0.1La0.2Ce0.7,3,0,0,0,0.1,0.2,0.7,0,0,0,0,0
sample_1d7305aa1f1863dd,Mn-Fe-Co-Ni-Cu-Ta|Fe0.3Ni0.4Cu0.3,Mn-Fe-Co-Ni-Cu-Ta,Fe0.3Ni0.4Cu0.3,3,0,0.3,0,0.4,0,0,0.3,0,0,0,0
sample_1d7a346518719825,Mn-Fe-Co-Cu-Sn-Ta|Mn0.1Ta0.9,Mn-Fe-Co-Cu-Sn-Ta,Mn0.1Ta0.9,2,0.1,0,0,0,0,0,0,0.9,0,0,0
sample_1d8ee16e30d5ac5b,Mn-Fe-Co-Ni-Cu-Ta|Mn0.4Ta0.6,Mn-Fe-Co-Ni-Cu-Ta,Mn0.4Ta0.6,2,0.4,0,0,0,0,0,0,0.6,0,0,0
sample_1d96f62782e661f4,Mn-Fe-Co-Ni-La-Ce|Fe0.2Co0.2Ce0.6,Mn-Fe-Co-Ni-La-Ce,Fe0.2Co0.2Ce0.6,3,0,0.2,0.2,0,0,0.6,0,0,0,0,0
sample_1db0a5ede9e8abde,Mn-Fe-Co-Ni-La-Ce|Fe0.5Ni0.4Ce0.1,Mn-Fe-Co-Ni-La-Ce,Fe0.5Ni0.4Ce0.1,3,0,0.5,0,0.4,0,0.1,0,0,0,0,0
sample_1db421f9569b5833,Mn-Fe-Co-Ni-La-Ce|Co0.1Ni0.3Ce0.6,Mn-Fe-Co-Ni-La-Ce,Co0.1Ni0.3Ce0.6,3,0,0,0.1,0.3,0,0.6,0,0,0,0,0
sample_1dc50f032e4b1734,Mn-Fe-Co-Ni-La-Ce|Fe0.3Co0.3Ni0.4,Mn-Fe-Co-Ni-La-Ce,Fe0.3Co0.3Ni0.4,3,0,0.3,0.3,0.4,0,0,0,0,0,0,0
sample_1deca713d5c913d5,Ca-Mn-Co-Ni-Sn-Sb|Mn0.8Ni0.2,Ca-Mn-Co-Ni-Sn-Sb,Mn0.8Ni0.2,2,0.8,0,0,0.2,0,0,0,0,0,0,0
sample_1e0ce430f900377f,Mn-Fe-Co-Cu-Sn-Ta|Co0.2Cu0.6Sn0.2,Mn-Fe-Co-Cu-Sn-Ta,Co0.2Cu0.6Sn0.2,3,0,0,0.2,0,0,0,0.6,0,0.2,0,0
sample_1e3bbe54bc2acf38,Mn-Fe-Co-Ni-Cu-Ta|Mn0.7Ta0.3,Mn-Fe-Co-Ni-Cu-Ta,Mn0.7Ta0.3,2,0.7,0,0,0,0,0,0,0.3,0,0,0
sample_1e42366a02fbf983,Ca-Mn-Co-Ni-Sn-Sb|Ni0.1Sn0.1Sb0.8,Ca-Mn-Co-Ni-Sn-Sb,Ni0.1Sn0.1Sb0.8,3,0,0,0,0.1,0,0,0,0,0.1,0,0.8
sample_1e5bf2891fb127ce,Ca-Mn-Co-Ni-Sn-Sb|Ca0.1Mn0.2Ni0.7,Ca-Mn-Co-Ni-Sn-Sb,Ca0.1Mn0.2Ni0.7,3,0.2,0,0,0.7,0,0,0,0,0,0.1,0
sample_1e67c328e277c874,Mn-Fe-Co-Ni-La-Ce|Mn0.2Co0.1La0.7,Mn-Fe-Co-Ni-La-Ce,Mn0.2Co0.1La0.7,3,0.2,0,0.1,0,0.7,0,0,0,0,0,0
sample_1e8574c5ba88caaf,Mn-Fe-Co-Ni-Cu-Ta|Fe0.9Ni0.1,Mn-Fe-Co-Ni-Cu-Ta,Fe0.9Ni0.1,2,0,0.9,0,0.1,0,0,0,0,0,0,0
sample_1ea6909af47b33da,Ca-Mn-Co-Ni-Sn-Sb|Co0.1Ni0.6Sn0.3,Ca-Mn-Co-Ni-Sn-Sb,Co0.1Ni0.6Sn0.3,3,0,0,0.1,0.6,0,0,0,0,0.3,0,0
sample_1eb72d788e3ae86e,Ca-Mn-Co-Ni-Sn-Sb|Ca0.8Ni0.1Sn0.1,Ca-Mn-Co-Ni-Sn-Sb,Ca0.8Ni0.1Sn0.1,3,0,0,0,0.1,0,0,0,0,0.1,0.8,0
sample_1f12e5996b749daa,Mn-Fe-Co-Ni-La-Ce|Mn0.6Fe0.1La0.3,Mn-Fe-Co-Ni-La-Ce,Mn0.6Fe0.1La0.3,3,0.6,0.1,0,0,0.3,0,0,0,0,0,0
sample_1f26321b488d43e6,Mn-Fe-Co-Ni-Cu-Ta|Mn0.1Fe0.3Cu0.6,Mn-Fe-Co-Ni-Cu-Ta,Mn0.1Fe0.3Cu0.6,3,0.1,0.3,0,0,0,0,0.6,0,0,0,0
sample_1f3d6ef7d58d836a,Mn-Fe-Co-Ni-La-Ce|Ni0.4La0.3Ce0.3,Mn-Fe-Co-Ni-La-Ce,Ni0.4La0.3Ce0.3,3,0,0,0,0.4,0.3,0.3,0,0,0,0,0
sample_1f4482a608c3dd55,Ca-Mn-Co-Ni-Sn-Sb|Mn0.5Ni0.4Sb0.1,Ca-Mn-Co-Ni-Sn-Sb,Mn0.5Ni0.4Sb0.1,3,0.5,0,0,0.4,0,0,0,0,0,0,0.1
sample_1f4868f6e101e035,Mn-Fe-Co-Ni-La-Ce|Mn0.1Co0.5Ce0.4,Mn-Fe-Co-Ni-La-Ce,Mn0.1Co0.5Ce0.4,3,0.1,0,0.5,0,0,0.4,0,0,0,0,0
sample_1f5a5085b34882cd,Mn-Fe-Co-Cu-Sn-Ta|Fe0.4Cu0.6,Mn-Fe-Co-Cu-Sn-Ta,Fe0.4Cu0.6,2,0,0.4,0,0,0,0,0.6,0,0,0,0
sample_1f70045a70dc525b,Ca-Mn-Co-Ni-Sn-Sb|Co0.3Sn0.2Sb0.5,Ca-Mn-Co-Ni-Sn-Sb,Co0.3Sn0.2Sb0.5,3,0,0,0.3,0,0,0,0,0,0.2,0,0.5
sample_1f7744695dc743fb,Mn-Fe-Co-Ni-La-Ce|Mn0.4Co0.3La0.3,Mn-Fe-Co-Ni-La-Ce,Mn0.4Co0.3La0.3,3,0.4,0,0.3,0,0.3,0,0,0,0,0,0
sample_1fa64f83331b025a,Mn-Fe-Co-Ni-La-Ce|Fe0.1Ni0.5Ce0.4,Mn-Fe-Co-Ni-La-Ce,Fe0.1Ni0.5Ce0.4,3,0,0.1,0,0.5,0,0.4,0,0,0,0,0
sample_1faaffc4f4405f20,Mn-Fe-Co-Ni-La-Ce|Mn0.2Ni0.6Ce0.2,Mn-Fe-Co-Ni-La-Ce,Mn0.2Ni0.6Ce0.2,3,0.2,0,0,0.6,0,0.2,0,0,0,0,0
sample_1fad57c508a6f18c,Ca-Mn-Co-Ni-Sn-Sb|Co0.5Sn0.4Sb0.1,Ca-Mn-Co-Ni-Sn-Sb,Co0.5Sn0.4Sb0.1,3,0,0,0.5,0,0,0,0,0,0.4,0,0.1
sample_1fdbbfddb39bc58c,Ca-Mn-Co-Ni-Sn-Sb|Ca0.1Ni0.3Sb0.6,Ca-Mn-Co-Ni-Sn-Sb,Ca0.1Ni0.3Sb0.6,3,0,0,0,0.3,0,0,0,0,0,0.1,0.6
sample_1fe3f19635cd8d54,Mn-Fe-Co-Cu-Sn-Ta|Co0.2Cu0.3Sn0.5,Mn-Fe-Co-Cu-Sn-Ta,Co0.2Cu0.3Sn0.5,3,0,0,0.2,0,0,0,0.3,0,0.5,0,0
sample_2015efb115be7742,Mn-Fe-Co-Ni-La-Ce|Fe0.1Co0.8Ni0.1,Mn-Fe-Co-Ni-La-Ce,Fe0.1Co0.8Ni0.1,3,0,0.1,0.8,0.1,0,0,0,0,0,0,0
sample_2045e68b9f368d20,Mn-Fe-Co-Ni-La-Ce|Fe0.4Co0.2Ni0.4,Mn-Fe-Co-Ni-La-Ce,Fe0.4Co0.2Ni0.4,3,0,0.4,0.2,0.4,0,0,0,0,0,0,0
sample_20498c75d8931f32,Ca-Mn-Co-Ni-Sn-Sb|Mn0.4Co0.5Sb0.1,Ca-Mn-Co-Ni-Sn-Sb,Mn0.4Co0.5Sb0.1,3,0.4,0,0.5,0,0,0,0,0,0,0,0.1
sample_204b0268b7c76be8,Ca-Mn-Co-Ni-Sn-Sb|Ni0.1Sn0.4Sb0.5,Ca-Mn-Co-Ni-Sn-Sb,Ni0.1Sn0.4Sb0.5,3,0,0,0,0.1,0,0,0,0,0.4,0,0.5
sample_208c7b9a5d6e4033,Ca-Mn-Co-Ni-Sn-Sb|Co0.2Sn0.5Sb0.3,Ca-Mn-Co-Ni-Sn-Sb,Co0.2Sn0.5Sb0.3,3,0,0,0.2,0,0,0,0,0,0.5,0,0.3
sample_20964107e179ebfc,Mn-Fe-Co-Ni-La-Ce|Mn0.2Co0.4La0.4,Mn-Fe-Co-Ni-La-Ce,Mn0.2Co0.4La0.4,3,0.2,0,0.4,0,0.4,0,0,0,0,0,0
sample_20a636d169a0ba43,Mn-Fe-Co-Ni-Cu-Ta|Co0.9Cu0.1,Mn-Fe-Co-Ni-Cu-Ta,Co0.9Cu0.1,2,0,0,0.9,0,0,0,0.1,0,0,0,0
sample_20a86e779cde42eb,Ca-Mn-Co-Ni-Sn-Sb|Ca0.2Sn0.2Sb0.6,Ca-Mn-Co-Ni-Sn-Sb,Ca0.2Sn0.2Sb0.6,3,0,0,0,0,0,0,0,0,0.2,0.2,0.6
sample_20af5d5d01f09dfa,Mn-Fe-Co-Cu-Sn-Ta|Fe0.2Co0.6Sn0.2,Mn-Fe-Co-Cu-Sn-Ta,Fe0.2Co0.6Sn0.2,3,0,0.2,0.6,0,0,0,0,0,0.2,0,0
sample_20dfcd4f2bba77fc,Mn-Fe-Co-Ni-La-Ce|Co0.3La0.5Ce0.2,Mn-Fe-Co-Ni-La-Ce,Co0.3La0.5Ce0.2,3,0,0,0.3,0,0.5,0.2,0,0,0,0,0
sample_20e31b3b4242d9a9,Mn-Fe-Co-Cu-Sn-Ta|Mn0.4Cu0.2Ta0.4,Mn-Fe-Co-Cu-Sn-Ta,Mn0.4Cu0.2Ta0.4,3,0.4,0,0,0,0,0,0.2,0.4,0,0,0
sample_20f0c8c0597f8a5e,Ca-Mn-Co-Ni-Sn-Sb|Mn0.6Co0.4,Ca-Mn-Co-Ni-Sn-Sb,Mn0.6Co0.4,2,0.6,0,0.4,0,0,0,0,0,0,0,0
sample_20f1a043fd6fd59f,Ca-Mn-Co-Ni-Sn-Sb|Co0.5Sn0.5,Ca-Mn-Co-Ni-Sn-Sb,Co0.5Sn0.5,2,0,0,0.5,0,0,0,0,0,0.5,0,0
sample_21465f708c67569a,Mn-Fe-Co-Ni-Cu-Ta|Mn0.3Fe0.2Cu0.5,Mn-Fe-Co-Ni-Cu-Ta,Mn0.3Fe0.2Cu0.5,3,0.3,0.2,0,0,0,0,0.5,0,0,0,0
sample_21658b89987a37c1,Mn-Fe-Co-Ni-Cu-Ta|Fe0.4Co0.1Cu0.5,Mn-Fe-Co-Ni-Cu-Ta,Fe0.4Co0.1Cu0.5,3,0,0.4,0.1,0,0,0,0.5,0,0,0,0
sample_2170b4c878ad4a38,Mn-Fe-Co-Ni-Cu-Ta|Mn0.5Cu0.1Ta0.4,Mn-Fe-Co-Ni-Cu-Ta,Mn0.5Cu0.1Ta0.4,3,0.5,0,0,0,0,0,0.1,0.4,0,0,0
sample_2173b6c51ede7eec,Mn-Fe-Co-Ni-Cu-Ta|Fe0.2Cu0.5Ta0.3,Mn-Fe-Co-Ni-Cu-Ta,Fe0.2Cu0.5Ta0.3,3,0,0.2,0,0,0,0,0.5,0.3,0,0,0
sample_2174128c9cf1ecad,Mn-Fe-Co-Ni-Cu-Ta|Mn0.5Cu0.4Ta0.1,Mn-Fe-Co-Ni-Cu-Ta,Mn0.5Cu0.4Ta0.1,3,0.5,0,0,0,0,0,0.4,0.1,0,0,0
sample_2175149a0393e8d2,Mn-Fe-Co-Cu-Sn-Ta|Fe0.3Co0.4Sn0.3,Mn-Fe-Co-Cu-Sn-Ta,Fe0.3Co0.4Sn0.3,3,0,0.3,0.4,0,0,0,0,0,0.3,0,0
sample_21a0259a04fb9310,Mn-Fe-Co-Ni-Cu-Ta|Mn0.6Fe0.2Cu0.2,Mn-Fe-Co-Ni-Cu-Ta,Mn0.6Fe0.2Cu0.2,3,0.6,0.2,0,0,0,0,0.2,0,0,0,0
sample_21b3e7d1f1b3d519,Ca-Mn-Co-Ni-Sn-Sb|Co0.4Ni0.5Sb0.1,Ca-Mn-Co-Ni-Sn-Sb,Co0.4Ni0.5Sb0.1,3,0,0,0.4,0.5,0,0,0,0,0,0,0.1
sample_21b67e5a0c816333,Mn-Fe-Co-Ni-Cu-Ta|Mn0.4Co0.5Cu0.1,Mn-Fe-Co-Ni-Cu-Ta,Mn0.4Co0.5Cu0.1,3,0.4,0,0.5,0,0,0,0.1,0,0,0,0
sample_21e1ffd6484b1b85,Mn-Fe-Co-Ni-Cu-Ta|Ni0.4Cu0.5Ta0.1,Mn-Fe-Co-Ni-Cu-Ta,Ni0.4Cu0.5Ta0.1,3,0,0,0,0.4,0,0,0.5,0.1,0,0,0
sample_21ed319687fd4c90,Mn-Fe-Co-Cu-Sn-Ta|Mn0.8Co0.1Cu0.1,Mn-Fe-Co-Cu-Sn-Ta,Mn0.8Co0.1Cu0.1,3,0.8,0,0.1,0,0,0,0.1,0,0,0,0
sample_21ee697378b9562d,Mn-Fe-Co-Ni-La-Ce|Mn0.5La0.5,Mn-Fe-Co-Ni-La-Ce,Mn0.5La0.5,2,0.5,0,0,0,0.5,0,0,0,0,0,0
sample_21fcd30703012178,Ca-Mn-Co-Ni-Sn-Sb|Ca0.3Ni0.2Sb0.5,Ca-Mn-Co-Ni-Sn-Sb,Ca0.3Ni0.2Sb0.5,3,0,0,0,0.2,0,0,0,0,0,0.3,0.5
sample_22003ec9ea908c64,Ca-Mn-Co-Ni-Sn-Sb|Co0.2Sn0.4Sb0.4,Ca-Mn-Co-Ni-Sn-Sb,Co0.2Sn0.4Sb0.4,3,0,0,0.2,0,0,0,0,0,0.4,0,0.4
sample_2205a26053e5159b,Mn-Fe-Co-Ni-Cu-Ta|Fe0.3Co0.2Cu0.5,Mn-Fe-Co-Ni-Cu-Ta,Fe0.3Co0.2Cu0.5,3,0,0.3,0.2,0,0,0,0.5,0,0,0,0
sample_224df3e58a3889ae,Ca-Mn-Co-Ni-Sn-Sb|Ca0.4Mn0.5Sn0.1,Ca-Mn-Co-Ni-Sn-Sb,Ca0.4Mn0.5Sn0.1,3,0.5,0,0,0,0,0,0,0,0.1,0.4,0
sample_22501fe8088b8ec5,Mn-Fe-Co-Ni-La-Ce|Mn0.2La0.6Ce0.2,Mn-Fe-Co-Ni-La-Ce,Mn0.2La0.6Ce0.2,3,0.2,0,0,0,0.6,0.2,0,0,0,0,0
sample_2267c3dd77b6e8e5,Ca-Mn-Co-Ni-Sn-Sb|Ni0.5Sb0.5,Ca-Mn-Co-Ni-Sn-Sb,Ni0.5Sb0.5,2,0,0,0,0.5,0,0,0,0,0,0,0.5
sample_2277c5a5ab11f2f8,Ca-Mn-Co-Ni-Sn-Sb|Ca0.1Ni0.1Sn0.8,Ca-Mn-Co-Ni-Sn-Sb,Ca0.1Ni0.1Sn0.8,3,0,0,0,0.1,0,0,0,0,0.8,0.1,0
sample_22bb03b48a25dd65,Mn-Fe-Co-Ni-La-Ce|Co0.1Ni0.5La0.4,Mn-Fe-Co-Ni-La-Ce,Co0.1Ni0.5La0.4,3,0,0,0.1,0.5,0.4,0,0,0,0,0,0
sample_22dedcd577c429a1,Ca-Mn-Co-Ni-Sn-Sb|Ca0.4Ni0.3Sb0.3,Ca-Mn-Co-Ni-Sn-Sb,Ca0.4Ni0.3Sb0.3,3,0,0,0,0.3,0,0,0,0,0,0.4,0.3
sample_22e85db8bedfa954,Mn-Fe-Co-Cu-Sn-Ta|Fe0.8Sn0.1Ta0.1,Mn-Fe-Co-Cu-Sn-Ta,Fe0.8Sn0.1Ta0.1,3,0,0.8,0,0,0,0,0,0.1,0.1,0,0
sample_22fca83830978066,Mn-Fe-Co-Cu-Sn-Ta|Mn0.1Co0.4Ta0.5,Mn-Fe-Co-Cu-Sn-Ta,Mn0.1Co0.4Ta0.5,3,0.1,0,0.4,0,0,0,0,0.5,0,0,0
sample_230382fa1d1204b6,Ca-Mn-Co-Ni-Sn-Sb|Ni0.3Sn0.7,Ca-Mn-Co-Ni-Sn-Sb,Ni0.3Sn0.7,2,0,0,0,0.3,0,0,0,0,0.7,0,0
sample_230a19b383feb4b6,Mn-Fe-Co-Ni-Cu-Ta|Mn0.9Co0.1,Mn-Fe-Co-Ni-Cu-Ta,Mn0.9Co0.1,2,0.9,0,0.1,0,0,0,0,0,0,0,0
sample_231d15ebc8d8d228,Ca-Mn-Co-Ni-Sn-Sb|Co0.5Ni0.2Sn0.3,Ca-Mn-Co-Ni-Sn-Sb,Co0.5Ni0.2Sn0.3,3,0,0,0.5,0.2,0,0,0,0,0.3,0,0
sample_23257578bcf41a9f,Mn-Fe-Co-Cu-Sn-Ta|Fe0.1Co0.3Ta0.6,Mn-Fe-Co-Cu-Sn-Ta,Fe0.1Co0.3Ta0.6,3,0,0.1,0.3,0,0,0,0,0.6,0,0,0
sample_2329e447aa878376,Mn-Fe-Co-Ni-La-Ce|Fe0.2Ce0.8,Mn-Fe-Co-Ni-La-Ce,Fe0.2Ce0.8,2,0,0.2,0,0,0,0.8,0,0,0,0,0
sample_2331b6a5440e77d4,Mn-Fe-Co-Ni-La-Ce|Fe0.6Ni0.4,Mn-Fe-Co-Ni-La-Ce,Fe0.6Ni0.4,2,0,0.6,0,0.4,0,0,0,0,0,0,0
sample_2331fef6b54c9694,Mn-Fe-Co-Cu-Sn-Ta|Fe0.4Ta0.6,Mn-Fe-Co-Cu-Sn-Ta,Fe0.4Ta0.6,2,0,0.4,0,0,0,0,0,0.6,0,0,0
sample_234789cf30aa9db6,Mn-Fe-Co-Ni-La-Ce|Fe0.4Co0.4Ce0.2,Mn-Fe-Co-Ni-La-Ce,Fe0.4Co0.4Ce0.2,3,0,0.4,0.4,0,0,0.2,0,0,0,0,0
sample_23486ad31f782ddd,Mn-Fe-Co-Cu-Sn-Ta|Mn0.2Fe0.1Cu0.7,Mn-Fe-Co-Cu-Sn-Ta,Mn0.2Fe0.1Cu0.7,3,0.2,0.1,0,0,0,0,0.7,0,0,0,0
sample_23646cbce6079165,Ca-Mn-Co-Ni-Sn-Sb|Mn0.5Sn0.2Sb0.3,Ca-Mn-Co-Ni-Sn-Sb,Mn0.5Sn0.2Sb0.3,3,0.5,0,0,0,0,0,0,0,0.2,0,0.3
sample_2372724fc5e05f27,Mn-Fe-Co-Ni-La-Ce|Mn0.2Ni0.4Ce0.4,Mn-Fe-Co-Ni-La-Ce,Mn0.2Ni0.4Ce0.4,3,0.2,0,0,0.4,0,0.4,0,0,0,0,0
sample_237369a3c9b5cc0d,Mn-Fe-Co-Ni-La-Ce|Mn0.4La0.2Ce0.4,Mn-Fe-Co-Ni-La-Ce,Mn0.4La0.2Ce0.4,3,0.4,0,0,0,0.2,0.4,0,0,0,0,0
sample_238ca2d9ab4a0f9a,Mn-Fe-Co-Cu-Sn-Ta|Mn0.4Fe0.2Co0.4,Mn-Fe-Co-Cu-Sn-Ta,Mn0.4Fe0.2Co0.4,3,0.4,0.2,0.4,0,0,0,0,0,0,0,0
sample_23a28a50ad375d2d,Ca-Mn-Co-Ni-Sn-Sb|Ca0.3Ni0.1Sn0.6,Ca-Mn-Co-Ni-Sn-Sb,Ca0.3Ni0.1Sn0.6,3,0,0,0,0.1,0,0,0,0,0.6,0.3,0
sample_23c5da95fd5d0b78,Ca-Mn-Co-Ni-Sn-Sb|Mn0.1Co0.8Sb0.1,Ca-Mn-Co-Ni-Sn-Sb,Mn0.1Co0.8Sb0.1,3,0.1,0,0.8,0,0,0,0,0,0,0,0.1
sample_23cc4f66a50a832a,Mn-Fe-Co-Ni-Cu-Ta|Mn0.6Ni0.1Cu0.3,Mn-Fe-Co-Ni-Cu-Ta,Mn0.6Ni0.1Cu0.3,3,0.6,0,0,0.1,0,0,0.3,0,0,0,0
sample_23e948fd4475dce3,Mn-Fe-Co-Ni-Cu-Ta|Fe0.4Cu0.1Ta0.5,Mn-Fe-Co-Ni-Cu-Ta,Fe0.4Cu0.1Ta0.5,3,0,0.4,0,0,0,0,0.1,0.5,0,0,0
sample_242329fb43d15c29,Mn-Fe-Co-Ni-Cu-Ta|Mn0.3Co0.5Cu0.2,Mn-Fe-Co-Ni-Cu-Ta,Mn0.3Co0.5Cu0.2,3,0.3,0,0.5,0,0,0,0.2,0,0,0,0
sample_24254ca33ee716e1,Mn-Fe-Co-Cu-Sn-Ta|Co0.1Cu0.5Sn0.4,Mn-Fe-Co-Cu-Sn-Ta,Co0.1Cu0.5Sn0.4,3,0,0,0.1,0,0,0,0.5,0,0.4,0,0
sample_244614635d2d9d01,Mn-Fe-Co-Cu-Sn-Ta|Cu0.3Ta0.7,Mn-Fe-Co-Cu-Sn-Ta,Cu0.3Ta0.7,2,0,0,0,0,0,0,0.3,0.7,0,0,0
sample_2448751ff2730cbd,Ca-Mn-Co-Ni-Sn-Sb|Ca0.3Mn0.4Ni0.3,Ca-Mn-Co-Ni-Sn-Sb,Ca0.3Mn0.4Ni0.3,3,0.4,0,0,0.3,0,0,0,0,0,0.3,0
sample_2453628987b24690,Mn-Fe-Co-Ni-La-Ce|Co0.1Ni0.6Ce0.3,Mn-Fe-Co-Ni-La-Ce,Co0.1Ni0.6Ce0.3,3,0,0,0.1,0.6,0,0.3,0,0,0,0,0
sample_245c8395e9711599,Mn-Fe-Co-Ni-Cu-Ta|Mn0.6Co0.4,Mn-Fe-Co-Ni-Cu-Ta,Mn0.6Co0.4,2,0.6,0,0.4,0,0,0,0,0,0,0,0
sample_2465d510b402e59c,Mn-Fe-Co-Ni-La-Ce|Fe0.3La0.6Ce0.1,Mn-Fe-Co-Ni-La-Ce,Fe0.3La0.6Ce0.1,3,0,0.3,0,0,0.6,0.1,0,0,0,0,0
sample_2471630870b5a025,Mn-Fe-Co-Cu-Sn-Ta|Co0.2Cu0.4Sn0.4,Mn-Fe-Co-Cu-Sn-Ta,Co0.2Cu0.4Sn0.4,3,0,0,0.2,0,0,0,0.4,0,0.4,0,0
sample_248e124fc0b05902,Ca-Mn-Co-Ni-Sn-Sb|Mn0.1Sn0.6Sb0.3,Ca-Mn-Co-Ni-Sn-Sb,Mn0.1Sn0.6Sb0.3,3,0.1,0,0,0,0,0,0,0,0.6,0,0.3
sample_248ec4eea9640021,Mn-Fe-Co-Ni-La-Ce|Fe0.4Co0.6,Mn-Fe-Co-Ni-La-Ce,Fe0.4Co0.6,2,0,0.4,0.6,0,0,0,0,0,0,0,0
sample_24b7a9985b06ec42,Mn-Fe-Co-Cu-Sn-Ta|Cu0.5Sn0.2Ta0.3,Mn-Fe-Co-Cu-Sn-Ta,Cu0.5Sn0.2Ta0.3,3,0,0,0,0,0,0,0.5,0.3,0.2,0,0
sample_24bbeae609a6536a,Mn-Fe-Co-Cu-Sn-Ta|Co0.2Cu0.7Sn0.1,Mn-Fe-Co-Cu-Sn-Ta,Co0.2Cu0.7Sn0.1,3,0,0,0.2,0,0,0,0.7,0,0.1,0,0
sample_24bd91aac2a28e85,Mn-Fe-Co-Ni-Cu-Ta|Fe0.7Ni0.2Ta0.1,Mn-Fe-Co-Ni-Cu-Ta,Fe0.7Ni0.2Ta0.1,3,0,0.7,0,0.2,0,0,0,0.1,0,0,0
sample_24c77078e865045d,Ca-Mn-Co-Ni-Sn-Sb|Ca0.2Ni0.2Sn0.6,Ca-Mn-Co-Ni-Sn-Sb,Ca0.2Ni0.2Sn0.6,3,0,0,0,0.2,0,0,0,0,0.6,0.2,0
sample_24cb48fe1b7b4779,Mn-Fe-Co-Ni-Cu-Ta|Mn0.2Fe0.2Ni0.6,Mn-Fe-Co-Ni-Cu-Ta,Mn0.2Fe0.2Ni0.6,3,0.2,0.2,0,0.6,0,0,0,0,0,0,0
sample_2504621650915b3f,Mn-Fe-Co-Cu-Sn-Ta|Fe0.1Cu0.2Sn0.7,Mn-Fe-Co-Cu-Sn-Ta,Fe0.1Cu0.2Sn0.7,3,0,0.1,0,0,0,0,0.2,0,0.7,0,0
sample_2505260acc947b07,Mn-Fe-Co-Ni-Cu-Ta|Co0.5Ni0.1Cu0.4,Mn-Fe-Co-Ni-Cu-Ta,Co0.5Ni0.1Cu0.4,3,0,0,0.5,0.1,0,0,0.4,0,0,0,0
sample_252a4cf2644055e8,Mn-Fe-Co-Cu-Sn-Ta|Mn0.4Sn0.1Ta0.5,Mn-Fe-Co-Cu-Sn-Ta,Mn0.4Sn0.1Ta0.5,3,0.4,0,0,0,0,0,0,0.5,0.1,0,0
sample_2538b7995bb16187,Mn-Fe-Co-Ni-La-Ce|Fe0.2La0.2Ce0.6,Mn-Fe-Co-Ni-La-Ce,Fe0.2La0.2Ce0.6,3,0,0.2,0,0,0.2,0.6,0,0,0,0,0
sample_2543640d6a2a3006,Mn-Fe-Co-Ni-La-Ce|Fe0.5Co0.2La0.3,Mn-Fe-Co-Ni-La-Ce,Fe0.5Co0.2La0.3,3,0,0.5,0.2,0,0.3,0,0,0,0,0,0
sample_2551ecf5dfcc2aa5,Mn-Fe-Co-Cu-Sn-Ta|Fe0.2Co0.1Ta0.7,Mn-Fe-Co-Cu-Sn-Ta,Fe0.2Co0.1Ta0.7,3,0,0.2,0.1,0,0,0,0,0.7,0,0,0
sample_256f195651db26b7,Ca-Mn-Co-Ni-Sn-Sb|Ca0.3Co0.1Ni0.6,Ca-Mn-Co-Ni-Sn-Sb,Ca0.3Co0.1Ni0.6,3,0,0,0.1,0.6,0,0,0,0,0,0.3,0
sample_2570e0dd1cbc0944,Ca-Mn-Co-Ni-Sn-Sb|Ca0.7Mn0.2Ni0.1,Ca-Mn-Co-Ni-Sn-Sb,Ca0.7Mn0.2Ni0.1,3,0.2,0,0,0.1,0,0,0,0,0,0.7,0
sample_2571d9ce4b669d17,Mn-Fe-Co-Ni-La-Ce|Mn0.4Fe0.4Co0.2,Mn-Fe-Co-Ni-La-Ce,Mn0.4Fe0.4Co0.2,3,0.4,0.4,0.2,0,0,0,0,0,0,0,0
sample_257e9eaccd5c6306,Mn-Fe-Co-Ni-La-Ce|Co0.2Ni0.2La0.6,Mn-Fe-Co-Ni-La-Ce,Co0.2Ni0.2La0.6,3,0,0,0.2,0.2,0.6,0,0,0,0,0,0
sample_259a1b2815f5d0eb,Ca-Mn-Co-Ni-Sn-Sb|Ca0.5Mn0.4Sb0.1,Ca-Mn-Co-Ni-Sn-Sb,Ca0.5Mn0.4Sb0.1,3,0.4,0,0,0,0,0,0,0,0,0.5,0.1
sample_25a51b3c48f0d331,Mn-Fe-Co-Cu-Sn-Ta|Mn0.5Fe0.4Cu0.1,Mn-Fe-Co-Cu-Sn-Ta,Mn0.5Fe0.4Cu0.1,3,0.5,0.4,0,0,0,0,0.1,0,0,0,0
sample_25d4ca307858a025,Ca-Mn-Co-Ni-Sn-Sb|Co0.5Sn0.2Sb0.3,Ca-Mn-Co-Ni-Sn-Sb,Co0.5Sn0.2Sb0.3,3,0,0,0.5,0,0,0,0,0,0.2,0,0.3
sample_25d685abcb40a41e,Mn-Fe-Co-Ni-La-Ce|Co0.3Ni0.3La0.4,Mn-Fe-Co-Ni-La-Ce,Co0.3Ni0.3La0.4,3,0,0,0.3,0.3,0.4,0,0,0,0,0,0
sample_25dc544644ba6f68,Mn-Fe-Co-Cu-Sn-Ta|Mn0.2Fe0.3Ta0.5,Mn-Fe-Co-Cu-Sn-Ta,Mn0.2Fe0.3Ta0.5,3,0.2,0.3,0,0,0,0,0,0.5,0,0,0
sample_25df8c587a269bd5,Mn-Fe-Co-Ni-La-Ce|Ni0.6La0.4,Mn-Fe-Co-Ni-La-Ce,Ni0.6La0.4,2,0,0,0,0.6,0.4,0,0,0,0,0,0
sample_25f1a9a7fc2b6ea2,Mn-Fe-Co-Ni-La-Ce|Fe0.7La0.2Ce0.1,Mn-Fe-Co-Ni-La-Ce,Fe0.7La0.2Ce0.1,3,0,0.7,0,0,0.2,0.1,0,0,0,0,0
sample_25fff4bee8361f06,Mn-Fe-Co-Ni-Cu-Ta|Fe0.4Co0.6,Mn-Fe-Co-Ni-Cu-Ta,Fe0.4Co0.6,2,0,0.4,0.6,0,0,0,0,0,0,0,0
sample_260a2fb024f3f203,Mn-Fe-Co-Ni-La-Ce|Fe0.1Ni0.4Ce0.5,Mn-Fe-Co-Ni-La-Ce,Fe0.1Ni0.4Ce0.5,3,0,0.1,0,0.4,0,0.5,0,0,0,0,0
sample_2624e6134bce624f,Mn-Fe-Co-Cu-Sn-Ta|Mn0.2Cu0.2Sn0.6,Mn-Fe-Co-Cu-Sn-Ta,Mn0.2Cu0.2Sn0.6,3,0.2,0,0,0,0,0,0.2,0,0.6,0,0
sample_2628712ada8f4609,Ca-Mn-Co-Ni-Sn-Sb|Mn0.6Ni0.4,Ca-Mn-Co-Ni-Sn-Sb,Mn0.6Ni0.4,2,0.6,0,0,0.4,0,0,0,0,0,0,0
sample_262ad45a897ff99b,Ca-Mn-Co-Ni-Sn-Sb|Co0.5Ni0.4Sn0.1,Ca-Mn-Co-Ni-Sn-Sb,Co0.5Ni0.4Sn0.1,3,0,0,0.5,0.4,0,0,0,0,0.1,0,0
sample_262b9471659be2e6,Mn-Fe-Co-Ni-Cu-Ta|Mn0.8Cu0.1Ta0.1,Mn-Fe-Co-Ni-Cu-Ta,Mn0.8Cu0.1Ta0.1,3,0.8,0,0,0,0,0,0.1,0.1,0,0,0
sample_268bd01cb0a3bd5c,Mn-Fe-Co-Ni-La-Ce|Fe0.2Co0.6Ce0.2,Mn-Fe-Co-Ni-La-Ce,Fe0.2Co0.6Ce0.2,3,0,0.2,0.6,0,0,0.2,0,0,0,0,0
sample_26ad9f0b97672277,Mn-Fe-Co-Ni-Cu-Ta|Mn0.1Co0.6Ta0.3,Mn-Fe-Co-Ni-Cu-Ta,Mn0.1Co0.6Ta0.3,3,0.1,0,0.6,0,0,0,0,0.3,0,0,0
sample_26b76d9c968e6005,Ca-Mn-Co-Ni-Sn-Sb|Ca0.3Ni0.4Sb0.3,Ca-Mn-Co-Ni-Sn-Sb,Ca0.3Ni0.4Sb0.3,3,0,0,0,0.4,0,0,0,0,0,0.3,0.3
sample_26c3a05c7dd00030,Mn-Fe-Co-Cu-Sn-Ta|Mn0.1Fe0.1Co0.8,Mn-Fe-Co-Cu-Sn-Ta,Mn0.1Fe0.1Co0.8,3,0.1,0.1,0.8,0,0,0,0,0,0,0,0
sample_26d81530a3904d57,Ca-Mn-Co-Ni-Sn-Sb|Ni0.1Sn0.7Sb0.2,Ca-Mn-Co-Ni-Sn-Sb,Ni0.1Sn0.7Sb0.2,3,0,0,0,0.1,0,0,0,0,0.7,0,0.2
sample_26e463138a46445a,Mn-Fe-Co-Cu-Sn-Ta|Fe0.2Co0.5Cu0.3,Mn-Fe-Co-Cu-Sn-Ta,Fe0.2Co0.5Cu0.3,3,0,0.2,0.5,0,0,0,0.3,0,0,0,0
sample_27063ddbea936bd9,Mn-Fe-Co-Ni-La-Ce|Fe0.6Ce0.4,Mn-Fe-Co-Ni-La-Ce,Fe0.6Ce0.4,2,0,0.6,0,0,0,0.4,0,0,0,0,0
sample_270934b3676a6633,Mn-Fe-Co-Cu-Sn-Ta|Mn0.4Cu0.1Ta0.5,Mn-Fe-Co-Cu-Sn-Ta,Mn0.4Cu0.1Ta0.5,3,0.4,0,0,0,0,0,0.1,0.5,0,0,0
sample_270b3d2c09cea1cb,Mn-Fe-Co-Ni-Cu-Ta|Mn0.7Fe0.2Cu0.1,Mn-Fe-Co-Ni-Cu-Ta,Mn0.7Fe0.2Cu0.1,3,0.7,0.2,0,0,0,0,0.1,0,0,0,0
sample_270e3d9ca9da523f,Ca-Mn-Co-Ni-Sn-Sb|Ca0.2Ni0.4Sn0.4,Ca-Mn-Co-Ni-Sn-Sb,Ca0.2Ni0.4Sn0.4,3,0,0,0,0.4,0,0,0,0,0.4,0.2,0
sample_2711b829e3ede989,Mn-Fe-Co-Ni-La-Ce|Mn0.1La0.8Ce0.1,Mn-Fe-Co-Ni-La-Ce,Mn0.1La0.8Ce0.1,3,0.1,0,0,0,0.8,0.1,0,0,0,0,0
sample_2712690c1f3a9c10,Mn-Fe-Co-Ni-La-Ce|Fe0.6Ni0.2La0.2,Mn-Fe-Co-Ni-La-Ce,Fe0.6Ni0.2La0.2,3,0,0.6,0,0.2,0.2,0,0,0,0,0,0
sample_2716aa924fd7f200,Ca-Mn-Co-Ni-Sn-Sb|Mn0.1Co0.4Ni0.5,Ca-Mn-Co-Ni-Sn-Sb,Mn0.1Co0.4Ni0.5,3,0.1,0,0.4,0.5,0,0,0,0,0,0,0
sample_27175cb7c759204e,Mn-Fe-Co-Ni-Cu-Ta|Mn0.2Ni0.1Cu0.7,Mn-Fe-Co-Ni-Cu-Ta,Mn0.2Ni0.1Cu0.7,3,0.2,0,0,0.1,0,0,0.7,0,0,0,0
sample_27252b7438ac64ce,Mn-Fe-Co-Cu-Sn-Ta|Fe0.7Cu0.2Ta0.1,Mn-Fe-Co-Cu-Sn-Ta,Fe0.7Cu0.2Ta0.1,3,0,0.7,0,0,0,0,0.2,0.1,0,0,0
sample_27408b5c45755cab,Ca-Mn-Co-Ni-Sn-Sb|Ca0.3Mn0.5Co0.2,Ca-Mn-Co-Ni-Sn-Sb,Ca0.3Mn0.5Co0.2,3,0.5,0,0.2,0,0,0,0,0,0,0.3,0
sample_2745da52bea2e8d1,Ca-Mn-Co-Ni-Sn-Sb|Ca0.3Mn0.2Ni0.5,Ca-Mn-Co-Ni-Sn-Sb,Ca0.3Mn0.2Ni0.5,3,0.2,0,0,0.5,0,0,0,0,0,0.3,0
sample_274cd4ac5c236f6c,Ca-Mn-Co-Ni-Sn-Sb|Ca0.9Co0.1,Ca-Mn-Co-Ni-Sn-Sb,Ca0.9Co0.1,2,0,0,0.1,0,0,0,0,0,0,0.9,0
sample_2768cfb522c7de7a,Ca-Mn-Co-Ni-Sn-Sb|Ca0.4Mn0.3Ni0.3,Ca-Mn-Co-Ni-Sn-Sb,Ca0.4Mn0.3Ni0.3,3,0.3,0,0,0.3,0,0,0,0,0,0.4,0
sample_279d4a322e3ac155,Ca-Mn-Co-Ni-Sn-Sb|Mn0.4Sn0.6,Ca-Mn-Co-Ni-Sn-Sb,Mn0.4Sn0.6,2,0.4,0,0,0,0,0,0,0,0.6,0,0
sample_27a113f87b236270,Mn-Fe-Co-Ni-La-Ce|Mn0.3Fe0.5Ni0.2,Mn-Fe-Co-Ni-La-Ce,Mn0.3Fe0.5Ni0.2,3,0.3,0.5,0,0.2,0,0,0,0,0,0,0
sample_27aff62237f57e00,Ca-Mn-Co-Ni-Sn-Sb|Mn0.2Co0.3Sb0.5,Ca-Mn-Co-Ni-Sn-Sb,Mn0.2Co0.3Sb0.5,3,0.2,0,0.3,0,0,0,0,0,0,0,0.5
sample_27cd20a5f1f72f6b,Ca-Mn-Co-Ni-Sn-Sb|Mn0.7Ni0.2Sb0.1,Ca-Mn-Co-Ni-Sn-Sb,Mn0.7Ni0.2Sb0.1,3,0.7,0,0,0.2,0,0,0,0,0,0,0.1
sample_27edf2e4b757f502,Ca-Mn-Co-Ni-Sn-Sb|Ca0.4Sb0.6,Ca-Mn-Co-Ni-Sn-Sb,Ca0.4Sb0.6,2,0,0,0,0,0,0,0,0,0,0.4,0.6
sample_27f13c3d05082885,Mn-Fe-Co-Cu-Sn-Ta|Cu0.3Sn0.2Ta0.5,Mn-Fe-Co-Cu-Sn-Ta,Cu0.3Sn0.2Ta0.5,3,0,0,0,0,0,0,0.3,0.5,0.2,0,0
sample_281103b508f71e04,Mn-Fe-Co-Cu-Sn-Ta|Fe0.1Co0.2Ta0.7,Mn-Fe-Co-Cu-Sn-Ta,Fe0.1Co0.2Ta0.7,3,0,0.1,0.2,0,0,0,0,0.7,0,0,0
sample_28154adb2446acc1,Ca-Mn-Co-Ni-Sn-Sb|Mn0.7Sn0.1Sb0.2,Ca-Mn-Co-Ni-Sn-Sb,Mn0.7Sn0.1Sb0.2,3,0.7,0,0,0,0,0,0,0,0.1,0,0.2
sample_282c499b4083b574,Mn-Fe-Co-Ni-Cu-Ta|Fe0.1Co0.5Ni0.4,Mn-Fe-Co-Ni-Cu-Ta,Fe0.1Co0.5Ni0.4,3,0,0.1,0.5,0.4,0,0,0,0,0,0,0
sample_28454267af6a631a,Mn-Fe-Co-Ni-La-Ce|Fe0.6Co0.1Ce0.3,Mn-Fe-Co-Ni-La-Ce,Fe0.6Co0.1Ce0.3,3,0,0.6,0.1,0,0,0.3,0,0,0,0,0
sample_284e71d448c7c650,Mn-Fe-Co-Ni-Cu-Ta|Ni0.7Cu0.2Ta0.1,Mn-Fe-Co-Ni-Cu-Ta,Ni0.7Cu0.2Ta0.1,3,0,0,0,0.7,0,0,0.2,0.1,0,0,0
sample_284fa961092e570b,Ca-Mn-Co-Ni-Sn-Sb|Ca0.5Ni0.1Sb0.4,Ca-Mn-Co-Ni-Sn-Sb,Ca0.5Ni0.1Sb0.4,3,0,0,0,0.1,0,0,0,0,0,0.5,0.4
sample_28648150feaef4c6,Mn-Fe-Co-Cu-Sn-Ta|Fe0.5Sn0.4Ta0.1,Mn-Fe-Co-Cu-Sn-Ta,Fe0.5Sn0.4Ta0.1,3,0,0.5,0,0,0,0,0,0.1,0.4,0,0
sample_2869a50f21406042,Mn-Fe-Co-Ni-Cu-Ta|Mn0.3Cu0.1Ta0.6,Mn-Fe-Co-Ni-Cu-Ta,Mn0.3Cu0.1Ta0.6,3,0.3,0,0,0,0,0,0.1,0.6,0,0,0
sample_2871981e2f544cf2,Mn-Fe-Co-Ni-Cu-Ta|Fe0.2Cu0.1Ta0.7,Mn-Fe-Co-Ni-Cu-Ta,Fe0.2Cu0.1Ta0.7,3,0,0.2,0,0,0,0,0.1,0.7,0,0,0
sample_28722ac418a6a704,Mn-Fe-Co-Ni-Cu-Ta|Mn0.8Ta0.2,Mn-Fe-Co-Ni-Cu-Ta,Mn0.8Ta0.2,2,0.8,0,0,0,0,0,0,0.2,0,0,0
sample_2877010bfec6c678,Mn-Fe-Co-Ni-La-Ce|Co0.2La0.8,Mn-Fe-Co-Ni-La-Ce,Co0.2La0.8,2,0,0,0.2,0,0.8,0,0,0,0,0,0
sample_287cccb4b9ab3c31,Mn-Fe-Co-Ni-La-Ce|Fe0.1La0.8Ce0.1,Mn-Fe-Co-Ni-La-Ce,Fe0.1La0.8Ce0.1,3,0,0.1,0,0,0.8,0.1,0,0,0,0,0
sample_288227a09de75b81,Ca-Mn-Co-Ni-Sn-Sb|Ca0.1Mn0.2Co0.7,Ca-Mn-Co-Ni-Sn-Sb,Ca0.1Mn0.2Co0.7,3,0.2,0,0.7,0,0,0,0,0,0,0.1,0
sample_288bad55cde0eb00,Mn-Fe-Co-Ni-Cu-Ta|Mn0.4Fe0.3Ta0.3,Mn-Fe-Co-Ni-Cu-Ta,Mn0.4Fe0.3Ta0.3,3,0.4,0.3,0,0,0,0,0,0.3,0,0,0
sample_2890ccdb75a250b2,Mn-Fe-Co-Ni-La-Ce|Fe0.2Ni0.4Ce0.4,Mn-Fe-Co-Ni-La-Ce,Fe0.2Ni0.4Ce0.4,3,0,0.2,0,0.4,0,0.4,0,0,0,0,0
sample_28943eb17e13a8aa,Mn-Fe-Co-Ni-Cu-Ta|Fe0.1Co0.1Ta0.8,Mn-Fe-Co-Ni-Cu-Ta,Fe0.1Co0.1Ta0.8,3,0,0.1,0.1,0,0,0,0,0.8,0,0,0
sample_289b11ffcf46485e,Ca-Mn-Co-Ni-Sn-Sb|Mn0.7Co0.2Ni0.1,Ca-Mn-Co-Ni-Sn-Sb,Mn0.7Co0.2Ni0.1,3,0.7,0,0.2,0.1,0,0,0,0,0,0,0
sample_289d8130db2a1f69,Ca-Mn-Co-Ni-Sn-Sb|Co0.6Ni0.1Sn0.3,Ca-Mn-Co-Ni-Sn-Sb,Co0.6Ni0.1Sn0.3,3,0,0,0.6,0.1,0,0,0,0,0.3,0,0
sample_28ba341f1d0d5aae,Mn-Fe-Co-Ni-La-Ce|Mn0.2Fe0.2Ni0.6,Mn-Fe-Co-Ni-La-Ce,Mn0.2Fe0.2Ni0.6,3,0.2,0.2,0,0.6,0,0,0,0,0,0,0
sample_28c7f173f329e675,Mn-Fe-Co-Ni-Cu-Ta|Fe0.7Cu0.2Ta0.1,Mn-Fe-Co-Ni-Cu-Ta,Fe0.7Cu0.2Ta0.1,3,0,0.7,0,0,0,0,0.2,0.1,0,0,0
sample_28d2aa4c46a42fdc,Mn-Fe-Co-Ni-Cu-Ta|Fe0.7Cu0.1Ta0.2,Mn-Fe-Co-Ni-Cu-Ta,Fe0.7Cu0.1Ta0.2,3,0,0.7,0,0,0,0,0.1,0.2,0,0,0
sample_28d770de787e1bb4,Mn-Fe-Co-Ni-La-Ce|Mn0.8La0.2,Mn-Fe-Co-Ni-La-Ce,Mn0.8La0.2,2,0.8,0,0,0,0.2,0,0,0,0,0,0
sample_28e31e0984d2e7fb,Mn-Fe-Co-Ni-Cu-Ta|Co0.8Ta0.2,Mn-Fe-Co-Ni-Cu-Ta,Co0.8Ta0.2,2,0,0,0.8,0,0,0,0,0.2,0,0,0
sample_28e64ca3a882a99e,Ca-Mn-Co-Ni-Sn-Sb|Sn0.7Sb0.3,Ca-Mn-Co-Ni-Sn-Sb,Sn0.7Sb0.3,2,0,0,0,0,0,0,0,0,0.7,0,0.3
sample_28ef75dd3025950f,Mn-Fe-Co-Ni-La-Ce|Fe0.1La0.1Ce0.8,Mn-Fe-Co-Ni-La-Ce,Fe0.1La0.1Ce0.8,3,0,0.1,0,0,0.1,0.8,0,0,0,0,0
sample_29059cb738a2bc4c,Mn-Fe-Co-Ni-La-Ce|Mn0.4Co0.1Ce0.5,Mn-Fe-Co-Ni-La-Ce,Mn0.4Co0.1Ce0.5,3,0.4,0,0.1,0,0,0.5,0,0,0,0,0
sample_2929248fd91e0212,Mn-Fe-Co-Ni-La-Ce|Co0.2La0.2Ce0.6,Mn-Fe-Co-Ni-La-Ce,Co0.2La0.2Ce0.6,3,0,0,0.2,0,0.2,0.6,0,0,0,0,0
sample_292c512c3d5ac72e,Mn-Fe-Co-Cu-Sn-Ta|Fe0.6Co0.1Sn0.3,Mn-Fe-Co-Cu-Sn-Ta,Fe0.6Co0.1Sn0.3,3,0,0.6,0.1,0,0,0,0,0,0.3,0,0
sample_2944660fe1005b78,Mn-Fe-Co-Ni-La-Ce|Co0.6Ce0.4,Mn-Fe-Co-Ni-La-Ce,Co0.6Ce0.4,2,0,0,0.6,0,0,0.4,0,0,0,0,0
sample_299abcf92ca1abff,Mn-Fe-Co-Ni-La-Ce|Ni0.3La0.7,Mn-Fe-Co-Ni-La-Ce,Ni0.3La0.7,2,0,0,0,0.3,0.7,0,0,0,0,0,0
sample_299b0f6c24f782df,Mn-Fe-Co-Ni-La-Ce|Mn0.2Co0.2La0.6,Mn-Fe-Co-Ni-La-Ce,Mn0.2Co0.2La0.6,3,0.2,0,0.2,0,0.6,0,0,0,0,0,0
sample_29ae442306875d2d,Mn-Fe-Co-Ni-La-Ce|La0.6Ce0.4,Mn-Fe-Co-Ni-La-Ce,La0.6Ce0.4,2,0,0,0,0,0.6,0.4,0,0,0,0,0
sample_29b99d6ab658435a,Mn-Fe-Co-Ni-La-Ce|Mn0.5Fe0.2Co0.3,Mn-Fe-Co-Ni-La-Ce,Mn0.5Fe0.2Co0.3,3,0.5,0.2,0.3,0,0,0,0,0,0,0,0
sample_29c274edba905095,Ca-Mn-Co-Ni-Sn-Sb|Ca0.4Mn0.4Sb0.2,Ca-Mn-Co-Ni-Sn-Sb,Ca0.4Mn0.4Sb0.2,3,0.4,0,0,0,0,0,0,0,0,0.4,0.2
sample_29c9316dd040bc40,Mn-Fe-Co-Cu-Sn-Ta|Fe0.1Cu0.3Sn0.6,Mn-Fe-Co-Cu-Sn-Ta,Fe0.1Cu0.3Sn0.6,3,0,0.1,0,0,0,0,0.3,0,0.6,0,0
sample_29cef29fade7e06c,Mn-Fe-Co-Ni-Cu-Ta|Co0.1Ni0.1Cu0.8,Mn-Fe-Co-Ni-Cu-Ta,Co0.1Ni0.1Cu0.8,3,0,0,0.1,0.1,0,0,0.8,0,0,0,0
sample_29d7c71ec3d2f55b,Ca-Mn-Co-Ni-Sn-Sb|Ca0.7Co0.2Ni0.1,Ca-Mn-Co-Ni-Sn-Sb,Ca0.7Co0.2Ni0.1,3,0,0,0.2,0.1,0,0,0,0,0,0.7,0
sample_29de722b0eed472c,Mn-Fe-Co-Ni-Cu-Ta|Fe0.6Ta0.4,Mn-Fe-Co-Ni-Cu-Ta,Fe0.6Ta0.4,2,0,0.6,0,0,0,0,0,0.4,0,0,0
sample_2a02daaafd36b172,Mn-Fe-Co-Ni-Cu-Ta|Fe0.1Ni0.6Cu0.3,Mn-Fe-Co-Ni-Cu-Ta,Fe0.1Ni0.6Cu0.3,3,0,0.1,0,0.6,0,0,0.3,0,0,0,0
sample_2a02f8bb2ecfe9da,Mn-Fe-Co-Cu-Sn-Ta|Co0.4Cu0.2Sn0.4,Mn-Fe-Co-Cu-Sn-Ta,Co0.4Cu0.2Sn0.4,3,0,0,0.4,0,0,0,0.2,0,0.4,0,0
sample_2a53cdbd8cb9c9d0,Mn-Fe-Co-Cu-Sn-Ta|Mn0.1Co0.8Sn0.1,Mn-Fe-Co-Cu-Sn-Ta,Mn0.1Co0.8Sn0.1,3,0.1,0,0.8,0,0,0,0,0,0.1,0,0
sample_2a5b28066997ac68,Ca-Mn-Co-Ni-Sn-Sb|Ca0.1Mn0.4Ni0.5,Ca-Mn-Co-Ni-Sn-Sb,Ca0.1Mn0.4Ni0.5,3,0.4,0,0,0.5,0,0,0,0,0,0.1,0
sample_2a6b64d6bba6f0ad,Ca-Mn-Co-Ni-Sn-Sb|Mn0.3Co0.4Sb0.3,Ca-Mn-Co-Ni-Sn-Sb,Mn0.3Co0.4Sb0.3,3,0.3,0,0.4,0,0,0,0,0,0,0,0.3
sample_2a8f8eba7c1208a0,Mn-Fe-Co-Ni-La-Ce|Mn0.5Fe0.5,Mn-Fe-Co-Ni-La-Ce,Mn0.5Fe0.5,2,0.5,0.5,0,0,0,0,0,0,0,0,0
sample_2a92696cd49ef1cb,Mn-Fe-Co-Ni-La-Ce|Mn0.3Co0.3La0.4,Mn-Fe-Co-Ni-La-Ce,Mn0.3Co0.3La0.4,3,0.3,0,0.3,0,0.4,0,0,0,0,0,0
sample_2a98ad1ee1404bff,Mn-Fe-Co-Ni-La-Ce|Fe0.3La0.7,Mn-Fe-Co-Ni-La-Ce,Fe0.3La0.7,2,0,0.3,0,0,0.7,0,0,0,0,0,0
sample_2ab2c9bfe4599fac,Mn-Fe-Co-Ni-La-Ce|Mn0.1Ce0.9,Mn-Fe-Co-Ni-La-Ce,Mn0.1Ce0.9,2,0.1,0,0,0,0,0.9,0,0,0,0,0
sample_2abc27dd557888ed,Mn-Fe-Co-Ni-Cu-Ta|Fe0.2Ni0.4Ta0.4,Mn-Fe-Co-Ni-Cu-Ta,Fe0.2Ni0.4Ta0.4,3,0,0.2,0,0.4,0,0,0,0.4,0,0,0
sample_2aded37221561e2c,Mn-Fe-Co-Ni-La-Ce|Mn0.7Co0.3,Mn-Fe-Co-Ni-La-Ce,Mn0.7Co0.3,2,0.7,0,0.3,0,0,0,0,0,0,0,0
sample_2af7146dbb0b376a,Mn-Fe-Co-Ni-La-Ce|Mn0.6Co0.4,Mn-Fe-Co-Ni-La-Ce,Mn0.6Co0.4,2,0.6,0,0.4,0,0,0,0,0,0,0,0
sample_2b01ff3aad582093,Mn-Fe-Co-Ni-Cu-Ta|Mn0.2Fe0.7Co0.1,Mn-Fe-Co-Ni-Cu-Ta,Mn0.2Fe0.7Co0.1,3,0.2,0.7,0.1,0,0,0,0,0,0,0,0
sample_2b044c370305ad8a,Mn-Fe-Co-Ni-Cu-Ta|Co0.7Cu0.1Ta0.2,Mn-Fe-Co-Ni-Cu-Ta,Co0.7Cu0.1Ta0.2,3,0,0,0.7,0,0,0,0.1,0.2,0,0,0
sample_2b1038d71d9974f6,Mn-Fe-Co-Ni-La-Ce|Mn0.1Fe0.6La0.3,Mn-Fe-Co-Ni-La-Ce,Mn0.1Fe0.6La0.3,3,0.1,0.6,0,0,0.3,0,0,0,0,0,0
sample_2b79ace71f20072c,Ca-Mn-Co-Ni-Sn-Sb|Ca0.8Co0.1Sn0.1,Ca-Mn-Co-Ni-Sn-Sb,Ca0.8Co0.1Sn0.1,3,0,0,0.1,0,0,0,0,0,0.1,0.8,0
sample_2b8f6fb36a46d726,Mn-Fe-Co-Ni-Cu-Ta|Mn0.1Cu0.6Ta0.3,Mn-Fe-Co-Ni-Cu-Ta,Mn0.1Cu0.6Ta0.3,3,0.1,0,0,0,0,0,0.6,0.3,0,0,0
sample_2b9529bd20a145e0,Mn-Fe-Co-Ni-La-Ce|Fe0.4Co0.2Ce0.4,Mn-Fe-Co-Ni-La-Ce,Fe0.4Co0.2Ce0.4,3,0,0.4,0.2,0,0,0.4,0,0,0,0,0
sample_2b9ed94f05bafd77,Mn-Fe-Co-Ni-La-Ce|Fe0.3Ni0.3Ce0.4,Mn-Fe-Co-Ni-La-Ce,Fe0.3Ni0.3Ce0.4,3,0,0.3,0,0.3,0,0.4,0,0,0,0,0
sample_2bcd17d1802d03dd,Ca-Mn-Co-Ni-Sn-Sb|Ca0.4Co0.5Sn0.1,Ca-Mn-Co-Ni-Sn-Sb,Ca0.4Co0.5Sn0.1,3,0,0,0.5,0,0,0,0,0,0.1,0.4,0
sample_2be10e38f12dc1a9,Mn-Fe-Co-Cu-Sn-Ta|Mn0.1Co0.6Sn0.3,Mn-Fe-Co-Cu-Sn-Ta,Mn0.1Co0.6Sn0.3,3,0.1,0,0.6,0,0,0,0,0,0.3,0,0
sample_2be9494c6ba133ed,Mn-Fe-Co-Ni-Cu-Ta|Mn0.2Fe0.6Ta0.2,Mn-Fe-Co-Ni-Cu-Ta,Mn0.2Fe0.6Ta0.2,3,0.2,0.6,0,0,0,0,0,0.2,0,0,0
sample_2bedb1e2f120a0b2,Ca-Mn-Co-Ni-Sn-Sb|Ni0.6Sn0.3Sb0.1,Ca-Mn-Co-Ni-Sn-Sb,Ni0.6Sn0.3Sb0.1,3,0,0,0,0.6,0,0,0,0,0.3,0,0.1
sample_2bf5e689c8294aeb,Mn-Fe-Co-Ni-La-Ce|Mn0.4Ni0.1La0.5,Mn-Fe-Co-Ni-La-Ce,Mn0.4Ni0.1La0.5,3,0.4,0,0,0.1,0.5,0,0,0,0,0,0
sample_2c01f4a05d6b00ea,Mn-Fe-Co-Ni-La-Ce|Fe0.8Co0.1Ni0.1,Mn-Fe-Co-Ni-La-Ce,Fe0.8Co0.1Ni0.1,3,0,0.8,0.1,0.1,0,0,0,0,0,0,0
sample_2c20eb22c9cb5fa0,Mn-Fe-Co-Ni-La-Ce|Mn0.6Fe0.2Ni0.2,Mn-Fe-Co-Ni-La-Ce,Mn0.6Fe0.2Ni0.2,3,0.6,0.2,0,0.2,0,0,0,0,0,0,0
sample_2c3566c88f4a824f,Mn-Fe-Co-Ni-Cu-Ta|Co0.4Cu0.5Ta0.1,Mn-Fe-Co-Ni-Cu-Ta,Co0.4Cu0.5Ta0.1,3,0,0,0.4,0,0,0,0.5,0.1,0,0,0
sample_2c4970159c45f5c2,Mn-Fe-Co-Ni-Cu-Ta|Mn0.1Fe0.6Cu0.3,Mn-Fe-Co-Ni-Cu-Ta,Mn0.1Fe0.6Cu0.3,3,0.1,0.6,0,0,0,0,0.3,0,0,0,0
sample_2c53d129676fbe86,Mn-Fe-Co-Ni-Cu-Ta|Fe0.6Co0.3Ni0.1,Mn-Fe-Co-Ni-Cu-Ta,Fe0.6Co0.3Ni0.1,3,0,0.6,0.3,0.1,0,0,0,0,0,0,0
sample_2c5be2bb5610b040,Mn-Fe-Co-Cu-Sn-Ta|Fe0.2Co0.5Ta0.3,Mn-Fe-Co-Cu-Sn-Ta,Fe0.2Co0.5Ta0.3,3,0,0.2,0.5,0,0,0,0,0.3,0,0,0
sample_2c6a7addb3887f12,Mn-Fe-Co-Ni-La-Ce|Mn0.4Co0.2Ce0.4,Mn-Fe-Co-Ni-La-Ce,Mn0.4Co0.2Ce0.4,3,0.4,0,0.2,0,0,0.4,0,0,0,0,0
sample_2c6f7681d7890e0d,Ca-Mn-Co-Ni-Sn-Sb|Ca0.1Mn0.8Ni0.1,Ca-Mn-Co-Ni-Sn-Sb,Ca0.1Mn0.8Ni0.1,3,0.8,0,0,0.1,0,0,0,0,0,0.1,0
sample_2c6fd20e1dfac21b,Ca-Mn-Co-Ni-Sn-Sb|Co0.1Ni0.5Sb0.4,Ca-Mn-Co-Ni-Sn-Sb,Co0.1Ni0.5Sb0.4,3,0,0,0.1,0.5,0,0,0,0,0,0,0.4
sample_2c82f8237ec7b20e,Mn-Fe-Co-Ni-Cu-Ta|Ni0.3Cu0.6Ta0.1,Mn-Fe-Co-Ni-Cu-Ta,Ni0.3Cu0.6Ta0.1,3,0,0,0,0.3,0,0,0.6,0.1,0,0,0
sample_2ca00add6960fa75,Ca-Mn-Co-Ni-Sn-Sb|Ca0.5Mn0.4Co0.1,Ca-Mn-Co-Ni-Sn-Sb,Ca0.5Mn0.4Co0.1,3,0.4,0,0.1,0,0,0,0,0,0,0.5,0
sample_2cd5f6092f6c0964,Mn-Fe-Co-Cu-Sn-Ta|Mn0.6Cu0.3Ta0.1,Mn-Fe-Co-Cu-Sn-Ta,Mn0.6Cu0.3Ta0.1,3,0.6,0,0,0,0,0,0.3,0.1,0,0,0
sample_2ced82fa47db5a77,Mn-Fe-Co-Ni-La-Ce|Ni0.5La0.2Ce0.3,Mn-Fe-Co-Ni-La-Ce,Ni0.5La0.2Ce0.3,3,0,0,0,0.5,0.2,0.3,0,0,0,0,0
sample_2cf7bb879a19ba87,Mn-Fe-Co-Cu-Sn-Ta|Co0.6Sn0.1Ta0.3,Mn-Fe-Co-Cu-Sn-Ta,Co0.6Sn0.1Ta0.3,3,0,0,0.6,0,0,0,0,0.3,0.1,0,0
sample_2d2e483942687c4b,Mn-Fe-Co-Ni-Cu-Ta|Cu0.7Ta0.3,Mn-Fe-Co-Ni-Cu-Ta,Cu0.7Ta0.3,2,0,0,0,0,0,0,0.7,0.3,0,0,0
sample_2d3104653759a4ed,Ca-Mn-Co-Ni-Sn-Sb|Mn0.2Ni0.7Sn0.1,Ca-Mn-Co-Ni-Sn-Sb,Mn0.2Ni0.7Sn0.1,3,0.2,0,0,0.7,0,0,0,0,0.1,0,0
sample_2d310c260c7b51ac,Mn-Fe-Co-Ni-Cu-Ta|Fe0.2Co0.5Ni0.3,Mn-Fe-Co-Ni-Cu-Ta,Fe0.2Co0.5Ni0.3,3,0,0.2,0.5,0.3,0,0,0,0,0,0,0
sample_2d34d4a413188e69,Ca-Mn-Co-Ni-Sn-Sb|Mn0.6Sb0.4,Ca-Mn-Co-Ni-Sn-Sb,Mn0.6Sb0.4,2,0.6,0,0,0,0,0,0,0,0,0,0.4
sample_2d5bee8c9f3ddc2e,Mn-Fe-Co-Ni-Cu-Ta|Mn0.1Ni0.5Ta0.4,Mn-Fe-Co-Ni-Cu-Ta,Mn0.1Ni0.5Ta0.4,3,0.1,0,0,0.5,0,0,0,0.4,0,0,0
sample_2d5c92ca7f6c1bb1,Ca-Mn-Co-Ni-Sn-Sb|Ca0.4Mn0.2Sn0.4,Ca-Mn-Co-Ni-Sn-Sb,Ca0.4Mn0.2Sn0.4,3,0.2,0,0,0,0,0,0,0,0.4,0.4,0
sample_2d9c71e2638ba64d,Mn-Fe-Co-Cu-Sn-Ta|Mn0.2Fe0.7Ta0.1,Mn-Fe-Co-Cu-Sn-Ta,Mn0.2Fe0.7Ta0.1,3,0.2,0.7,0,0,0,0,0,0.1,0,0,0
sample_2da1abb02f61dc6a,Mn-Fe-Co-Cu-Sn-Ta|Co0.6Cu0.3Ta0.1,Mn-Fe-Co-Cu-Sn-Ta,Co0.6Cu0.3Ta0.1,3,0,0,0.6,0,0,0,0.3,0.1,0,0,0
sample_2daccb6f6ea6cbfa,Mn-Fe-Co-Ni-Cu-Ta|Fe0.1Co0.6Ni0.3,Mn-Fe-Co-Ni-Cu-Ta,Fe0.1Co0.6Ni0.3,3,0,0.1,0.6,0.3,0,0,0,0,0,0,0
sample_2dad3ef105563e44,Ca-Mn-Co-Ni-Sn-Sb|Ni0.3Sn0.4Sb0.3,Ca-Mn-Co-Ni-Sn-Sb,Ni0.3Sn0.4Sb0.3,3,0,0,0,0.3,0,0,0,0,0.4,0,0.3
sample_2db9637841f65170,Mn-Fe-Co-Ni-Cu-Ta|Mn0.1Co0.6Ni0.3,Mn-Fe-Co-Ni-Cu-Ta,Mn0.1Co0.6Ni0.3,3,0.1,0,0.6,0.3,0,0,0,0,0,0,0
sample_2dbef2b1fc38021f,Mn-Fe-Co-Cu-Sn-Ta|Co0.1Sn0.7Ta0.2,Mn-Fe-Co-Cu-Sn-Ta,Co0.1Sn0.7Ta0.2,3,0,0,0.1,0,0,0,0,0.2,0.7,0,0
sample_2dbf40b35832db0b,Mn-Fe-Co-Ni-La-Ce|Mn0.1Fe0.5Co0.4,Mn-Fe-Co-Ni-La-Ce,Mn0.1Fe0.5Co0.4,3,0.1,0.5,0.4,0,0,0,0,0,0,0,0
sample_2dcc159b8cdec3e1,Mn-Fe-Co-Cu-Sn-Ta|Mn0.4Co0.2Sn0.4,Mn-Fe-Co-Cu-Sn-Ta,Mn0.4Co0.2Sn0.4,3,0.4,0,0.2,0,0,0,0,0,0.4,0,0
sample_2dd3581826770d32,Ca-Mn-Co-Ni-Sn-Sb|Ca0.1Mn0.9,Ca-Mn-Co-Ni-Sn-Sb,Ca0.1Mn0.9,2,0.9,0,0,0,0,0,0,0,0,0.1,0
sample_2ddab289a1c16a0e,Mn-Fe-Co-Ni-La-Ce|Mn0.3Co0.4Ce0.3,Mn-Fe-Co-Ni-La-Ce,Mn0.3Co0.4Ce0.3,3,0.3,0,0.4,0,0,0.3,0,0,0,0,0
sample_2de690e1f1e5e1e9,Mn-Fe-Co-Ni-La-Ce|Mn0.5Fe0.2Ni0.3,Mn-Fe-Co-Ni-La-Ce,Mn0.5Fe0.2Ni0.3,3,0.5,0.2,0,0.3,0,0,0,0,0,0,0
sample_2dea72f26dfb769a,Mn-Fe-Co-Cu-Sn-Ta|Cu0.1Sn0.1Ta0.8,Mn-Fe-Co-Cu-Sn-Ta,Cu0.1Sn0.1Ta0.8,3,0,0,0,0,0,0,0.1,0.8,0.1,0,0
sample_2dfbbc14b13f2fa1,Mn-Fe-Co-Cu-Sn-Ta|Mn0.5Cu0.4Ta0.1,Mn-Fe-Co-Cu-Sn-Ta,Mn0.5Cu0.4Ta0.1,3,0.5,0,0,0,0,0,0.4,0.1,0,0,0
sample_2e217195d49cf1ed,Ca-Mn-Co-Ni-Sn-Sb|Co0.5Sb0.5,Ca-Mn-Co-Ni-Sn-Sb,Co0.5Sb0.5,2,0,0,0.5,0,0,0,0,0,0,0,0.5
sample_2e39ff6016d49317,Mn-Fe-Co-Ni-La-Ce|Fe0.8Ni0.1Ce0.1,Mn-Fe-Co-Ni-La-Ce,Fe0.8Ni0.1Ce0.1,3,0,0.8,0,0.1,0,0.1,0,0,0,0,0
sample_2e3b8b3f0319e53f,Mn-Fe-Co-Ni-La-Ce|Fe0.1Ni0.6La0.3,Mn-Fe-Co-Ni-La-Ce,Fe0.1Ni0.6La0.3,3,0,0.1,0,0.6,0.3,0,0,0,0,0,0
sample_2e6928699bfb1734,Ca-Mn-Co-Ni-Sn-Sb|Sn0.8Sb0.2,Ca-Mn-Co-Ni-Sn-Sb,Sn0.8Sb0.2,2,0,0,0,0,0,0,0,0,0.8,0,0.2
sample_2e7108f87c96d2bf,Mn-Fe-Co-Cu-Sn-Ta|Fe0.2Co0.2Ta0.6,Mn-Fe-Co-Cu-Sn-Ta,Fe0.2Co0.2Ta0.6,3,0,0.2,0.2,0,0,0,0,0.6,0,0,0
sample_2e8267528f9f6555,Ca-Mn-Co-Ni-Sn-Sb|Mn0.1Ni0.2Sb0.7,Ca-Mn-Co-Ni-Sn-Sb,Mn0.1Ni0.2Sb0.7,3,0.1,0,0,0.2,0,0,0,0,0,0,0.7
sample_2e93bc8dff98937b,Mn-Fe-Co-Ni-La-Ce|Mn0.2Ni0.7Ce0.1,Mn-Fe-Co-Ni-La-Ce,Mn0.2Ni0.7Ce0.1,3,0.2,0,0,0.7,0,0.1,0,0,0,0,0
sample_2eb447b46beff97e,Ca-Mn-Co-Ni-Sn-Sb|Ca0.2Co0.2Ni0.6,Ca-Mn-Co-Ni-Sn-Sb,Ca0.2Co0.2Ni0.6,3,0,0,0.2,0.6,0,0,0,0,0,0.2,0
sample_2ee92fa26c3d9255,Mn-Fe-Co-Ni-La-Ce|Co0.3Ni0.5Ce0.2,Mn-Fe-Co-Ni-La-Ce,Co0.3Ni0.5Ce0.2,3,0,0,0.3,0.5,0,0.2,0,0,0,0,0
sample_2effd2f96465acb2,Mn-Fe-Co-Ni-La-Ce|Mn0.4Co0.5La0.1,Mn-Fe-Co-Ni-La-Ce,Mn0.4Co0.5La0.1,3,0.4,0,0.5,0,0.1,0,0,0,0,0,0
sample_2f0f40b9625ef80f,Mn-Fe-Co-Cu-Sn-Ta|Cu0.2Sn0.3Ta0.5,Mn-Fe-Co-Cu-Sn-Ta,Cu0.2Sn0.3Ta0.5,3,0,0,0,0,0,0,0.2,0.5,0.3,0,0
sample_2f5c42bd566ed1b2,Mn-Fe-Co-Cu-Sn-Ta|Fe0.2Co0.4Ta0.4,Mn-Fe-Co-Cu-Sn-Ta,Fe0.2Co0.4Ta0.4,3,0,0.2,0.4,0,0,0,0,0.4,0,0,0
sample_2f5dc926fa63306a,Mn-Fe-Co-Ni-La-Ce|Mn0.7La0.1Ce0.2,Mn-Fe-Co-Ni-La-Ce,Mn0.7La0.1Ce0.2,3,0.7,0,0,0,0.1,0.2,0,0,0,0,0
sample_2f68620267e2eb50,Ca-Mn-Co-Ni-Sn-Sb|Mn0.1Co0.3Sn0.6,Ca-Mn-Co-Ni-Sn-Sb,Mn0.1Co0.3Sn0.6,3,0.1,0,0.3,0,0,0,0,0,0.6,0,0
sample_2f6c789630843f04,Mn-Fe-Co-Ni-La-Ce|Fe0.1La0.7Ce0.2,Mn-Fe-Co-Ni-La-Ce,Fe0.1La0.7Ce0.2,3,0,0.1,0,0,0.7,0.2,0,0,0,0,0
sample_2f72382eb935b80b,Ca-Mn-Co-Ni-Sn-Sb|Ca0.4Mn0.1Ni0.5,Ca-Mn-Co-Ni-Sn-Sb,Ca0.4Mn0.1Ni0.5,3,0.1,0,0,0.5,0,0,0,0,0,0.4,0
sample_2f7b966da66acd11,Mn-Fe-Co-Ni-La-Ce|Mn0.2Fe0.7Ni0.1,Mn-Fe-Co-Ni-La-Ce,Mn0.2Fe0.7Ni0.1,3,0.2,0.7,0,0.1,0,0,0,0,0,0,0
sample_2fc7857c75a0c879,Ca-Mn-Co-Ni-Sn-Sb|Co0.7Ni0.3,Ca-Mn-Co-Ni-Sn-Sb,Co0.7Ni0.3,2,0,0,0.7,0.3,0,0,0,0,0,0,0
sample_2fc9e31871f911a6,Mn-Fe-Co-Ni-Cu-Ta|Fe0.1Ni0.4Ta0.5,Mn-Fe-Co-Ni-Cu-Ta,Fe0.1Ni0.4Ta0.5,3,0,0.1,0,0.4,0,0,0,0.5,0,0,0
sample_2fd3273ad4bd69a8,Mn-Fe-Co-Ni-La-Ce|Fe0.4Co0.1Ce0.5,Mn-Fe-Co-Ni-La-Ce,Fe0.4Co0.1Ce0.5,3,0,0.4,0.1,0,0,0.5,0,0,0,0,0
sample_2fdc71515cfed403,Mn-Fe-Co-Ni-Cu-Ta|Co0.4Ni0.2Ta0.4,Mn-Fe-Co-Ni-Cu-Ta,Co0.4Ni0.2Ta0.4,3,0,0,0.4,0.2,0,0,0,0.4,0,0,0
sample_2fe676e10ca2871f,Mn-Fe-Co-Cu-Sn-Ta|Mn0.4Sn0.2Ta0.4,Mn-Fe-Co-Cu-Sn-Ta,Mn0.4Sn0.2Ta0.4,3,0.4,0,0,0,0,0,0,0.4,0.2,0,0
sample_2ff6400a87ac9194,Mn-Fe-Co-Ni-Cu-Ta|Mn0.1Ni0.7Ta0.2,Mn-Fe-Co-Ni-Cu-Ta,Mn0.1Ni0.7Ta0.2,3,0.1,0,0,0.7,0,0,0,0.2,0,0,0
sample_300a5c67c9f34739,Ca-Mn-Co-Ni-Sn-Sb|Mn0.2Co0.2Sn0.6,Ca-Mn-Co-Ni-Sn-Sb,Mn0.2Co0.2Sn0.6,3,0.2,0,0.2,0,0,0,0,0,0.6,0,0
sample_3013af671a19e37b,Mn-Fe-Co-Ni-La-Ce|Fe0.1Co0.2Ce0.7,Mn-Fe-Co-Ni-La-Ce,Fe0.1Co0.2Ce0.7,3,0,0.1,0.2,0,0,0.7,0,0,0,0,0
sample_303ef1516965e164,Ca-Mn-Co-Ni-Sn-Sb|Ca0.6Mn0.2Ni0.2,Ca-Mn-Co-Ni-Sn-Sb,Ca0.6Mn0.2Ni0.2,3,0.2,0,0,0.2,0,0,0,0,0,0.6,0
sample_30654f3d6ed53662,Ca-Mn-Co-Ni-Sn-Sb|Ca0.5Sn0.1Sb0.4,Ca-Mn-Co-Ni-Sn-Sb,Ca0.5Sn0.1Sb0.4,3,0,0,0,0,0,0,0,0,0.1,0.5,0.4
sample_30687904bca9dbe6,Mn-Fe-Co-Ni-La-Ce|Fe0.2Ni0.7La0.1,Mn-Fe-Co-Ni-La-Ce,Fe0.2Ni0.7La0.1,3,0,0.2,0,0.7,0.1,0,0,0,0,0,0
sample_307929ad64de9cda,Ca-Mn-Co-Ni-Sn-Sb|Mn0.5Sn0.5,Ca-Mn-Co-Ni-Sn-Sb,Mn0.5Sn0.5,2,0.5,0,0,0,0,0,0,0,0.5,0,0
sample_308822c126a0db6d,Mn-Fe-Co-Ni-Cu-Ta|Mn0.5Ta0.5,Mn-Fe-Co-Ni-Cu-Ta,Mn0.5Ta0.5,2,0.5,0,0,0,0,0,0,0.5,0,0,0
sample_30ac277ae8d1a654,Mn-Fe-Co-Cu-Sn-Ta|Fe0.1Cu0.5Sn0.4,Mn-Fe-Co-Cu-Sn-Ta,Fe0.1Cu0.5Sn0.4,3,0,0.1,0,0,0,0,0.5,0,0.4,0,0
sample_30b672a86ef8c6e9,Mn-Fe-Co-Ni-Cu-Ta|Co0.7Cu0.2Ta0.1,Mn-Fe-Co-Ni-Cu-Ta,Co0.7Cu0.2Ta0.1,3,0,0,0.7,0,0,0,0.2,0.1,0,0,0
sample_30c9deba380f6ec0,Mn-Fe-Co-Cu-Sn-Ta|Fe0.2Cu0.8,Mn-Fe-Co-Cu-Sn-Ta,Fe0.2Cu0.8,2,0,0.2,0,0,0,0,0.8,0,0,0,0
sample_310a9453c42a442e,Ca-Mn-Co-Ni-Sn-Sb|Ni0.3Sn0.5Sb0.2,Ca-Mn-Co-Ni-Sn-Sb,Ni0.3Sn0.5Sb0.2,3,0,0,0,0.3,0,0,0,0,0.5,0,0.2
sample_312b31375b4843c2,Mn-Fe-Co-Ni-La-Ce|Fe0.4La0.1Ce0.5,Mn-Fe-Co-Ni-La-Ce,Fe0.4La0.1Ce0.5,3,0,0.4,0,0,0.1,0.5,0,0,0,0,0
sample_313f6a7d1c6d3052,Ca-Mn-Co-Ni-Sn-Sb|Ca0.3Mn0.2Co0.5,Ca-Mn-Co-Ni-Sn-Sb,Ca0.3Mn0.2Co0.5,3,0.2,0,0.5,0,0,0,0,0,0,0.3,0
sample_31512a2084f2ffe6,Mn-Fe-Co-Ni-La-Ce|Co0.2Ni0.1Ce0.7,Mn-Fe-Co-Ni-La-Ce,Co0.2Ni0.1Ce0.7,3,0,0,0.2,0.1,0,0.7,0,0,0,0,0
sample_3165323ac2048c18,Mn-Fe-Co-Ni-Cu-Ta|Co0.6Ni0.4,Mn-Fe-Co-Ni-Cu-Ta,Co0.6Ni0.4,2,0,0,0.6,0.4,0,0,0,0,0,0,0
sample_3167f54e14083502,Mn-Fe-Co-Ni-La-Ce|Co0.2Ni0.7Ce0.1,Mn-Fe-Co-Ni-La-Ce,Co0.2Ni0.7Ce0.1,3,0,0,0.2,0.7,0,0.1,0,0,0,0,0
sample_316a47b779e4b6ad,Ca-Mn-Co-Ni-Sn-Sb|Mn0.3Ni0.6Sb0.1,Ca-Mn-Co-Ni-Sn-Sb,Mn0.3Ni0.6Sb0.1,3,0.3,0,0,0.6,0,0,0,0,0,0,0.1
sample_317d961e98877d9b,Mn-Fe-Co-Ni-Cu-Ta|Mn0.4Ni0.5Ta0.1,Mn-Fe-Co-Ni-Cu-Ta,Mn0.4Ni0.5Ta0.1,3,0.4,0,0,0.5,0,0,0,0.1,0,0,0
sample_318038a1bdc8375e,Mn-Fe-Co-Ni-Cu-Ta|Fe0.1Co0.6Ta0.3,Mn-Fe-Co-Ni-Cu-Ta,Fe0.1Co0.6Ta0.3,3,0,0.1,0.6,0,0,0,0,0.3,0,0,0
sample_31a68b4ce07bbe1b,Mn-Fe-Co-Ni-Cu-Ta|Fe0.3Co0.3Ta0.4,Mn-Fe-Co-Ni-Cu-Ta,Fe0.3Co0.3Ta0.4,3,0,0.3,0.3,0,0,0,0,0.4,0,0,0
sample_31b1c1dee564616b,Mn-Fe-Co-Ni-Cu-Ta|Mn0.3Co0.4Cu0.3,Mn-Fe-Co-Ni-Cu-Ta,Mn0.3Co0.4Cu0.3,3,0.3,0,0.4,0,0,0,0.3,0,0,0,0
sample_31c48626064727d3,Mn-Fe-Co-Ni-Cu-Ta|Mn0.8Fe0.1Ta0.1,Mn-Fe-Co-Ni-Cu-Ta,Mn0.8Fe0.1Ta0.1,3,0.8,0.1,0,0,0,0,0,0.1,0,0,0
sample_31c77b1010258c9a,Ca-Mn-Co-Ni-Sn-Sb|Mn0.4Co0.1Ni0.5,Ca-Mn-Co-Ni-Sn-Sb,Mn0.4Co0.1Ni0.5,3,0.4,0,0.1,0.5,0,0,0,0,0,0,0
sample_31e9d3bfa140f137,Mn-Fe-Co-Ni-La-Ce|Fe0.2Ni0.5La0.3,Mn-Fe-Co-Ni-La-Ce,Fe0.2Ni0.5La0.3,3,0,0.2,0,0.5,0.3,0,0,0,0,0,0
sample_32013ffcd67126e6,Mn-Fe-Co-Ni-La-Ce|Mn0.3Ni0.2La0.5,Mn-Fe-Co-Ni-La-Ce,Mn0.3Ni0.2La0.5,3,0.3,0,0,0.2,0.5,0,0,0,0,0,0
sample_32075c6e56a766f2,Ca-Mn-Co-Ni-Sn-Sb|Co0.2Ni0.7Sb0.1,Ca-Mn-Co-Ni-Sn-Sb,Co0.2Ni0.7Sb0.1,3,0,0,0.2,0.7,0,0,0,0,0,0,0.1
sample_321f6cceda236061,Ca-Mn-Co-Ni-Sn-Sb|Mn0.1Sn0.8Sb0.1,Ca-Mn-Co-Ni-Sn-Sb,Mn0.1Sn0.8Sb0.1,3,0.1,0,0,0,0,0,0,0,0.8,0,0.1
sample_322b6d67336b88f7,Mn-Fe-Co-Cu-Sn-Ta|Fe0.2Sn0.7Ta0.1,Mn-Fe-Co-Cu-Sn-Ta,Fe0.2Sn0.7Ta0.1,3,0,0.2,0,0,0,0,0,0.1,0.7,0,0
sample_324b07c89e5bc77f,Mn-Fe-Co-Cu-Sn-Ta|Mn0.1Cu0.2Sn0.7,Mn-Fe-Co-Cu-Sn-Ta,Mn0.1Cu0.2Sn0.7,3,0.1,0,0,0,0,0,0.2,0,0.7,0,0
sample_325d3b3642a04ebf,Ca-Mn-Co-Ni-Sn-Sb|Mn0.3Ni0.2Sn0.5,Ca-Mn-Co-Ni-Sn-Sb,Mn0.3Ni0.2Sn0.5,3,0.3,0,0,0.2,0,0,0,0,0.5,0,0
sample_327257b985ee7ef5,Mn-Fe-Co-Cu-Sn-Ta|Mn0.1Sn0.7Ta0.2,Mn-Fe-Co-Cu-Sn-Ta,Mn0.1Sn0.7Ta0.2,3,0.1,0,0,0,0,0,0,0.2,0.7,0,0
sample_327b5a60e016d9d6,Mn-Fe-Co-Ni-La-Ce|Fe0.4Ni0.6,Mn-Fe-Co-Ni-La-Ce,Fe0.4Ni0.6,2,0,0.4,0,0.6,0,0,0,0,0,0,0
sample_32831aa1993a0ee5,Mn-Fe-Co-Ni-Cu-Ta|Mn0.1Fe0.8Ta0.1,Mn-Fe-Co-Ni-Cu-Ta,Mn0.1Fe0.8Ta0.1,3,0.1,0.8,0,0,0,0,0,0.1,0,0,0
sample_328413805f4c7898,Mn-Fe-Co-Ni-Cu-Ta|Fe0.4Co0.5Ni0.1,Mn-Fe-Co-Ni-Cu-Ta,Fe0.4Co0.5Ni0.1,3,0,0.4,0.5,0.1,0,0,0,0,0,0,0
sample_329d076503cf9905,Mn-Fe-Co-Ni-La-Ce|Mn0.4Co0.2Ni0.4,Mn-Fe-Co-Ni-La-Ce,Mn0.4Co0.2Ni0.4,3,0.4,0,0.2,0.4,0,0,0,0,0,0,0
sample_329d5126d980f215,Ca-Mn-Co-Ni-Sn-Sb|Co0.2Ni0.4Sn0.4,Ca-Mn-Co-Ni-Sn-Sb,Co0.2Ni0.4Sn0.4,3,0,0,0.2,0.4,0,0,0,0,0.4,0,0
sample_32a65ac8965fc3a7,Ca-Mn-Co-Ni-Sn-Sb|Mn0.2Co0.2Ni0.6,Ca-Mn-Co-Ni-Sn-Sb,Mn0.2Co0.2Ni0.6,3,0.2,0,0.2,0.6,0,0,0,0,0,0,0
sample_32a87cfc4127628a,Mn-Fe-Co-Ni-La-Ce|Co0.3La0.7,Mn-Fe-Co-Ni-La-Ce,Co0.3La0.7,2,0,0,0.3,0,0.7,0,0,0,0,0,0
sample_32b473c1bc18362d,Mn-Fe-Co-Ni-Cu-Ta|Ni0.5Cu0.4Ta0.1,Mn-Fe-Co-Ni-Cu-Ta,Ni0.5Cu0.4Ta0.1,3,0,0,0,0.5,0,0,0.4,0.1,0,0,0
sample_32db6807698ec685,Ca-Mn-Co-Ni-Sn-Sb|Ca0.2Co0.3Ni0.5,Ca-Mn-Co-Ni-Sn-Sb,Ca0.2Co0.3Ni0.5,3,0,0,0.3,0.5,0,0,0,0,0,0.2,0
sample_32dbfb8fe1be2284,Mn-Fe-Co-Ni-La-Ce|Co0.2Ni0.7La0.1,Mn-Fe-Co-Ni-La-Ce,Co0.2Ni0.7La0.1,3,0,0,0.2,0.7,0.1,0,0,0,0,0,0
sample_330e9ae2f91333ed,Mn-Fe-Co-Ni-La-Ce|Ni0.4La0.1Ce0.5,Mn-Fe-Co-Ni-La-Ce,Ni0.4La0.1Ce0.5,3,0,0,0,0.4,0.1,0.5,0,0,0,0,0
sample_332750cac59aa2fa,Mn-Fe-Co-Cu-Sn-Ta|Mn0.5Fe0.1Sn0.4,Mn-Fe-Co-Cu-Sn-Ta,Mn0.5Fe0.1Sn0.4,3,0.5,0.1,0,0,0,0,0,0,0.4,0,0
sample_332c67f3d6a53c0f,Mn-Fe-Co-Ni-La-Ce|Co0.2La0.6Ce0.2,Mn-Fe-Co-Ni-La-Ce,Co0.2La0.6Ce0.2,3,0,0,0.2,0,0.6,0.2,0,0,0,0,0
sample_332e9dba1f246193,Mn-Fe-Co-Cu-Sn-Ta|Fe0.1Cu0.8Sn0.1,Mn-Fe-Co-Cu-Sn-Ta,Fe0.1Cu0.8Sn0.1,3,0,0.1,0,0,0,0,0.8,0,0.1,0,0
sample_3343cf27420b66e1,Mn-Fe-Co-Cu-Sn-Ta|Mn0.3Fe0.4Ta0.3,Mn-Fe-Co-Cu-Sn-Ta,Mn0.3Fe0.4Ta0.3,3,0.3,0.4,0,0,0,0,0,0.3,0,0,0
sample_33660eed64689699,Mn-Fe-Co-Ni-Cu-Ta|Mn0.5Fe0.4Co0.1,Mn-Fe-Co-Ni-Cu-Ta,Mn0.5Fe0.4Co0.1,3,0.5,0.4,0.1,0,0,0,0,0,0,0,0
sample_3375be80b90e49f9,Mn-Fe-Co-Ni-Cu-Ta|Mn0.1Fe0.8Ni0.1,Mn-Fe-Co-Ni-Cu-Ta,Mn0.1Fe0.8Ni0.1,3,0.1,0.8,0,0.1,0,0,0,0,0,0,0
sample_337aa73a94329cbf,Mn-Fe-Co-Ni-Cu-Ta|Co0.1Ni0.2Ta0.7,Mn-Fe-Co-Ni-Cu-Ta,Co0.1Ni0.2Ta0.7,3,0,0,0.1,0.2,0,0,0,0.7,0,0,0
sample_338041cdb20083d6,Mn-Fe-Co-Cu-Sn-Ta|Mn0.5Co0.5,Mn-Fe-Co-Cu-Sn-Ta,Mn0.5Co0.5,2,0.5,0,0.5,0,0,0,0,0,0,0,0
sample_33e2f9d8af66cc9b,Mn-Fe-Co-Cu-Sn-Ta|Mn0.3Fe0.1Ta0.6,Mn-Fe-Co-Cu-Sn-Ta,Mn0.3Fe0.1Ta0.6,3,0.3,0.1,0,0,0,0,0,0.6,0,0,0
sample_33f976a7fb56441d,Mn-Fe-Co-Ni-La-Ce|Fe0.2La0.1Ce0.7,Mn-Fe-Co-Ni-La-Ce,Fe0.2La0.1Ce0.7,3,0,0.2,0,0,0.1,0.7,0,0,0,0,0
sample_33fffe68b99341cf,Mn-Fe-Co-Ni-Cu-Ta|Mn0.3Ni0.3Ta0.4,Mn-Fe-Co-Ni-Cu-Ta,Mn0.3Ni0.3Ta0.4,3,0.3,0,0,0.3,0,0,0,0.4,0,0,0
sample_3416ae9243551999,Mn-Fe-Co-Cu-Sn-Ta|Mn0.2Fe0.3Cu0.5,Mn-Fe-Co-Cu-Sn-Ta,Mn0.2Fe0.3Cu0.5,3,0.2,0.3,0,0,0,0,0.5,0,0,0,0
sample_3420f1f04a7473b2,Mn-Fe-Co-Ni-La-Ce|Co0.9La0.1,Mn-Fe-Co-Ni-La-Ce,Co0.9La0.1,2,0,0,0.9,0,0.1,0,0,0,0,0,0
sample_342ad3301a2a7036,Mn-Fe-Co-Ni-Cu-Ta|Mn0.3Ni0.3Cu0.4,Mn-Fe-Co-Ni-Cu-Ta,Mn0.3Ni0.3Cu0.4,3,0.3,0,0,0.3,0,0,0.4,0,0,0,0
sample_34331eb07298a0e6,Mn-Fe-Co-Ni-La-Ce|Mn0.4La0.3Ce0.3,Mn-Fe-Co-Ni-La-Ce,Mn0.4La0.3Ce0.3,3,0.4,0,0,0,0.3,0.3,0,0,0,0,0
sample_3439dd2d927ffc34,Ca-Mn-Co-Ni-Sn-Sb|Ca0.6Mn0.2Sn0.2,Ca-Mn-Co-Ni-Sn-Sb,Ca0.6Mn0.2Sn0.2,3,0.2,0,0,0,0,0,0,0,0.2,0.6,0
sample_344e7ce35ffc3ab7,Mn-Fe-Co-Cu-Sn-Ta|Fe0.5Co0.3Ta0.2,Mn-Fe-Co-Cu-Sn-Ta,Fe0.5Co0.3Ta0.2,3,0,0.5,0.3,0,0,0,0,0.2,0,0,0
sample_34641d31eaa9ef15,Mn-Fe-Co-Ni-Cu-Ta|Fe0.3Co0.1Cu0.6,Mn-Fe-Co-Ni-Cu-Ta,Fe0.3Co0.1Cu0.6,3,0,0.3,0.1,0,0,0,0.6,0,0,0,0
sample_3464b55202b960f0,Ca-Mn-Co-Ni-Sn-Sb|Ni0.3Sn0.3Sb0.4,Ca-Mn-Co-Ni-Sn-Sb,Ni0.3Sn0.3Sb0.4,3,0,0,0,0.3,0,0,0,0,0.3,0,0.4
sample_34a47a4d45a1a82c,Mn-Fe-Co-Cu-Sn-Ta|Mn0.2Fe0.7Co0.1,Mn-Fe-Co-Cu-Sn-Ta,Mn0.2Fe0.7Co0.1,3,0.2,0.7,0.1,0,0,0,0,0,0,0,0
sample_34a7a2a67973bcbd,Mn-Fe-Co-Ni-La-Ce|Mn0.3Fe0.6Co0.1,Mn-Fe-Co-Ni-La-Ce,Mn0.3Fe0.6Co0.1,3,0.3,0.6,0.1,0,0,0,0,0,0,0,0
sample_34b8b7634b270bbd,Mn-Fe-Co-Ni-La-Ce|Mn0.2Ni0.2La0.6,Mn-Fe-Co-Ni-La-Ce,Mn0.2Ni0.2La0.6,3,0.2,0,0,0.2,0.6,0,0,0,0,0,0
sample_34c743324f71e527,Mn-Fe-Co-Ni-Cu-Ta|Fe0.6Ni0.3Ta0.1,Mn-Fe-Co-Ni-Cu-Ta,Fe0.6Ni0.3Ta0.1,3,0,0.6,0,0.3,0,0,0,0.1,0,0,0
sample_34d04d909db1088a,Ca-Mn-Co-Ni-Sn-Sb|Ca0.4Co0.6,Ca-Mn-Co-Ni-Sn-Sb,Ca0.4Co0.6,2,0,0,0.6,0,0,0,0,0,0,0.4,0
sample_3530cd7f6ececac7,Mn-Fe-Co-Cu-Sn-Ta|Fe0.2Co0.6Cu0.2,Mn-Fe-Co-Cu-Sn-Ta,Fe0.2Co0.6Cu0.2,3,0,0.2,0.6,0,0,0,0.2,0,0,0,0
sample_353beb24989ba81a,Mn-Fe-Co-Cu-Sn-Ta|Mn0.1Fe0.1Sn0.8,Mn-Fe-Co-Cu-Sn-Ta,Mn0.1Fe0.1Sn0.8,3,0.1,0.1,0,0,0,0,0,0,0.8,0,0
sample_354d6e6aed2abe1a,Ca-Mn-Co-Ni-Sn-Sb|Co0.4Ni0.3Sn0.3,Ca-Mn-Co-Ni-Sn-Sb,Co0.4Ni0.3Sn0.3,3,0,0,0.4,0.3,0,0,0,0,0.3,0,0
sample_3557d5205adb939a,Mn-Fe-Co-Ni-La-Ce|Fe0.5Co0.1La0.4,Mn-Fe-Co-Ni-La-Ce,Fe0.5Co0.1La0.4,3,0,0.5,0.1,0,0.4,0,0,0,0,0,0
sample_355af3c31c809bdf,Mn-Fe-Co-Cu-Sn-Ta|Co0.3Cu0.6Ta0.1,Mn-Fe-Co-Cu-Sn-Ta,Co0.3Cu0.6Ta0.1,3,0,0,0.3,0,0,0,0.6,0.1,0,0,0
sample_355d033d4a3d680a,Mn-Fe-Co-Cu-Sn-Ta|Fe0.4Cu0.3Ta0.3,Mn-Fe-Co-Cu-Sn-Ta,Fe0.4Cu0.3Ta0.3,3,0,0.4,0,0,0,0,0.3,0.3,0,0,0
sample_35765179f2d67944,Mn-Fe-Co-Ni-La-Ce|Mn0.4Fe0.2Co0.4,Mn-Fe-Co-Ni-La-Ce,Mn0.4Fe0.2Co0.4,3,0.4,0.2,0.4,0,0,0,0,0,0,0,0
sample_35989db66469eda3,Mn-Fe-Co-Ni-Cu-Ta|Ni0.2Cu0.3Ta0.5,Mn-Fe-Co-Ni-Cu-Ta,Ni0.2Cu0.3Ta0.5,3,0,0,0,0.2,0,0,0.3,0.5,0,0,0
sample_35ab02c3829523b7,Mn-Fe-Co-Ni-Cu-Ta|Mn0.1Co0.2Ta0.7,Mn-Fe-Co-Ni-Cu-Ta,Mn0.1Co0.2Ta0.7,3,0.1,0,0.2,0,0,0,0,0.7,0,0,0
sample_35ab5e5390a57143,Mn-Fe-Co-Cu-Sn-Ta|Mn0.5Fe0.5,Mn-Fe-Co-Cu-Sn-Ta,Mn0.5Fe0.5,2,0.5,0.5,0,0,0,0,0,0,0,0,0
sample_35ad5ffb73486600,Mn-Fe-Co-Cu-Sn-Ta|Mn0.1Fe0.1Ta0.8,Mn-Fe-Co-Cu-Sn-Ta,Mn0.1Fe0.1Ta0.8,3,0.1,0.1,0,0,0,0,0,0.8,0,0,0
sample_35c76552c4a70595,Mn-Fe-Co-Ni-La-Ce|Co0.1Ni0.7Ce0.2,Mn-Fe-Co-Ni-La-Ce,Co0.1Ni0.7Ce0.2,3,0,0,0.1,0.7,0,0.2,0,0,0,0,0
sample_35e84df5f9868fff,Ca-Mn-Co-Ni-Sn-Sb|Ca0.6Mn0.1Sb0.3,Ca-Mn-Co-Ni-Sn-Sb,Ca0.6Mn0.1Sb0.3,3,0.1,0,0,0,0,0,0,0,0,0.6,0.3
sample_35f030ab60d4b2a8,Mn-Fe-Co-Cu-Sn-Ta|Mn0.9Sn0.1,Mn-Fe-Co-Cu-Sn-Ta,Mn0.9Sn0.1,2,0.9,0,0,0,0,0,0,0,0.1,0,0
sample_360e94be0c229164,Mn-Fe-Co-Ni-Cu-Ta|Mn0.3Fe0.4Ni0.3,Mn-Fe-Co-Ni-Cu-Ta,Mn0.3Fe0.4Ni0.3,3,0.3,0.4,0,0.3,0,0,0,0,0,0,0
sample_360ecc551ff86730,Mn-Fe-Co-Ni-La-Ce|Ni0.3La0.3Ce0.4,Mn-Fe-Co-Ni-La-Ce,Ni0.3La0.3Ce0.4,3,0,0,0,0.3,0.3,0.4,0,0,0,0,0
sample_361dce27ce5af382,Mn-Fe-Co-Cu-Sn-Ta|Mn0.7Cu0.3,Mn-Fe-Co-Cu-Sn-Ta,Mn0.7Cu0.3,2,0.7,0,0,0,0,0,0.3,0,0,0,0
sample_363c57cc90dac2dd,Mn-Fe-Co-Ni-La-Ce|Fe0.2La0.6Ce0.2,Mn-Fe-Co-Ni-La-Ce,Fe0.2La0.6Ce0.2,3,0,0.2,0,0,0.6,0.2,0,0,0,0,0
sample_3646461fe8fb1d07,Ca-Mn-Co-Ni-Sn-Sb|Co0.4Ni0.4Sn0.2,Ca-Mn-Co-Ni-Sn-Sb,Co0.4Ni0.4Sn0.2,3,0,0,0.4,0.4,0,0,0,0,0.2,0,0
sample_368bf83556a90206,Ca-Mn-Co-Ni-Sn-Sb|Ca0.1Mn0.3Sb0.6,Ca-Mn-Co-Ni-Sn-Sb,Ca0.1Mn0.3Sb0.6,3,0.3,0,0,0,0,0,0,0,0,0.1,0.6
sample_369babdb858c2f52,Mn-Fe-Co-Cu-Sn-Ta|Co0.1Cu0.4Ta0.5,Mn-Fe-Co-Cu-Sn-Ta,Co0.1Cu0.4Ta0.5,3,0,0,0.1,0,0,0,0.4,0.5,0,0,0
sample_36adb293b281ff38,Ca-Mn-Co-Ni-Sn-Sb|Ca0.9Sn0.1,Ca-Mn-Co-Ni-Sn-Sb,Ca0.9Sn0.1,2,0,0,0,0,0,0,0,0,0.1,0.9,0
sample_36c544724dc09bcf,Ca-Mn-Co-Ni-Sn-Sb|Ca0.1Co0.4Sn0.5,Ca-Mn-Co-Ni-Sn-Sb,Ca0.1Co0.4Sn0.5,3,0,0,0.4,0,0,0,0,0,0.5,0.1,0
sample_36cc5db6e02b3b42,Ca-Mn-Co-Ni-Sn-Sb|Ca0.2Ni0.5Sb0.3,Ca-Mn-Co-Ni-Sn-Sb,Ca0.2Ni0.5Sb0.3,3,0,0,0,0.5,0,0,0,0,0,0.2,0.3
sample_36efc192b296dc1e,Mn-Fe-Co-Ni-Cu-Ta|Fe0.5Ta0.5,Mn-Fe-Co-Ni-Cu-Ta,Fe0.5Ta0.5,2,0,0.5,0,0,0,0,0,0.5,0,0,0
sample_36f1c3642e692a8c,Ca-Mn-Co-Ni-Sn-Sb|Mn0.1Co0.3Sb0.6,Ca-Mn-Co-Ni-Sn-Sb,Mn0.1Co0.3Sb0.6,3,0.1,0,0.3,0,0,0,0,0,0,0,0.6
sample_36fc85b84fc7faeb,Mn-Fe-Co-Cu-Sn-Ta|Fe0.4Co0.2Cu0.4,Mn-Fe-Co-Cu-Sn-Ta,Fe0.4Co0.2Cu0.4,3,0,0.4,0.2,0,0,0,0.4,0,0,0,0
sample_37007ca0814feae7,Mn-Fe-Co-Ni-La-Ce|Fe0.5Co0.1Ni0.4,Mn-Fe-Co-Ni-La-Ce,Fe0.5Co0.1Ni0.4,3,0,0.5,0.1,0.4,0,0,0,0,0,0,0
sample_370c5e41ea921600,Mn-Fe-Co-Ni-La-Ce|Mn0.2Fe0.1Co0.7,Mn-Fe-Co-Ni-La-Ce,Mn0.2Fe0.1Co0.7,3,0.2,0.1,0.7,0,0,0,0,0,0,0,0
sample_371277fa263c00b1,Mn-Fe-Co-Cu-Sn-Ta|Mn0.3Co0.7,Mn-Fe-Co-Cu-Sn-Ta,Mn0.3Co0.7,2,0.3,0,0.7,0,0,0,0,0,0,0,0
sample_3726a54bb645ea50,Mn-Fe-Co-Cu-Sn-Ta|Mn0.2Co0.7Cu0.1,Mn-Fe-Co-Cu-Sn-Ta,Mn0.2Co0.7Cu0.1,3,0.2,0,0.7,0,0,0,0.1,0,0,0,0
sample_373dc92f6ceba3ae,Mn-Fe-Co-Ni-La-Ce|Fe0.7La0.3,Mn-Fe-Co-Ni-La-Ce,Fe0.7La0.3,2,0,0.7,0,0,0.3,0,0,0,0,0,0
sample_374db8b238f5d933,Ca-Mn-Co-Ni-Sn-Sb|Ca0.3Mn0.5Ni0.2,Ca-Mn-Co-Ni-Sn-Sb,Ca0.3Mn0.5Ni0.2,3,0.5,0,0,0.2,0,0,0,0,0,0.3,0
sample_37642e3c87508527,Mn-Fe-Co-Ni-La-Ce|Mn0.4Co0.3Ni0.3,Mn-Fe-Co-Ni-La-Ce,Mn0.4Co0.3Ni0.3,3,0.4,0,0.3,0.3,0,0,0,0,0,0,0
sample_37a518adc207e176,Mn-Fe-Co-Ni-Cu-Ta|Fe0.1Co0.2Ni0.7,Mn-Fe-Co-Ni-Cu-Ta,Fe0.1Co0.2Ni0.7,3,0,0.1,0.2,0.7,0,0,0,0,0,0,0
sample_37e1652aa6dd1b71,Mn-Fe-Co-Cu-Sn-Ta|Mn0.3Cu0.4Ta0.3,Mn-Fe-Co-Cu-Sn-Ta,Mn0.3Cu0.4Ta0.3,3,0.3,0,0,0,0,0,0.4,0.3,0,0,0
sample_3830ba1827c75528,Mn-Fe-Co-Cu-Sn-Ta|Mn0.1Cu0.5Ta0.4,Mn-Fe-Co-Cu-Sn-Ta,Mn0.1Cu0.5Ta0.4,3,0.1,0,0,0,0,0,0.5,0.4,0,0,0
sample_383c66403ef42346,Mn-Fe-Co-Cu-Sn-Ta|Mn0.3Co0.4Cu0.3,Mn-Fe-Co-Cu-Sn-Ta,Mn0.3Co0.4Cu0.3,3,0.3,0,0.4,0,0,0,0.3,0,0,0,0
sample_383fda4d58345a47,Mn-Fe-Co-Ni-La-Ce|Mn0.7Fe0.2Ni0.1,Mn-Fe-Co-Ni-La-Ce,Mn0.7Fe0.2Ni0.1,3,0.7,0.2,0,0.1,0,0,0,0,0,0,0
sample_3848ecad32c0c412,Mn-Fe-Co-Cu-Sn-Ta|Fe0.3Sn0.7,Mn-Fe-Co-Cu-Sn-Ta,Fe0.3Sn0.7,2,0,0.3,0,0,0,0,0,0,0.7,0,0
sample_3850d1cdcd92ab64,Ca-Mn-Co-Ni-Sn-Sb|Ca0.9Sb0.1,Ca-Mn-Co-Ni-Sn-Sb,Ca0.9Sb0.1,2,0,0,0,0,0,0,0,0,0,0.9,0.1
sample_385200764fb04347,Ca-Mn-Co-Ni-Sn-Sb|Ca0.3Mn0.6Sb0.1,Ca-Mn-Co-Ni-Sn-Sb,Ca0.3Mn0.6Sb0.1,3,0.6,0,0,0,0,0,0,0,0,0.3,0.1
sample_3858c7beaabf8b28,Mn-Fe-Co-Ni-La-Ce|Mn0.4Fe0.2Ce0.4,Mn-Fe-Co-Ni-La-Ce,Mn0.4Fe0.2Ce0.4,3,0.4,0.2,0,0,0,0.4,0,0,0,0,0
sample_385b64378b743a57,Mn-Fe-Co-Ni-La-Ce|Ni0.6Ce0.4,Mn-Fe-Co-Ni-La-Ce,Ni0.6Ce0.4,2,0,0,0,0.6,0,0.4,0,0,0,0,0
sample_38749200fc701a6f,Mn-Fe-Co-Ni-Cu-Ta|Mn0.2Co0.4Ni0.4,Mn-Fe-Co-Ni-Cu-Ta,Mn0.2Co0.4Ni0.4,3,0.2,0,0.4,0.4,0,0,0,0,0,0,0
sample_38a60ba369f4ba9b,Mn-Fe-Co-Ni-Cu-Ta|Fe0.3Co0.3Ni0.4,Mn-Fe-Co-Ni-Cu-Ta,Fe0.3Co0.3Ni0.4,3,0,0.3,0.3,0.4,0,0,0,0,0,0,0
sample_38b20d24f640551d,Mn-Fe-Co-Ni-Cu-Ta|Fe0.7Co0.2Ni0.1,Mn-Fe-Co-Ni-Cu-Ta,Fe0.7Co0.2Ni0.1,3,0,0.7,0.2,0.1,0,0,0,0,0,0,0
sample_38d4327f3e547dac,Mn-Fe-Co-Ni-La-Ce|Fe0.9La0.1,Mn-Fe-Co-Ni-La-Ce,Fe0.9La0.1,2,0,0.9,0,0,0.1,0,0,0,0,0,0
sample_38ede3710636e57a,Mn-Fe-Co-Cu-Sn-Ta|Mn0.2Cu0.6Ta0.2,Mn-Fe-Co-Cu-Sn-Ta,Mn0.2Cu0.6Ta0.2,3,0.2,0,0,0,0,0,0.6,0.2,0,0,0
sample_38f2a7cb194097d8,Mn-Fe-Co-Ni-La-Ce|Mn0.7Co0.1Ni0.2,Mn-Fe-Co-Ni-La-Ce,Mn0.7Co0.1Ni0.2,3,0.7,0,0.1,0.2,0,0,0,0,0,0,0
sample_38fb0515c47da053,Ca-Mn-Co-Ni-Sn-Sb|Ca0.2Ni0.6Sb0.2,Ca-Mn-Co-Ni-Sn-Sb,Ca0.2Ni0.6Sb0.2,3,0,0,0,0.6,0,0,0,0,0,0.2,0.2
sample_39105d7ea787c704,Ca-Mn-Co-Ni-Sn-Sb|Ca0.6Mn0.3Co0.1,Ca-Mn-Co-Ni-Sn-Sb,Ca0.6Mn0.3Co0.1,3,0.3,0,0.1,0,0,0,0,0,0,0.6,0
sample_39157b957e0881c9,Ca-Mn-Co-Ni-Sn-Sb|Co0.1Ni0.1Sn0.8,Ca-Mn-Co-Ni-Sn-Sb,Co0.1Ni0.1Sn0.8,3,0,0,0.1,0.1,0,0,0,0,0.8,0,0
sample_39440d39bbb094e1,Mn-Fe-Co-Cu-Sn-Ta|Co0.2Ta0.8,Mn-Fe-Co-Cu-Sn-Ta,Co0.2Ta0.8,2,0,0,0.2,0,0,0,0,0.8,0,0,0
sample_3945e0282cc19698,Mn-Fe-Co-Ni-La-Ce|Mn0.6Ce0.4,Mn-Fe-Co-Ni-La-Ce,Mn0.6Ce0.4,2,0.6,0,0,0,0,0.4,0,0,0,0,0
sample_398fab5b49a0203b,Mn-Fe-Co-Cu-Sn-Ta|Mn0.1Fe0.3Cu0.6,Mn-Fe-Co-Cu-Sn-Ta,Mn0.1Fe0.3Cu0.6,3,0.1,0.3,0,0,0,0,0.6,0,0,0,0
sample_39a6061e116d648e,Mn-Fe-Co-Ni-Cu-Ta|Ni0.6Cu0.3Ta0.1,Mn-Fe-Co-Ni-Cu-Ta,Ni0.6Cu0.3Ta0.1,3,0,0,0,0.6,0,0,0.3,0.1,0,0,0
sample_39b420585abff5a1,Mn-Fe-Co-Ni-Cu-Ta|Mn0.1Fe0.5Ni0.4,Mn-Fe-Co-Ni-Cu-Ta,Mn0.1Fe0.5Ni0.4,3,0.1,0.5,0,0.4,0,0,0,0,0,0,0
sample_39ba1b5dd2f14812,Mn-Fe-Co-Ni-La-Ce|Co0.4Ni0.5La0.1,Mn-Fe-Co-Ni-La-Ce,Co0.4Ni0.5La0.1,3,0,0,0.4,0.5,0.1,0,0,0,0,0,0
sample_39ffeb5eae0d4211,Mn-Fe-Co-Ni-La-Ce|Mn0.3Co0.2La0.5,Mn-Fe-Co-Ni-La-Ce,Mn0.3Co0.2La0.5,3,0.3,0,0.2,0,0.5,0,0,0,0,0,0
sample_3a16e4d47957050a,Mn-Fe-Co-Ni-Cu-Ta|Fe0.1Ni0.8Ta0.1,Mn-Fe-Co-Ni-Cu-Ta,Fe0.1Ni0.8Ta0.1,3,0,0.1,0,0.8,0,0,0,0.1,0,0,0
sample_3a22841b74626c12,Mn-Fe-Co-Ni-La-Ce|Ni0.1La0.7Ce0.2,Mn-Fe-Co-Ni-La-Ce,Ni0.1La0.7Ce0.2,3,0,0,0,0.1,0.7,0.2,0,0,0,0,0
sample_3a299ddfa6c7103d,Mn-Fe-Co-Ni-La-Ce|Fe0.3Ni0.1Ce0.6,Mn-Fe-Co-Ni-La-Ce,Fe0.3Ni0.1Ce0.6,3,0,0.3,0,0.1,0,0.6,0,0,0,0,0
sample_3a3a1c085c01a011,Ca-Mn-Co-Ni-Sn-Sb|Ca0.7Co0.1Ni0.2,Ca-Mn-Co-Ni-Sn-Sb,Ca0.7Co0.1Ni0.2,3,0,0,0.1,0.2,0,0,0,0,0,0.7,0
sample_3a4d3fe287a0c879,Mn-Fe-Co-Ni-La-Ce|Co0.7Ni0.2La0.1,Mn-Fe-Co-Ni-La-Ce,Co0.7Ni0.2La0.1,3,0,0,0.7,0.2,0.1,0,0,0,0,0,0
sample_3a503cd96568db88,Mn-Fe-Co-Cu-Sn-Ta|Mn0.5Co0.3Cu0.2,Mn-Fe-Co-Cu-Sn-Ta,Mn0.5Co0.3Cu0.2,3,0.5,0,0.3,0,0,0,0.2,0,0,0,0
sample_3a755cdf0731e8d8,Mn-Fe-Co-Cu-Sn-Ta|Fe0.5Co0.5,Mn-Fe-Co-Cu-Sn-Ta,Fe0.5Co0.5,2,0,0.5,0.5,0,0,0,0,0,0,0,0
sample_3a78ab0f4eec2574,Mn-Fe-Co-Cu-Sn-Ta|Mn0.2Cu0.1Ta0.7,Mn-Fe-Co-Cu-Sn-Ta,Mn0.2Cu0.1Ta0.7,3,0.2,0,0,0,0,0,0.1,0.7,0,0,0
sample_3ad027a43a0ea95e,Mn-Fe-Co-Ni-La-Ce|Fe0.5Co0.2Ce0.3,Mn-Fe-Co-Ni-La-Ce,Fe0.5Co0.2Ce0.3,3,0,0.5,0.2,0,0,0.3,0,0,0,0,0
sample_3ae8764194921f1c,Mn-Fe-Co-Ni-La-Ce|Mn0.1Co0.9,Mn-Fe-Co-Ni-La-Ce,Mn0.1Co0.9,2,0.1,0,0.9,0,0,0,0,0,0,0,0
sample_3b021e617d77cb8d,Mn-Fe-Co-Ni-Cu-Ta|Co0.1Ni0.6Cu0.3,Mn-Fe-Co-Ni-Cu-Ta,Co0.1Ni0.6Cu0.3,3,0,0,0.1,0.6,0,0,0.3,0,0,0,0
sample_3b083bd71cfc61ab,Mn-Fe-Co-Ni-Cu-Ta|Mn0.3Fe0.5Ni0.2,Mn-Fe-Co-Ni-Cu-Ta,Mn0.3Fe0.5Ni0.2,3,0.3,0.5,0,0.2,0,0,0,0,0,0,0
sample_3b0df3b628746ec8,Mn-Fe-Co-Cu-Sn-Ta|Co0.8Ta0.2,Mn-Fe-Co-Cu-Sn-Ta,Co0.8Ta0.2,2,0,0,0.8,0,0,0,0,0.2,0,0,0
sample_3b1194ea423ce46e,Mn-Fe-Co-Cu-Sn-Ta|Mn0.2Cu0.3Sn0.5,Mn-Fe-Co-Cu-Sn-Ta,Mn0.2Cu0.3Sn0.5,3,0.2,0,0,0,0,0,0.3,0,0.5,0,0
sample_3b1461df8cd893dc,Mn-Fe-Co-Cu-Sn-Ta|Co0.5Cu0.1Ta0.4,Mn-Fe-Co-Cu-Sn-Ta,Co0.5Cu0.1Ta0.4,3,0,0,0.5,0,0,0,0.1,0.4,0,0,0
sample_3b1d453beb97b6c8,Ca-Mn-Co-Ni-Sn-Sb|Ca0.3Co0.5Sn0.2,Ca-Mn-Co-Ni-Sn-Sb,Ca0.3Co0.5Sn0.2,3,0,0,0.5,0,0,0,0,0,0.2,0.3,0
sample_3b2f289d9dc40700,Mn-Fe-Co-Ni-La-Ce|Mn0.1Ni0.8Ce0.1,Mn-Fe-Co-Ni-La-Ce,Mn0.1Ni0.8Ce0.1,3,0.1,0,0,0.8,0,0.1,0,0,0,0,0
sample_3b340fafc945cb04,Ca-Mn-Co-Ni-Sn-Sb|Ca0.5Mn0.4Ni0.1,Ca-Mn-Co-Ni-Sn-Sb,Ca0.5Mn0.4Ni0.1,3,0.4,0,0,0.1,0,0,0,0,0,0.5,0
sample_3b394500779f6530,Mn-Fe-Co-Cu-Sn-Ta|Fe0.7Cu0.1Sn0.2,Mn-Fe-Co-Cu-Sn-Ta,Fe0.7Cu0.1Sn0.2,3,0,0.7,0,0,0,0,0.1,0,0.2,0,0
sample_3b3d5fee95b21045,Mn-Fe-Co-Ni-La-Ce|Fe0.1Ni0.7La0.2,Mn-Fe-Co-Ni-La-Ce,Fe0.1Ni0.7La0.2,3,0,0.1,0,0.7,0.2,0,0,0,0,0,0
sample_3b88ca20c46a8392,Mn-Fe-Co-Ni-La-Ce|Co0.3Ni0.5La0.2,Mn-Fe-Co-Ni-La-Ce,Co0.3Ni0.5La0.2,3,0,0,0.3,0.5,0.2,0,0,0,0,0,0
sample_3b9231f4cb281e0a,Mn-Fe-Co-Cu-Sn-Ta|Fe0.5Sn0.2Ta0.3,Mn-Fe-Co-Cu-Sn-Ta,Fe0.5Sn0.2Ta0.3,3,0,0.5,0,0,0,0,0,0.3,0.2,0,0
sample_3b9d90aff0e6cb92,Mn-Fe-Co-Ni-La-Ce|Co0.5Ni0.1Ce0.4,Mn-Fe-Co-Ni-La-Ce,Co0.5Ni0.1Ce0.4,3,0,0,0.5,0.1,0,0.4,0,0,0,0,0
sample_3bc0eec49cbaee02,Mn-Fe-Co-Ni-La-Ce|Co0.3La0.2Ce0.5,Mn-Fe-Co-Ni-La-Ce,Co0.3La0.2Ce0.5,3,0,0,0.3,0,0.2,0.5,0,0,0,0,0
sample_3bd53cc3b4951f4e,Mn-Fe-Co-Ni-Cu-Ta|Mn0.1Fe0.9,Mn-Fe-Co-Ni-Cu-Ta,Mn0.1Fe0.9,2,0.1,0.9,0,0,0,0,0,0,0,0,0
sample_3bec6d51257308f0,Ca-Mn-Co-Ni-Sn-Sb|Co0.4Ni0.1Sn0.5,Ca-Mn-Co-Ni-Sn-Sb,Co0.4Ni0.1Sn0.5,3,0,0,0.4,0.1,0,0,0,0,0.5,0,0
sample_3c0e50a44ddef60c,Ca-Mn-Co-Ni-Sn-Sb|Ca0.6Sn0.4,Ca-Mn-Co-Ni-Sn-Sb,Ca0.6Sn0.4,2,0,0,0,0,0,0,0,0,0.4,0.6,0
sample_3c297e472ababa6d,Ca-Mn-Co-Ni-Sn-Sb|Ca0.7Mn0.1Ni0.2,Ca-Mn-Co-Ni-Sn-Sb,Ca0.7Mn0.1Ni0.2,3,0.1,0,0,0.2,0,0,0,0,0,0.7,0
sample_3c68da162dba2448,Ca-Mn-Co-Ni-Sn-Sb|Ni0.4Sn0.3Sb0.3,Ca-Mn-Co-Ni-Sn-Sb,Ni0.4Sn0.3Sb0.3,3,0,0,0,0.4,0,0,0,0,0.3,0,0.3
sample_3c695cf1a2e4499d,Mn-Fe-Co-Cu-Sn-Ta|Co0.3Ta0.7,Mn-Fe-Co-Cu-Sn-Ta,Co0.3Ta0.7,2,0,0,0.3,0,0,0,0,0.7,0,0,0
sample_3c69d8129604a0ad,Mn-Fe-Co-Ni-Cu-Ta|Mn0.2Cu0.5Ta0.3,Mn-Fe-Co-Ni-Cu-Ta,Mn0.2Cu0.5Ta0.3,3,0.2,0,0,0,0,0,0.5,0.3,0,0,0
sample_3c6da9bb0dd4731a,Mn-Fe-Co-Ni-Cu-Ta|Mn0.1Co0.5Cu0.4,Mn-Fe-Co-Ni-Cu-Ta,Mn0.1Co0.5Cu0.4,3,0.1,0,0.5,0,0,0,0.4,0,0,0,0
sample_3c6de635d421999b,Mn-Fe-Co-Ni-Cu-Ta|Fe0.7Cu0.3,Mn-Fe-Co-Ni-Cu-Ta,Fe0.7Cu0.3,2,0,0.7,0,0,0,0,0.3,0,0,0,0
sample_3c6eadd280b7caa7,Mn-Fe-Co-Ni-Cu-Ta|Mn0.7Cu0.2Ta0.1,Mn-Fe-Co-Ni-Cu-Ta,Mn0.7Cu0.2Ta0.1,3,0.7,0,0,0,0,0,0.2,0.1,0,0,0
sample_3c7111984510d7d5,Mn-Fe-Co-Cu-Sn-Ta|Mn0.6Co0.3Ta0.1,Mn-Fe-Co-Cu-Sn-Ta,Mn0.6Co0.3Ta0.1,3,0.6,0,0.3,0,0,0,0,0.1,0,0,0
sample_3c7b4f7c9e7d0329,Mn-Fe-Co-Ni-La-Ce|La0.7Ce0.3,Mn-Fe-Co-Ni-La-Ce,La0.7Ce0.3,2,0,0,0,0,0.7,0.3,0,0,0,0,0
sample_3c80d9ac9a237637,Ca-Mn-Co-Ni-Sn-Sb|Ni0.2Sn0.5Sb0.3,Ca-Mn-Co-Ni-Sn-Sb,Ni0.2Sn0.5Sb0.3,3,0,0,0,0.2,0,0,0,0,0.5,0,0.3
sample_3c8382e396bec837,Mn-Fe-Co-Ni-Cu-Ta|Co0.4Cu0.1Ta0.5,Mn-Fe-Co-Ni-Cu-Ta,Co0.4Cu0.1Ta0.5,3,0,0,0.4,0,0,0,0.1,0.5,0,0,0
sample_3c97246227fa0378,Mn-Fe-Co-Cu-Sn-Ta|Mn0.6Co0.2Ta0.2,Mn-Fe-Co-Cu-Sn-Ta,Mn0.6Co0.2Ta0.2,3,0.6,0,0.2,0,0,0,0,0.2,0,0,0
sample_3c9fb26e0df95160,Mn-Fe-Co-Ni-La-Ce|Mn0.2Co0.3La0.5,Mn-Fe-Co-Ni-La-Ce,Mn0.2Co0.3La0.5,3,0.2,0,0.3,0,0.5,0,0,0,0,0,0
sample_3ca06ee24031ab22,Mn-Fe-Co-Cu-Sn-Ta|Sn0.8Ta0.2,Mn-Fe-Co-Cu-Sn-Ta,Sn0.8Ta0.2,2,0,0,0,0,0,0,0,0.2,0.8,0,0
sample_3ca160c4951a372a,Mn-Fe-Co-Ni-Cu-Ta|Mn0.1Co0.8Ni0.1,Mn-Fe-Co-Ni-Cu-Ta,Mn0.1Co0.8Ni0.1,3,0.1,0,0.8,0.1,0,0,0,0,0,0,0
sample_3cf27b683ef0a6a2,Mn-Fe-Co-Ni-Cu-Ta|Ni0.8Cu0.1Ta0.1,Mn-Fe-Co-Ni-Cu-Ta,Ni0.8Cu0.1Ta0.1,3,0,0,0,0.8,0,0,0.1,0.1,0,0,0
sample_3cfc1db284f525a2,Mn-Fe-Co-Ni-La-Ce|Mn0.4Ni0.5Ce0.1,Mn-Fe-Co-Ni-La-Ce,Mn0.4Ni0.5Ce0.1,3,0.4,0,0,0.5,0,0.1,0,0,0,0,0
sample_3d00868bff5a424a,Mn-Fe-Co-Cu-Sn-Ta|Mn0.7Fe0.1Sn0.2,Mn-Fe-Co-Cu-Sn-Ta,Mn0.7Fe0.1Sn0.2,3,0.7,0.1,0,0,0,0,0,0,0.2,0,0
sample_3d14b3c282477b6b,Mn-Fe-Co-Ni-Cu-Ta|Co0.6Ni0.1Cu0.3,Mn-Fe-Co-Ni-Cu-Ta,Co0.6Ni0.1Cu0.3,3,0,0,0.6,0.1,0,0,0.3,0,0,0,0
sample_3d2322f9b96bf311,Mn-Fe-Co-Ni-Cu-Ta|Co0.2Ni0.2Cu0.6,Mn-Fe-Co-Ni-Cu-Ta,Co0.2Ni0.2Cu0.6,3,0,0,0.2,0.2,0,0,0.6,0,0,0,0
sample_3d2bab2b3a4967ff,Mn-Fe-Co-Ni-Cu-Ta|Co0.5Ni0.1Ta0.4,Mn-Fe-Co-Ni-Cu-Ta,Co0.5Ni0.1Ta0.4,3,0,0,0.5,0.1,0,0,0,0.4,0,0,0
sample_3d5e43b2d14ffa69,Ca-Mn-Co-Ni-Sn-Sb|Mn0.3Co0.5Sn0.2,Ca-Mn-Co-Ni-Sn-Sb,Mn0.3Co0.5Sn0.2,3,0.3,0,0.5,0,0,0,0,0,0.2,0,0
sample_3d796081bc5c3be7,Mn-Fe-Co-Ni-La-Ce|Co0.4Ni0.5Ce0.1,Mn-Fe-Co-Ni-La-Ce,Co0.4Ni0.5Ce0.1,3,0,0,0.4,0.5,0,0.1,0,0,0,0,0
sample_3db268b9c904db07,Mn-Fe-Co-Cu-Sn-Ta|Mn0.4Fe0.6,Mn-Fe-Co-Cu-Sn-Ta,Mn0.4Fe0.6,2,0.4,0.6,0,0,0,0,0,0,0,0,0
sample_3dbad92a31f6e381,Mn-Fe-Co-Ni-Cu-Ta|Mn0.3Fe0.4Cu0.3,Mn-Fe-Co-Ni-Cu-Ta,Mn0.3Fe0.4Cu0.3,3,0.3,0.4,0,0,0,0,0.3,0,0,0,0
sample_3dc53c7855191f6e,Mn-Fe-Co-Ni-La-Ce|Mn0.1Fe0.8Ce0.1,Mn-Fe-Co-Ni-La-Ce,Mn0.1Fe0.8Ce0.1,3,0.1,0.8,0,0,0,0.1,0,0,0,0,0
sample_3dd014bdd6352505,Mn-Fe-Co-Ni-Cu-Ta|Mn0.1Ni0.4Cu0.5,Mn-Fe-Co-Ni-Cu-Ta,Mn0.1Ni0.4Cu0.5,3,0.1,0,0,0.4,0,0,0.5,0,0,0,0
sample_3dd39c7d48a7b36f,Mn-Fe-Co-Cu-Sn-Ta|Fe0.1Cu0.7Ta0.2,Mn-Fe-Co-Cu-Sn-Ta,Fe0.1Cu0.7Ta0.2,3,0,0.1,0,0,0,0,0.7,0.2,0,0,0
sample_3de0b87150f5c490,Mn-Fe-Co-Cu-Sn-Ta|Fe0.1Cu0.7Sn0.2,Mn-Fe-Co-Cu-Sn-Ta,Fe0.1Cu0.7Sn0.2,3,0,0.1,0,0,0,0,0.7,0,0.2,0,0
sample_3dfe73b9c35cf7ff,Ca-Mn-Co-Ni-Sn-Sb|Co0.1Sn0.2Sb0.7,Ca-Mn-Co-Ni-Sn-Sb,Co0.1Sn0.2Sb0.7,3,0,0,0.1,0,0,0,0,0,0.2,0,0.7
sample_3e0083bd88e8f34a,Mn-Fe-Co-Cu-Sn-Ta|Mn0.6Fe0.1Co0.3,Mn-Fe-Co-Cu-Sn-Ta,Mn0.6Fe0.1Co0.3,3,0.6,0.1,0.3,0,0,0,0,0,0,0,0
sample_3e11294aa1447044,Mn-Fe-Co-Cu-Sn-Ta|Mn0.3Fe0.4Sn0.3,Mn-Fe-Co-Cu-Sn-Ta,Mn0.3Fe0.4Sn0.3,3,0.3,0.4,0,0,0,0,0,0,0.3,0,0
sample_3e16fb5a4f082219,Mn-Fe-Co-Ni-Cu-Ta|Fe0.5Co0.2Ni0.3,Mn-Fe-Co-Ni-Cu-Ta,Fe0.5Co0.2Ni0.3,3,0,0.5,0.2,0.3,0,0,0,0,0,0,0
sample_3e1bf34e6a2afb2d,Mn-Fe-Co-Cu-Sn-Ta|Mn0.8Co0.1Ta0.1,Mn-Fe-Co-Cu-Sn-Ta,Mn0.8Co0.1Ta0.1,3,0.8,0,0.1,0,0,0,0,0.1,0,0,0
sample_3e29259646d4ffaa,Mn-Fe-Co-Ni-La-Ce|Co0.2La0.4Ce0.4,Mn-Fe-Co-Ni-La-Ce,Co0.2La0.4Ce0.4,3,0,0,0.2,0,0.4,0.4,0,0,0,0,0
sample_3e578786edbd2bcc,Ca-Mn-Co-Ni-Sn-Sb|Mn0.6Co0.3Sn0.1,Ca-Mn-Co-Ni-Sn-Sb,Mn0.6Co0.3Sn0.1,3,0.6,0,0.3,0,0,0,0,0,0.1,0,0
sample_3e674d5c628bee43,Mn-Fe-Co-Cu-Sn-Ta|Co0.3Cu0.3Ta0.4,Mn-Fe-Co-Cu-Sn-Ta,Co0.3Cu0.3Ta0.4,3,0,0,0.3,0,0,0,0.3,0.4,0,0,0
sample_3e6cfb42e381c35c,Mn-Fe-Co-Cu-Sn-Ta|Mn0.6Cu0.1Sn0.3,Mn-Fe-Co-Cu-Sn-Ta,Mn0.6Cu0.1Sn0.3,3,0.6,0,0,0,0,0,0.1,0,0.3,0,0
sample_3e84c71c2d4e664c,Ca-Mn-Co-Ni-Sn-Sb|Ca0.2Co0.3Sn0.5,Ca-Mn-Co-Ni-Sn-Sb,Ca0.2Co0.3Sn0.5,3,0,0,0.3,0,0,0,0,0,0.5,0.2,0
sample_3ea79113d90b13a1,Ca-Mn-Co-Ni-Sn-Sb|Co0.2Ni0.7Sn0.1,Ca-Mn-Co-Ni-Sn-Sb,Co0.2Ni0.7Sn0.1,3,0,0,0.2,0.7,0,0,0,0,0.1,0,0
sample_3eae484fee6f088d,Mn-Fe-Co-Ni-Cu-Ta|Mn0.1Fe0.6Ta0.3,Mn-Fe-Co-Ni-Cu-Ta,Mn0.1Fe0.6Ta0.3,3,0.1,0.6,0,0,0,0,0,0.3,0,0,0
sample_3ebc2e206078faae,Ca-Mn-Co-Ni-Sn-Sb|Ni0.1Sn0.3Sb0.6,Ca-Mn-Co-Ni-Sn-Sb,Ni0.1Sn0.3Sb0.6,3,0,0,0,0.1,0,0,0,0,0.3,0,0.6
sample_3ebea2f735978acc,Mn-Fe-Co-Ni-La-Ce|Mn0.1Fe0.8Co0.1,Mn-Fe-Co-Ni-La-Ce,Mn0.1Fe0.8Co0.1,3,0.1,0.8,0.1,0,0,0,0,0,0,0,0
sample_3eca9820515e33b7,Ca-Mn-Co-Ni-Sn-Sb|Ca0.4Ni0.4Sn0.2,Ca-Mn-Co-Ni-Sn-Sb,Ca0.4Ni0.4Sn0.2,3,0,0,0,0.4,0,0,0,0,0.2,0.4,0
sample_3f17b6595d0782ae,Mn-Fe-Co-Ni-La-Ce|Mn0.1Co0.8La0.1,Mn-Fe-Co-Ni-La-Ce,Mn0.1Co0.8La0.1,3,0.1,0,0.8,0,0.1,0,0,0,0,0,0
sample_3f28a6ddca47b0c7,Mn-Fe-Co-Ni-La-Ce|Mn0.5Fe0.1Ce0.4,Mn-Fe-Co-Ni-La-Ce,Mn0.5Fe0.1Ce0.4,3,0.5,0.1,0,0,0,0.4,0,0,0,0,0
sample_3f40beaf353684c1,Mn-Fe-Co-Ni-La-Ce|Mn0.9Co0.1,Mn-Fe-Co-Ni-La-Ce,Mn0.9Co0.1,2,0.9,0,0.1,0,0,0,0,0,0,0,0
sample_3f460df874e0e384,Mn-Fe-Co-Ni-La-Ce|Fe0.7Co0.2Ce0.1,Mn-Fe-Co-Ni-La-Ce,Fe0.7Co0.2Ce0.1,3,0,0.7,0.2,0,0,0.1,0,0,0,0,0
sample_3f50d019967c44f4,Ca-Mn-Co-Ni-Sn-Sb|Mn0.6Ni0.1Sn0.3,Ca-Mn-Co-Ni-Sn-Sb,Mn0.6Ni0.1Sn0.3,3,0.6,0,0,0.1,0,0,0,0,0.3,0,0
sample_3f5fd55ba72b9af1,Mn-Fe-Co-Ni-La-Ce|Fe0.3La0.5Ce0.2,Mn-Fe-Co-Ni-La-Ce,Fe0.3La0.5Ce0.2,3,0,0.3,0,0,0.5,0.2,0,0,0,0,0
sample_3f68a6df40fc5f03,Mn-Fe-Co-Ni-Cu-Ta|Mn0.3Fe0.3Ta0.4,Mn-Fe-Co-Ni-Cu-Ta,Mn0.3Fe0.3Ta0.4,3,0.3,0.3,0,0,0,0,0,0.4,0,0,0
sample_3f9885f9b668cced,Ca-Mn-Co-Ni-Sn-Sb|Mn0.2Co0.2Sb0.6,Ca-Mn-Co-Ni-Sn-Sb,Mn0.2Co0.2Sb0.6,3,0.2,0,0.2,0,0,0,0,0,0,0,0.6
sample_3f9b66fde7ff3bf5,Mn-Fe-Co-Ni-Cu-Ta|Mn0.5Ni0.2Cu0.3,Mn-Fe-Co-Ni-Cu-Ta,Mn0.5Ni0.2Cu0.3,3,0.5,0,0,0.2,0,0,0.3,0,0,0,0
sample_3fad2ed241a89d5a,Mn-Fe-Co-Ni-Cu-Ta|Mn0.3Ni0.1Ta0.6,Mn-Fe-Co-Ni-Cu-Ta,Mn0.3Ni0.1Ta0.6,3,0.3,0,0,0.1,0,0,0,0.6,0,0,0
sample_3fb930abbcb3a213,Mn-Fe-Co-Ni-La-Ce|Mn0.3Fe0.6Ni0.1,Mn-Fe-Co-Ni-La-Ce,Mn0.3Fe0.6Ni0.1,3,0.3,0.6,0,0.1,0,0,0,0,0,0,0
sample_3fe3eeb6686605cd,Ca-Mn-Co-Ni-Sn-Sb|Ca0.1Ni0.7Sb0.2,Ca-Mn-Co-Ni-Sn-Sb,Ca0.1Ni0.7Sb0.2,3,0,0,0,0.7,0,0,0,0,0,0.1,0.2
sample_3fffd61fae3b6e80,Mn-Fe-Co-Ni-Cu-Ta|Mn0.7Co0.2Cu0.1,Mn-Fe-Co-Ni-Cu-Ta,Mn0.7Co0.2Cu0.1,3,0.7,0,0.2,0,0,0,0.1,0,0,0,0
sample_400510c1510343ff,Mn-Fe-Co-Ni-La-Ce|Co0.1La0.2Ce0.7,Mn-Fe-Co-Ni-La-Ce,Co0.1La0.2Ce0.7,3,0,0,0.1,0,0.2,0.7,0,0,0,0,0
sample_400e5de3f9bd049b,Mn-Fe-Co-Cu-Sn-Ta|Fe0.4Co0.5Sn0.1,Mn-Fe-Co-Cu-Sn-Ta,Fe0.4Co0.5Sn0.1,3,0,0.4,0.5,0,0,0,0,0,0.1,0,0
sample_4012e401f4448d01,Mn-Fe-Co-Ni-Cu-Ta|Fe0.1Co0.5Ta0.4,Mn-Fe-Co-Ni-Cu-Ta,Fe0.1Co0.5Ta0.4,3,0,0.1,0.5,0,0,0,0,0.4,0,0,0
sample_40136f42c42f84d9,Ca-Mn-Co-Ni-Sn-Sb|Mn0.4Co0.3Sb0.3,Ca-Mn-Co-Ni-Sn-Sb,Mn0.4Co0.3Sb0.3,3,0.4,0,0.3,0,0,0,0,0,0,0,0.3
sample_401f247439d95955,Mn-Fe-Co-Cu-Sn-Ta|Fe0.1Co0.1Ta0.8,Mn-Fe-Co-Cu-Sn-Ta,Fe0.1Co0.1Ta0.8,3,0,0.1,0.1,0,0,0,0,0.8,0,0,0
sample_402c54370b196ee8,Mn-Fe-Co-Ni-La-Ce|Mn0.1Co0.7Ce0.2,Mn-Fe-Co-Ni-La-Ce,Mn0.1Co0.7Ce0.2,3,0.1,0,0.7,0,0,0.2,0,0,0,0,0
sample_404fb1e926ed0148,Mn-Fe-Co-Ni-Cu-Ta|Fe0.3Cu0.3Ta0.4,Mn-Fe-Co-Ni-Cu-Ta,Fe0.3Cu0.3Ta0.4,3,0,0.3,0,0,0,0,0.3,0.4,0,0,0
sample_4052a3b5ece9ae31,Mn-Fe-Co-Ni-La-Ce|Fe0.5Co0.3La0.2,Mn-Fe-Co-Ni-La-Ce,Fe0.5Co0.3La0.2,3,0,0.5,0.3,0,0.2,0,0,0,0,0,0
sample_40539e59a53ac82d,Mn-Fe-Co-Ni-La-Ce|Mn0.5Fe0.3Ni0.2,Mn-Fe-Co-Ni-La-Ce,Mn0.5Fe0.3Ni0.2,3,0.5,0.3,0,0.2,0,0,0,0,0,0,0
sample_405c376864f2b263,Mn-Fe-Co-Ni-La-Ce|Fe0.2Ni0.2La0.6,Mn-Fe-Co-Ni-La-Ce,Fe0.2Ni0.2La0.6,3,0,0.2,0,0.2,0.6,0,0,0,0,0,0
sample_405ee1bd54de7d22,Ca-Mn-Co-Ni-Sn-Sb|Mn0.1Sn0.9,Ca-Mn-Co-Ni-Sn-Sb,Mn0.1Sn0.9,2,0.1,0,0,0,0,0,0,0,0.9,0,0
sample_405f9f9a56681766,Mn-Fe-Co-Cu-Sn-Ta|Mn0.7Co0.1Sn0.2,Mn-Fe-Co-Cu-Sn-Ta,Mn0.7Co0.1Sn0.2,3,0.7,0,0.1,0,0,0,0,0,0.2,0,0
sample_40b4cb55f4176291,Mn-Fe-Co-Ni-La-Ce|Mn0.1Ni0.8La0.1,Mn-Fe-Co-Ni-La-Ce,Mn0.1Ni0.8La0.1,3,0.1,0,0,0.8,0.1,0,0,0,0,0,0
sample_40bf4101ba38f3c2,Mn-Fe-Co-Ni-La-Ce|Mn0.3La0.5Ce0.2,Mn-Fe-Co-Ni-La-Ce,Mn0.3La0.5Ce0.2,3,0.3,0,0,0,0.5,0.2,0,0,0,0,0
sample_40c05c4f4680d66a,Mn-Fe-Co-Ni-Cu-Ta|Fe0.6Cu0.1Ta0.3,Mn-Fe-Co-Ni-Cu-Ta,Fe0.6Cu0.1Ta0.3,3,0,0.6,0,0,0,0,0.1,0.3,0,0,0
sample_40d7b80398a6a43a,Mn-Fe-Co-Ni-Cu-Ta|Fe0.4Cu0.4Ta0.2,Mn-Fe-Co-Ni-Cu-Ta,Fe0.4Cu0.4Ta0.2,3,0,0.4,0,0,0,0,0.4,0.2,0,0,0
sample_40e9199083e34ee6,Mn-Fe-Co-Ni-Cu-Ta|Co0.2Ni0.3Cu0.5,Mn-Fe-Co-Ni-Cu-Ta,Co0.2Ni0.3Cu0.5,3,0,0,0.2,0.3,0,0,0.5,0,0,0,0
sample_411545b16b353719,Mn-Fe-Co-Cu-Sn-Ta|Fe0.2Co0.2Cu0.6,Mn-Fe-Co-Cu-Sn-Ta,Fe0.2Co0.2Cu0.6,3,0,0.2,0.2,0,0,0,0.6,0,0,0,0
sample_4118a0473badd63e,Mn-Fe-Co-Cu-Sn-Ta|Fe0.6Sn0.4,Mn-Fe-Co-Cu-Sn-Ta,Fe0.6Sn0.4,2,0,0.6,0,0,0,0,0,0,0.4,0,0
sample_411c4674f3f07a3f,Mn-Fe-Co-Cu-Sn-Ta|Mn0.4Sn0.5Ta0.1,Mn-Fe-Co-Cu-Sn-Ta,Mn0.4Sn0.5Ta0.1,3,0.4,0,0,0,0,0,0,0.1,0.5,0,0
sample_418fdc82aba38550,Mn-Fe-Co-Ni-Cu-Ta|Mn0.7Ni0.1Cu0.2,Mn-Fe-Co-Ni-Cu-Ta,Mn0.7Ni0.1Cu0.2,3,0.7,0,0,0.1,0,0,0.2,0,0,0,0
sample_41c12c791316a055,Ca-Mn-Co-Ni-Sn-Sb|Ca0.1Co0.2Sn0.7,Ca-Mn-Co-Ni-Sn-Sb,Ca0.1Co0.2Sn0.7,3,0,0,0.2,0,0,0,0,0,0.7,0.1,0
sample_41ca072f3e1ac85f,Mn-Fe-Co-Ni-Cu-Ta|Mn0.4Cu0.6,Mn-Fe-Co-Ni-Cu-Ta,Mn0.4Cu0.6,2,0.4,0,0,0,0,0,0.6,0,0,0,0
sample_41ca79889199e1d2,Mn-Fe-Co-Cu-Sn-Ta|Co0.4Sn0.4Ta0.2,Mn-Fe-Co-Cu-Sn-Ta,Co0.4Sn0.4Ta0.2,3,0,0,0.4,0,0,0,0,0.2,0.4,0,0
sample_420b4fbafe59bf78,Mn-Fe-Co-Cu-Sn-Ta|Fe0.6Sn0.3Ta0.1,Mn-Fe-Co-Cu-Sn-Ta,Fe0.6Sn0.3Ta0.1,3,0,0.6,0,0,0,0,0,0.1,0.3,0,0
sample_421a72d0a1e1a282,Mn-Fe-Co-Ni-Cu-Ta|Fe0.6Co0.1Ni0.3,Mn-Fe-Co-Ni-Cu-Ta,Fe0.6Co0.1Ni0.3,3,0,0.6,0.1,0.3,0,0,0,0,0,0,0
sample_422861a465ed8247,Mn-Fe-Co-Ni-Cu-Ta|Fe0.4Ni0.5Ta0.1,Mn-Fe-Co-Ni-Cu-Ta,Fe0.4Ni0.5Ta0.1,3,0,0.4,0,0.5,0,0,0,0.1,0,0,0
sample_422a1e454afd79b8,Mn-Fe-Co-Cu-Sn-Ta|Mn0.7Fe0.2Ta0.1,Mn-Fe-Co-Cu-Sn-Ta,Mn0.7Fe0.2Ta0.1,3,0.7,0.2,0,0,0,0,0,0.1,0,0,0
sample_424274ca3ca823f2,Mn-Fe-Co-Ni-Cu-Ta|Co0.2Ni0.8,Mn-Fe-Co-Ni-Cu-Ta,Co0.2Ni0.8,2,0,0,0.2,0.8,0,0,0,0,0,0,0
sample_426c46e963159f72,Mn-Fe-Co-Ni-La-Ce|Co0.1Ni0.9,Mn-Fe-Co-Ni-La-Ce,Co0.1Ni0.9,2,0,0,0.1,0.9,0,0,0,0,0,0,0
sample_4279929db5b51143,Mn-Fe-Co-Ni-La-Ce|Ni0.1La0.5Ce0.4,Mn-Fe-Co-Ni-La-Ce,Ni0.1La0.5Ce0.4,3,0,0,0,0.1,0.5,0.4,0,0,0,0,0
sample_427c8e1db178db09,Ca-Mn-Co-Ni-Sn-Sb|Ca0.5Co0.3Sn0.2,Ca-Mn-Co-Ni-Sn-Sb,Ca0.5Co0.3Sn0.2,3,0,0,0.3,0,0,0,0,0,0.2,0.5,0
sample_42810a44c61dac21,Mn-Fe-Co-Ni-La-Ce|Fe0.2Ni0.4La0.4,Mn-Fe-Co-Ni-La-Ce,Fe0.2Ni0.4La0.4,3,0,0.2,0,0.4,0.4,0,0,0,0,0,0
sample_428f3256700037bf,Mn-Fe-Co-Ni-Cu-Ta|Fe0.2Co0.1Ta0.7,Mn-Fe-Co-Ni-Cu-Ta,Fe0.2Co0.1Ta0.7,3,0,0.2,0.1,0,0,0,0,0.7,0,0,0
sample_4291d038915cf54e,Ca-Mn-Co-Ni-Sn-Sb|Mn0.2Ni0.2Sb0.6,Ca-Mn-Co-Ni-Sn-Sb,Mn0.2Ni0.2Sb0.6,3,0.2,0,0,0.2,0,0,0,0,0,0,0.6
sample_429593a609f95e36,Mn-Fe-Co-Ni-La-Ce|Mn0.2Fe0.6Co0.2,Mn-Fe-Co-Ni-La-Ce,Mn0.2Fe0.6Co0.2,3,0.2,0.6,0.2,0,0,0,0,0,0,0,0
sample_42a1c3d501c59a9c,Mn-Fe-Co-Ni-Cu-Ta|Mn0.4Fe0.5Ta0.1,Mn-Fe-Co-Ni-Cu-Ta,Mn0.4Fe0.5Ta0.1,3,0.4,0.5,0,0,0,0,0,0.1,0,0,0
sample_42a229e041f87d0c,Mn-Fe-Co-Ni-La-Ce|Fe0.2Co0.5Ni0.3,Mn-Fe-Co-Ni-La-Ce,Fe0.2Co0.5Ni0.3,3,0,0.2,0.5,0.3,0,0,0,0,0,0,0
sample_42db5798ae4fe939,Mn-Fe-Co-Ni-La-Ce|Mn0.3Co0.2Ce0.5,Mn-Fe-Co-Ni-La-Ce,Mn0.3Co0.2Ce0.5,3,0.3,0,0.2,0,0,0.5,0,0,0,0,0
sample_42e33b1ddfcb19a5,Mn-Fe-Co-Cu-Sn-Ta|Mn0.1Sn0.8Ta0.1,Mn-Fe-Co-Cu-Sn-Ta,Mn0.1Sn0.8Ta0.1,3,0.1,0,0,0,0,0,0,0.1,0.8,0,0
sample_42eed9724b26f1a6,Mn-Fe-Co-Ni-Cu-Ta|Mn0.6Fe0.3Co0.1,Mn-Fe-Co-Ni-Cu-Ta,Mn0.6Fe0.3Co0.1,3,0.6,0.3,0.1,0,0,0,0,0,0,0,0
sample_42f28d382fe2b561,Mn-Fe-Co-Ni-La-Ce|Mn0.1Co0.5Ni0.4,Mn-Fe-Co-Ni-La-Ce,Mn0.1Co0.5Ni0.4,3,0.1,0,0.5,0.4,0,0,0,0,0,0,0
sample_4305944ddb0d124c,Mn-Fe-Co-Ni-Cu-Ta|Mn0.5Fe0.4Ni0.1,Mn-Fe-Co-Ni-Cu-Ta,Mn0.5Fe0.4Ni0.1,3,0.5,0.4,0,0.1,0,0,0,0,0,0,0
sample_430accf3b4b435e5,Mn-Fe-Co-Cu-Sn-Ta|Fe0.2Co0.8,Mn-Fe-Co-Cu-Sn-Ta,Fe0.2Co0.8,2,0,0.2,0.8,0,0,0,0,0,0,0,0
sample_431003ecdc18057f,Mn-Fe-Co-Ni-Cu-Ta|Mn0.2Cu0.4Ta0.4,Mn-Fe-Co-Ni-Cu-Ta,Mn0.2Cu0.4Ta0.4,3,0.2,0,0,0,0,0,0.4,0.4,0,0,0
sample_432b2a173e98478b,Mn-Fe-Co-Cu-Sn-Ta|Fe0.6Cu0.3Sn0.1,Mn-Fe-Co-Cu-Sn-Ta,Fe0.6Cu0.3Sn0.1,3,0,0.6,0,0,0,0,0.3,0,0.1,0,0
sample_43331f1e2cf883bf,Ca-Mn-Co-Ni-Sn-Sb|Ca0.5Mn0.2Sn0.3,Ca-Mn-Co-Ni-Sn-Sb,Ca0.5Mn0.2Sn0.3,3,0.2,0,0,0,0,0,0,0,0.3,0.5,0
sample_435d150509605b64,Mn-Fe-Co-Cu-Sn-Ta|Cu0.5Ta0.5,Mn-Fe-Co-Cu-Sn-Ta,Cu0.5Ta0.5,2,0,0,0,0,0,0,0.5,0.5,0,0,0
sample_435dcb152145e016,Ca-Mn-Co-Ni-Sn-Sb|Ca0.2Sb0.8,Ca-Mn-Co-Ni-Sn-Sb,Ca0.2Sb0.8,2,0,0,0,0,0,0,0,0,0,0.2,0.8
sample_437fe79364450077,Mn-Fe-Co-Cu-Sn-Ta|Fe0.3Sn0.2Ta0.5,Mn-Fe-Co-Cu-Sn-Ta,Fe0.3Sn0.2Ta0.5,3,0,0.3,0,0,0,0,0,0.5,0.2,0,0
sample_43b2e38304e047e1,Ca-Mn-Co-Ni-Sn-Sb|Ni0.6Sn0.4,Ca-Mn-Co-Ni-Sn-Sb,Ni0.6Sn0.4,2,0,0,0,0.6,0,0,0,0,0.4,0,0
sample_43b39524af97ed59,Mn-Fe-Co-Ni-La-Ce|Mn0.1Fe0.6Co0.3,Mn-Fe-Co-Ni-La-Ce,Mn0.1Fe0.6Co0.3,3,0.1,0.6,0.3,0,0,0,0,0,0,0,0
sample_43bb4dab02841dc6,Mn-Fe-Co-Ni-La-Ce|Mn0.2Fe0.5Ni0.3,Mn-Fe-Co-Ni-La-Ce,Mn0.2Fe0.5Ni0.3,3,0.2,0.5,0,0.3,0,0,0,0,0,0,0
sample_43efe7bcb391f6f3,Mn-Fe-Co-Ni-La-Ce|Mn0.8Fe0.1Ce0.1,Mn-Fe-Co-Ni-La-Ce,Mn0.8Fe0.1Ce0.1,3,0.8,0.1,0,0,0,0.1,0,0,0,0,0
sample_43f15e3c163d3acb,Ca-Mn-Co-Ni-Sn-Sb|Co0.1Ni0.5Sn0.4,Ca-Mn-Co-Ni-Sn-Sb,Co0.1Ni0.5Sn0.4,3,0,0,0.1,0.5,0,0,0,0,0.4,0,0
sample_4436783bd2b46bad,Mn-Fe-Co-Ni-La-Ce|Ni0.2La0.7Ce0.1,Mn-Fe-Co-Ni-La-Ce,Ni0.2La0.7Ce0.1,3,0,0,0,0.2,0.7,0.1,0,0,0,0,0
sample_44458abe7bf13e8c,Mn-Fe-Co-Cu-Sn-Ta|Mn0.4Cu0.4Sn0.2,Mn-Fe-Co-Cu-Sn-Ta,Mn0.4Cu0.4Sn0.2,3,0.4,0,0,0,0,0,0.4,0,0.2,0,0
sample_4449fe162b5018f4,Mn-Fe-Co-Cu-Sn-Ta|Co0.7Sn0.2Ta0.1,Mn-Fe-Co-Cu-Sn-Ta,Co0.7Sn0.2Ta0.1,3,0,0,0.7,0,0,0,0,0.1,0.2,0,0
sample_447ef536dfd2df65,Mn-Fe-Co-Ni-La-Ce|Mn0.3La0.3Ce0.4,Mn-Fe-Co-Ni-La-Ce,Mn0.3La0.3Ce0.4,3,0.3,0,0,0,0.3,0.4,0,0,0,0,0
sample_449746f78ebff9ab,Mn-Fe-Co-Ni-La-Ce|Fe0.1Co0.4La0.5,Mn-Fe-Co-Ni-La-Ce,Fe0.1Co0.4La0.5,3,0,0.1,0.4,0,0.5,0,0,0,0,0,0
sample_44b359cb4e412062,Ca-Mn-Co-Ni-Sn-Sb|Mn0.2Sn0.4Sb0.4,Ca-Mn-Co-Ni-Sn-Sb,Mn0.2Sn0.4Sb0.4,3,0.2,0,0,0,0,0,0,0,0.4,0,0.4
sample_44bd7fdc78d95df2,Mn-Fe-Co-Ni-Cu-Ta|Mn0.9Fe0.1,Mn-Fe-Co-Ni-Cu-Ta,Mn0.9Fe0.1,2,0.9,0.1,0,0,0,0,0,0,0,0,0
sample_44ca97b9e7ed921c,Mn-Fe-Co-Ni-Cu-Ta|Mn0.1Co0.5Ta0.4,Mn-Fe-Co-Ni-Cu-Ta,Mn0.1Co0.5Ta0.4,3,0.1,0,0.5,0,0,0,0,0.4,0,0,0
sample_44d6e1fb0a2f9548,Mn-Fe-Co-Ni-La-Ce|Mn0.5Co0.5,Mn-Fe-Co-Ni-La-Ce,Mn0.5Co0.5,2,0.5,0,0.5,0,0,0,0,0,0,0,0
sample_44e5c4c3784e7a38,Ca-Mn-Co-Ni-Sn-Sb|Ni0.8Sb0.2,Ca-Mn-Co-Ni-Sn-Sb,Ni0.8Sb0.2,2,0,0,0,0.8,0,0,0,0,0,0,0.2
sample_44f3ba1d43900aae,Mn-Fe-Co-Ni-Cu-Ta|Mn0.3Ni0.4Cu0.3,Mn-Fe-Co-Ni-Cu-Ta,Mn0.3Ni0.4Cu0.3,3,0.3,0,0,0.4,0,0,0.3,0,0,0,0
sample_44fb0c48ada1ecd6,Mn-Fe-Co-Ni-Cu-Ta|Co0.8Ni0.2,Mn-Fe-Co-Ni-Cu-Ta,Co0.8Ni0.2,2,0,0,0.8,0.2,0,0,0,0,0,0,0
sample_451ec00c0c35d98f,Mn-Fe-Co-Ni-Cu-Ta|Mn0.8Cu0.2,Mn-Fe-Co-Ni-Cu-Ta,Mn0.8Cu0.2,2,0.8,0,0,0,0,0,0.2,0,0,0,0
sample_45372b6e799345a4,Mn-Fe-Co-Cu-Sn-Ta|Mn0.5Sn0.1Ta0.4,Mn-Fe-Co-Cu-Sn-Ta,Mn0.5Sn0.1Ta0.4,3,0.5,0,0,0,0,0,0,0.4,0.1,0,0
sample_4553c9ec41dc4157,Mn-Fe-Co-Ni-Cu-Ta|Fe0.5Co0.2Ta0.3,Mn-Fe-Co-Ni-Cu-Ta,Fe0.5Co0.2Ta0.3,3,0,0.5,0.2,0,0,0,0,0.3,0,0,0
sample_45572a8e38c0eef2,Mn-Fe-Co-Ni-La-Ce|Mn0.6Fe0.1Ce0.3,Mn-Fe-Co-Ni-La-Ce,Mn0.6Fe0.1Ce0.3,3,0.6,0.1,0,0,0,0.3,0,0,0,0,0
sample_4558787230f3888f,Mn-Fe-Co-Cu-Sn-Ta|Mn0.5Fe0.4Co0.1,Mn-Fe-Co-Cu-Sn-Ta,Mn0.5Fe0.4Co0.1,3,0.5,0.4,0.1,0,0,0,0,0,0,0,0
sample_459f944134209a87,Ca-Mn-Co-Ni-Sn-Sb|Mn0.8Sn0.2,Ca-Mn-Co-Ni-Sn-Sb,Mn0.8Sn0.2,2,0.8,0,0,0,0,0,0,0,0.2,0,0
sample_45a2fa360f7dc290,Ca-Mn-Co-Ni-Sn-Sb|Ca0.2Ni0.6Sn0.2,Ca-Mn-Co-Ni-Sn-Sb,Ca0.2Ni0.6Sn0.2,3,0,0,0,0.6,0,0,0,0,0.2,0.2,0
sample_45abbf3394b7094c,Mn-Fe-Co-Ni-La-Ce|Mn0.2Ni0.3La0.5,Mn-Fe-Co-Ni-La-Ce,Mn0.2Ni0.3La0.5,3,0.2,0,0,0.3,0.5,0,0,0,0,0,0
sample_45e3efa6b296780e,Mn-Fe-Co-Ni-Cu-Ta|Fe0.2Ni0.1Cu0.7,Mn-Fe-Co-Ni-Cu-Ta,Fe0.2Ni0.1Cu0.7,3,0,0.2,0,0.1,0,0,0.7,0,0,0,0
sample_46137df580a8698d,Mn-Fe-Co-Ni-La-Ce|Mn0.5Co0.4La0.1,Mn-Fe-Co-Ni-La-Ce,Mn0.5Co0.4La0.1,3,0.5,0,0.4,0,0.1,0,0,0,0,0,0
sample_4614a8287defed67,Mn-Fe-Co-Ni-Cu-Ta|Co0.2Cu0.5Ta0.3,Mn-Fe-Co-Ni-Cu-Ta,Co0.2Cu0.5Ta0.3,3,0,0,0.2,0,0,0,0.5,0.3,0,0,0
sample_461c9a96da2649a8,Mn-Fe-Co-Ni-Cu-Ta|Co0.5Ni0.5,Mn-Fe-Co-Ni-Cu-Ta,Co0.5Ni0.5,2,0,0,0.5,0.5,0,0,0,0,0,0,0
sample_46487c0b961408c0,Mn-Fe-Co-Ni-La-Ce|Mn0.3Fe0.5Ce0.2,Mn-Fe-Co-Ni-La-Ce,Mn0.3Fe0.5Ce0.2,3,0.3,0.5,0,0,0,0.2,0,0,0,0,0
sample_46603565c8d7375d,Ca-Mn-Co-Ni-Sn-Sb|Mn0.2Ni0.3Sn0.5,Ca-Mn-Co-Ni-Sn-Sb,Mn0.2Ni0.3Sn0.5,3,0.2,0,0,0.3,0,0,0,0,0.5,0,0
sample_4661f9bd62f00493,Ca-Mn-Co-Ni-Sn-Sb|Ca0.3Co0.6Ni0.1,Ca-Mn-Co-Ni-Sn-Sb,Ca0.3Co0.6Ni0.1,3,0,0,0.6,0.1,0,0,0,0,0,0.3,0
sample_46661be1c7ca4723,Mn-Fe-Co-Ni-La-Ce|Fe0.5Ni0.1Ce0.4,Mn-Fe-Co-Ni-La-Ce,Fe0.5Ni0.1Ce0.4,3,0,0.5,0,0.1,0,0.4,0,0,0,0,0
sample_4670cd2d9263eeee,Mn-Fe-Co-Ni-Cu-Ta|Fe0.3Co0.1Ni0.6,Mn-Fe-Co-Ni-Cu-Ta,Fe0.3Co0.1Ni0.6,3,0,0.3,0.1,0.6,0,0,0,0,0,0,0
sample_46805e998e4527fd,Ca-Mn-Co-Ni-Sn-Sb|Mn0.5Co0.1Ni0.4,Ca-Mn-Co-Ni-Sn-Sb,Mn0.5Co0.1Ni0.4,3,0.5,0,0.1,0.4,0,0,0,0,0,0,0
sample_469f81efffff292c,Mn-Fe-Co-Ni-La-Ce|Co0.6Ni0.3La0.1,Mn-Fe-Co-Ni-La-Ce,Co0.6Ni0.3La0.1,3,0,0,0.6,0.3,0.1,0,0,0,0,0,0
sample_46b16457ac38b7e9,Mn-Fe-Co-Ni-Cu-Ta|Co0.6Ni0.1Ta0.3,Mn-Fe-Co-Ni-Cu-Ta,Co0.6Ni0.1Ta0.3,3,0,0,0.6,0.1,0,0,0,0.3,0,0,0
sample_46c76f7b40cac6dd,Mn-Fe-Co-Ni-La-Ce|Mn0.3Fe0.2Ni0.5,Mn-Fe-Co-Ni-La-Ce,Mn0.3Fe0.2Ni0.5,3,0.3,0.2,0,0.5,0,0,0,0,0,0,0
sample_46f3a9fbbe95874d,Mn-Fe-Co-Ni-Cu-Ta|Co0.3Cu0.1Ta0.6,Mn-Fe-Co-Ni-Cu-Ta,Co0.3Cu0.1Ta0.6,3,0,0,0.3,0,0,0,0.1,0.6,0,0,0
sample_4705945df4a58eaa,Mn-Fe-Co-Ni-La-Ce|Mn0.2Fe0.6Ce0.2,Mn-Fe-Co-Ni-La-Ce,Mn0.2Fe0.6Ce0.2,3,0.2,0.6,0,0,0,0.2,0,0,0,0,0
sample_470d7b828ded1107,Ca-Mn-Co-Ni-Sn-Sb|Ca0.1Ni0.7Sn0.2,Ca-Mn-Co-Ni-Sn-Sb,Ca0.1Ni0.7Sn0.2,3,0,0,0,0.7,0,0,0,0,0.2,0.1,0
sample_471e3e1e0d67e947,Mn-Fe-Co-Cu-Sn-Ta|Mn0.7Co0.1Ta0.2,Mn-Fe-Co-Cu-Sn-Ta,Mn0.7Co0.1Ta0.2,3,0.7,0,0.1,0,0,0,0,0.2,0,0,0
sample_472b76e928bf9c50,Ca-Mn-Co-Ni-Sn-Sb|Ca0.3Co0.5Ni0.2,Ca-Mn-Co-Ni-Sn-Sb,Ca0.3Co0.5Ni0.2,3,0,0,0.5,0.2,0,0,0,0,0,0.3,0
sample_4780ae3ef295ceb5,Mn-Fe-Co-Ni-La-Ce|Co0.7Ni0.3,Mn-Fe-Co-Ni-La-Ce,Co0.7Ni0.3,2,0,0,0.7,0.3,0,0,0,0,0,0,0
sample_478112c25cfc047a,Mn-Fe-Co-Ni-Cu-Ta|Mn0.7Fe0.3,Mn-Fe-Co-Ni-Cu-Ta,Mn0.7Fe0.3,2,0.7,0.3,0,0,0,0,0,0,0,0,0
sample_479549c952dfd284,Mn-Fe-Co-Ni-La-Ce|Fe0.5Co0.3Ni0.2,Mn-Fe-Co-Ni-La-Ce,Fe0.5Co0.3Ni0.2,3,0,0.5,0.3,0.2,0,0,0,0,0,0,0
sample_479661eaea5b039c,Mn-Fe-Co-Ni-La-Ce|Co0.1Ce0.9,Mn-Fe-Co-Ni-La-Ce,Co0.1Ce0.9,2,0,0,0.1,0,0,0.9,0,0,0,0,0
sample_47be11af3d8651e6,Ca-Mn-Co-Ni-Sn-Sb|Ca0.4Co0.4Sn0.2,Ca-Mn-Co-Ni-Sn-Sb,Ca0.4Co0.4Sn0.2,3,0,0,0.4,0,0,0,0,0,0.2,0.4,0
sample_47c1328cd5ff7440,Mn-Fe-Co-Cu-Sn-Ta|Fe0.4Sn0.3Ta0.3,Mn-Fe-Co-Cu-Sn-Ta,Fe0.4Sn0.3Ta0.3,3,0,0.4,0,0,0,0,0,0.3,0.3,0,0
sample_47c5fe5eef55e062,Mn-Fe-Co-Ni-La-Ce|Co0.3Ni0.4Ce0.3,Mn-Fe-Co-Ni-La-Ce,Co0.3Ni0.4Ce0.3,3,0,0,0.3,0.4,0,0.3,0,0,0,0,0
sample_47c855facd8523db,Mn-Fe-Co-Ni-La-Ce|Mn0.2Co0.2Ni0.6,Mn-Fe-Co-Ni-La-Ce,Mn0.2Co0.2Ni0.6,3,0.2,0,0.2,0.6,0,0,0,0,0,0,0
sample_47c9dd497de62e54,Mn-Fe-Co-Cu-Sn-Ta|Mn0.2Fe0.2Ta0.6,Mn-Fe-Co-Cu-Sn-Ta,Mn0.2Fe0.2Ta0.6,3,0.2,0.2,0,0,0,0,0,0.6,0,0,0
sample_47dc6e653d47d9a7,Mn-Fe-Co-Cu-Sn-Ta|Co0.1Cu0.3Ta0.6,Mn-Fe-Co-Cu-Sn-Ta,Co0.1Cu0.3Ta0.6,3,0,0,0.1,0,0,0,0.3,0.6,0,0,0
sample_47e9582db54e7d00,Mn-Fe-Co-Ni-La-Ce|Mn0.2Co0.3Ni0.5,Mn-Fe-Co-Ni-La-Ce,Mn0.2Co0.3Ni0.5,3,0.2,0,0.3,0.5,0,0,0,0,0,0,0
sample_47e9a9360769c460,Mn-Fe-Co-Ni-Cu-Ta|Fe0.8Cu0.2,Mn-Fe-Co-Ni-Cu-Ta,Fe0.8Cu0.2,2,0,0.8,0,0,0,0,0.2,0,0,0,0
sample_47f0342a6be42da2,Mn-Fe-Co-Ni-La-Ce|Fe0.3La0.3Ce0.4,Mn-Fe-Co-Ni-La-Ce,Fe0.3La0.3Ce0.4,3,0,0.3,0,0,0.3,0.4,0,0,0,0,0
sample_4800e82c4c02b323,Mn-Fe-Co-Ni-Cu-Ta|Mn0.4Ni0.2Ta0.4,Mn-Fe-Co-Ni-Cu-Ta,Mn0.4Ni0.2Ta0.4,3,0.4,0,0,0.2,0,0,0,0.4,0,0,0
sample_4813e9dae19198ea,Mn-Fe-Co-Ni-La-Ce|Fe0.3Co0.2La0.5,Mn-Fe-Co-Ni-La-Ce,Fe0.3Co0.2La0.5,3,0,0.3,0.2,0,0.5,0,0,0,0,0,0
sample_483ad824c0a2b6ac,Mn-Fe-Co-Ni-La-Ce|Fe0.2Co0.4La0.4,Mn-Fe-Co-Ni-La-Ce,Fe0.2Co0.4La0.4,3,0,0.2,0.4,0,0.4,0,0,0,0,0,0
sample_486a4552206df331,Mn-Fe-Co-Ni-La-Ce|Mn0.4La0.6,Mn-Fe-Co-Ni-La-Ce,Mn0.4La0.6,2,0.4,0,0,0,0.6,0,0,0,0,0,0
sample_4875e8a347c808bd,Mn-Fe-Co-Ni-La-Ce|Fe0.3La0.4Ce0.3,Mn-Fe-Co-Ni-La-Ce,Fe0.3La0.4Ce0.3,3,0,0.3,0,0,0.4,0.3,0,0,0,0,0
sample_487d1c4870a5fbb3,Ca-Mn-Co-Ni-Sn-Sb|Ca0.1Mn0.5Ni0.4,Ca-Mn-Co-Ni-Sn-Sb,Ca0.1Mn0.5Ni0.4,3,0.5,0,0,0.4,0,0,0,0,0,0.1,0
sample_489a2d7fa9b50866,Mn-Fe-Co-Ni-Cu-Ta|Mn0.1Co0.2Ni0.7,Mn-Fe-Co-Ni-Cu-Ta,Mn0.1Co0.2Ni0.7,3,0.1,0,0.2,0.7,0,0,0,0,0,0,0
sample_48a06c863f891aaf,Mn-Fe-Co-Ni-Cu-Ta|Co0.3Ni0.3Ta0.4,Mn-Fe-Co-Ni-Cu-Ta,Co0.3Ni0.3Ta0.4,3,0,0,0.3,0.3,0,0,0,0.4,0,0,0
sample_48bc8efa30e048a7,Mn-Fe-Co-Ni-La-Ce|Co0.6Ni0.1Ce0.3,Mn-Fe-Co-Ni-La-Ce,Co0.6Ni0.1Ce0.3,3,0,0,0.6,0.1,0,0.3,0,0,0,0,0
sample_48c28152ad7688b1,Mn-Fe-Co-Cu-Sn-Ta|Mn0.5Sn0.2Ta0.3,Mn-Fe-Co-Cu-Sn-Ta,Mn0.5Sn0.2Ta0.3,3,0.5,0,0,0,0,0,0,0.3,0.2,0,0
sample_48c4aff9f80d36c7,Mn-Fe-Co-Ni-La-Ce|Co0.1Ni0.7La0.2,Mn-Fe-Co-Ni-La-Ce,Co0.1Ni0.7La0.2,3,0,0,0.1,0.7,0.2,0,0,0,0,0,0
sample_48d6492e124a1736,Mn-Fe-Co-Ni-Cu-Ta|Fe0.1Ni0.8Cu0.1,Mn-Fe-Co-Ni-Cu-Ta,Fe0.1Ni0.8Cu0.1,3,0,0.1,0,0.8,0,0,0.1,0,0,0,0
sample_48decf647847fb11,Ca-Mn-Co-Ni-Sn-Sb|Ca0.5Mn0.5,Ca-Mn-Co-Ni-Sn-Sb,Ca0.5Mn0.5,2,0.5,0,0,0,0,0,0,0,0,0.5,0
sample_4904416487c79f10,Ca-Mn-Co-Ni-Sn-Sb|Ca0.4Co0.1Ni0.5,Ca-Mn-Co-Ni-Sn-Sb,Ca0.4Co0.1Ni0.5,3,0,0,0.1,0.5,0,0,0,0,0,0.4,0
sample_49337a6b41abcba7,Mn-Fe-Co-Cu-Sn-Ta|Co0.4Sn0.2Ta0.4,Mn-Fe-Co-Cu-Sn-Ta,Co0.4Sn0.2Ta0.4,3,0,0,0.4,0,0,0,0,0.4,0.2,0,0
sample_4945b8e4412aa3bb,Mn-Fe-Co-Cu-Sn-Ta|Fe0.7Co0.2Sn0.1,Mn-Fe-Co-Cu-Sn-Ta,Fe0.7Co0.2Sn0.1,3,0,0.7,0.2,0,0,0,0,0,0.1,0,0
sample_49800f2b4082de0c,Mn-Fe-Co-Cu-Sn-Ta|Co0.3Cu0.1Ta0.6,Mn-Fe-Co-Cu-Sn-Ta,Co0.3Cu0.1Ta0.6,3,0,0,0.3,0,0,0,0.1,0.6,0,0,0
sample_49a80af5a3ab3012,Mn-Fe-Co-Ni-La-Ce|Mn0.5Fe0.4La0.1,Mn-Fe-Co-Ni-La-Ce,Mn0.5Fe0.4La0.1,3,0.5,0.4,0,0,0.1,0,0,0,0,0,0
sample_49cd8f9a3bc0574a,Ca-Mn-Co-Ni-Sn-Sb|Mn0.2Sn0.6Sb0.2,Ca-Mn-Co-Ni-Sn-Sb,Mn0.2Sn0.6Sb0.2,3,0.2,0,0,0,0,0,0,0,0.6,0,0.2
sample_49da60921ed37332,Mn-Fe-Co-Ni-La-Ce|Mn0.3Fe0.2Co0.5,Mn-Fe-Co-Ni-La-Ce,Mn0.3Fe0.2Co0.5,3,0.3,0.2,0.5,0,0,0,0,0,0,0,0
sample_4a036df1a330cb42,Mn-Fe-Co-Ni-Cu-Ta|Fe0.3Cu0.4Ta0.3,Mn-Fe-Co-Ni-Cu-Ta,Fe0.3Cu0.4Ta0.3,3,0,0.3,0,0,0,0,0.4,0.3,0,0,0
sample_4a0daeb9524e022b,Mn-Fe-Co-Cu-Sn-Ta|Co0.2Cu0.5Ta0.3,Mn-Fe-Co-Cu-Sn-Ta,Co0.2Cu0.5Ta0.3,3,0,0,0.2,0,0,0,0.5,0.3,0,0,0
sample_4a0e87b5db57d57b,Mn-Fe-Co-Cu-Sn-Ta|Co0.3Cu0.3Sn0.4,Mn-Fe-Co-Cu-Sn-Ta,Co0.3Cu0.3Sn0.4,3,0,0,0.3,0,0,0,0.3,0,0.4,0,0
sample_4a3f140ee5d24102,Mn-Fe-Co-Ni-La-Ce|Ni0.3Ce0.7,Mn-Fe-Co-Ni-La-Ce,Ni0.3Ce0.7,2,0,0,0,0.3,0,0.7,0,0,0,0,0
sample_4a41d53c7656cf7e,Mn-Fe-Co-Ni-La-Ce|Fe0.2Co0.3La0.5,Mn-Fe-Co-Ni-La-Ce,Fe0.2Co0.3La0.5,3,0,0.2,0.3,0,0.5,0,0,0,0,0,0
sample_4a5f836ac1afad2a,Mn-Fe-Co-Ni-Cu-Ta|Co0.2Cu0.2Ta0.6,Mn-Fe-Co-Ni-Cu-Ta,Co0.2Cu0.2Ta0.6,3,0,0,0.2,0,0,0,0.2,0.6,0,0,0
sample_4a71f50fc2d80dba,Mn-Fe-Co-Ni-Cu-Ta|Co0.4Cu0.3Ta0.3,Mn-Fe-Co-Ni-Cu-Ta,Co0.4Cu0.3Ta0.3,3,0,0,0.4,0,0,0,0.3,0.3,0,0,0
sample_4aa023532202a666,Mn-Fe-Co-Ni-Cu-Ta|Fe0.8Co0.1Ta0.1,Mn-Fe-Co-Ni-Cu-Ta,Fe0.8Co0.1Ta0.1,3,0,0.8,0.1,0,0,0,0,0.1,0,0,0
sample_4aa7f9f1de5ad65f,Ca-Mn-Co-Ni-Sn-Sb|Mn0.8Co0.2,Ca-Mn-Co-Ni-Sn-Sb,Mn0.8Co0.2,2,0.8,0,0.2,0,0,0,0,0,0,0,0
sample_4ab658f841817d49,Mn-Fe-Co-Ni-La-Ce|Fe0.5Ce0.5,Mn-Fe-Co-Ni-La-Ce,Fe0.5Ce0.5,2,0,0.5,0,0,0,0.5,0,0,0,0,0
sample_4ad1962e4fedec16,Mn-Fe-Co-Ni-La-Ce|Mn0.2Co0.6Ce0.2,Mn-Fe-Co-Ni-La-Ce,Mn0.2Co0.6Ce0.2,3,0.2,0,0.6,0,0,0.2,0,0,0,0,0
sample_4aefc20980f11e30,Mn-Fe-Co-Ni-La-Ce|Co0.1La0.8Ce0.1,Mn-Fe-Co-Ni-La-Ce,Co0.1La0.8Ce0.1,3,0,0,0.1,0,0.8,0.1,0,0,0,0,0
sample_4b04102312e5996f,Mn-Fe-Co-Cu-Sn-Ta|Fe0.7Co0.2Ta0.1,Mn-Fe-Co-Cu-Sn-Ta,Fe0.7Co0.2Ta0.1,3,0,0.7,0.2,0,0,0,0,0.1,0,0,0
sample_4b30c7196dc0503e,Mn-Fe-Co-Ni-Cu-Ta|Ni0.8Ta0.2,Mn-Fe-Co-Ni-Cu-Ta,Ni0.8Ta0.2,2,0,0,0,0.8,0,0,0,0.2,0,0,0
sample_4b465b6597c8fccf,Mn-Fe-Co-Cu-Sn-Ta|Fe0.1Cu0.8Ta0.1,Mn-Fe-Co-Cu-Sn-Ta,Fe0.1Cu0.8Ta0.1,3,0,0.1,0,0,0,0,0.8,0.1,0,0,0
sample_4b6a2c5217aaf8f8,Mn-Fe-Co-Ni-Cu-Ta|Mn0.2Co0.2Cu0.6,Mn-Fe-Co-Ni-Cu-Ta,Mn0.2Co0.2Cu0.6,3,0.2,0,0.2,0,0,0,0.6,0,0,0,0
sample_4b79b40b4bcebfce,Mn-Fe-Co-Ni-La-Ce|Mn0.6Ni0.4,Mn-Fe-Co-Ni-La-Ce,Mn0.6Ni0.4,2,0.6,0,0,0.4,0,0,0,0,0,0,0
sample_4b7bb12882d2860c,Mn-Fe-Co-Cu-Sn-Ta|Mn0.3Cu0.6Sn0.1,Mn-Fe-Co-Cu-Sn-Ta,Mn0.3Cu0.6Sn0.1,3,0.3,0,0,0,0,0,0.6,0,0.1,0,0
sample_4b93d77727d416b6,Mn-Fe-Co-Ni-La-Ce|Fe0.4Co0.3La0.3,Mn-Fe-Co-Ni-La-Ce,Fe0.4Co0.3La0.3,3,0,0.4,0.3,0,0.3,0,0,0,0,0,0
sample_4ba0119c48b412ff,Mn-Fe-Co-Cu-Sn-Ta|Fe0.2Sn0.8,Mn-Fe-Co-Cu-Sn-Ta,Fe0.2Sn0.8,2,0,0.2,0,0,0,0,0,0,0.8,0,0
sample_4ba3a6abac51a74c,Mn-Fe-Co-Ni-La-Ce|Mn0.4Ni0.1Ce0.5,Mn-Fe-Co-Ni-La-Ce,Mn0.4Ni0.1Ce0.5,3,0.4,0,0,0.1,0,0.5,0,0,0,0,0
sample_4bc56f52f638c556,Mn-Fe-Co-Cu-Sn-Ta|Mn0.1Fe0.4Co0.5,Mn-Fe-Co-Cu-Sn-Ta,Mn0.1Fe0.4Co0.5,3,0.1,0.4,0.5,0,0,0,0,0,0,0,0
sample_4bf1b687f220270d,Mn-Fe-Co-Ni-Cu-Ta|Mn0.3Fe0.4Co0.3,Mn-Fe-Co-Ni-Cu-Ta,Mn0.3Fe0.4Co0.3,3,0.3,0.4,0.3,0,0,0,0,0,0,0,0
sample_4c136344caf4366a,Ca-Mn-Co-Ni-Sn-Sb|Co0.3Sb0.7,Ca-Mn-Co-Ni-Sn-Sb,Co0.3Sb0.7,2,0,0,0.3,0,0,0,0,0,0,0,0.7
sample_4c187eedba31eef5,Mn-Fe-Co-Ni-Cu-Ta|Mn0.2Co0.6Cu0.2,Mn-Fe-Co-Ni-Cu-Ta,Mn0.2Co0.6Cu0.2,3,0.2,0,0.6,0,0,0,0.2,0,0,0,0
sample_4c2c578bff032e6a,Ca-Mn-Co-Ni-Sn-Sb|Co0.3Ni0.4Sn0.3,Ca-Mn-Co-Ni-Sn-Sb,Co0.3Ni0.4Sn0.3,3,0,0,0.3,0.4,0,0,0,0,0.3,0,0
sample_4c39bfd64fd37896,Mn-Fe-Co-Ni-Cu-Ta|Fe0.4Ni0.3Cu0.3,Mn-Fe-Co-Ni-Cu-Ta,Fe0.4Ni0.3Cu0.3,3,0,0.4,0,0.3,0,0,0.3,0,0,0,0
sample_4c3f9ff718a6d746,Ca-Mn-Co-Ni-Sn-Sb|Ca0.5Co0.2Sn0.3,Ca-Mn-Co-Ni-Sn-Sb,Ca0.5Co0.2Sn0.3,3,0,0,0.2,0,0,0,0,0,0.3,0.5,0
sample_4c4f237f9237424b,Ca-Mn-Co-Ni-Sn-Sb|Ca0.5Mn0.4Sn0.1,Ca-Mn-Co-Ni-Sn-Sb,Ca0.5Mn0.4Sn0.1,3,0.4,0,0,0,0,0,0,0,0.1,0.5,0
sample_4c5d85db13192673,Mn-Fe-Co-Ni-Cu-Ta|Mn0.2Cu0.1Ta0.7,Mn-Fe-Co-Ni-Cu-Ta,Mn0.2Cu0.1Ta0.7,3,0.2,0,0,0,0,0,0.1,0.7,0,0,0
sample_4c62d2cf60d5cb71,Mn-Fe-Co-Ni-La-Ce|Fe0.1Co0.3La0.6,Mn-Fe-Co-Ni-La-Ce,Fe0.1Co0.3La0.6,3,0,0.1,0.3,0,0.6,0,0,0,0,0,0
sample_4c73bfedfb06f7e0,Mn-Fe-Co-Ni-Cu-Ta|Co0.7Ni0.2Ta0.1,Mn-Fe-Co-Ni-Cu-Ta,Co0.7Ni0.2Ta0.1,3,0,0,0.7,0.2,0,0,0,0.1,0,0,0
sample_4c79a20f9368b65c,Mn-Fe-Co-Cu-Sn-Ta|Mn0.3Fe0.6Ta0.1,Mn-Fe-Co-Cu-Sn-Ta,Mn0.3Fe0.6Ta0.1,3,0.3,0.6,0,0,0,0,0,0.1,0,0,0
sample_4c800c274b1ea663,Mn-Fe-Co-Ni-Cu-Ta|Fe0.4Co0.2Ta0.4,Mn-Fe-Co-Ni-Cu-Ta,Fe0.4Co0.2Ta0.4,3,0,0.4,0.2,0,0,0,0,0.4,0,0,0
sample_4c8987186469502b,Ca-Mn-Co-Ni-Sn-Sb|Ca0.2Mn0.7Sn0.1,Ca-Mn-Co-Ni-Sn-Sb,Ca0.2Mn0.7Sn0.1,3,0.7,0,0,0,0,0,0,0,0.1,0.2,0
sample_4c8e097799ae94f1,Mn-Fe-Co-Cu-Sn-Ta|Mn0.6Co0.2Cu0.2,Mn-Fe-Co-Cu-Sn-Ta,Mn0.6Co0.2Cu0.2,3,0.6,0,0.2,0,0,0,0.2,0,0,0,0
sample_4c96272613cb5db8,Mn-Fe-Co-Ni-Cu-Ta|Mn0.5Co0.5,Mn-Fe-Co-Ni-Cu-Ta,Mn0.5Co0.5,2,0.5,0,0.5,0,0,0,0,0,0,0,0
sample_4ca45c209235147e,Ca-Mn-Co-Ni-Sn-Sb|Ca0.2Co0.1Sn0.7,Ca-Mn-Co-Ni-Sn-Sb,Ca0.2Co0.1Sn0.7,3,0,0,0.1,0,0,0,0,0,0.7,0.2,0
sample_4cb2b384a7d5bacf,Mn-Fe-Co-Cu-Sn-Ta|Mn0.7Co0.2Ta0.1,Mn-Fe-Co-Cu-Sn-Ta,Mn0.7Co0.2Ta0.1,3,0.7,0,0.2,0,0,0,0,0.1,0,0,0
sample_4cc9484b1c6695d2,Mn-Fe-Co-Ni-La-Ce|Mn0.4Fe0.5Ni0.1,Mn-Fe-Co-Ni-La-Ce,Mn0.4Fe0.5Ni0.1,3,0.4,0.5,0,0.1,0,0,0,0,0,0,0
sample_4ce43c7657237ba2,Mn-Fe-Co-Ni-La-Ce|Fe0.2Co0.4Ce0.4,Mn-Fe-Co-Ni-La-Ce,Fe0.2Co0.4Ce0.4,3,0,0.2,0.4,0,0,0.4,0,0,0,0,0
sample_4cfdae955dd4844e,Ca-Mn-Co-Ni-Sn-Sb|Co0.1Ni0.9,Ca-Mn-Co-Ni-Sn-Sb,Co0.1Ni0.9,2,0,0,0.1,0.9,0,0,0,0,0,0,0
sample_4d3427cdd3cc9ec5,Mn-Fe-Co-Ni-Cu-Ta|Mn0.1Co0.8Cu0.1,Mn-Fe-Co-Ni-Cu-Ta,Mn0.1Co0.8Cu0.1,3,0.1,0,0.8,0,0,0,0.1,0,0,0,0
sample_4d3ff4475f55ca1c,Mn-Fe-Co-Ni-La-Ce|Mn0.4Fe0.5Co0.1,Mn-Fe-Co-Ni-La-Ce,Mn0.4Fe0.5Co0.1,3,0.4,0.5,0.1,0,0,0,0,0,0,0,0
sample_4d688183104b255e,Mn-Fe-Co-Ni-Cu-Ta|Mn0.3Co0.2Ta0.5,Mn-Fe-Co-Ni-Cu-Ta,Mn0.3Co0.2Ta0.5,3,0.3,0,0.2,0,0,0,0,0.5,0,0,0
sample_4d910df04928ab7e,Ca-Mn-Co-Ni-Sn-Sb|Ca0.5Ni0.2Sn0.3,Ca-Mn-Co-Ni-Sn-Sb,Ca0.5Ni0.2Sn0.3,3,0,0,0,0.2,0,0,0,0,0.3,0.5,0
sample_4d9dabea02352ccc,Mn-Fe-Co-Cu-Sn-Ta|Mn0.2Cu0.4Sn0.4,Mn-Fe-Co-Cu-Sn-Ta,Mn0.2Cu0.4Sn0.4,3,0.2,0,0,0,0,0,0.4,0,0.4,0,0
sample_4dbaddc5f8110c22,Mn-Fe-Co-Ni-Cu-Ta|Fe0.5Cu0.2Ta0.3,Mn-Fe-Co-Ni-Cu-Ta,Fe0.5Cu0.2Ta0.3,3,0,0.5,0,0,0,0,0.2,0.3,0,0,0
sample_4dc9c30402ddbd37,Ca-Mn-Co-Ni-Sn-Sb|Ni0.5Sn0.3Sb0.2,Ca-Mn-Co-Ni-Sn-Sb,Ni0.5Sn0.3Sb0.2,3,0,0,0,0.5,0,0,0,0,0.3,0,0.2
sample_4ddbf6e800bfb401,Mn-Fe-Co-Ni-Cu-Ta|Mn0.1Ni0.9,Mn-Fe-Co-Ni-Cu-Ta,Mn0.1Ni0.9,2,0.1,0,0,0.9,0,0,0,0,0,0,0
sample_4de1364ead4e37cd,Mn-Fe-Co-Cu-Sn-Ta|Cu0.9Sn0.1,Mn-Fe-Co-Cu-Sn-Ta,Cu0.9Sn0.1,2,0,0,0,0,0,0,0.9,0,0.1,0,0
sample_4deda9f183606f1a,Ca-Mn-Co-Ni-Sn-Sb|Ca0.6Sn0.2Sb0.2,Ca-Mn-Co-Ni-Sn-Sb,Ca0.6Sn0.2Sb0.2,3,0,0,0,0,0,0,0,0,0.2,0.6,0.2
sample_4e02748f01899594,Ca-Mn-Co-Ni-Sn-Sb|Ca0.1Co0.4Ni0.5,Ca-Mn-Co-Ni-Sn-Sb,Ca0.1Co0.4Ni0.5,3,0,0,0.4,0.5,0,0,0,0,0,0.1,0
sample_4e0881cf38588c5e,Mn-Fe-Co-Cu-Sn-Ta|Mn0.5Co0.2Cu0.3,Mn-Fe-Co-Cu-Sn-Ta,Mn0.5Co0.2Cu0.3,3,0.5,0,0.2,0,0,0,0.3,0,0,0,0
sample_4e115fb34970436a,Ca-Mn-Co-Ni-Sn-Sb|Ca0.4Ni0.2Sb0.4,Ca-Mn-Co-Ni-Sn-Sb,Ca0.4Ni0.2Sb0.4,3,0,0,0,0.2,0,0,0,0,0,0.4,0.4
sample_4e153e3f9c95c8f9,Mn-Fe-Co-Ni-La-Ce|Mn0.2Ni0.5La0.3,Mn-Fe-Co-Ni-La-Ce,Mn0.2Ni0.5La0.3,3,0.2,0,0,0.5,0.3,0,0,0,0,0,0
sample_4e23b5fc45187e8d,Mn-Fe-Co-Cu-Sn-Ta|Mn0.7Co0.2Sn0.1,Mn-Fe-Co-Cu-Sn-Ta,Mn0.7Co0.2Sn0.1,3,0.7,0,0.2,0,0,0,0,0,0.1,0,0
sample_4e30f203d7ae2732,Mn-Fe-Co-Ni-La-Ce|Fe0.8Ni0.1La0.1,Mn-Fe-Co-Ni-La-Ce,Fe0.8Ni0.1La0.1,3,0,0.8,0,0.1,0.1,0,0,0,0,0,0
sample_4e4a0c07cb39aa58,Ca-Mn-Co-Ni-Sn-Sb|Co0.1Ni0.4Sn0.5,Ca-Mn-Co-Ni-Sn-Sb,Co0.1Ni0.4Sn0.5,3,0,0,0.1,0.4,0,0,0,0,0.5,0,0
sample_4e4b67c603dcf150,Mn-Fe-Co-Ni-Cu-Ta|Mn0.2Co0.7Ni0.1,Mn-Fe-Co-Ni-Cu-Ta,Mn0.2Co0.7Ni0.1,3,0.2,0,0.7,0.1,0,0,0,0,0,0,0
sample_4e4f75eb0a573997,Mn-Fe-Co-Ni-La-Ce|Fe0.4Co0.4La0.2,Mn-Fe-Co-Ni-La-Ce,Fe0.4Co0.4La0.2,3,0,0.4,0.4,0,0.2,0,0,0,0,0,0
sample_4e52ffb48754609f,Mn-Fe-Co-Ni-La-Ce|Mn0.4Fe0.1La0.5,Mn-Fe-Co-Ni-La-Ce,Mn0.4Fe0.1La0.5,3,0.4,0.1,0,0,0.5,0,0,0,0,0,0
sample_4e55dfc8dad81250,Mn-Fe-Co-Cu-Sn-Ta|Fe0.8Ta0.2,Mn-Fe-Co-Cu-Sn-Ta,Fe0.8Ta0.2,2,0,0.8,0,0,0,0,0,0.2,0,0,0
sample_4e594fbe121517bc,Mn-Fe-Co-Ni-Cu-Ta|Mn0.2Fe0.5Co0.3,Mn-Fe-Co-Ni-Cu-Ta,Mn0.2Fe0.5Co0.3,3,0.2,0.5,0.3,0,0,0,0,0,0,0,0
sample_4e7e96bbea23409f,Mn-Fe-Co-Ni-Cu-Ta|Mn0.1Co0.6Cu0.3,Mn-Fe-Co-Ni-Cu-Ta,Mn0.1Co0.6Cu0.3,3,0.1,0,0.6,0,0,0,0.3,0,0,0,0
sample_4ea103078d70e7a0,Mn-Fe-Co-Cu-Sn-Ta|Co0.5Cu0.3Ta0.2,Mn-Fe-Co-Cu-Sn-Ta,Co0.5Cu0.3Ta0.2,3,0,0,0.5,0,0,0,0.3,0.2,0,0,0
sample_4eb85b2992e478f8,Ca-Mn-Co-Ni-Sn-Sb|Mn0.3Ni0.1Sb0.6,Ca-Mn-Co-Ni-Sn-Sb,Mn0.3Ni0.1Sb0.6,3,0.3,0,0,0.1,0,0,0,0,0,0,0.6
sample_4ebf961c38b66bd8,Mn-Fe-Co-Ni-Cu-Ta|Co0.4Ta0.6,Mn-Fe-Co-Ni-Cu-Ta,Co0.4Ta0.6,2,0,0,0.4,0,0,0,0,0.6,0,0,0
sample_4eca167445d8e707,Mn-Fe-Co-Cu-Sn-Ta|Cu0.8Ta0.2,Mn-Fe-Co-Cu-Sn-Ta,Cu0.8Ta0.2,2,0,0,0,0,0,0,0.8,0.2,0,0,0
sample_4ee153b045f83d06,Mn-Fe-Co-Ni-Cu-Ta|Mn0.2Fe0.5Cu0.3,Mn-Fe-Co-Ni-Cu-Ta,Mn0.2Fe0.5Cu0.3,3,0.2,0.5,0,0,0,0,0.3,0,0,0,0
sample_4ef07f7dbf384c46,Ca-Mn-Co-Ni-Sn-Sb|Co0.1Sb0.9,Ca-Mn-Co-Ni-Sn-Sb,Co0.1Sb0.9,2,0,0,0.1,0,0,0,0,0,0,0,0.9
sample_4ef25559aaff5f1e,Mn-Fe-Co-Ni-Cu-Ta|Fe0.2Ni0.4Cu0.4,Mn-Fe-Co-Ni-Cu-Ta,Fe0.2Ni0.4Cu0.4,3,0,0.2,0,0.4,0,0,0.4,0,0,0,0
sample_4ef31306234d6faf,Mn-Fe-Co-Cu-Sn-Ta|Mn0.4Co0.5Ta0.1,Mn-Fe-Co-Cu-Sn-Ta,Mn0.4Co0.5Ta0.1,3,0.4,0,0.5,0,0,0,0,0.1,0,0,0
sample_4f021bcd353ab1a8,Ca-Mn-Co-Ni-Sn-Sb|Co0.5Ni0.3Sn0.2,Ca-Mn-Co-Ni-Sn-Sb,Co0.5Ni0.3Sn0.2,3,0,0,0.5,0.3,0,0,0,0,0.2,0,0
sample_4f0ad6b0cdfad3d6,Mn-Fe-Co-Ni-La-Ce|Mn0.1Fe0.2Ni0.7,Mn-Fe-Co-Ni-La-Ce,Mn0.1Fe0.2Ni0.7,3,0.1,0.2,0,0.7,0,0,0,0,0,0,0
sample_4f12dbdf2e6a04b0,Mn-Fe-Co-Ni-Cu-Ta|Ni0.4Cu0.6,Mn-Fe-Co-Ni-Cu-Ta,Ni0.4Cu0.6,2,0,0,0,0.4,0,0,0.6,0,0,0,0
sample_4f14c23fad4d23ec,Ca-Mn-Co-Ni-Sn-Sb|Ca0.1Sn0.1Sb0.8,Ca-Mn-Co-Ni-Sn-Sb,Ca0.1Sn0.1Sb0.8,3,0,0,0,0,0,0,0,0,0.1,0.1,0.8
sample_4f1b626369296306,Mn-Fe-Co-Ni-Cu-Ta|Fe0.1Co0.1Ni0.8,Mn-Fe-Co-Ni-Cu-Ta,Fe0.1Co0.1Ni0.8,3,0,0.1,0.1,0.8,0,0,0,0,0,0,0
sample_4f227ca66f45b6f8,Mn-Fe-Co-Ni-Cu-Ta|Co0.6Ni0.3Ta0.1,Mn-Fe-Co-Ni-Cu-Ta,Co0.6Ni0.3Ta0.1,3,0,0,0.6,0.3,0,0,0,0.1,0,0,0
sample_4f2dca415fc0386e,Ca-Mn-Co-Ni-Sn-Sb|Ca0.3Sn0.6Sb0.1,Ca-Mn-Co-Ni-Sn-Sb,Ca0.3Sn0.6Sb0.1,3,0,0,0,0,0,0,0,0,0.6,0.3,0.1
sample_4f3381cbfcffd136,Mn-Fe-Co-Cu-Sn-Ta|Fe0.4Co0.4Ta0.2,Mn-Fe-Co-Cu-Sn-Ta,Fe0.4Co0.4Ta0.2,3,0,0.4,0.4,0,0,0,0,0.2,0,0,0
sample_4f6517102194b915,Mn-Fe-Co-Ni-Cu-Ta|Mn0.3Fe0.5Cu0.2,Mn-Fe-Co-Ni-Cu-Ta,Mn0.3Fe0.5Cu0.2,3,0.3,0.5,0,0,0,0,0.2,0,0,0,0
sample_4f6fc38afe925e6c,Ca-Mn-Co-Ni-Sn-Sb|Co0.1Sn0.5Sb0.4,Ca-Mn-Co-Ni-Sn-Sb,Co0.1Sn0.5Sb0.4,3,0,0,0.1,0,0,0,0,0,0.5,0,0.4
sample_4f760d0203210481,Mn-Fe-Co-Ni-Cu-Ta|Fe0.1Cu0.3Ta0.6,Mn-Fe-Co-Ni-Cu-Ta,Fe0.1Cu0.3Ta0.6,3,0,0.1,0,0,0,0,0.3,0.6,0,0,0
sample_4f90b573e2f7a2a0,Mn-Fe-Co-Ni-La-Ce|Mn0.5Ni0.3La0.2,Mn-Fe-Co-Ni-La-Ce,Mn0.5Ni0.3La0.2,3,0.5,0,0,0.3,0.2,0,0,0,0,0,0
sample_4fa13c37ef0adc7f,Mn-Fe-Co-Ni-Cu-Ta|Mn0.5Fe0.2Ni0.3,Mn-Fe-Co-Ni-Cu-Ta,Mn0.5Fe0.2Ni0.3,3,0.5,0.2,0,0.3,0,0,0,0,0,0,0
sample_4fc1fdf086e9d41c,Ca-Mn-Co-Ni-Sn-Sb|Mn0.8Co0.1Ni0.1,Ca-Mn-Co-Ni-Sn-Sb,Mn0.8Co0.1Ni0.1,3,0.8,0,0.1,0.1,0,0,0,0,0,0,0
sample_4fd94fabe3bc0828,Mn-Fe-Co-Ni-La-Ce|Co0.2Ce0.8,Mn-Fe-Co-Ni-La-Ce,Co0.2Ce0.8,2,0,0,0.2,0,0,0.8,0,0,0,0,0
sample_4ff64c1c769adb55,Mn-Fe-Co-Ni-La-Ce|Mn0.1Co0.7Ni0.2,Mn-Fe-Co-Ni-La-Ce,Mn0.1Co0.7Ni0.2,3,0.1,0,0.7,0.2,0,0,0,0,0,0,0
sample_4ffece8ab4eb149b,Mn-Fe-Co-Ni-Cu-Ta|Fe0.1Ni0.2Ta0.7,Mn-Fe-Co-Ni-Cu-Ta,Fe0.1Ni0.2Ta0.7,3,0,0.1,0,0.2,0,0,0,0.7,0,0,0
sample_5013ab7e6323f7a5,Mn-Fe-Co-Cu-Sn-Ta|Co0.1Sn0.4Ta0.5,Mn-Fe-Co-Cu-Sn-Ta,Co0.1Sn0.4Ta0.5,3,0,0,0.1,0,0,0,0,0.5,0.4,0,0
sample_5038ec46df4bfd45,Mn-Fe-Co-Ni-La-Ce|Co0.1Ni0.5Ce0.4,Mn-Fe-Co-Ni-La-Ce,Co0.1Ni0.5Ce0.4,3,0,0,0.1,0.5,0,0.4,0,0,0,0,0
sample_50408d7e13b33a05,Ca-Mn-Co-Ni-Sn-Sb|Mn0.3Co0.4Ni0.3,Ca-Mn-Co-Ni-Sn-Sb,Mn0.3Co0.4Ni0.3,3,0.3,0,0.4,0.3,0,0,0,0,0,0,0
sample_5050ac2162039fde,Mn-Fe-Co-Ni-La-Ce|Mn0.7La0.3,Mn-Fe-Co-Ni-La-Ce,Mn0.7La0.3,2,0.7,0,0,0,0.3,0,0,0,0,0,0
sample_5087fe9c74cf5c45,Ca-Mn-Co-Ni-Sn-Sb|Co0.2Sn0.8,Ca-Mn-Co-Ni-Sn-Sb,Co0.2Sn0.8,2,0,0,0.2,0,0,0,0,0,0.8,0,0
sample_5088cb94e84e2f62,Mn-Fe-Co-Ni-Cu-Ta|Mn0.6Co0.3Ni0.1,Mn-Fe-Co-Ni-Cu-Ta,Mn0.6Co0.3Ni0.1,3,0.6,0,0.3,0.1,0,0,0,0,0,0,0
sample_50924305cb3a84fc,Ca-Mn-Co-Ni-Sn-Sb|Mn0.5Sn0.4Sb0.1,Ca-Mn-Co-Ni-Sn-Sb,Mn0.5Sn0.4Sb0.1,3,0.5,0,0,0,0,0,0,0,0.4,0,0.1
sample_50ab94b08b728b0f,Ca-Mn-Co-Ni-Sn-Sb|Ca0.1Mn0.5Sb0.4,Ca-Mn-Co-Ni-Sn-Sb,Ca0.1Mn0.5Sb0.4,3,0.5,0,0,0,0,0,0,0,0,0.1,0.4
sample_50bc782554703d9b,Ca-Mn-Co-Ni-Sn-Sb|Ca0.1Ni0.2Sb0.7,Ca-Mn-Co-Ni-Sn-Sb,Ca0.1Ni0.2Sb0.7,3,0,0,0,0.2,0,0,0,0,0,0.1,0.7
sample_50e145c949321127,Ca-Mn-Co-Ni-Sn-Sb|Ca0.5Sn0.3Sb0.2,Ca-Mn-Co-Ni-Sn-Sb,Ca0.5Sn0.3Sb0.2,3,0,0,0,0,0,0,0,0,0.3,0.5,0.2
sample_50eea322b1a09ef0,Mn-Fe-Co-Ni-La-Ce|Mn0.1Fe0.2La0.7,Mn-Fe-Co-Ni-La-Ce,Mn0.1Fe0.2La0.7,3,0.1,0.2,0,0,0.7,0,0,0,0,0,0
sample_5111be1f1246676f,Ca-Mn-Co-Ni-Sn-Sb|Mn0.3Sn0.5Sb0.2,Ca-Mn-Co-Ni-Sn-Sb,Mn0.3Sn0.5Sb0.2,3,0.3,0,0,0,0,0,0,0,0.5,0,0.2
sample_511552628639181e,Mn-Fe-Co-Ni-La-Ce|Mn0.1Ni0.9,Mn-Fe-Co-Ni-La-Ce,Mn0.1Ni0.9,2,0.1,0,0,0.9,0,0,0,0,0,0,0
sample_512ed514a9ea19ff,Mn-Fe-Co-Ni-Cu-Ta|Ni0.2Cu0.2Ta0.6,Mn-Fe-Co-Ni-Cu-Ta,Ni0.2Cu0.2Ta0.6,3,0,0,0,0.2,0,0,0.2,0.6,0,0,0
sample_5168d95021fa600e,Mn-Fe-Co-Cu-Sn-Ta|Mn0.1Co0.4Sn0.5,Mn-Fe-Co-Cu-Sn-Ta,Mn0.1Co0.4Sn0.5,3,0.1,0,0.4,0,0,0,0,0,0.5,0,0
sample_518429c1589e6be4,Mn-Fe-Co-Ni-Cu-Ta|Mn0.3Cu0.4Ta0.3,Mn-Fe-Co-Ni-Cu-Ta,Mn0.3Cu0.4Ta0.3,3,0.3,0,0,0,0,0,0.4,0.3,0,0,0
sample_518ea57dda65a7f0,Ca-Mn-Co-Ni-Sn-Sb|Co0.1Sn0.7Sb0.2,Ca-Mn-Co-Ni-Sn-Sb,Co0.1Sn0.7Sb0.2,3,0,0,0.1,0,0,0,0,0,0.7,0,0.2
sample_51bd020882b6463a,Mn-Fe-Co-Ni-Cu-Ta|Cu0.3Ta0.7,Mn-Fe-Co-Ni-Cu-Ta,Cu0.3Ta0.7,2,0,0,0,0,0,0,0.3,0.7,0,0,0
sample_51c649671c5ddda6,Mn-Fe-Co-Ni-La-Ce|Mn0.5Fe0.1Co0.4,Mn-Fe-Co-Ni-La-Ce,Mn0.5Fe0.1Co0.4,3,0.5,0.1,0.4,0,0,0,0,0,0,0,0
sample_51cb6f424db5c265,Mn-Fe-Co-Ni-Cu-Ta|Co0.1Ni0.9,Mn-Fe-Co-Ni-Cu-Ta,Co0.1Ni0.9,2,0,0,0.1,0.9,0,0,0,0,0,0,0
sample_51d0fe426c09ed24,Ca-Mn-Co-Ni-Sn-Sb|Mn0.3Co0.6Ni0.1,Ca-Mn-Co-Ni-Sn-Sb,Mn0.3Co0.6Ni0.1,3,0.3,0,0.6,0.1,0,0,0,0,0,0,0
sample_51d719ede5299ff5,Mn-Fe-Co-Ni-La-Ce|Mn0.1Fe0.3Ni0.6,Mn-Fe-Co-Ni-La-Ce,Mn0.1Fe0.3Ni0.6,3,0.1,0.3,0,0.6,0,0,0,0,0,0,0
sample_51fafe4de8aa98ac,Mn-Fe-Co-Ni-La-Ce|Mn0.4Ni0.6,Mn-Fe-Co-Ni-La-Ce,Mn0.4Ni0.6,2,0.4,0,0,0.6,0,0,0,0,0,0,0
sample_522072af53c395e9,Mn-Fe-Co-Ni-Cu-Ta|Fe0.8Co0.1Ni0.1,Mn-Fe-Co-Ni-Cu-Ta,Fe0.8Co0.1Ni0.1,3,0,0.8,0.1,0.1,0,0,0,0,0,0,0
sample_522d6e3d2a0f6c56,Mn-Fe-Co-Ni-Cu-Ta|Co0.1Ni0.3Ta0.6,Mn-Fe-Co-Ni-Cu-Ta,Co0.1Ni0.3Ta0.6,3,0,0,0.1,0.3,0,0,0,0.6,0,0,0
sample_5241bd961a361eb1,Ca-Mn-Co-Ni-Sn-Sb|Mn0.4Ni0.1Sn0.5,Ca-Mn-Co-Ni-Sn-Sb,Mn0.4Ni0.1Sn0.5,3,0.4,0,0,0.1,0,0,0,0,0.5,0,0
sample_524583999edec871,Mn-Fe-Co-Cu-Sn-Ta|Fe0.9Co0.1,Mn-Fe-Co-Cu-Sn-Ta,Fe0.9Co0.1,2,0,0.9,0.1,0,0,0,0,0,0,0,0
sample_524a22a4b9c2033e,Mn-Fe-Co-Ni-La-Ce|Mn0.1Fe0.3La0.6,Mn-Fe-Co-Ni-La-Ce,Mn0.1Fe0.3La0.6,3,0.1,0.3,0,0,0.6,0,0,0,0,0,0
sample_52580e7e61692777,Ca-Mn-Co-Ni-Sn-Sb|Ca0.1Mn0.8Sb0.1,Ca-Mn-Co-Ni-Sn-Sb,Ca0.1Mn0.8Sb0.1,3,0.8,0,0,0,0,0,0,0,0,0.1,0.1
sample_52675b58680489f6,Mn-Fe-Co-Ni-Cu-Ta|Fe0.2Co0.2Ta0.6,Mn-Fe-Co-Ni-Cu-Ta,Fe0.2Co0.2Ta0.6,3,0,0.2,0.2,0,0,0,0,0.6,0,0,0
sample_526da1fa12baddda,Mn-Fe-Co-Ni-Cu-Ta|Co0.6Ta0.4,Mn-Fe-Co-Ni-Cu-Ta,Co0.6Ta0.4,2,0,0,0.6,0,0,0,0,0.4,0,0,0
sample_5277c02b8d5bcdb1,Mn-Fe-Co-Ni-Cu-Ta|Co0.4Ni0.5Cu0.1,Mn-Fe-Co-Ni-Cu-Ta,Co0.4Ni0.5Cu0.1,3,0,0,0.4,0.5,0,0,0.1,0,0,0,0
sample_52af0986226db509,Mn-Fe-Co-Ni-Cu-Ta|Mn0.4Cu0.4Ta0.2,Mn-Fe-Co-Ni-Cu-Ta,Mn0.4Cu0.4Ta0.2,3,0.4,0,0,0,0,0,0.4,0.2,0,0,0
sample_52b8123498aade1c,Mn-Fe-Co-Cu-Sn-Ta|Mn0.8Fe0.1Sn0.1,Mn-Fe-Co-Cu-Sn-Ta,Mn0.8Fe0.1Sn0.1,3,0.8,0.1,0,0,0,0,0,0,0.1,0,0
sample_52d0d61432e3e1c9,Mn-Fe-Co-Ni-La-Ce|Fe0.9Co0.1,Mn-Fe-Co-Ni-La-Ce,Fe0.9Co0.1,2,0,0.9,0.1,0,0,0,0,0,0,0,0
sample_52e587d6fb4463ab,Mn-Fe-Co-Ni-Cu-Ta|Fe0.5Ni0.3Cu0.2,Mn-Fe-Co-Ni-Cu-Ta,Fe0.5Ni0.3Cu0.2,3,0,0.5,0,0.3,0,0,0.2,0,0,0,0
sample_5302a616075586e5,Mn-Fe-Co-Cu-Sn-Ta|Fe0.6Co0.3Cu0.1,Mn-Fe-Co-Cu-Sn-Ta,Fe0.6Co0.3Cu0.1,3,0,0.6,0.3,0,0,0,0.1,0,0,0,0
sample_532daf90f95306f6,Mn-Fe-Co-Ni-Cu-Ta|Fe0.2Co0.2Cu0.6,Mn-Fe-Co-Ni-Cu-Ta,Fe0.2Co0.2Cu0.6,3,0,0.2,0.2,0,0,0,0.6,0,0,0,0
sample_5337656d0d75c887,Ca-Mn-Co-Ni-Sn-Sb|Ca0.1Mn0.1Ni0.8,Ca-Mn-Co-Ni-Sn-Sb,Ca0.1Mn0.1Ni0.8,3,0.1,0,0,0.8,0,0,0,0,0,0.1,0
sample_53460265061aeba6,Mn-Fe-Co-Cu-Sn-Ta|Fe0.3Co0.1Ta0.6,Mn-Fe-Co-Cu-Sn-Ta,Fe0.3Co0.1Ta0.6,3,0,0.3,0.1,0,0,0,0,0.6,0,0,0
sample_536285e236c0104b,Mn-Fe-Co-Ni-La-Ce|Mn0.2La0.1Ce0.7,Mn-Fe-Co-Ni-La-Ce,Mn0.2La0.1Ce0.7,3,0.2,0,0,0,0.1,0.7,0,0,0,0,0
sample_5371e3d38ddce491,Mn-Fe-Co-Cu-Sn-Ta|Co0.5Cu0.4Sn0.1,Mn-Fe-Co-Cu-Sn-Ta,Co0.5Cu0.4Sn0.1,3,0,0,0.5,0,0,0,0.4,0,0.1,0,0
sample_5391a94a75fa0b02,Mn-Fe-Co-Cu-Sn-Ta|Fe0.2Co0.3Ta0.5,Mn-Fe-Co-Cu-Sn-Ta,Fe0.2Co0.3Ta0.5,3,0,0.2,0.3,0,0,0,0,0.5,0,0,0
sample_53a818b689b2e67e,Mn-Fe-Co-Ni-La-Ce|Mn0.3Fe0.1Ni0.6,Mn-Fe-Co-Ni-La-Ce,Mn0.3Fe0.1Ni0.6,3,0.3,0.1,0,0.6,0,0,0,0,0,0,0
sample_53affff230ec409b,Ca-Mn-Co-Ni-Sn-Sb|Mn0.1Sn0.7Sb0.2,Ca-Mn-Co-Ni-Sn-Sb,Mn0.1Sn0.7Sb0.2,3,0.1,0,0,0,0,0,0,0,0.7,0,0.2
sample_53c832c91aeb9a2f,Ca-Mn-Co-Ni-Sn-Sb|Co0.3Sn0.4Sb0.3,Ca-Mn-Co-Ni-Sn-Sb,Co0.3Sn0.4Sb0.3,3,0,0,0.3,0,0,0,0,0,0.4,0,0.3
sample_53d42305ed29c709,Mn-Fe-Co-Ni-La-Ce|Fe0.7Co0.1La0.2,Mn-Fe-Co-Ni-La-Ce,Fe0.7Co0.1La0.2,3,0,0.7,0.1,0,0.2,0,0,0,0,0,0
sample_53d8db819e956c6c,Mn-Fe-Co-Cu-Sn-Ta|Mn0.4Fe0.2Sn0.4,Mn-Fe-Co-Cu-Sn-Ta,Mn0.4Fe0.2Sn0.4,3,0.4,0.2,0,0,0,0,0,0,0.4,0,0
sample_53fcc7718a243fec,Mn-Fe-Co-Ni-La-Ce|Mn0.3La0.2Ce0.5,Mn-Fe-Co-Ni-La-Ce,Mn0.3La0.2Ce0.5,3,0.3,0,0,0,0.2,0.5,0,0,0,0,0
sample_540d1fc81f0729e7,Mn-Fe-Co-Cu-Sn-Ta|Mn0.2Fe0.6Ta0.2,Mn-Fe-Co-Cu-Sn-Ta,Mn0.2Fe0.6Ta0.2,3,0.2,0.6,0,0,0,0,0,0.2,0,0,0
sample_541666d4585b2511,Mn-Fe-Co-Ni-Cu-Ta|Fe0.5Co0.1Ni0.4,Mn-Fe-Co-Ni-Cu-Ta,Fe0.5Co0.1Ni0.4,3,0,0.5,0.1,0.4,0,0,0,0,0,0,0
sample_5416df2c8776c91e,Mn-Fe-Co-Cu-Sn-Ta|Mn0.9Co0.1,Mn-Fe-Co-Cu-Sn-Ta,Mn0.9Co0.1,2,0.9,0,0.1,0,0,0,0,0,0,0,0
sample_54370735955b32cb,Mn-Fe-Co-Ni-La-Ce|Fe0.3Co0.2Ce0.5,Mn-Fe-Co-Ni-La-Ce,Fe0.3Co0.2Ce0.5,3,0,0.3,0.2,0,0,0.5,0,0,0,0,0
sample_5439f7b3b363dbfb,Mn-Fe-Co-Ni-La-Ce|Fe0.2Ni0.1La0.7,Mn-Fe-Co-Ni-La-Ce,Fe0.2Ni0.1La0.7,3,0,0.2,0,0.1,0.7,0,0,0,0,0,0
sample_54483f296fe5cb12,Mn-Fe-Co-Cu-Sn-Ta|Mn0.2Fe0.2Sn0.6,Mn-Fe-Co-Cu-Sn-Ta,Mn0.2Fe0.2Sn0.6,3,0.2,0.2,0,0,0,0,0,0,0.6,0,0
sample_5448497bf261b589,Mn-Fe-Co-Ni-La-Ce|Fe0.5La0.4Ce0.1,Mn-Fe-Co-Ni-La-Ce,Fe0.5La0.4Ce0.1,3,0,0.5,0,0,0.4,0.1,0,0,0,0,0
sample_5450c4e2ed25fe45,Mn-Fe-Co-Cu-Sn-Ta|Fe0.6Sn0.2Ta0.2,Mn-Fe-Co-Cu-Sn-Ta,Fe0.6Sn0.2Ta0.2,3,0,0.6,0,0,0,0,0,0.2,0.2,0,0
sample_5454aba9ae03c326,Mn-Fe-Co-Ni-La-Ce|Fe0.1La0.4Ce0.5,Mn-Fe-Co-Ni-La-Ce,Fe0.1La0.4Ce0.5,3,0,0.1,0,0,0.4,0.5,0,0,0,0,0
sample_5461370823772f17,Mn-Fe-Co-Ni-Cu-Ta|Mn0.1Fe0.4Cu0.5,Mn-Fe-Co-Ni-Cu-Ta,Mn0.1Fe0.4Cu0.5,3,0.1,0.4,0,0,0,0,0.5,0,0,0,0
sample_546deca03e0cc99c,Mn-Fe-Co-Cu-Sn-Ta|Mn0.1Cu0.4Ta0.5,Mn-Fe-Co-Cu-Sn-Ta,Mn0.1Cu0.4Ta0.5,3,0.1,0,0,0,0,0,0.4,0.5,0,0,0
sample_5472aa0882c21447,Mn-Fe-Co-Ni-La-Ce|Fe0.1Co0.5Ni0.4,Mn-Fe-Co-Ni-La-Ce,Fe0.1Co0.5Ni0.4,3,0,0.1,0.5,0.4,0,0,0,0,0,0,0
sample_5477c51b07663595,Ca-Mn-Co-Ni-Sn-Sb|Co0.1Ni0.2Sb0.7,Ca-Mn-Co-Ni-Sn-Sb,Co0.1Ni0.2Sb0.7,3,0,0,0.1,0.2,0,0,0,0,0,0,0.7
sample_548788cc09960541,Ca-Mn-Co-Ni-Sn-Sb|Mn0.4Ni0.5Sb0.1,Ca-Mn-Co-Ni-Sn-Sb,Mn0.4Ni0.5Sb0.1,3,0.4,0,0,0.5,0,0,0,0,0,0,0.1
sample_5493189b4944ad6b,Mn-Fe-Co-Ni-Cu-Ta|Mn0.4Fe0.2Ni0.4,Mn-Fe-Co-Ni-Cu-Ta,Mn0.4Fe0.2Ni0.4,3,0.4,0.2,0,0.4,0,0,0,0,0,0,0
sample_54e7a6c605cbee65,Mn-Fe-Co-Cu-Sn-Ta|Fe0.3Co0.5Sn0.2,Mn-Fe-Co-Cu-Sn-Ta,Fe0.3Co0.5Sn0.2,3,0,0.3,0.5,0,0,0,0,0,0.2,0,0
sample_5502057fa809650d,Mn-Fe-Co-Ni-La-Ce|Fe0.7Ce0.3,Mn-Fe-Co-Ni-La-Ce,Fe0.7Ce0.3,2,0,0.7,0,0,0,0.3,0,0,0,0,0
sample_550b1c3ae45337b0,Mn-Fe-Co-Ni-La-Ce|Mn0.4Fe0.1Co0.5,Mn-Fe-Co-Ni-La-Ce,Mn0.4Fe0.1Co0.5,3,0.4,0.1,0.5,0,0,0,0,0,0,0,0
sample_5531404bafac5b04,Mn-Fe-Co-Cu-Sn-Ta|Fe0.5Co0.3Cu0.2,Mn-Fe-Co-Cu-Sn-Ta,Fe0.5Co0.3Cu0.2,3,0,0.5,0.3,0,0,0,0.2,0,0,0,0
sample_553e8d3e744d1d60,Ca-Mn-Co-Ni-Sn-Sb|Mn0.1Sn0.1Sb0.8,Ca-Mn-Co-Ni-Sn-Sb,Mn0.1Sn0.1Sb0.8,3,0.1,0,0,0,0,0,0,0,0.1,0,0.8
sample_554112187314c837,Mn-Fe-Co-Ni-Cu-Ta|Fe0.5Ni0.5,Mn-Fe-Co-Ni-Cu-Ta,Fe0.5Ni0.5,2,0,0.5,0,0.5,0,0,0,0,0,0,0
sample_554588ad1bf44b86,Mn-Fe-Co-Ni-Cu-Ta|Mn0.4Fe0.3Ni0.3,Mn-Fe-Co-Ni-Cu-Ta,Mn0.4Fe0.3Ni0.3,3,0.4,0.3,0,0.3,0,0,0,0,0,0,0
sample_5547f84ed4f372fe,Mn-Fe-Co-Ni-La-Ce|Mn0.1Fe0.5Ce0.4,Mn-Fe-Co-Ni-La-Ce,Mn0.1Fe0.5Ce0.4,3,0.1,0.5,0,0,0,0.4,0,0,0,0,0
sample_555e388c83d34abf,Mn-Fe-Co-Ni-La-Ce|Mn0.1Co0.1La0.8,Mn-Fe-Co-Ni-La-Ce,Mn0.1Co0.1La0.8,3,0.1,0,0.1,0,0.8,0,0,0,0,0,0
sample_558f0e542f2dabe7,Mn-Fe-Co-Ni-La-Ce|Fe0.5Co0.2Ni0.3,Mn-Fe-Co-Ni-La-Ce,Fe0.5Co0.2Ni0.3,3,0,0.5,0.2,0.3,0,0,0,0,0,0,0
sample_55b26cf607d59355,Mn-Fe-Co-Ni-Cu-Ta|Mn0.5Fe0.1Ta0.4,Mn-Fe-Co-Ni-Cu-Ta,Mn0.5Fe0.1Ta0.4,3,0.5,0.1,0,0,0,0,0,0.4,0,0,0
sample_55bfd78cef06e6a2,Ca-Mn-Co-Ni-Sn-Sb|Ca0.1Co0.3Sb0.6,Ca-Mn-Co-Ni-Sn-Sb,Ca0.1Co0.3Sb0.6,3,0,0,0.3,0,0,0,0,0,0,0.1,0.6
sample_55fa706f224b8559,Mn-Fe-Co-Ni-La-Ce|Mn0.3Fe0.1La0.6,Mn-Fe-Co-Ni-La-Ce,Mn0.3Fe0.1La0.6,3,0.3,0.1,0,0,0.6,0,0,0,0,0,0
sample_56089f359719943d,Ca-Mn-Co-Ni-Sn-Sb|Ni0.1Sb0.9,Ca-Mn-Co-Ni-Sn-Sb,Ni0.1Sb0.9,2,0,0,0,0.1,0,0,0,0,0,0,0.9
sample_560d3b5805146a77,Mn-Fe-Co-Ni-La-Ce|Mn0.2Fe0.4La0.4,Mn-Fe-Co-Ni-La-Ce,Mn0.2Fe0.4La0.4,3,0.2,0.4,0,0,0.4,0,0,0,0,0,0
sample_560fc7031bb3395c,Mn-Fe-Co-Ni-La-Ce|Ni0.4Ce0.6,Mn-Fe-Co-Ni-La-Ce,Ni0.4Ce0.6,2,0,0,0,0.4,0,0.6,0,0,0,0,0
sample_56192ec830822c7b,Ca-Mn-Co-Ni-Sn-Sb|Mn0.1Co0.6Sn0.3,Ca-Mn-Co-Ni-Sn-Sb,Mn0.1Co0.6Sn0.3,3,0.1,0,0.6,0,0,0,0,0,0.3,0,0
sample_5639a6c2a1fe10c7,Mn-Fe-Co-Cu-Sn-Ta|Co0.4Cu0.1Sn0.5,Mn-Fe-Co-Cu-Sn-Ta,Co0.4Cu0.1Sn0.5,3,0,0,0.4,0,0,0,0.1,0,0.5,0,0
sample_564dd2bdb42a2517,Mn-Fe-Co-Ni-Cu-Ta|Mn0.8Ni0.2,Mn-Fe-Co-Ni-Cu-Ta,Mn0.8Ni0.2,2,0.8,0,0,0.2,0,0,0,0,0,0,0
sample_564f032607807f5f,Mn-Fe-Co-Ni-Cu-Ta|Mn0.6Fe0.2Ni0.2,Mn-Fe-Co-Ni-Cu-Ta,Mn0.6Fe0.2Ni0.2,3,0.6,0.2,0,0.2,0,0,0,0,0,0,0
sample_566153ae9e6dde98,Mn-Fe-Co-Cu-Sn-Ta|Fe0.3Co0.4Ta0.3,Mn-Fe-Co-Cu-Sn-Ta,Fe0.3Co0.4Ta0.3,3,0,0.3,0.4,0,0,0,0,0.3,0,0,0
sample_569056a10069174d,Mn-Fe-Co-Cu-Sn-Ta|Mn0.2Sn0.3Ta0.5,Mn-Fe-Co-Cu-Sn-Ta,Mn0.2Sn0.3Ta0.5,3,0.2,0,0,0,0,0,0,0.5,0.3,0,0
sample_56b1a977e999e821,Mn-Fe-Co-Ni-La-Ce|Fe0.5Co0.4La0.1,Mn-Fe-Co-Ni-La-Ce,Fe0.5Co0.4La0.1,3,0,0.5,0.4,0,0.1,0,0,0,0,0,0
sample_56cfc4a85bd6d9c0,Ca-Mn-Co-Ni-Sn-Sb|Ca0.7Co0.2Sb0.1,Ca-Mn-Co-Ni-Sn-Sb,Ca0.7Co0.2Sb0.1,3,0,0,0.2,0,0,0,0,0,0,0.7,0.1
sample_56da9a5a8672ec93,Mn-Fe-Co-Cu-Sn-Ta|Co0.4Cu0.5Ta0.1,Mn-Fe-Co-Cu-Sn-Ta,Co0.4Cu0.5Ta0.1,3,0,0,0.4,0,0,0,0.5,0.1,0,0,0
sample_56dfde3e1781fe8a,Mn-Fe-Co-Cu-Sn-Ta|Sn0.3Ta0.7,Mn-Fe-Co-Cu-Sn-Ta,Sn0.3Ta0.7,2,0,0,0,0,0,0,0,0.7,0.3,0,0
sample_56e3f06ac90f54af,Mn-Fe-Co-Cu-Sn-Ta|Mn0.3Co0.1Ta0.6,Mn-Fe-Co-Cu-Sn-Ta,Mn0.3Co0.1Ta0.6,3,0.3,0,0.1,0,0,0,0,0.6,0,0,0
sample_56ea1a598faf5434,Mn-Fe-Co-Cu-Sn-Ta|Co0.6Cu0.2Sn0.2,Mn-Fe-Co-Cu-Sn-Ta,Co0.6Cu0.2Sn0.2,3,0,0,0.6,0,0,0,0.2,0,0.2,0,0
sample_56f005bc8072e1f4,Mn-Fe-Co-Ni-Cu-Ta|Co0.7Ta0.3,Mn-Fe-Co-Ni-Cu-Ta,Co0.7Ta0.3,2,0,0,0.7,0,0,0,0,0.3,0,0,0
sample_5708f06bed8849bd,Ca-Mn-Co-Ni-Sn-Sb|Co0.3Ni0.6Sb0.1,Ca-Mn-Co-Ni-Sn-Sb,Co0.3Ni0.6Sb0.1,3,0,0,0.3,0.6,0,0,0,0,0,0,0.1
sample_571656432ff218e5,Mn-Fe-Co-Ni-La-Ce|Co0.4Ni0.2Ce0.4,Mn-Fe-Co-Ni-La-Ce,Co0.4Ni0.2Ce0.4,3,0,0,0.4,0.2,0,0.4,0,0,0,0,0
sample_5720ee69177a036a,Mn-Fe-Co-Ni-Cu-Ta|Ni0.5Cu0.5,Mn-Fe-Co-Ni-Cu-Ta,Ni0.5Cu0.5,2,0,0,0,0.5,0,0,0.5,0,0,0,0
sample_574ab84522d5a4a1,Mn-Fe-Co-Cu-Sn-Ta|Cu0.6Sn0.1Ta0.3,Mn-Fe-Co-Cu-Sn-Ta,Cu0.6Sn0.1Ta0.3,3,0,0,0,0,0,0,0.6,0.3,0.1,0,0
sample_57695f4ce46e1dda,Mn-Fe-Co-Cu-Sn-Ta|Cu0.6Sn0.3Ta0.1,Mn-Fe-Co-Cu-Sn-Ta,Cu0.6Sn0.3Ta0.1,3,0,0,0,0,0,0,0.6,0.1,0.3,0,0
sample_576f28b520b8b36e,Mn-Fe-Co-Ni-La-Ce|Mn0.1Co0.6Ni0.3,Mn-Fe-Co-Ni-La-Ce,Mn0.1Co0.6Ni0.3,3,0.1,0,0.6,0.3,0,0,0,0,0,0,0
sample_57ab38aa8b980ac7,Mn-Fe-Co-Cu-Sn-Ta|Mn0.4Fe0.4Sn0.2,Mn-Fe-Co-Cu-Sn-Ta,Mn0.4Fe0.4Sn0.2,3,0.4,0.4,0,0,0,0,0,0,0.2,0,0
sample_57b350d39c5d69e1,Ca-Mn-Co-Ni-Sn-Sb|Ca0.2Co0.4Ni0.4,Ca-Mn-Co-Ni-Sn-Sb,Ca0.2Co0.4Ni0.4,3,0,0,0.4,0.4,0,0,0,0,0,0.2,0
sample_57b3a3bf323c594c,Mn-Fe-Co-Cu-Sn-Ta|Mn0.3Fe0.2Co0.5,Mn-Fe-Co-Cu-Sn-Ta,Mn0.3Fe0.2Co0.5,3,0.3,0.2,0.5,0,0,0,0,0,0,0,0
sample_57c66b4226039909,Ca-Mn-Co-Ni-Sn-Sb|Mn0.1Co0.2Sb0.7,Ca-Mn-Co-Ni-Sn-Sb,Mn0.1Co0.2Sb0.7,3,0.1,0,0.2,0,0,0,0,0,0,0,0.7
sample_57d477c9cff9f3bc,Mn-Fe-Co-Ni-La-Ce|Fe0.2La0.5Ce0.3,Mn-Fe-Co-Ni-La-Ce,Fe0.2La0.5Ce0.3,3,0,0.2,0,0,0.5,0.3,0,0,0,0,0
sample_57ed483638d5b439,Mn-Fe-Co-Ni-La-Ce|Mn0.1Fe0.1La0.8,Mn-Fe-Co-Ni-La-Ce,Mn0.1Fe0.1La0.8,3,0.1,0.1,0,0,0.8,0,0,0,0,0,0
sample_5812c3404f0d43e2,Mn-Fe-Co-Ni-Cu-Ta|Mn0.5Co0.1Ta0.4,Mn-Fe-Co-Ni-Cu-Ta,Mn0.5Co0.1Ta0.4,3,0.5,0,0.1,0,0,0,0,0.4,0,0,0
sample_58131c36f117a957,Mn-Fe-Co-Cu-Sn-Ta|Fe0.2Co0.1Cu0.7,Mn-Fe-Co-Cu-Sn-Ta,Fe0.2Co0.1Cu0.7,3,0,0.2,0.1,0,0,0,0.7,0,0,0,0
sample_58252fd679cff0d7,Mn-Fe-Co-Ni-Cu-Ta|Mn0.4Co0.2Ni0.4,Mn-Fe-Co-Ni-Cu-Ta,Mn0.4Co0.2Ni0.4,3,0.4,0,0.2,0.4,0,0,0,0,0,0,0
sample_5827bb50e758a339,Mn-Fe-Co-Cu-Sn-Ta|Mn0.1Co0.2Cu0.7,Mn-Fe-Co-Cu-Sn-Ta,Mn0.1Co0.2Cu0.7,3,0.1,0,0.2,0,0,0,0.7,0,0,0,0
sample_583be442f258678f,Mn-Fe-Co-Cu-Sn-Ta|Fe0.4Cu0.1Ta0.5,Mn-Fe-Co-Cu-Sn-Ta,Fe0.4Cu0.1Ta0.5,3,0,0.4,0,0,0,0,0.1,0.5,0,0,0
sample_586f9f3336621dd3,Mn-Fe-Co-Cu-Sn-Ta|Fe0.2Cu0.6Ta0.2,Mn-Fe-Co-Cu-Sn-Ta,Fe0.2Cu0.6Ta0.2,3,0,0.2,0,0,0,0,0.6,0.2,0,0,0
sample_587c6f643195d41b,Mn-Fe-Co-Cu-Sn-Ta|Mn0.3Ta0.7,Mn-Fe-Co-Cu-Sn-Ta,Mn0.3Ta0.7,2,0.3,0,0,0,0,0,0,0.7,0,0,0
sample_588e2108141a9b95,Mn-Fe-Co-Ni-La-Ce|Mn0.2La0.5Ce0.3,Mn-Fe-Co-Ni-La-Ce,Mn0.2La0.5Ce0.3,3,0.2,0,0,0,0.5,0.3,0,0,0,0,0
sample_5893eaf255b33ed3,Mn-Fe-Co-Ni-La-Ce|Mn0.5La0.2Ce0.3,Mn-Fe-Co-Ni-La-Ce,Mn0.5La0.2Ce0.3,3,0.5,0,0,0,0.2,0.3,0,0,0,0,0
sample_58b6975bfc86595c,Mn-Fe-Co-Cu-Sn-Ta|Mn0.6Sn0.4,Mn-Fe-Co-Cu-Sn-Ta,Mn0.6Sn0.4,2,0.6,0,0,0,0,0,0,0,0.4,0,0
sample_58f12e9db303d96d,Ca-Mn-Co-Ni-Sn-Sb|Mn0.7Ni0.1Sb0.2,Ca-Mn-Co-Ni-Sn-Sb,Mn0.7Ni0.1Sb0.2,3,0.7,0,0,0.1,0,0,0,0,0,0,0.2
sample_5900d647f12ae135,Mn-Fe-Co-Cu-Sn-Ta|Mn0.3Fe0.4Cu0.3,Mn-Fe-Co-Cu-Sn-Ta,Mn0.3Fe0.4Cu0.3,3,0.3,0.4,0,0,0,0,0.3,0,0,0,0
sample_59026c080fa9879c,Ca-Mn-Co-Ni-Sn-Sb|Mn0.6Co0.2Sb0.2,Ca-Mn-Co-Ni-Sn-Sb,Mn0.6Co0.2Sb0.2,3,0.6,0,0.2,0,0,0,0,0,0,0,0.2
sample_594a55c912828d1a,Mn-Fe-Co-Cu-Sn-Ta|Fe0.1Co0.5Cu0.4,Mn-Fe-Co-Cu-Sn-Ta,Fe0.1Co0.5Cu0.4,3,0,0.1,0.5,0,0,0,0.4,0,0,0,0
sample_594e8fe02d64ad99,Mn-Fe-Co-Ni-La-Ce|Mn0.5Co0.3Ni0.2,Mn-Fe-Co-Ni-La-Ce,Mn0.5Co0.3Ni0.2,3,0.5,0,0.3,0.2,0,0,0,0,0,0,0
sample_594f5498474c1011,Mn-Fe-Co-Ni-Cu-Ta|Mn0.6Ni0.3Ta0.1,Mn-Fe-Co-Ni-Cu-Ta,Mn0.6Ni0.3Ta0.1,3,0.6,0,0,0.3,0,0,0,0.1,0,0,0
sample_59567613877d4f87,Mn-Fe-Co-Ni-Cu-Ta|Ni0.1Cu0.9,Mn-Fe-Co-Ni-Cu-Ta,Ni0.1Cu0.9,2,0,0,0,0.1,0,0,0.9,0,0,0,0
sample_59636d27261e5709,Mn-Fe-Co-Cu-Sn-Ta|Mn0.2Co0.3Cu0.5,Mn-Fe-Co-Cu-Sn-Ta,Mn0.2Co0.3Cu0.5,3,0.2,0,0.3,0,0,0,0.5,0,0,0,0
sample_596c302ef5e0f4d9,Ca-Mn-Co-Ni-Sn-Sb|Ca0.6Ni0.3Sn0.1,Ca-Mn-Co-Ni-Sn-Sb,Ca0.6Ni0.3Sn0.1,3,0,0,0,0.3,0,0,0,0,0.1,0.6,0
sample_59a32fbdbeccfa42,Ca-Mn-Co-Ni-Sn-Sb|Ca0.3Sn0.4Sb0.3,Ca-Mn-Co-Ni-Sn-Sb,Ca0.3Sn0.4Sb0.3,3,0,0,0,0,0,0,0,0,0.4,0.3,0.3
sample_59ac2ac5371d5687,Mn-Fe-Co-Cu-Sn-Ta|Mn0.2Fe0.7Sn0.1,Mn-Fe-Co-Cu-Sn-Ta,Mn0.2Fe0.7Sn0.1,3,0.2,0.7,0,0,0,0,0,0,0.1,0,0
sample_59b352a372e62a26,Mn-Fe-Co-Cu-Sn-Ta|Fe0.6Co0.1Cu0.3,Mn-Fe-Co-Cu-Sn-Ta,Fe0.6Co0.1Cu0.3,3,0,0.6,0.1,0,0,0,0.3,0,0,0,0
sample_59bf4b7126ede3c2,Mn-Fe-Co-Ni-Cu-Ta|Fe0.3Co0.4Ni0.3,Mn-Fe-Co-Ni-Cu-Ta,Fe0.3Co0.4Ni0.3,3,0,0.3,0.4,0.3,0,0,0,0,0,0,0
sample_59e9197a124a10aa,Ca-Mn-Co-Ni-Sn-Sb|Co0.3Ni0.5Sb0.2,Ca-Mn-Co-Ni-Sn-Sb,Co0.3Ni0.5Sb0.2,3,0,0,0.3,0.5,0,0,0,0,0,0,0.2
sample_5a03fab55960a846,Mn-Fe-Co-Ni-La-Ce|Mn0.1Fe0.9,Mn-Fe-Co-Ni-La-Ce,Mn0.1Fe0.9,2,0.1,0.9,0,0,0,0,0,0,0,0,0
sample_5a0a3fc0bdc9759e,Mn-Fe-Co-Ni-La-Ce|Ni0.7La0.1Ce0.2,Mn-Fe-Co-Ni-La-Ce,Ni0.7La0.1Ce0.2,3,0,0,0,0.7,0.1,0.2,0,0,0,0,0
sample_5a3360b268854d67,Mn-Fe-Co-Ni-Cu-Ta|Mn0.2Fe0.2Co0.6,Mn-Fe-Co-Ni-Cu-Ta,Mn0.2Fe0.2Co0.6,3,0.2,0.2,0.6,0,0,0,0,0,0,0,0
sample_5a7970773e52d153,Mn-Fe-Co-Ni-La-Ce|Fe0.8Co0.1Ce0.1,Mn-Fe-Co-Ni-La-Ce,Fe0.8Co0.1Ce0.1,3,0,0.8,0.1,0,0,0.1,0,0,0,0,0
sample_5a8d80d3b01d348c,Ca-Mn-Co-Ni-Sn-Sb|Ca0.4Sn0.6,Ca-Mn-Co-Ni-Sn-Sb,Ca0.4Sn0.6,2,0,0,0,0,0,0,0,0,0.6,0.4,0
sample_5aa3da82ddf54b12,Ca-Mn-Co-Ni-Sn-Sb|Mn0.4Ni0.2Sb0.4,Ca-Mn-Co-Ni-Sn-Sb,Mn0.4Ni0.2Sb0.4,3,0.4,0,0,0.2,0,0,0,0,0,0,0.4
sample_5aa81fdbe02916bb,Mn-Fe-Co-Ni-Cu-Ta|Mn0.4Cu0.5Ta0.1,Mn-Fe-Co-Ni-Cu-Ta,Mn0.4Cu0.5Ta0.1,3,0.4,0,0,0,0,0,0.5,0.1,0,0,0
sample_5ad15f5984e335de,Mn-Fe-Co-Cu-Sn-Ta|Mn0.4Fe0.5Ta0.1,Mn-Fe-Co-Cu-Sn-Ta,Mn0.4Fe0.5Ta0.1,3,0.4,0.5,0,0,0,0,0,0.1,0,0,0
sample_5ad34196cf112b13,Mn-Fe-Co-Cu-Sn-Ta|Mn0.1Fe0.7Cu0.2,Mn-Fe-Co-Cu-Sn-Ta,Mn0.1Fe0.7Cu0.2,3,0.1,0.7,0,0,0,0,0.2,0,0,0,0
sample_5ae1d0d2468a519f,Mn-Fe-Co-Cu-Sn-Ta|Fe0.2Sn0.6Ta0.2,Mn-Fe-Co-Cu-Sn-Ta,Fe0.2Sn0.6Ta0.2,3,0,0.2,0,0,0,0,0,0.2,0.6,0,0
sample_5ae668aa2d90faac,Mn-Fe-Co-Cu-Sn-Ta|Mn0.2Fe0.4Cu0.4,Mn-Fe-Co-Cu-Sn-Ta,Mn0.2Fe0.4Cu0.4,3,0.2,0.4,0,0,0,0,0.4,0,0,0,0
sample_5aea91ab3621f595,Mn-Fe-Co-Cu-Sn-Ta|Mn0.1Co0.3Cu0.6,Mn-Fe-Co-Cu-Sn-Ta,Mn0.1Co0.3Cu0.6,3,0.1,0,0.3,0,0,0,0.6,0,0,0,0
sample_5af4e7597f5e6418,Mn-Fe-Co-Cu-Sn-Ta|Sn0.1Ta0.9,Mn-Fe-Co-Cu-Sn-Ta,Sn0.1Ta0.9,2,0,0,0,0,0,0,0,0.9,0.1,0,0
sample_5afb11a01c6355ba,Ca-Mn-Co-Ni-Sn-Sb|Mn0.1Co0.6Ni0.3,Ca-Mn-Co-Ni-Sn-Sb,Mn0.1Co0.6Ni0.3,3,0.1,0,0.6,0.3,0,0,0,0,0,0,0
sample_5b2477db2834560f,Mn-Fe-Co-Ni-La-Ce|Fe0.1Co0.7Ni0.2,Mn-Fe-Co-Ni-La-Ce,Fe0.1Co0.7Ni0.2,3,0,0.1,0.7,0.2,0,0,0,0,0,0,0
sample_5b390d8db2c2bbb2,Mn-Fe-Co-Ni-Cu-Ta|Co0.2Ni0.6Ta0.2,Mn-Fe-Co-Ni-Cu-Ta,Co0.2Ni0.6Ta0.2,3,0,0,0.2,0.6,0,0,0,0.2,0,0,0
sample_5b4d0f44daab2955,Mn-Fe-Co-Ni-Cu-Ta|Fe0.1Co0.4Ta0.5,Mn-Fe-Co-Ni-Cu-Ta,Fe0.1Co0.4Ta0.5,3,0,0.1,0.4,0,0,0,0,0.5,0,0,0
sample_5b5dc85ab8a3433f,Mn-Fe-Co-Ni-Cu-Ta|Mn0.6Co0.2Cu0.2,Mn-Fe-Co-Ni-Cu-Ta,Mn0.6Co0.2Cu0.2,3,0.6,0,0.2,0,0,0,0.2,0,0,0,0
sample_5b7d209b73bd46e0,Mn-Fe-Co-Ni-La-Ce|Co0.3Ni0.2La0.5,Mn-Fe-Co-Ni-La-Ce,Co0.3Ni0.2La0.5,3,0,0,0.3,0.2,0.5,0,0,0,0,0,0
sample_5b8a8f03a6abdf24,Mn-Fe-Co-Ni-Cu-Ta|Mn0.2Ni0.4Cu0.4,Mn-Fe-Co-Ni-Cu-Ta,Mn0.2Ni0.4Cu0.4,3,0.2,0,0,0.4,0,0,0.4,0,0,0,0
sample_5bac77579c63681c,Mn-Fe-Co-Ni-Cu-Ta|Fe0.2Co0.7Ni0.1,Mn-Fe-Co-Ni-Cu-Ta,Fe0.2Co0.7Ni0.1,3,0,0.2,0.7,0.1,0,0,0,0,0,0,0
sample_5baff9fe39bc6454,Mn-Fe-Co-Cu-Sn-Ta|Mn0.3Cu0.1Sn0.6,Mn-Fe-Co-Cu-Sn-Ta,Mn0.3Cu0.1Sn0.6,3,0.3,0,0,0,0,0,0.1,0,0.6,0,0
sample_5bb616625e796ca8,Mn-Fe-Co-Cu-Sn-Ta|Fe0.2Co0.3Cu0.5,Mn-Fe-Co-Cu-Sn-Ta,Fe0.2Co0.3Cu0.5,3,0,0.2,0.3,0,0,0,0.5,0,0,0,0
sample_5bbc878ac67428e1,Mn-Fe-Co-Ni-La-Ce|Mn0.4Fe0.6,Mn-Fe-Co-Ni-La-Ce,Mn0.4Fe0.6,2,0.4,0.6,0,0,0,0,0,0,0,0,0
sample_5bbf94776f476cdc,Mn-Fe-Co-Ni-La-Ce|Mn0.2Fe0.3Ni0.5,Mn-Fe-Co-Ni-La-Ce,Mn0.2Fe0.3Ni0.5,3,0.2,0.3,0,0.5,0,0,0,0,0,0,0
sample_5bc12ec0e1c1cc60,Mn-Fe-Co-Cu-Sn-Ta|Fe0.3Co0.4Cu0.3,Mn-Fe-Co-Cu-Sn-Ta,Fe0.3Co0.4Cu0.3,3,0,0.3,0.4,0,0,0,0.3,0,0,0,0
sample_5bdcc022215302b3,Mn-Fe-Co-Ni-Cu-Ta|Mn0.4Co0.4Ni0.2,Mn-Fe-Co-Ni-Cu-Ta,Mn0.4Co0.4Ni0.2,3,0.4,0,0.4,0.2,0,0,0,0,0,0,0
sample_5bf91f123def43b5,Mn-Fe-Co-Ni-La-Ce|Co0.1Ni0.1La0.8,Mn-Fe-Co-Ni-La-Ce,Co0.1Ni0.1La0.8,3,0,0,0.1,0.1,0.8,0,0,0,0,0,0
sample_5c0711a673426efb,Ca-Mn-Co-Ni-Sn-Sb|Ca0.7Ni0.3,Ca-Mn-Co-Ni-Sn-Sb,Ca0.7Ni0.3,2,0,0,0,0.3,0,0,0,0,0,0.7,0
sample_5c0edaf44cf5778f,Mn-Fe-Co-Cu-Sn-Ta|Mn0.2Co0.1Ta0.7,Mn-Fe-Co-Cu-Sn-Ta,Mn0.2Co0.1Ta0.7,3,0.2,0,0.1,0,0,0,0,0.7,0,0,0
sample_5c25d583f5b97df3,Mn-Fe-Co-Ni-La-Ce|Mn0.1La0.2Ce0.7,Mn-Fe-Co-Ni-La-Ce,Mn0.1La0.2Ce0.7,3,0.1,0,0,0,0.2,0.7,0,0,0,0,0
sample_5c30000fe8e50899,Mn-Fe-Co-Ni-Cu-Ta|Fe0.2Co0.3Ni0.5,Mn-Fe-Co-Ni-Cu-Ta,Fe0.2Co0.3Ni0.5,3,0,0.2,0.3,0.5,0,0,0,0,0,0,0
sample_5c4eddbc0fca231b,Mn-Fe-Co-Ni-La-Ce|Mn0.2Co0.5Ce0.3,Mn-Fe-Co-Ni-La-Ce,Mn0.2Co0.5Ce0.3,3,0.2,0,0.5,0,0,0.3,0,0,0,0,0
sample_5c5973fb1063cd9f,Ca-Mn-Co-Ni-Sn-Sb|Mn0.8Co0.1Sb0.1,Ca-Mn-Co-Ni-Sn-Sb,Mn0.8Co0.1Sb0.1,3,0.8,0,0.1,0,0,0,0,0,0,0,0.1
sample_5c7c2b8ca33a519c,Mn-Fe-Co-Ni-La-Ce|Mn0.5La0.1Ce0.4,Mn-Fe-Co-Ni-La-Ce,Mn0.5La0.1Ce0.4,3,0.5,0,0,0,0.1,0.4,0,0,0,0,0
sample_5c8492be77b732e7,Mn-Fe-Co-Ni-La-Ce|Mn0.6Ni0.1Ce0.3,Mn-Fe-Co-Ni-La-Ce,Mn0.6Ni0.1Ce0.3,3,0.6,0,0,0.1,0,0.3,0,0,0,0,0
sample_5c84b25cc6e5021a,Mn-Fe-Co-Ni-Cu-Ta|Fe0.2Co0.4Ni0.4,Mn-Fe-Co-Ni-Cu-Ta,Fe0.2Co0.4Ni0.4,3,0,0.2,0.4,0.4,0,0,0,0,0,0,0
sample_5c9ac4b8314691d1,Mn-Fe-Co-Ni-Cu-Ta|Mn0.1Fe0.7Cu0.2,Mn-Fe-Co-Ni-Cu-Ta,Mn0.1Fe0.7Cu0.2,3,0.1,0.7,0,0,0,0,0.2,0,0,0,0
sample_5ca96696ab2e5f23,Mn-Fe-Co-Cu-Sn-Ta|Mn0.3Co0.2Cu0.5,Mn-Fe-Co-Cu-Sn-Ta,Mn0.3Co0.2Cu0.5,3,0.3,0,0.2,0,0,0,0.5,0,0,0,0
sample_5cba2cac9387cba7,Mn-Fe-Co-Ni-Cu-Ta|Mn0.5Ni0.3Ta0.2,Mn-Fe-Co-Ni-Cu-Ta,Mn0.5Ni0.3Ta0.2,3,0.5,0,0,0.3,0,0,0,0.2,0,0,0
sample_5cba9cb7b5592816,Mn-Fe-Co-Ni-La-Ce|Mn0.8Fe0.1Co0.1,Mn-Fe-Co-Ni-La-Ce,Mn0.8Fe0.1Co0.1,3,0.8,0.1,0.1,0,0,0,0,0,0,0,0
sample_5cbf22cac9813c05,Mn-Fe-Co-Cu-Sn-Ta|Mn0.1Co0.4Cu0.5,Mn-Fe-Co-Cu-Sn-Ta,Mn0.1Co0.4Cu0.5,3,0.1,0,0.4,0,0,0,0.5,0,0,0,0
sample_5cc90d5c8bb6cb93,Ca-Mn-Co-Ni-Sn-Sb|Ca0.2Mn0.4Co0.4,Ca-Mn-Co-Ni-Sn-Sb,Ca0.2Mn0.4Co0.4,3,0.4,0,0.4,0,0,0,0,0,0,0.2,0
sample_5cf32fbf8895cc60,Mn-Fe-Co-Cu-Sn-Ta|Fe0.6Cu0.3Ta0.1,Mn-Fe-Co-Cu-Sn-Ta,Fe0.6Cu0.3Ta0.1,3,0,0.6,0,0,0,0,0.3,0.1,0,0,0
sample_5cf5101f19d2bc29,Mn-Fe-Co-Ni-La-Ce|Mn0.7Fe0.2Co0.1,Mn-Fe-Co-Ni-La-Ce,Mn0.7Fe0.2Co0.1,3,0.7,0.2,0.1,0,0,0,0,0,0,0,0
sample_5d00597fea7a8799,Mn-Fe-Co-Cu-Sn-Ta|Mn0.1Cu0.6Ta0.3,Mn-Fe-Co-Cu-Sn-Ta,Mn0.1Cu0.6Ta0.3,3,0.1,0,0,0,0,0,0.6,0.3,0,0,0
sample_5d00740934d7d29d,Mn-Fe-Co-Cu-Sn-Ta|Fe0.4Co0.3Sn0.3,Mn-Fe-Co-Cu-Sn-Ta,Fe0.4Co0.3Sn0.3,3,0,0.4,0.3,0,0,0,0,0,0.3,0,0
sample_5d2534c059207db2,Ca-Mn-Co-Ni-Sn-Sb|Ca0.5Mn0.2Ni0.3,Ca-Mn-Co-Ni-Sn-Sb,Ca0.5Mn0.2Ni0.3,3,0.2,0,0,0.3,0,0,0,0,0,0.5,0
sample_5d65651147e1e23a,Mn-Fe-Co-Ni-La-Ce|Ni0.1Ce0.9,Mn-Fe-Co-Ni-La-Ce,Ni0.1Ce0.9,2,0,0,0,0.1,0,0.9,0,0,0,0,0
sample_5d7ef87d6fcae383,Mn-Fe-Co-Cu-Sn-Ta|Mn0.6Co0.3Sn0.1,Mn-Fe-Co-Cu-Sn-Ta,Mn0.6Co0.3Sn0.1,3,0.6,0,0.3,0,0,0,0,0,0.1,0,0
sample_5d8ce81b8ee8ff39,Ca-Mn-Co-Ni-Sn-Sb|Ca0.3Sn0.5Sb0.2,Ca-Mn-Co-Ni-Sn-Sb,Ca0.3Sn0.5Sb0.2,3,0,0,0,0,0,0,0,0,0.5,0.3,0.2
sample_5da0f7b5c70cdfcc,Ca-Mn-Co-Ni-Sn-Sb|Ca0.5Co0.1Ni0.4,Ca-Mn-Co-Ni-Sn-Sb,Ca0.5Co0.1Ni0.4,3,0,0,0.1,0.4,0,0,0,0,0,0.5,0
sample_5da41277092d9aa7,Mn-Fe-Co-Cu-Sn-Ta|Mn0.3Fe0.7,Mn-Fe-Co-Cu-Sn-Ta,Mn0.3Fe0.7,2,0.3,0.7,0,0,0,0,0,0,0,0,0
sample_5dd48af01f7e3df1,Mn-Fe-Co-Ni-Cu-Ta|Co0.1Ni0.7Ta0.2,Mn-Fe-Co-Ni-Cu-Ta,Co0.1Ni0.7Ta0.2,3,0,0,0.1,0.7,0,0,0,0.2,0,0,0
sample_5ddd2d03f58a8836,Mn-Fe-Co-Cu-Sn-Ta|Mn0.1Fe0.5Sn0.4,Mn-Fe-Co-Cu-Sn-Ta,Mn0.1Fe0.5Sn0.4,3,0.1,0.5,0,0,0,0,0,0,0.4,0,0
sample_5e12b9ef27ce0ff0,Mn-Fe-Co-Ni-La-Ce|Mn0.6Fe0.2La0.2,Mn-Fe-Co-Ni-La-Ce,Mn0.6Fe0.2La0.2,3,0.6,0.2,0,0,0.2,0,0,0,0,0,0
sample_5e1f43032e141422,Mn-Fe-Co-Ni-La-Ce|Ni0.5Ce0.5,Mn-Fe-Co-Ni-La-Ce,Ni0.5Ce0.5,2,0,0,0,0.5,0,0.5,0,0,0,0,0
sample_5e5f1811251b8c20,Mn-Fe-Co-Ni-Cu-Ta|Co0.8Ni0.1Cu0.1,Mn-Fe-Co-Ni-Cu-Ta,Co0.8Ni0.1Cu0.1,3,0,0,0.8,0.1,0,0,0.1,0,0,0,0
sample_5e9f3c4eecd13b76,Ca-Mn-Co-Ni-Sn-Sb|Mn0.7Sn0.3,Ca-Mn-Co-Ni-Sn-Sb,Mn0.7Sn0.3,2,0.7,0,0,0,0,0,0,0,0.3,0,0
sample_5ea175a8ded8b873,Mn-Fe-Co-Cu-Sn-Ta|Mn0.1Fe0.1Cu0.8,Mn-Fe-Co-Cu-Sn-Ta,Mn0.1Fe0.1Cu0.8,3,0.1,0.1,0,0,0,0,0.8,0,0,0,0
sample_5ebb67c51b5530ae,Mn-Fe-Co-Ni-Cu-Ta|Mn0.2Fe0.4Ni0.4,Mn-Fe-Co-Ni-Cu-Ta,Mn0.2Fe0.4Ni0.4,3,0.2,0.4,0,0.4,0,0,0,0,0,0,0
sample_5ed12926b62c3314,Mn-Fe-Co-Ni-Cu-Ta|Mn0.3Co0.5Ta0.2,Mn-Fe-Co-Ni-Cu-Ta,Mn0.3Co0.5Ta0.2,3,0.3,0,0.5,0,0,0,0,0.2,0,0,0
sample_5ed2d4afc8471ebb,Mn-Fe-Co-Ni-La-Ce|Co0.7Ni0.2Ce0.1,Mn-Fe-Co-Ni-La-Ce,Co0.7Ni0.2Ce0.1,3,0,0,0.7,0.2,0,0.1,0,0,0,0,0
sample_5ed9aac8e93d6b9e,Ca-Mn-Co-Ni-Sn-Sb|Mn0.2Ni0.6Sb0.2,Ca-Mn-Co-Ni-Sn-Sb,Mn0.2Ni0.6Sb0.2,3,0.2,0,0,0.6,0,0,0,0,0,0,0.2
sample_5ef3f0d81425bcb2,Mn-Fe-Co-Ni-Cu-Ta|Co0.4Ni0.3Cu0.3,Mn-Fe-Co-Ni-Cu-Ta,Co0.4Ni0.3Cu0.3,3,0,0,0.4,0.3,0,0,0.3,0,0,0,0
sample_5f0c247378f10540,Ca-Mn-Co-Ni-Sn-Sb|Ca0.3Co0.6Sb0.1,Ca-Mn-Co-Ni-Sn-Sb,Ca0.3Co0.6Sb0.1,3,0,0,0.6,0,0,0,0,0,0,0.3,0.1
sample_5f297591016a619b,Ca-Mn-Co-Ni-Sn-Sb|Mn0.6Sn0.1Sb0.3,Ca-Mn-Co-Ni-Sn-Sb,Mn0.6Sn0.1Sb0.3,3,0.6,0,0,0,0,0,0,0,0.1,0,0.3
sample_5f3bab9186fe3b5b,Mn-Fe-Co-Ni-Cu-Ta|Mn0.5Co0.3Ta0.2,Mn-Fe-Co-Ni-Cu-Ta,Mn0.5Co0.3Ta0.2,3,0.5,0,0.3,0,0,0,0,0.2,0,0,0
sample_5f49b8c3f3ecd68a,Mn-Fe-Co-Cu-Sn-Ta|Fe0.1Cu0.6Ta0.3,Mn-Fe-Co-Cu-Sn-Ta,Fe0.1Cu0.6Ta0.3,3,0,0.1,0,0,0,0,0.6,0.3,0,0,0
sample_5f4aa8831196ddbc,Mn-Fe-Co-Ni-La-Ce|Mn0.8Co0.1La0.1,Mn-Fe-Co-Ni-La-Ce,Mn0.8Co0.1La0.1,3,0.8,0,0.1,0,0.1,0,0,0,0,0,0
sample_5f50283becc7095e,Mn-Fe-Co-Ni-Cu-Ta|Fe0.5Co0.4Cu0.1,Mn-Fe-Co-Ni-Cu-Ta,Fe0.5Co0.4Cu0.1,3,0,0.5,0.4,0,0,0,0.1,0,0,0,0
sample_5f509aee6afc5955,Mn-Fe-Co-Ni-Cu-Ta|Co0.1Cu0.6Ta0.3,Mn-Fe-Co-Ni-Cu-Ta,Co0.1Cu0.6Ta0.3,3,0,0,0.1,0,0,0,0.6,0.3,0,0,0
sample_5f6cac9558ca8ea9,Mn-Fe-Co-Ni-La-Ce|Co0.2Ni0.3Ce0.5,Mn-Fe-Co-Ni-La-Ce,Co0.2Ni0.3Ce0.5,3,0,0,0.2,0.3,0,0.5,0,0,0,0,0
sample_5f760486258861f0,Mn-Fe-Co-Ni-Cu-Ta|Fe0.1Co0.9,Mn-Fe-Co-Ni-Cu-Ta,Fe0.1Co0.9,2,0,0.1,0.9,0,0,0,0,0,0,0,0
sample_5f827430ca73181d,Mn-Fe-Co-Cu-Sn-Ta|Cu0.4Sn0.2Ta0.4,Mn-Fe-Co-Cu-Sn-Ta,Cu0.4Sn0.2Ta0.4,3,0,0,0,0,0,0,0.4,0.4,0.2,0,0
sample_5f927a51804c8ed2,Mn-Fe-Co-Cu-Sn-Ta|Fe0.3Co0.3Cu0.4,Mn-Fe-Co-Cu-Sn-Ta,Fe0.3Co0.3Cu0.4,3,0,0.3,0.3,0,0,0,0.4,0,0,0,0
sample_5fb847faa5981a66,Mn-Fe-Co-Cu-Sn-Ta|Mn0.5Cu0.3Ta0.2,Mn-Fe-Co-Cu-Sn-Ta,Mn0.5Cu0.3Ta0.2,3,0.5,0,0,0,0,0,0.3,0.2,0,0,0
sample_5fcc8aac3314a25d,Mn-Fe-Co-Ni-Cu-Ta|Mn0.6Ni0.4,Mn-Fe-Co-Ni-Cu-Ta,Mn0.6Ni0.4,2,0.6,0,0,0.4,0,0,0,0,0,0,0
sample_5fdd5ed90bf47daa,Mn-Fe-Co-Ni-La-Ce|Mn0.4Co0.2La0.4,Mn-Fe-Co-Ni-La-Ce,Mn0.4Co0.2La0.4,3,0.4,0,0.2,0,0.4,0,0,0,0,0,0
sample_601164faccffbf0b,Mn-Fe-Co-Cu-Sn-Ta|Mn0.2Cu0.2Ta0.6,Mn-Fe-Co-Cu-Sn-Ta,Mn0.2Cu0.2Ta0.6,3,0.2,0,0,0,0,0,0.2,0.6,0,0,0
sample_60138d4ed309972f,Mn-Fe-Co-Ni-La-Ce|Mn0.5Co0.3Ce0.2,Mn-Fe-Co-Ni-La-Ce,Mn0.5Co0.3Ce0.2,3,0.5,0,0.3,0,0,0.2,0,0,0,0,0
sample_601593f76802a11e,Mn-Fe-Co-Cu-Sn-Ta|Mn0.1Fe0.3Sn0.6,Mn-Fe-Co-Cu-Sn-Ta,Mn0.1Fe0.3Sn0.6,3,0.1,0.3,0,0,0,0,0,0,0.6,0,0
sample_605f605ba2f74543,Ca-Mn-Co-Ni-Sn-Sb|Mn0.3Sn0.3Sb0.4,Ca-Mn-Co-Ni-Sn-Sb,Mn0.3Sn0.3Sb0.4,3,0.3,0,0,0,0,0,0,0,0.3,0,0.4
sample_60658e23e9aea8aa,Mn-Fe-Co-Ni-Cu-Ta|Co0.6Cu0.3Ta0.1,Mn-Fe-Co-Ni-Cu-Ta,Co0.6Cu0.3Ta0.1,3,0,0,0.6,0,0,0,0.3,0.1,0,0,0
sample_606ce4bac7875b58,Ca-Mn-Co-Ni-Sn-Sb|Ca0.5Co0.4Sn0.1,Ca-Mn-Co-Ni-Sn-Sb,Ca0.5Co0.4Sn0.1,3,0,0,0.4,0,0,0,0,0,0.1,0.5,0
sample_6087275f6d66a7f6,Mn-Fe-Co-Ni-Cu-Ta|Fe0.1Co0.6Cu0.3,Mn-Fe-Co-Ni-Cu-Ta,Fe0.1Co0.6Cu0.3,3,0,0.1,0.6,0,0,0,0.3,0,0,0,0
sample_608c3a6589129d87,Mn-Fe-Co-Ni-Cu-Ta|Co0.4Ni0.1Ta0.5,Mn-Fe-Co-Ni-Cu-Ta,Co0.4Ni0.1Ta0.5,3,0,0,0.4,0.1,0,0,0,0.5,0,0,0
sample_609f9ba649be1a68,Mn-Fe-Co-Ni-La-Ce|Mn0.3Co0.4La0.3,Mn-Fe-Co-Ni-La-Ce,Mn0.3Co0.4La0.3,3,0.3,0,0.4,0,0.3,0,0,0,0,0,0
sample_60ad9f0085c606d9,Mn-Fe-Co-Cu-Sn-Ta|Co0.8Sn0.2,Mn-Fe-Co-Cu-Sn-Ta,Co0.8Sn0.2,2,0,0,0.8,0,0,0,0,0,0.2,0,0
sample_60b962533b3c219b,Mn-Fe-Co-Ni-La-Ce|Fe0.4Ni0.3Ce0.3,Mn-Fe-Co-Ni-La-Ce,Fe0.4Ni0.3Ce0.3,3,0,0.4,0,0.3,0,0.3,0,0,0,0,0
sample_60c4470a2eb99c21,Mn-Fe-Co-Cu-Sn-Ta|Mn0.1Co0.8Ta0.1,Mn-Fe-Co-Cu-Sn-Ta,Mn0.1Co0.8Ta0.1,3,0.1,0,0.8,0,0,0,0,0.1,0,0,0
sample_60ce458febb897fc,Ca-Mn-Co-Ni-Sn-Sb|Mn0.3Co0.7,Ca-Mn-Co-Ni-Sn-Sb,Mn0.3Co0.7,2,0.3,0,0.7,0,0,0,0,0,0,0,0
sample_610836f57ab12e9b,Ca-Mn-Co-Ni-Sn-Sb|Ca0.5Sb0.5,Ca-Mn-Co-Ni-Sn-Sb,Ca0.5Sb0.5,2,0,0,0,0,0,0,0,0,0,0.5,0.5
sample_610aebcd7d606a15,Mn-Fe-Co-Cu-Sn-Ta|Mn0.6Ta0.4,Mn-Fe-Co-Cu-Sn-Ta,Mn0.6Ta0.4,2,0.6,0,0,0,0,0,0,0.4,0,0,0
sample_6115fd261d3675bd,Ca-Mn-Co-Ni-Sn-Sb|Mn0.1Co0.2Sn0.7,Ca-Mn-Co-Ni-Sn-Sb,Mn0.1Co0.2Sn0.7,3,0.1,0,0.2,0,0,0,0,0,0.7,0,0
sample_61256fe2c17d4bcf,Mn-Fe-Co-Ni-La-Ce|Fe0.7Co0.1Ce0.2,Mn-Fe-Co-Ni-La-Ce,Fe0.7Co0.1Ce0.2,3,0,0.7,0.1,0,0,0.2,0,0,0,0,0
sample_614a89811b76ef75,Mn-Fe-Co-Cu-Sn-Ta|Fe0.2Cu0.1Sn0.7,Mn-Fe-Co-Cu-Sn-Ta,Fe0.2Cu0.1Sn0.7,3,0,0.2,0,0,0,0,0.1,0,0.7,0,0
sample_615b7927df79660d,Mn-Fe-Co-Ni-La-Ce|Mn0.7Co0.1Ce0.2,Mn-Fe-Co-Ni-La-Ce,Mn0.7Co0.1Ce0.2,3,0.7,0,0.1,0,0,0.2,0,0,0,0,0
sample_6174de2415c675eb,Mn-Fe-Co-Cu-Sn-Ta|Mn0.3Co0.5Cu0.2,Mn-Fe-Co-Cu-Sn-Ta,Mn0.3Co0.5Cu0.2,3,0.3,0,0.5,0,0,0,0.2,0,0,0,0
sample_617611bb92486fd6,Mn-Fe-Co-Cu-Sn-Ta|Co0.2Sn0.4Ta0.4,Mn-Fe-Co-Cu-Sn-Ta,Co0.2Sn0.4Ta0.4,3,0,0,0.2,0,0,0,0,0.4,0.4,0,0
sample_6176319d7863c76d,Mn-Fe-Co-Ni-Cu-Ta|Fe0.2Cu0.2Ta0.6,Mn-Fe-Co-Ni-Cu-Ta,Fe0.2Cu0.2Ta0.6,3,0,0.2,0,0,0,0,0.2,0.6,0,0,0
sample_617b75bd223fa73e,Mn-Fe-Co-Ni-La-Ce|Mn0.1Fe0.6Ce0.3,Mn-Fe-Co-Ni-La-Ce,Mn0.1Fe0.6Ce0.3,3,0.1,0.6,0,0,0,0.3,0,0,0,0,0
sample_617ff4f187a82b6e,Mn-Fe-Co-Ni-La-Ce|Co0.8La0.2,Mn-Fe-Co-Ni-La-Ce,Co0.8La0.2,2,0,0,0.8,0,0.2,0,0,0,0,0,0
sample_618d28c3cbfa0c1d,Mn-Fe-Co-Cu-Sn-Ta|Fe0.6Co0.1Ta0.3,Mn-Fe-Co-Cu-Sn-Ta,Fe0.6Co0.1Ta0.3,3,0,0.6,0.1,0,0,0,0,0.3,0,0,0
sample_619ac6f29c177bd3,Mn-Fe-Co-Ni-Cu-Ta|Mn0.8Fe0.1Co0.1,Mn-Fe-Co-Ni-Cu-Ta,Mn0.8Fe0.1Co0.1,3,0.8,0.1,0.1,0,0,0,0,0,0,0,0
sample_61a26acd1fa7e352,Mn-Fe-Co-Ni-La-Ce|Mn0.2Co0.6Ni0.2,Mn-Fe-Co-Ni-La-Ce,Mn0.2Co0.6Ni0.2,3,0.2,0,0.6,0.2,0,0,0,0,0,0,0
sample_61a8c82a06efa069,Ca-Mn-Co-Ni-Sn-Sb|Ca0.4Co0.4Sb0.2,Ca-Mn-Co-Ni-Sn-Sb,Ca0.4Co0.4Sb0.2,3,0,0,0.4,0,0,0,0,0,0,0.4,0.2
sample_61bbd70a36f10024,Ca-Mn-Co-Ni-Sn-Sb|Ca0.4Co0.3Sn0.3,Ca-Mn-Co-Ni-Sn-Sb,Ca0.4Co0.3Sn0.3,3,0,0,0.3,0,0,0,0,0,0.3,0.4,0
sample_61d988d5eb04dad8,Mn-Fe-Co-Ni-La-Ce|Mn0.6Ni0.3Ce0.1,Mn-Fe-Co-Ni-La-Ce,Mn0.6Ni0.3Ce0.1,3,0.6,0,0,0.3,0,0.1,0,0,0,0,0
sample_61e278b81b54e3c3,Ca-Mn-Co-Ni-Sn-Sb|Ca0.4Mn0.3Sb0.3,Ca-Mn-Co-Ni-Sn-Sb,Ca0.4Mn0.3Sb0.3,3,0.3,0,0,0,0,0,0,0,0,0.4,0.3
sample_61e588dc31f12389,Mn-Fe-Co-Ni-La-Ce|Fe0.4La0.5Ce0.1,Mn-Fe-Co-Ni-La-Ce,Fe0.4La0.5Ce0.1,3,0,0.4,0,0,0.5,0.1,0,0,0,0,0
sample_61fcbadb910c241c,Ca-Mn-Co-Ni-Sn-Sb|Ca0.7Ni0.1Sb0.2,Ca-Mn-Co-Ni-Sn-Sb,Ca0.7Ni0.1Sb0.2,3,0,0,0,0.1,0,0,0,0,0,0.7,0.2
sample_61fdc16fd6347b5e,Mn-Fe-Co-Ni-La-Ce|Fe0.2Co0.2La0.6,Mn-Fe-Co-Ni-La-Ce,Fe0.2Co0.2La0.6,3,0,0.2,0.2,0,0.6,0,0,0,0,0,0
sample_6209dd19591d4c02,Mn-Fe-Co-Ni-La-Ce|Mn0.2Co0.3Ce0.5,Mn-Fe-Co-Ni-La-Ce,Mn0.2Co0.3Ce0.5,3,0.2,0,0.3,0,0,0.5,0,0,0,0,0
sample_626ba93e478ecd6c,Mn-Fe-Co-Cu-Sn-Ta|Fe0.4Co0.2Ta0.4,Mn-Fe-Co-Cu-Sn-Ta,Fe0.4Co0.2Ta0.4,3,0,0.4,0.2,0,0,0,0,0.4,0,0,0
sample_6276389e6c88fa1f,Ca-Mn-Co-Ni-Sn-Sb|Ca0.7Mn0.1Sb0.2,Ca-Mn-Co-Ni-Sn-Sb,Ca0.7Mn0.1Sb0.2,3,0.1,0,0,0,0,0,0,0,0,0.7,0.2
sample_627f269afbd17e0c,Mn-Fe-Co-Cu-Sn-Ta|Cu0.2Sn0.1Ta0.7,Mn-Fe-Co-Cu-Sn-Ta,Cu0.2Sn0.1Ta0.7,3,0,0,0,0,0,0,0.2,0.7,0.1,0,0
sample_628290432dc39390,Ca-Mn-Co-Ni-Sn-Sb|Ca0.1Co0.2Ni0.7,Ca-Mn-Co-Ni-Sn-Sb,Ca0.1Co0.2Ni0.7,3,0,0,0.2,0.7,0,0,0,0,0,0.1,0
sample_62965a3954a65620,Mn-Fe-Co-Ni-La-Ce|Fe0.5Ni0.5,Mn-Fe-Co-Ni-La-Ce,Fe0.5Ni0.5,2,0,0.5,0,0.5,0,0,0,0,0,0,0
sample_62a63d23941e361b,Ca-Mn-Co-Ni-Sn-Sb|Mn0.6Ni0.2Sb0.2,Ca-Mn-Co-Ni-Sn-Sb,Mn0.6Ni0.2Sb0.2,3,0.6,0,0,0.2,0,0,0,0,0,0,0.2
sample_62aaa7386a51fb0b,Mn-Fe-Co-Ni-La-Ce|Mn0.2Co0.8,Mn-Fe-Co-Ni-La-Ce,Mn0.2Co0.8,2,0.2,0,0.8,0,0,0,0,0,0,0,0
sample_62ba3b63a050306c,Mn-Fe-Co-Cu-Sn-Ta|Fe0.3Co0.1Cu0.6,Mn-Fe-Co-Cu-Sn-Ta,Fe0.3Co0.1Cu0.6,3,0,0.3,0.1,0,0,0,0.6,0,0,0,0
sample_62c8d0914d8aec39,Mn-Fe-Co-Ni-La-Ce|Mn0.3Ni0.1La0.6,Mn-Fe-Co-Ni-La-Ce,Mn0.3Ni0.1La0.6,3,0.3,0,0,0.1,0.6,0,0,0,0,0,0
sample_62cae62f0a0c86ac,Mn-Fe-Co-Cu-Sn-Ta|Co0.9Ta0.1,Mn-Fe-Co-Cu-Sn-Ta,Co0.9Ta0.1,2,0,0,0.9,0,0,0,0,0.1,0,0,0
sample_62d2083e569c7460,Mn-Fe-Co-Ni-Cu-Ta|Mn0.7Ni0.2Ta0.1,Mn-Fe-Co-Ni-Cu-Ta,Mn0.7Ni0.2Ta0.1,3,0.7,0,0,0.2,0,0,0,0.1,0,0,0
sample_62f2dde285e2e0f3,Mn-Fe-Co-Cu-Sn-Ta|Fe0.2Cu0.7Sn0.1,Mn-Fe-Co-Cu-Sn-Ta,Fe0.2Cu0.7Sn0.1,3,0,0.2,0,0,0,0,0.7,0,0.1,0,0
sample_631c188efb5c08f7,Mn-Fe-Co-Ni-Cu-Ta|Fe0.1Ni0.6Ta0.3,Mn-Fe-Co-Ni-Cu-Ta,Fe0.1Ni0.6Ta0.3,3,0,0.1,0,0.6,0,0,0,0.3,0,0,0
sample_632e73a733cf3ad7,Mn-Fe-Co-Ni-Cu-Ta|Mn0.5Fe0.1Cu0.4,Mn-Fe-Co-Ni-Cu-Ta,Mn0.5Fe0.1Cu0.4,3,0.5,0.1,0,0,0,0,0.4,0,0,0,0
sample_633ed18d618eed23,Mn-Fe-Co-Ni-Cu-Ta|Mn0.6Ni0.2Ta0.2,Mn-Fe-Co-Ni-Cu-Ta,Mn0.6Ni0.2Ta0.2,3,0.6,0,0,0.2,0,0,0,0.2,0,0,0
sample_63442c67030747e2,Mn-Fe-Co-Ni-La-Ce|Fe0.5La0.5,Mn-Fe-Co-Ni-La-Ce,Fe0.5La0.5,2,0,0.5,0,0,0.5,0,0,0,0,0,0
sample_634bd5c3e018b1f6,Mn-Fe-Co-Ni-La-Ce|Mn0.1Fe0.8La0.1,Mn-Fe-Co-Ni-La-Ce,Mn0.1Fe0.8La0.1,3,0.1,0.8,0,0,0.1,0,0,0,0,0,0
sample_635973fe4fcd06ab,Ca-Mn-Co-Ni-Sn-Sb|Ca0.3Co0.5Sb0.2,Ca-Mn-Co-Ni-Sn-Sb,Ca0.3Co0.5Sb0.2,3,0,0,0.5,0,0,0,0,0,0,0.3,0.2
sample_63763e9111ef6e17,Mn-Fe-Co-Ni-Cu-Ta|Mn0.8Co0.1Ta0.1,Mn-Fe-Co-Ni-Cu-Ta,Mn0.8Co0.1Ta0.1,3,0.8,0,0.1,0,0,0,0,0.1,0,0,0
sample_63b147caffcb4a73,Mn-Fe-Co-Cu-Sn-Ta|Mn0.6Fe0.3Sn0.1,Mn-Fe-Co-Cu-Sn-Ta,Mn0.6Fe0.3Sn0.1,3,0.6,0.3,0,0,0,0,0,0,0.1,0,0
sample_63b14fdd13462720,Mn-Fe-Co-Ni-La-Ce|Mn0.3Co0.3Ce0.4,Mn-Fe-Co-Ni-La-Ce,Mn0.3Co0.3Ce0.4,3,0.3,0,0.3,0,0,0.4,0,0,0,0,0
sample_63cd831330dc0e2d,Mn-Fe-Co-Ni-Cu-Ta|Ni0.1Cu0.8Ta0.1,Mn-Fe-Co-Ni-Cu-Ta,Ni0.1Cu0.8Ta0.1,3,0,0,0,0.1,0,0,0.8,0.1,0,0,0
sample_63e004cbb0c770ba,Mn-Fe-Co-Cu-Sn-Ta|Mn0.2Sn0.7Ta0.1,Mn-Fe-Co-Cu-Sn-Ta,Mn0.2Sn0.7Ta0.1,3,0.2,0,0,0,0,0,0,0.1,0.7,0,0
sample_63e115d0cded33be,Mn-Fe-Co-Ni-Cu-Ta|Co0.5Cu0.4Ta0.1,Mn-Fe-Co-Ni-Cu-Ta,Co0.5Cu0.4Ta0.1,3,0,0,0.5,0,0,0,0.4,0.1,0,0,0
sample_63f7c560f7c7c5fe,Mn-Fe-Co-Cu-Sn-Ta|Fe0.1Sn0.2Ta0.7,Mn-Fe-Co-Cu-Sn-Ta,Fe0.1Sn0.2Ta0.7,3,0,0.1,0,0,0,0,0,0.7,0.2,0,0
sample_63f7f72dce621f77,Ca-Mn-Co-Ni-Sn-Sb|Ca0.1Co0.7Sn0.2,Ca-Mn-Co-Ni-Sn-Sb,Ca0.1Co0.7Sn0.2,3,0,0,0.7,0,0,0,0,0,0.2,0.1,0
sample_6401a6610678f8f4,Mn-Fe-Co-Ni-La-Ce|Mn0.7Co0.1La0.2,Mn-Fe-Co-Ni-La-Ce,Mn0.7Co0.1La0.2,3,0.7,0,0.1,0,0.2,0,0,0,0,0,0
sample_640da1ff061a329e,Mn-Fe-Co-Cu-Sn-Ta|Co0.7Ta0.3,Mn-Fe-Co-Cu-Sn-Ta,Co0.7Ta0.3,2,0,0,0.7,0,0,0,0,0.3,0,0,0
sample_6411a59d9c615328,Mn-Fe-Co-Cu-Sn-Ta|Mn0.3Sn0.3Ta0.4,Mn-Fe-Co-Cu-Sn-Ta,Mn0.3Sn0.3Ta0.4,3,0.3,0,0,0,0,0,0,0.4,0.3,0,0
sample_6420aeb04afab6c8,Mn-Fe-Co-Cu-Sn-Ta|Mn0.1Fe0.2Sn0.7,Mn-Fe-Co-Cu-Sn-Ta,Mn0.1Fe0.2Sn0.7,3,0.1,0.2,0,0,0,0,0,0,0.7,0,0
sample_6424cea233fa8063,Mn-Fe-Co-Cu-Sn-Ta|Mn0.1Cu0.3Sn0.6,Mn-Fe-Co-Cu-Sn-Ta,Mn0.1Cu0.3Sn0.6,3,0.1,0,0,0,0,0,0.3,0,0.6,0,0
sample_642835caaab4da3d,Mn-Fe-Co-Ni-Cu-Ta|Co0.5Ni0.2Ta0.3,Mn-Fe-Co-Ni-Cu-Ta,Co0.5Ni0.2Ta0.3,3,0,0,0.5,0.2,0,0,0,0.3,0,0,0
sample_642a2c99b06b525b,Ca-Mn-Co-Ni-Sn-Sb|Ca0.3Co0.2Ni0.5,Ca-Mn-Co-Ni-Sn-Sb,Ca0.3Co0.2Ni0.5,3,0,0,0.2,0.5,0,0,0,0,0,0.3,0
sample_642c3b45c3a7472e,Mn-Fe-Co-Cu-Sn-Ta|Cu0.5Sn0.3Ta0.2,Mn-Fe-Co-Cu-Sn-Ta,Cu0.5Sn0.3Ta0.2,3,0,0,0,0,0,0,0.5,0.2,0.3,0,0
sample_643544e9b6756247,Mn-Fe-Co-Cu-Sn-Ta|Fe0.3Cu0.2Sn0.5,Mn-Fe-Co-Cu-Sn-Ta,Fe0.3Cu0.2Sn0.5,3,0,0.3,0,0,0,0,0.2,0,0.5,0,0
sample_6438cd5f2546f9eb,Mn-Fe-Co-Cu-Sn-Ta|Cu0.3Sn0.1Ta0.6,Mn-Fe-Co-Cu-Sn-Ta,Cu0.3Sn0.1Ta0.6,3,0,0,0,0,0,0,0.3,0.6,0.1,0,0
sample_6454e7ee609ec75c,Mn-Fe-Co-Ni-La-Ce|Mn0.2Fe0.6La0.2,Mn-Fe-Co-Ni-La-Ce,Mn0.2Fe0.6La0.2,3,0.2,0.6,0,0,0.2,0,0,0,0,0,0
sample_645a6e93f1d2fa5f,Mn-Fe-Co-Cu-Sn-Ta|Co0.5Sn0.4Ta0.1,Mn-Fe-Co-Cu-Sn-Ta,Co0.5Sn0.4Ta0.1,3,0,0,0.5,0,0,0,0,0.1,0.4,0,0
sample_649042aca22a7e9e,Ca-Mn-Co-Ni-Sn-Sb|Ca0.7Mn0.1Sn0.2,Ca-Mn-Co-Ni-Sn-Sb,Ca0.7Mn0.1Sn0.2,3,0.1,0,0,0,0,0,0,0,0.2,0.7,0
sample_64aafec4713d8f32,Mn-Fe-Co-Cu-Sn-Ta|Co0.1Sn0.2Ta0.7,Mn-Fe-Co-Cu-Sn-Ta,Co0.1Sn0.2Ta0.7,3,0,0,0.1,0,0,0,0,0.7,0.2,0,0
sample_64b53983b584bc5d,Mn-Fe-Co-Ni-La-Ce|Fe0.3Ni0.6La0.1,Mn-Fe-Co-Ni-La-Ce,Fe0.3Ni0.6La0.1,3,0,0.3,0,0.6,0.1,0,0,0,0,0,0
sample_64bb036996231068,Ca-Mn-Co-Ni-Sn-Sb|Ca0.1Ni0.6Sn0.3,Ca-Mn-Co-Ni-Sn-Sb,Ca0.1Ni0.6Sn0.3,3,0,0,0,0.6,0,0,0,0,0.3,0.1,0
sample_64bf5e6739cb10e6,Mn-Fe-Co-Ni-La-Ce|Fe0.6Co0.2Ce0.2,Mn-Fe-Co-Ni-La-Ce,Fe0.6Co0.2Ce0.2,3,0,0.6,0.2,0,0,0.2,0,0,0,0,0
sample_64e3cc7b29edb041,Mn-Fe-Co-Cu-Sn-Ta|Mn0.1Cu0.6Sn0.3,Mn-Fe-Co-Cu-Sn-Ta,Mn0.1Cu0.6Sn0.3,3,0.1,0,0,0,0,0,0.6,0,0.3,0,0
sample_6501ecbef9dd09b4,Mn-Fe-Co-Cu-Sn-Ta|Fe0.8Co0.1Ta0.1,Mn-Fe-Co-Cu-Sn-Ta,Fe0.8Co0.1Ta0.1,3,0,0.8,0.1,0,0,0,0,0.1,0,0,0
sample_6503f880ff042803,Mn-Fe-Co-Ni-La-Ce|Mn0.1Co0.1Ce0.8,Mn-Fe-Co-Ni-La-Ce,Mn0.1Co0.1Ce0.8,3,0.1,0,0.1,0,0,0.8,0,0,0,0,0
sample_65045fd420e5a8d2,Mn-Fe-Co-Cu-Sn-Ta|Fe0.9Sn0.1,Mn-Fe-Co-Cu-Sn-Ta,Fe0.9Sn0.1,2,0,0.9,0,0,0,0,0,0,0.1,0,0
sample_650c1e142b1e38d7,Mn-Fe-Co-Ni-La-Ce|Co0.3La0.6Ce0.1,Mn-Fe-Co-Ni-La-Ce,Co0.3La0.6Ce0.1,3,0,0,0.3,0,0.6,0.1,0,0,0,0,0
sample_651016389b9c7ae0,Mn-Fe-Co-Cu-Sn-Ta|Mn0.1Co0.9,Mn-Fe-Co-Cu-Sn-Ta,Mn0.1Co0.9,2,0.1,0,0.9,0,0,0,0,0,0,0,0
sample_6514bdbc0afaac46,Ca-Mn-Co-Ni-Sn-Sb|Co0.8Sn0.1Sb0.1,Ca-Mn-Co-Ni-Sn-Sb,Co0.8Sn0.1Sb0.1,3,0,0,0.8,0,0,0,0,0,0.1,0,0.1
sample_651cd391099ef260,Mn-Fe-Co-Ni-Cu-Ta|Co0.7Cu0.3,Mn-Fe-Co-Ni-Cu-Ta,Co0.7Cu0.3,2,0,0,0.7,0,0,0,0.3,0,0,0,0
sample_6521318f4dbd685c,Mn-Fe-Co-Cu-Sn-Ta|Cu0.9Ta0.1,Mn-Fe-Co-Cu-Sn-Ta,Cu0.9Ta0.1,2,0,0,0,0,0,0,0.9,0.1,0,0,0
sample_6534fb63734c3f59,Mn-Fe-Co-Ni-Cu-Ta|Fe0.8Co0.2,Mn-Fe-Co-Ni-Cu-Ta,Fe0.8Co0.2,2,0,0.8,0.2,0,0,0,0,0,0,0,0
sample_65579557efbb86a6,Ca-Mn-Co-Ni-Sn-Sb|Co0.2Ni0.5Sb0.3,Ca-Mn-Co-Ni-Sn-Sb,Co0.2Ni0.5Sb0.3,3,0,0,0.2,0.5,0,0,0,0,0,0,0.3
sample_655a754dc3807582,Ca-Mn-Co-Ni-Sn-Sb|Co0.1Ni0.6Sb0.3,Ca-Mn-Co-Ni-Sn-Sb,Co0.1Ni0.6Sb0.3,3,0,0,0.1,0.6,0,0,0,0,0,0,0.3
sample_6564c6cbece0ef5f,Mn-Fe-Co-Ni-La-Ce|Fe0.6Co0.3Ce0.1,Mn-Fe-Co-Ni-La-Ce,Fe0.6Co0.3Ce0.1,3,0,0.6,0.3,0,0,0.1,0,0,0,0,0
sample_656a9dd4e52de54c,Ca-Mn-Co-Ni-Sn-Sb|Co0.8Ni0.2,Ca-Mn-Co-Ni-Sn-Sb,Co0.8Ni0.2,2,0,0,0.8,0.2,0,0,0,0,0,0,0
sample_656b351f862898d7,Mn-Fe-Co-Ni-Cu-Ta|Co0.1Ni0.2Cu0.7,Mn-Fe-Co-Ni-Cu-Ta,Co0.1Ni0.2Cu0.7,3,0,0,0.1,0.2,0,0,0.7,0,0,0,0
sample_6570841d1150f797,Mn-Fe-Co-Ni-La-Ce|Fe0.2Co0.7La0.1,Mn-Fe-Co-Ni-La-Ce,Fe0.2Co0.7La0.1,3,0,0.2,0.7,0,0.1,0,0,0,0,0,0
sample_657b754323eb9cfc,Mn-Fe-Co-Ni-La-Ce|Co0.2La0.7Ce0.1,Mn-Fe-Co-Ni-La-Ce,Co0.2La0.7Ce0.1,3,0,0,0.2,0,0.7,0.1,0,0,0,0,0
sample_6598055dbbdf2e9f,Mn-Fe-Co-Ni-La-Ce|Mn0.4Ni0.3Ce0.3,Mn-Fe-Co-Ni-La-Ce,Mn0.4Ni0.3Ce0.3,3,0.4,0,0,0.3,0,0.3,0,0,0,0,0
sample_659e396fca25b8dc,Mn-Fe-Co-Cu-Sn-Ta|Fe0.3Sn0.6Ta0.1,Mn-Fe-Co-Cu-Sn-Ta,Fe0.3Sn0.6Ta0.1,3,0,0.3,0,0,0,0,0,0.1,0.6,0,0
sample_65b1930f1722bc70,Mn-Fe-Co-Cu-Sn-Ta|Co0.6Sn0.2Ta0.2,Mn-Fe-Co-Cu-Sn-Ta,Co0.6Sn0.2Ta0.2,3,0,0,0.6,0,0,0,0,0.2,0.2,0,0
sample_66009fefffe75bce,Mn-Fe-Co-Ni-Cu-Ta|Co0.3Cu0.6Ta0.1,Mn-Fe-Co-Ni-Cu-Ta,Co0.3Cu0.6Ta0.1,3,0,0,0.3,0,0,0,0.6,0.1,0,0,0
sample_661a6f220a8f612e,Ca-Mn-Co-Ni-Sn-Sb|Ca0.8Co0.2,Ca-Mn-Co-Ni-Sn-Sb,Ca0.8Co0.2,2,0,0,0.2,0,0,0,0,0,0,0.8,0
sample_663f72e35f94fc28,Ca-Mn-Co-Ni-Sn-Sb|Ca0.2Ni0.7Sn0.1,Ca-Mn-Co-Ni-Sn-Sb,Ca0.2Ni0.7Sn0.1,3,0,0,0,0.7,0,0,0,0,0.1,0.2,0
sample_6642fd5e03568a28,Mn-Fe-Co-Cu-Sn-Ta|Mn0.2Co0.4Sn0.4,Mn-Fe-Co-Cu-Sn-Ta,Mn0.2Co0.4Sn0.4,3,0.2,0,0.4,0,0,0,0,0,0.4,0,0
sample_665715a6d7ed289b,Mn-Fe-Co-Ni-La-Ce|Mn0.6La0.1Ce0.3,Mn-Fe-Co-Ni-La-Ce,Mn0.6La0.1Ce0.3,3,0.6,0,0,0,0.1,0.3,0,0,0,0,0
sample_6672d4fff2751948,Mn-Fe-Co-Ni-La-Ce|Co0.3Ce0.7,Mn-Fe-Co-Ni-La-Ce,Co0.3Ce0.7,2,0,0,0.3,0,0,0.7,0,0,0,0,0
sample_668aa2273894d406,Mn-Fe-Co-Ni-La-Ce|Fe0.2Ni0.3La0.5,Mn-Fe-Co-Ni-La-Ce,Fe0.2Ni0.3La0.5,3,0,0.2,0,0.3,0.5,0,0,0,0,0,0
sample_668dc5cd7abd1fa0,Mn-Fe-Co-Ni-Cu-Ta|Mn0.7Co0.3,Mn-Fe-Co-Ni-Cu-Ta,Mn0.7Co0.3,2,0.7,0,0.3,0,0,0,0,0,0,0,0
sample_6690c626b760212d,Mn-Fe-Co-Cu-Sn-Ta|Mn0.3Fe0.2Cu0.5,Mn-Fe-Co-Cu-Sn-Ta,Mn0.3Fe0.2Cu0.5,3,0.3,0.2,0,0,0,0,0.5,0,0,0,0
sample_66a0034f3e37f56b,Mn-Fe-Co-Ni-Cu-Ta|Co0.3Ni0.6Cu0.1,Mn-Fe-Co-Ni-Cu-Ta,Co0.3Ni0.6Cu0.1,3,0,0,0.3,0.6,0,0,0.1,0,0,0,0
sample_66c001c86be22b06,Mn-Fe-Co-Cu-Sn-Ta|Fe0.9Ta0.1,Mn-Fe-Co-Cu-Sn-Ta,Fe0.9Ta0.1,2,0,0.9,0,0,0,0,0,0.1,0,0,0
sample_66c4aabb4e4e7dcd,Ca-Mn-Co-Ni-Sn-Sb|Ni0.1Sn0.6Sb0.3,Ca-Mn-Co-Ni-Sn-Sb,Ni0.1Sn0.6Sb0.3,3,0,0,0,0.1,0,0,0,0,0.6,0,0.3
sample_66c990d922461744,Ca-Mn-Co-Ni-Sn-Sb|Co0.5Sn0.3Sb0.2,Ca-Mn-Co-Ni-Sn-Sb,Co0.5Sn0.3Sb0.2,3,0,0,0.5,0,0,0,0,0,0.3,0,0.2
sample_66cce41728e9f5f9,Mn-Fe-Co-Cu-Sn-Ta|Fe0.1Co0.7Ta0.2,Mn-Fe-Co-Cu-Sn-Ta,Fe0.1Co0.7Ta0.2,3,0,0.1,0.7,0,0,0,0,0.2,0,0,0
sample_66e3b1df13800488,Ca-Mn-Co-Ni-Sn-Sb|Ca0.5Ni0.3Sn0.2,Ca-Mn-Co-Ni-Sn-Sb,Ca0.5Ni0.3Sn0.2,3,0,0,0,0.3,0,0,0,0,0.2,0.5,0
sample_66f167e2eb826b26,Mn-Fe-Co-Cu-Sn-Ta|Mn0.3Co0.3Sn0.4,Mn-Fe-Co-Cu-Sn-Ta,Mn0.3Co0.3Sn0.4,3,0.3,0,0.3,0,0,0,0,0,0.4,0,0
sample_673320d06a99fae4,Mn-Fe-Co-Ni-La-Ce|Fe0.1Co0.9,Mn-Fe-Co-Ni-La-Ce,Fe0.1Co0.9,2,0,0.1,0.9,0,0,0,0,0,0,0,0
sample_675647b61f93bcb2,Ca-Mn-Co-Ni-Sn-Sb|Ni0.2Sn0.6Sb0.2,Ca-Mn-Co-Ni-Sn-Sb,Ni0.2Sn0.6Sb0.2,3,0,0,0,0.2,0,0,0,0,0.6,0,0.2
sample_675ccc45f9ee7476,Mn-Fe-Co-Ni-Cu-Ta|Co0.2Ni0.1Ta0.7,Mn-Fe-Co-Ni-Cu-Ta,Co0.2Ni0.1Ta0.7,3,0,0,0.2,0.1,0,0,0,0.7,0,0,0
sample_675fb88927b7f460,Mn-Fe-Co-Ni-Cu-Ta|Mn0.4Ni0.4Ta0.2,Mn-Fe-Co-Ni-Cu-Ta,Mn0.4Ni0.4Ta0.2,3,0.4,0,0,0.4,0,0,0,0.2,0,0,0
sample_6763644a9b21bd40,Ca-Mn-Co-Ni-Sn-Sb|Ca0.3Co0.1Sn0.6,Ca-Mn-Co-Ni-Sn-Sb,Ca0.3Co0.1Sn0.6,3,0,0,0.1,0,0,0,0,0,0.6,0.3,0
sample_67869c4b66471264,Mn-Fe-Co-Cu-Sn-Ta|Cu0.3Sn0.5Ta0.2,Mn-Fe-Co-Cu-Sn-Ta,Cu0.3Sn0.5Ta0.2,3,0,0,0,0,0,0,0.3,0.2,0.5,0,0
sample_679a58ab247e08e5,Mn-Fe-Co-Ni-Cu-Ta|Co0.1Cu0.7Ta0.2,Mn-Fe-Co-Ni-Cu-Ta,Co0.1Cu0.7Ta0.2,3,0,0,0.1,0,0,0,0.7,0.2,0,0,0
sample_679ffe74df14cd1e,Ca-Mn-Co-Ni-Sn-Sb|Ca0.8Co0.1Ni0.1,Ca-Mn-Co-Ni-Sn-Sb,Ca0.8Co0.1Ni0.1,3,0,0,0.1,0.1,0,0,0,0,0,0.8,0
sample_67adb93a0d224e54,Mn-Fe-Co-Cu-Sn-Ta|Mn0.1Fe0.6Cu0.3,Mn-Fe-Co-Cu-Sn-Ta,Mn0.1Fe0.6Cu0.3,3,0.1,0.6,0,0,0,0,0.3,0,0,0,0
sample_67c657fb49775373,Mn-Fe-Co-Ni-Cu-Ta|Ni0.3Cu0.3Ta0.4,Mn-Fe-Co-Ni-Cu-Ta,Ni0.3Cu0.3Ta0.4,3,0,0,0,0.3,0,0,0.3,0.4,0,0,0
sample_67c918b5c1bd2cf3,Mn-Fe-Co-Ni-La-Ce|Fe0.2Co0.1Ce0.7,Mn-Fe-Co-Ni-La-Ce,Fe0.2Co0.1Ce0.7,3,0,0.2,0.1,0,0,0.7,0,0,0,0,0
sample_680616d4b877c6e1,Mn-Fe-Co-Ni-La-Ce|Co0.4La0.6,Mn-Fe-Co-Ni-La-Ce,Co0.4La0.6,2,0,0,0.4,0,0.6,0,0,0,0,0,0
sample_68069ec6eec00aba,Mn-Fe-Co-Ni-Cu-Ta|Mn0.1Co0.1Ta0.8,Mn-Fe-Co-Ni-Cu-Ta,Mn0.1Co0.1Ta0.8,3,0.1,0,0.1,0,0,0,0,0.8,0,0,0
sample_683362d792ed4b7e,Mn-Fe-Co-Ni-Cu-Ta|Co0.3Ni0.5Ta0.2,Mn-Fe-Co-Ni-Cu-Ta,Co0.3Ni0.5Ta0.2,3,0,0,0.3,0.5,0,0,0,0.2,0,0,0
sample_68452e2bc2177781,Mn-Fe-Co-Cu-Sn-Ta|Fe0.4Sn0.2Ta0.4,Mn-Fe-Co-Cu-Sn-Ta,Fe0.4Sn0.2Ta0.4,3,0,0.4,0,0,0,0,0,0.4,0.2,0,0
sample_684b497b245d78ae,Mn-Fe-Co-Ni-La-Ce|Mn0.5Co0.4Ni0.1,Mn-Fe-Co-Ni-La-Ce,Mn0.5Co0.4Ni0.1,3,0.5,0,0.4,0.1,0,0,0,0,0,0,0
sample_6879b215020dda94,Mn-Fe-Co-Ni-Cu-Ta|Fe0.5Co0.3Cu0.2,Mn-Fe-Co-Ni-Cu-Ta,Fe0.5Co0.3Cu0.2,3,0,0.5,0.3,0,0,0,0.2,0,0,0,0
sample_68819bf9e3ad8910,Mn-Fe-Co-Ni-Cu-Ta|Ni0.3Cu0.1Ta0.6,Mn-Fe-Co-Ni-Cu-Ta,Ni0.3Cu0.1Ta0.6,3,0,0,0,0.3,0,0,0.1,0.6,0,0,0
sample_68c8c09c38dec538,Mn-Fe-Co-Ni-La-Ce|Mn0.6Co0.1Ce0.3,Mn-Fe-Co-Ni-La-Ce,Mn0.6Co0.1Ce0.3,3,0.6,0,0.1,0,0,0.3,0,0,0,0,0
sample_68cc6a00a0ec8027,Ca-Mn-Co-Ni-Sn-Sb|Ca0.1Sn0.5Sb0.4,Ca-Mn-Co-Ni-Sn-Sb,Ca0.1Sn0.5Sb0.4,3,0,0,0,0,0,0,0,0,0.5,0.1,0.4
sample_68eb74ba7509449c,Ca-Mn-Co-Ni-Sn-Sb|Co0.6Ni0.3Sb0.1,Ca-Mn-Co-Ni-Sn-Sb,Co0.6Ni0.3Sb0.1,3,0,0,0.6,0.3,0,0,0,0,0,0,0.1
sample_68ef9111e61d7d1b,Ca-Mn-Co-Ni-Sn-Sb|Mn0.2Co0.6Sb0.2,Ca-Mn-Co-Ni-Sn-Sb,Mn0.2Co0.6Sb0.2,3,0.2,0,0.6,0,0,0,0,0,0,0,0.2
sample_691c38bdc3970ad5,Mn-Fe-Co-Cu-Sn-Ta|Fe0.4Sn0.1Ta0.5,Mn-Fe-Co-Cu-Sn-Ta,Fe0.4Sn0.1Ta0.5,3,0,0.4,0,0,0,0,0,0.5,0.1,0,0
sample_692669b703fc3a95,Ca-Mn-Co-Ni-Sn-Sb|Mn0.5Co0.4Sn0.1,Ca-Mn-Co-Ni-Sn-Sb,Mn0.5Co0.4Sn0.1,3,0.5,0,0.4,0,0,0,0,0,0.1,0,0
sample_692b5c9bf6a8a616,Ca-Mn-Co-Ni-Sn-Sb|Ca0.2Co0.6Sb0.2,Ca-Mn-Co-Ni-Sn-Sb,Ca0.2Co0.6Sb0.2,3,0,0,0.6,0,0,0,0,0,0,0.2,0.2
sample_6938052be8e0af37,Mn-Fe-Co-Ni-La-Ce|Ni0.3La0.1Ce0.6,Mn-Fe-Co-Ni-La-Ce,Ni0.3La0.1Ce0.6,3,0,0,0,0.3,0.1,0.6,0,0,0,0,0
sample_694017ff7446b247,Mn-Fe-Co-Ni-La-Ce|Co0.6La0.3Ce0.1,Mn-Fe-Co-Ni-La-Ce,Co0.6La0.3Ce0.1,3,0,0,0.6,0,0.3,0.1,0,0,0,0,0
sample_695d06b3a7be9db0,Ca-Mn-Co-Ni-Sn-Sb|Co0.2Ni0.6Sb0.2,Ca-Mn-Co-Ni-Sn-Sb,Co0.2Ni0.6Sb0.2,3,0,0,0.2,0.6,0,0,0,0,0,0,0.2
sample_69700f4ea44c6595,Ca-Mn-Co-Ni-Sn-Sb|Co0.3Ni0.2Sn0.5,Ca-Mn-Co-Ni-Sn-Sb,Co0.3Ni0.2Sn0.5,3,0,0,0.3,0.2,0,0,0,0,0.5,0,0
sample_69863e3ec39d3f50,Ca-Mn-Co-Ni-Sn-Sb|Ca0.6Mn0.3Sb0.1,Ca-Mn-Co-Ni-Sn-Sb,Ca0.6Mn0.3Sb0.1,3,0.3,0,0,0,0,0,0,0,0,0.6,0.1
sample_6988685b6029c8a4,Mn-Fe-Co-Ni-Cu-Ta|Fe0.2Co0.3Ta0.5,Mn-Fe-Co-Ni-Cu-Ta,Fe0.2Co0.3Ta0.5,3,0,0.2,0.3,0,0,0,0,0.5,0,0,0
sample_698a6125509dab9d,Ca-Mn-Co-Ni-Sn-Sb|Co0.1Ni0.3Sn0.6,Ca-Mn-Co-Ni-Sn-Sb,Co0.1Ni0.3Sn0.6,3,0,0,0.1,0.3,0,0,0,0,0.6,0,0
sample_698ca36886754d61,Ca-Mn-Co-Ni-Sn-Sb|Ca0.1Mn0.5Co0.4,Ca-Mn-Co-Ni-Sn-Sb,Ca0.1Mn0.5Co0.4,3,0.5,0,0.4,0,0,0,0,0,0,0.1,0
sample_699294ad3014f18a,Mn-Fe-Co-Ni-Cu-Ta|Mn0.1Fe0.3Ni0.6,Mn-Fe-Co-Ni-Cu-Ta,Mn0.1Fe0.3Ni0.6,3,0.1,0.3,0,0.6,0,0,0,0,0,0,0
sample_699483e1ac5d0527,Ca-Mn-Co-Ni-Sn-Sb|Mn0.2Co0.5Sb0.3,Ca-Mn-Co-Ni-Sn-Sb,Mn0.2Co0.5Sb0.3,3,0.2,0,0.5,0,0,0,0,0,0,0,0.3
sample_69c3a9176965e3cd,Mn-Fe-Co-Ni-Cu-Ta|Mn0.2Fe0.6Cu0.2,Mn-Fe-Co-Ni-Cu-Ta,Mn0.2Fe0.6Cu0.2,3,0.2,0.6,0,0,0,0,0.2,0,0,0,0
sample_69c753bd3c6f906c,Mn-Fe-Co-Cu-Sn-Ta|Fe0.1Co0.3Sn0.6,Mn-Fe-Co-Cu-Sn-Ta,Fe0.1Co0.3Sn0.6,3,0,0.1,0.3,0,0,0,0,0,0.6,0,0
sample_69d7bfe5b3fc1368,Mn-Fe-Co-Ni-La-Ce|Mn0.4La0.4Ce0.2,Mn-Fe-Co-Ni-La-Ce,Mn0.4La0.4Ce0.2,3,0.4,0,0,0,0.4,0.2,0,0,0,0,0
sample_69dda11f4838dd24,Mn-Fe-Co-Cu-Sn-Ta|Mn0.3Fe0.6Sn0.1,Mn-Fe-Co-Cu-Sn-Ta,Mn0.3Fe0.6Sn0.1,3,0.3,0.6,0,0,0,0,0,0,0.1,0,0
sample_69e764f9774b5d4f,Mn-Fe-Co-Cu-Sn-Ta|Co0.3Cu0.6Sn0.1,Mn-Fe-Co-Cu-Sn-Ta,Co0.3Cu0.6Sn0.1,3,0,0,0.3,0,0,0,0.6,0,0.1,0,0
sample_69fbcf2eb12736c7,Mn-Fe-Co-Ni-La-Ce|Mn0.6Ni0.2La0.2,Mn-Fe-Co-Ni-La-Ce,Mn0.6Ni0.2La0.2,3,0.6,0,0,0.2,0.2,0,0,0,0,0,0
sample_6a0ed0ec7ff71b06,Mn-Fe-Co-Ni-La-Ce|Fe0.1La0.5Ce0.4,Mn-Fe-Co-Ni-La-Ce,Fe0.1La0.5Ce0.4,3,0,0.1,0,0,0.5,0.4,0,0,0,0,0
sample_6a2e38df3b84eefa,Ca-Mn-Co-Ni-Sn-Sb|Ca0.1Co0.1Sb0.8,Ca-Mn-Co-Ni-Sn-Sb,Ca0.1Co0.1Sb0.8,3,0,0,0.1,0,0,0,0,0,0,0.1,0.8
sample_6a308ccd4e2da175,Mn-Fe-Co-Ni-Cu-Ta|Mn0.1Ni0.8Ta0.1,Mn-Fe-Co-Ni-Cu-Ta,Mn0.1Ni0.8Ta0.1,3,0.1,0,0,0.8,0,0,0,0.1,0,0,0
sample_6a433636df2a778a,Mn-Fe-Co-Ni-La-Ce|Co0.3La0.3Ce0.4,Mn-Fe-Co-Ni-La-Ce,Co0.3La0.3Ce0.4,3,0,0,0.3,0,0.3,0.4,0,0,0,0,0
sample_6a59f916489c0162,Ca-Mn-Co-Ni-Sn-Sb|Ca0.7Co0.2Sn0.1,Ca-Mn-Co-Ni-Sn-Sb,Ca0.7Co0.2Sn0.1,3,0,0,0.2,0,0,0,0,0,0.1,0.7,0
sample_6a5f71362a769c95,Mn-Fe-Co-Cu-Sn-Ta|Mn0.5Cu0.2Sn0.3,Mn-Fe-Co-Cu-Sn-Ta,Mn0.5Cu0.2Sn0.3,3,0.5,0,0,0,0,0,0.2,0,0.3,0,0
sample_6a649b72ac72e55c,Ca-Mn-Co-Ni-Sn-Sb|Co0.6Sn0.3Sb0.1,Ca-Mn-Co-Ni-Sn-Sb,Co0.6Sn0.3Sb0.1,3,0,0,0.6,0,0,0,0,0,0.3,0,0.1
sample_6a753ccedd65a744,Mn-Fe-Co-Ni-Cu-Ta|Mn0.2Fe0.4Co0.4,Mn-Fe-Co-Ni-Cu-Ta,Mn0.2Fe0.4Co0.4,3,0.2,0.4,0.4,0,0,0,0,0,0,0,0
sample_6ab3338ecb527564,Mn-Fe-Co-Ni-Cu-Ta|Mn0.2Co0.1Ni0.7,Mn-Fe-Co-Ni-Cu-Ta,Mn0.2Co0.1Ni0.7,3,0.2,0,0.1,0.7,0,0,0,0,0,0,0
sample_6ad8066796792d04,Ca-Mn-Co-Ni-Sn-Sb|Mn0.3Co0.3Ni0.4,Ca-Mn-Co-Ni-Sn-Sb,Mn0.3Co0.3Ni0.4,3,0.3,0,0.3,0.4,0,0,0,0,0,0,0
sample_6afb532805d71ce0,Mn-Fe-Co-Ni-Cu-Ta|Mn0.3Co0.7,Mn-Fe-Co-Ni-Cu-Ta,Mn0.3Co0.7,2,0.3,0,0.7,0,0,0,0,0,0,0,0
sample_6b24db3af8405854,Mn-Fe-Co-Ni-Cu-Ta|Co0.1Cu0.9,Mn-Fe-Co-Ni-Cu-Ta,Co0.1Cu0.9,2,0,0,0.1,0,0,0,0.9,0,0,0,0
sample_6b32af8d0a5689b1,Mn-Fe-Co-Ni-La-Ce|Fe0.2Co0.1La0.7,Mn-Fe-Co-Ni-La-Ce,Fe0.2Co0.1La0.7,3,0,0.2,0.1,0,0.7,0,0,0,0,0,0
sample_6b440687887975f7,Mn-Fe-Co-Ni-La-Ce|Co0.4La0.5Ce0.1,Mn-Fe-Co-Ni-La-Ce,Co0.4La0.5Ce0.1,3,0,0,0.4,0,0.5,0.1,0,0,0,0,0
sample_6b5c7ec9e8ee38b0,Ca-Mn-Co-Ni-Sn-Sb|Ca0.6Mn0.3Ni0.1,Ca-Mn-Co-Ni-Sn-Sb,Ca0.6Mn0.3Ni0.1,3,0.3,0,0,0.1,0,0,0,0,0,0.6,0
sample_6b5da202c96ac812,Mn-Fe-Co-Cu-Sn-Ta|Fe0.1Co0.6Sn0.3,Mn-Fe-Co-Cu-Sn-Ta,Fe0.1Co0.6Sn0.3,3,0,0.1,0.6,0,0,0,0,0,0.3,0,0
sample_6bde9622f7d8ab4d,Mn-Fe-Co-Cu-Sn-Ta|Fe0.1Co0.4Ta0.5,Mn-Fe-Co-Cu-Sn-Ta,Fe0.1Co0.4Ta0.5,3,0,0.1,0.4,0,0,0,0,0.5,0,0,0
sample_6c03eaa00a1db581,Mn-Fe-Co-Cu-Sn-Ta|Mn0.1Sn0.5Ta0.4,Mn-Fe-Co-Cu-Sn-Ta,Mn0.1Sn0.5Ta0.4,3,0.1,0,0,0,0,0,0,0.4,0.5,0,0
sample_6c06c8e23f664bb3,Mn-Fe-Co-Cu-Sn-Ta|Co0.1Cu0.6Ta0.3,Mn-Fe-Co-Cu-Sn-Ta,Co0.1Cu0.6Ta0.3,3,0,0,0.1,0,0,0,0.6,0.3,0,0,0
sample_6c08a415be31ce58,Mn-Fe-Co-Cu-Sn-Ta|Mn0.5Co0.2Ta0.3,Mn-Fe-Co-Cu-Sn-Ta,Mn0.5Co0.2Ta0.3,3,0.5,0,0.2,0,0,0,0,0.3,0,0,0
sample_6c0c2227643bc1d2,Mn-Fe-Co-Cu-Sn-Ta|Fe0.7Cu0.2Sn0.1,Mn-Fe-Co-Cu-Sn-Ta,Fe0.7Cu0.2Sn0.1,3,0,0.7,0,0,0,0,0.2,0,0.1,0,0
sample_6c15a8be974770f5,Mn-Fe-Co-Cu-Sn-Ta|Mn0.5Co0.2Sn0.3,Mn-Fe-Co-Cu-Sn-Ta,Mn0.5Co0.2Sn0.3,3,0.5,0,0.2,0,0,0,0,0,0.3,0,0
sample_6c5b5249156887ed,Ca-Mn-Co-Ni-Sn-Sb|Mn0.3Sn0.6Sb0.1,Ca-Mn-Co-Ni-Sn-Sb,Mn0.3Sn0.6Sb0.1,3,0.3,0,0,0,0,0,0,0,0.6,0,0.1
sample_6c69af91fc41982e,Mn-Fe-Co-Ni-Cu-Ta|Mn0.4Fe0.5Cu0.1,Mn-Fe-Co-Ni-Cu-Ta,Mn0.4Fe0.5Cu0.1,3,0.4,0.5,0,0,0,0,0.1,0,0,0,0
sample_6c71941185e2650c,Mn-Fe-Co-Ni-Cu-Ta|Co0.5Cu0.5,Mn-Fe-Co-Ni-Cu-Ta,Co0.5Cu0.5,2,0,0,0.5,0,0,0,0.5,0,0,0,0
sample_6c7765c37a6890e3,Ca-Mn-Co-Ni-Sn-Sb|Mn0.3Ni0.3Sb0.4,Ca-Mn-Co-Ni-Sn-Sb,Mn0.3Ni0.3Sb0.4,3,0.3,0,0,0.3,0,0,0,0,0,0,0.4
sample_6caa6d7f4edb0d65,Mn-Fe-Co-Cu-Sn-Ta|Mn0.2Fe0.7Cu0.1,Mn-Fe-Co-Cu-Sn-Ta,Mn0.2Fe0.7Cu0.1,3,0.2,0.7,0,0,0,0,0.1,0,0,0,0
sample_6cabcae24d747e15,Ca-Mn-Co-Ni-Sn-Sb|Ca0.4Mn0.5Co0.1,Ca-Mn-Co-Ni-Sn-Sb,Ca0.4Mn0.5Co0.1,3,0.5,0,0.1,0,0,0,0,0,0,0.4,0
sample_6cd7c7899d3f3a59,Ca-Mn-Co-Ni-Sn-Sb|Mn0.6Co0.3Sb0.1,Ca-Mn-Co-Ni-Sn-Sb,Mn0.6Co0.3Sb0.1,3,0.6,0,0.3,0,0,0,0,0,0,0,0.1
sample_6cee7b6b6debb9aa,Mn-Fe-Co-Ni-La-Ce|Fe0.1Co0.8La0.1,Mn-Fe-Co-Ni-La-Ce,Fe0.1Co0.8La0.1,3,0,0.1,0.8,0,0.1,0,0,0,0,0,0
sample_6cf0b73bc802499f,Mn-Fe-Co-Ni-La-Ce|Mn0.2La0.4Ce0.4,Mn-Fe-Co-Ni-La-Ce,Mn0.2La0.4Ce0.4,3,0.2,0,0,0,0.4,0.4,0,0,0,0,0
sample_6d407d10f809784f,Mn-Fe-Co-Ni-Cu-Ta|Mn0.3Fe0.6Cu0.1,Mn-Fe-Co-Ni-Cu-Ta,Mn0.3Fe0.6Cu0.1,3,0.3,0.6,0,0,0,0,0.1,0,0,0,0
sample_6d6e37770bff78e7,Mn-Fe-Co-Ni-La-Ce|Mn0.4Fe0.3Ce0.3,Mn-Fe-Co-Ni-La-Ce,Mn0.4Fe0.3Ce0.3,3,0.4,0.3,0,0,0,0.3,0,0,0,0,0
sample_6d9b0a6ee8ec1335,Mn-Fe-Co-Cu-Sn-Ta|Mn0.2Cu0.8,Mn-Fe-Co-Cu-Sn-Ta,Mn0.2Cu0.8,2,0.2,0,0,0,0,0,0.8,0,0,0,0
sample_6dab7b93ee83b5df,Mn-Fe-Co-Ni-La-Ce|Fe0.1Co0.6La0.3,Mn-Fe-Co-Ni-La-Ce,Fe0.1Co0.6La0.3,3,0,0.1,0.6,0,0.3,0,0,0,0,0,0
sample_6dea24782dde3af1,Ca-Mn-Co-Ni-Sn-Sb|Ca0.3Mn0.2Sn0.5,Ca-Mn-Co-Ni-Sn-Sb,Ca0.3Mn0.2Sn0.5,3,0.2,0,0,0,0,0,0,0,0.5,0.3,0
sample_6ded019a0effa71c,Mn-Fe-Co-Ni-Cu-Ta|Mn0.1Fe0.6Co0.3,Mn-Fe-Co-Ni-Cu-Ta,Mn0.1Fe0.6Co0.3,3,0.1,0.6,0.3,0,0,0,0,0,0,0,0
sample_6df41810c90ac5b6,Mn-Fe-Co-Ni-Cu-Ta|Fe0.6Ni0.3Cu0.1,Mn-Fe-Co-Ni-Cu-Ta,Fe0.6Ni0.3Cu0.1,3,0,0.6,0,0.3,0,0,0.1,0,0,0,0
sample_6e01a3aebe50564d,Mn-Fe-Co-Ni-La-Ce|Mn0.3Fe0.3Ni0.4,Mn-Fe-Co-Ni-La-Ce,Mn0.3Fe0.3Ni0.4,3,0.3,0.3,0,0.4,0,0,0,0,0,0,0
sample_6e2a566e216fe6ed,Mn-Fe-Co-Ni-La-Ce|Mn0.3La0.1Ce0.6,Mn-Fe-Co-Ni-La-Ce,Mn0.3La0.1Ce0.6,3,0.3,0,0,0,0.1,0.6,0,0,0,0,0
sample_6e73ea21f4671bce,Mn-Fe-Co-Ni-Cu-Ta|Fe0.2Ni0.8,Mn-Fe-Co-Ni-Cu-Ta,Fe0.2Ni0.8,2,0,0.2,0,0.8,0,0,0,0,0,0,0
sample_6e7bf14bf5a8bd38,Mn-Fe-Co-Ni-La-Ce|Ni0.1La0.9,Mn-Fe-Co-Ni-La-Ce,Ni0.1La0.9,2,0,0,0,0.1,0.9,0,0,0,0,0,0
sample_6e83fd52829695c1,Mn-Fe-Co-Cu-Sn-Ta|Mn0.4Co0.4Sn0.2,Mn-Fe-Co-Cu-Sn-Ta,Mn0.4Co0.4Sn0.2,3,0.4,0,0.4,0,0,0,0,0,0.2,0,0
sample_6e9051920d695d44,Mn-Fe-Co-Ni-Cu-Ta|Mn0.3Ni0.1Cu0.6,Mn-Fe-Co-Ni-Cu-Ta,Mn0.3Ni0.1Cu0.6,3,0.3,0,0,0.1,0,0,0.6,0,0,0,0
sample_6e9d12687f23e4a0,Mn-Fe-Co-Ni-Cu-Ta|Fe0.1Cu0.7Ta0.2,Mn-Fe-Co-Ni-Cu-Ta,Fe0.1Cu0.7Ta0.2,3,0,0.1,0,0,0,0,0.7,0.2,0,0,0
sample_6ea0b10090d3ffb3,Mn-Fe-Co-Ni-Cu-Ta|Fe0.6Cu0.4,Mn-Fe-Co-Ni-Cu-Ta,Fe0.6Cu0.4,2,0,0.6,0,0,0,0,0.4,0,0,0,0
sample_6eaae8500d085a48,Ca-Mn-Co-Ni-Sn-Sb|Ca0.1Mn0.5Sn0.4,Ca-Mn-Co-Ni-Sn-Sb,Ca0.1Mn0.5Sn0.4,3,0.5,0,0,0,0,0,0,0,0.4,0.1,0
sample_6eb2364a3623c444,Mn-Fe-Co-Cu-Sn-Ta|Mn0.7Fe0.2Cu0.1,Mn-Fe-Co-Cu-Sn-Ta,Mn0.7Fe0.2Cu0.1,3,0.7,0.2,0,0,0,0,0.1,0,0,0,0
sample_6eb36b4597f73870,Ca-Mn-Co-Ni-Sn-Sb|Ca0.1Mn0.7Sn0.2,Ca-Mn-Co-Ni-Sn-Sb,Ca0.1Mn0.7Sn0.2,3,0.7,0,0,0,0,0,0,0,0.2,0.1,0
sample_6ecc4ff4569fd462,Mn-Fe-Co-Cu-Sn-Ta|Mn0.5Cu0.1Sn0.4,Mn-Fe-Co-Cu-Sn-Ta,Mn0.5Cu0.1Sn0.4,3,0.5,0,0,0,0,0,0.1,0,0.4,0,0
sample_6ed79f4c8141d95d,Ca-Mn-Co-Ni-Sn-Sb|Ca0.4Mn0.1Co0.5,Ca-Mn-Co-Ni-Sn-Sb,Ca0.4Mn0.1Co0.5,3,0.1,0,0.5,0,0,0,0,0,0,0.4,0
sample_6ee78f1cfd275082,Mn-Fe-Co-Ni-Cu-Ta|Mn0.6Co0.1Ta0.3,Mn-Fe-Co-Ni-Cu-Ta,Mn0.6Co0.1Ta0.3,3,0.6,0,0.1,0,0,0,0,0.3,0,0,0
sample_6eec18622c83ef51,Mn-Fe-Co-Ni-La-Ce|Mn0.5Fe0.4Ni0.1,Mn-Fe-Co-Ni-La-Ce,Mn0.5Fe0.4Ni0.1,3,0.5,0.4,0,0.1,0,0,0,0,0,0,0
sample_6f010d6994523308,Mn-Fe-Co-Ni-La-Ce|Mn0.3La0.7,Mn-Fe-Co-Ni-La-Ce,Mn0.3La0.7,2,0.3,0,0,0,0.7,0,0,0,0,0,0
sample_6f02bbd8705d9169,Mn-Fe-Co-Ni-La-Ce|Mn0.1Fe0.1Co0.8,Mn-Fe-Co-Ni-La-Ce,Mn0.1Fe0.1Co0.8,3,0.1,0.1,0.8,0,0,0,0,0,0,0,0
sample_6f16c661581ec338,Mn-Fe-Co-Cu-Sn-Ta|Cu0.3Sn0.7,Mn-Fe-Co-Cu-Sn-Ta,Cu0.3Sn0.7,2,0,0,0,0,0,0,0.3,0,0.7,0,0
sample_6f1b5fb8d5f0fa0d,Ca-Mn-Co-Ni-Sn-Sb|Ni0.4Sn0.6,Ca-Mn-Co-Ni-Sn-Sb,Ni0.4Sn0.6,2,0,0,0,0.4,0,0,0,0,0.6,0,0
sample_6f1c8d337c00e0c2,Ca-Mn-Co-Ni-Sn-Sb|Ca0.6Ni0.2Sn0.2,Ca-Mn-Co-Ni-Sn-Sb,Ca0.6Ni0.2Sn0.2,3,0,0,0,0.2,0,0,0,0,0.2,0.6,0
sample_6f1d5c5e458242db,Mn-Fe-Co-Ni-Cu-Ta|Fe0.3Co0.6Ni0.1,Mn-Fe-Co-Ni-Cu-Ta,Fe0.3Co0.6Ni0.1,3,0,0.3,0.6,0.1,0,0,0,0,0,0,0
sample_6f1ee387ccc21595,Mn-Fe-Co-Ni-Cu-Ta|Mn0.2Fe0.3Cu0.5,Mn-Fe-Co-Ni-Cu-Ta,Mn0.2Fe0.3Cu0.5,3,0.2,0.3,0,0,0,0,0.5,0,0,0,0
sample_6f678624a23201aa,Mn-Fe-Co-Ni-La-Ce|Mn0.2Fe0.7Ce0.1,Mn-Fe-Co-Ni-La-Ce,Mn0.2Fe0.7Ce0.1,3,0.2,0.7,0,0,0,0.1,0,0,0,0,0
sample_6f7cba6914bf319f,Mn-Fe-Co-Ni-La-Ce|Co0.1Ni0.2Ce0.7,Mn-Fe-Co-Ni-La-Ce,Co0.1Ni0.2Ce0.7,3,0,0,0.1,0.2,0,0.7,0,0,0,0,0
sample_6f7e075cca86efb3,Mn-Fe-Co-Ni-Cu-Ta|Mn0.2Co0.5Ta0.3,Mn-Fe-Co-Ni-Cu-Ta,Mn0.2Co0.5Ta0.3,3,0.2,0,0.5,0,0,0,0,0.3,0,0,0
sample_6f95713f88b7a34f,Ca-Mn-Co-Ni-Sn-Sb|Ni0.9Sn0.1,Ca-Mn-Co-Ni-Sn-Sb,Ni0.9Sn0.1,2,0,0,0,0.9,0,0,0,0,0.1,0,0
sample_6f9b32458cf8e237,Ca-Mn-Co-Ni-Sn-Sb|Ca0.6Co0.1Sn0.3,Ca-Mn-Co-Ni-Sn-Sb,Ca0.6Co0.1Sn0.3,3,0,0,0.1,0,0,0,0,0,0.3,0.6,0
sample_6fbc44fb5d96e951,Mn-Fe-Co-Ni-La-Ce|Mn0.4Fe0.3Ni0.3,Mn-Fe-Co-Ni-La-Ce,Mn0.4Fe0.3Ni0.3,3,0.4,0.3,0,0.3,0,0,0,0,0,0,0
sample_6fd03a022a49d583,Mn-Fe-Co-Ni-La-Ce|Fe0.3La0.2Ce0.5,Mn-Fe-Co-Ni-La-Ce,Fe0.3La0.2Ce0.5,3,0,0.3,0,0,0.2,0.5,0,0,0,0,0
sample_6feb4d6f6f425fe5,Mn-Fe-Co-Ni-La-Ce|Mn0.9Ni0.1,Mn-Fe-Co-Ni-La-Ce,Mn0.9Ni0.1,2,0.9,0,0,0.1,0,0,0,0,0,0,0
sample_70097678e30291fe,Ca-Mn-Co-Ni-Sn-Sb|Mn0.5Sb0.5,Ca-Mn-Co-Ni-Sn-Sb,Mn0.5Sb0.5,2,0.5,0,0,0,0,0,0,0,0,0,0.5
sample_70176b322b22c7e3,Mn-Fe-Co-Cu-Sn-Ta|Mn0.3Sn0.2Ta0.5,Mn-Fe-Co-Cu-Sn-Ta,Mn0.3Sn0.2Ta0.5,3,0.3,0,0,0,0,0,0,0.5,0.2,0,0
sample_70177d5244ef35dd,Ca-Mn-Co-Ni-Sn-Sb|Ca0.1Co0.6Sb0.3,Ca-Mn-Co-Ni-Sn-Sb,Ca0.1Co0.6Sb0.3,3,0,0,0.6,0,0,0,0,0,0,0.1,0.3
sample_701c0b2e95ad6dc1,Ca-Mn-Co-Ni-Sn-Sb|Ca0.3Ni0.5Sn0.2,Ca-Mn-Co-Ni-Sn-Sb,Ca0.3Ni0.5Sn0.2,3,0,0,0,0.5,0,0,0,0,0.2,0.3,0
sample_7021c7b40c68e796,Ca-Mn-Co-Ni-Sn-Sb|Co0.5Ni0.1Sb0.4,Ca-Mn-Co-Ni-Sn-Sb,Co0.5Ni0.1Sb0.4,3,0,0,0.5,0.1,0,0,0,0,0,0,0.4
sample_7036c43aba91b4d9,Mn-Fe-Co-Cu-Sn-Ta|Co0.2Sn0.8,Mn-Fe-Co-Cu-Sn-Ta,Co0.2Sn0.8,2,0,0,0.2,0,0,0,0,0,0.8,0,0
sample_706533a8c5c530a6,Ca-Mn-Co-Ni-Sn-Sb|Mn0.4Ni0.4Sb0.2,Ca-Mn-Co-Ni-Sn-Sb,Mn0.4Ni0.4Sb0.2,3,0.4,0,0,0.4,0,0,0,0,0,0,0.2
sample_70673117516f4a2d,Mn-Fe-Co-Cu-Sn-Ta|Mn0.2Fe0.4Sn0.4,Mn-Fe-Co-Cu-Sn-Ta,Mn0.2Fe0.4Sn0.4,3,0.2,0.4,0,0,0,0,0,0,0.4,0,0
sample_7090458624ec2452,Mn-Fe-Co-Ni-La-Ce|Mn0.2Fe0.3La0.5,Mn-Fe-Co-Ni-La-Ce,Mn0.2Fe0.3La0.5,3,0.2,0.3,0,0,0.5,0,0,0,0,0,0
sample_709d50a02b86f089,Ca-Mn-Co-Ni-Sn-Sb|Ni0.7Sn0.3,Ca-Mn-Co-Ni-Sn-Sb,Ni0.7Sn0.3,2,0,0,0,0.7,0,0,0,0,0.3,0,0
sample_70be78ba4b415173,Ca-Mn-Co-Ni-Sn-Sb|Mn0.3Co0.2Sn0.5,Ca-Mn-Co-Ni-Sn-Sb,Mn0.3Co0.2Sn0.5,3,0.3,0,0.2,0,0,0,0,0,0.5,0,0
sample_70ca1b2a50a4fa82,Mn-Fe-Co-Ni-La-Ce|Fe0.5Ni0.2Ce0.3,Mn-Fe-Co-Ni-La-Ce,Fe0.5Ni0.2Ce0.3,3,0,0.5,0,0.2,0,0.3,0,0,0,0,0
sample_70d018fbc3662bd4,Mn-Fe-Co-Ni-Cu-Ta|Mn0.1Fe0.5Co0.4,Mn-Fe-Co-Ni-Cu-Ta,Mn0.1Fe0.5Co0.4,3,0.1,0.5,0.4,0,0,0,0,0,0,0,0
sample_70d336664135b58c,Mn-Fe-Co-Cu-Sn-Ta|Fe0.1Cu0.2Ta0.7,Mn-Fe-Co-Cu-Sn-Ta,Fe0.1Cu0.2Ta0.7,3,0,0.1,0,0,0,0,0.2,0.7,0,0,0
sample_70d4f6884de0cca2,Mn-Fe-Co-Cu-Sn-Ta|Mn0.3Cu0.4Sn0.3,Mn-Fe-Co-Cu-Sn-Ta,Mn0.3Cu0.4Sn0.3,3,0.3,0,0,0,0,0,0.4,0,0.3,0,0
sample_710323851a609772,Ca-Mn-Co-Ni-Sn-Sb|Ca0.4Co0.2Sn0.4,Ca-Mn-Co-Ni-Sn-Sb,Ca0.4Co0.2Sn0.4,3,0,0,0.2,0,0,0,0,0,0.4,0.4,0
sample_7109e984e2ad08cc,Mn-Fe-Co-Ni-Cu-Ta|Fe0.5Co0.4Ni0.1,Mn-Fe-Co-Ni-Cu-Ta,Fe0.5Co0.4Ni0.1,3,0,0.5,0.4,0.1,0,0,0,0,0,0,0
sample_711b92f9bdc69969,Ca-Mn-Co-Ni-Sn-Sb|Mn0.5Co0.2Sb0.3,Ca-Mn-Co-Ni-Sn-Sb,Mn0.5Co0.2Sb0.3,3,0.5,0,0.2,0,0,0,0,0,0,0,0.3
sample_711c16badb09f32b,Mn-Fe-Co-Ni-Cu-Ta|Mn0.5Ni0.5,Mn-Fe-Co-Ni-Cu-Ta,Mn0.5Ni0.5,2,0.5,0,0,0.5,0,0,0,0,0,0,0
sample_71410aa37f16073e,Mn-Fe-Co-Ni-La-Ce|Ni0.9La0.1,Mn-Fe-Co-Ni-La-Ce,Ni0.9La0.1,2,0,0,0,0.9,0.1,0,0,0,0,0,0
sample_714e51a405b7a4e5,Mn-Fe-Co-Ni-Cu-Ta|Mn0.1Co0.7Ta0.2,Mn-Fe-Co-Ni-Cu-Ta,Mn0.1Co0.7Ta0.2,3,0.1,0,0.7,0,0,0,0,0.2,0,0,0
sample_714fabbd1cd3754e,Ca-Mn-Co-Ni-Sn-Sb|Mn0.1Co0.8Sn0.1,Ca-Mn-Co-Ni-Sn-Sb,Mn0.1Co0.8Sn0.1,3,0.1,0,0.8,0,0,0,0,0,0.1,0,0
sample_715006e48ca3db4f,Mn-Fe-Co-Ni-Cu-Ta|Mn0.4Ni0.1Cu0.5,Mn-Fe-Co-Ni-Cu-Ta,Mn0.4Ni0.1Cu0.5,3,0.4,0,0,0.1,0,0,0.5,0,0,0,0
sample_7190d56682bad0e8,Mn-Fe-Co-Ni-Cu-Ta|Fe0.2Ni0.2Ta0.6,Mn-Fe-Co-Ni-Cu-Ta,Fe0.2Ni0.2Ta0.6,3,0,0.2,0,0.2,0,0,0,0.6,0,0,0
sample_71babd934a6bcee8,Ca-Mn-Co-Ni-Sn-Sb|Co0.4Sn0.6,Ca-Mn-Co-Ni-Sn-Sb,Co0.4Sn0.6,2,0,0,0.4,0,0,0,0,0,0.6,0,0
sample_71c168256f3bb8e9,Ca-Mn-Co-Ni-Sn-Sb|Ca0.2Co0.1Sb0.7,Ca-Mn-Co-Ni-Sn-Sb,Ca0.2Co0.1Sb0.7,3,0,0,0.1,0,0,0,0,0,0,0.2,0.7
sample_71c905cff22dd9fa,Mn-Fe-Co-Ni-Cu-Ta|Co0.1Cu0.4Ta0.5,Mn-Fe-Co-Ni-Cu-Ta,Co0.1Cu0.4Ta0.5,3,0,0,0.1,0,0,0,0.4,0.5,0,0,0
sample_71c9c006e13c8241,Mn-Fe-Co-Cu-Sn-Ta|Mn0.5Sn0.4Ta0.1,Mn-Fe-Co-Cu-Sn-Ta,Mn0.5Sn0.4Ta0.1,3,0.5,0,0,0,0,0,0,0.1,0.4,0,0
sample_720027c634095c51,Mn-Fe-Co-Ni-Cu-Ta|Ni0.3Cu0.4Ta0.3,Mn-Fe-Co-Ni-Cu-Ta,Ni0.3Cu0.4Ta0.3,3,0,0,0,0.3,0,0,0.4,0.3,0,0,0
sample_72083360e6e554f4,Ca-Mn-Co-Ni-Sn-Sb|Ca0.2Mn0.5Sb0.3,Ca-Mn-Co-Ni-Sn-Sb,Ca0.2Mn0.5Sb0.3,3,0.5,0,0,0,0,0,0,0,0,0.2,0.3
sample_7216a13152a74bda,Mn-Fe-Co-Cu-Sn-Ta|Fe0.8Co0.1Cu0.1,Mn-Fe-Co-Cu-Sn-Ta,Fe0.8Co0.1Cu0.1,3,0,0.8,0.1,0,0,0,0.1,0,0,0,0
sample_722002ca19dc0a0f,Mn-Fe-Co-Ni-Cu-Ta|Co0.3Ni0.7,Mn-Fe-Co-Ni-Cu-Ta,Co0.3Ni0.7,2,0,0,0.3,0.7,0,0,0,0,0,0,0
sample_72203b93259dfdae,Ca-Mn-Co-Ni-Sn-Sb|Mn0.2Co0.3Sn0.5,Ca-Mn-Co-Ni-Sn-Sb,Mn0.2Co0.3Sn0.5,3,0.2,0,0.3,0,0,0,0,0,0.5,0,0
sample_722582a275460067,Ca-Mn-Co-Ni-Sn-Sb|Ca0.3Co0.3Ni0.4,Ca-Mn-Co-Ni-Sn-Sb,Ca0.3Co0.3Ni0.4,3,0,0,0.3,0.4,0,0,0,0,0,0.3,0
sample_723fa7a61e2a5d3b,Mn-Fe-Co-Cu-Sn-Ta|Co0.7Cu0.3,Mn-Fe-Co-Cu-Sn-Ta,Co0.7Cu0.3,2,0,0,0.7,0,0,0,0.3,0,0,0,0
sample_726a11374cb9049d,Mn-Fe-Co-Ni-La-Ce|Fe0.3Ni0.6Ce0.1,Mn-Fe-Co-Ni-La-Ce,Fe0.3Ni0.6Ce0.1,3,0,0.3,0,0.6,0,0.1,0,0,0,0,0
sample_726b914dbc72dbcc,Mn-Fe-Co-Cu-Sn-Ta|Co0.7Cu0.2Ta0.1,Mn-Fe-Co-Cu-Sn-Ta,Co0.7Cu0.2Ta0.1,3,0,0,0.7,0,0,0,0.2,0.1,0,0,0
sample_7276af947aebdb28,Mn-Fe-Co-Ni-La-Ce|Mn0.1Fe0.4Co0.5,Mn-Fe-Co-Ni-La-Ce,Mn0.1Fe0.4Co0.5,3,0.1,0.4,0.5,0,0,0,0,0,0,0,0
sample_7278cf8aea621104,Mn-Fe-Co-Ni-Cu-Ta|Fe0.1Cu0.8Ta0.1,Mn-Fe-Co-Ni-Cu-Ta,Fe0.1Cu0.8Ta0.1,3,0,0.1,0,0,0,0,0.8,0.1,0,0,0
sample_72a794e92d8d910d,Mn-Fe-Co-Ni-Cu-Ta|Mn0.4Co0.5Ta0.1,Mn-Fe-Co-Ni-Cu-Ta,Mn0.4Co0.5Ta0.1,3,0.4,0,0.5,0,0,0,0,0.1,0,0,0
sample_72ae88827090d3e3,Ca-Mn-Co-Ni-Sn-Sb|Ca0.1Mn0.3Ni0.6,Ca-Mn-Co-Ni-Sn-Sb,Ca0.1Mn0.3Ni0.6,3,0.3,0,0,0.6,0,0,0,0,0,0.1,0
sample_72ccb1dba1b3c3a0,Mn-Fe-Co-Cu-Sn-Ta|Cu0.4Ta0.6,Mn-Fe-Co-Cu-Sn-Ta,Cu0.4Ta0.6,2,0,0,0,0,0,0,0.4,0.6,0,0,0
sample_72d08ac5f7320237,Mn-Fe-Co-Ni-La-Ce|Ni0.2La0.5Ce0.3,Mn-Fe-Co-Ni-La-Ce,Ni0.2La0.5Ce0.3,3,0,0,0,0.2,0.5,0.3,0,0,0,0,0
sample_72e4650017515f9d,Mn-Fe-Co-Ni-La-Ce|Fe0.3Ni0.3La0.4,Mn-Fe-Co-Ni-La-Ce,Fe0.3Ni0.3La0.4,3,0,0.3,0,0.3,0.4,0,0,0,0,0,0
sample_72f4f73c5bc3facf,Mn-Fe-Co-Ni-La-Ce|Fe0.5Ni0.4La0.1,Mn-Fe-Co-Ni-La-Ce,Fe0.5Ni0.4La0.1,3,0,0.5,0,0.4,0.1,0,0,0,0,0,0
sample_730b7a3c0af55eb8,Mn-Fe-Co-Ni-Cu-Ta|Mn0.2Co0.1Ta0.7,Mn-Fe-Co-Ni-Cu-Ta,Mn0.2Co0.1Ta0.7,3,0.2,0,0.1,0,0,0,0,0.7,0,0,0
sample_73815191e4da5a1e,Mn-Fe-Co-Ni-Cu-Ta|Fe0.1Ni0.3Ta0.6,Mn-Fe-Co-Ni-Cu-Ta,Fe0.1Ni0.3Ta0.6,3,0,0.1,0,0.3,0,0,0,0.6,0,0,0
sample_73978a4e90d73ab8,Mn-Fe-Co-Cu-Sn-Ta|Sn0.2Ta0.8,Mn-Fe-Co-Cu-Sn-Ta,Sn0.2Ta0.8,2,0,0,0,0,0,0,0,0.8,0.2,0,0
sample_739838b8dfa9e7ce,Mn-Fe-Co-Ni-Cu-Ta|Fe0.4Co0.1Ni0.5,Mn-Fe-Co-Ni-Cu-Ta,Fe0.4Co0.1Ni0.5,3,0,0.4,0.1,0.5,0,0,0,0,0,0,0
sample_739d1500a1584c1f,Mn-Fe-Co-Cu-Sn-Ta|Mn0.4Fe0.1Ta0.5,Mn-Fe-Co-Cu-Sn-Ta,Mn0.4Fe0.1Ta0.5,3,0.4,0.1,0,0,0,0,0,0.5,0,0,0
sample_73b4a49ec751ab57,Mn-Fe-Co-Ni-La-Ce|Co0.8Ni0.1La0.1,Mn-Fe-Co-Ni-La-Ce,Co0.8Ni0.1La0.1,3,0,0,0.8,0.1,0.1,0,0,0,0,0,0
sample_73c8b103174d81da,Ca-Mn-Co-Ni-Sn-Sb|Ca0.1Ni0.5Sn0.4,Ca-Mn-Co-Ni-Sn-Sb,Ca0.1Ni0.5Sn0.4,3,0,0,0,0.5,0,0,0,0,0.4,0.1,0
sample_73ee74dadbe0aabe,Mn-Fe-Co-Ni-La-Ce|Co0.3La0.4Ce0.3,Mn-Fe-Co-Ni-La-Ce,Co0.3La0.4Ce0.3,3,0,0,0.3,0,0.4,0.3,0,0,0,0,0
sample_73f1a71e24615534,Mn-Fe-Co-Ni-La-Ce|Co0.7Ni0.1La0.2,Mn-Fe-Co-Ni-La-Ce,Co0.7Ni0.1La0.2,3,0,0,0.7,0.1,0.2,0,0,0,0,0,0
sample_740aec5b9c5e23b4,Mn-Fe-Co-Ni-La-Ce|Mn0.4Fe0.3La0.3,Mn-Fe-Co-Ni-La-Ce,Mn0.4Fe0.3La0.3,3,0.4,0.3,0,0,0.3,0,0,0,0,0,0
sample_7410d08f80713870,Mn-Fe-Co-Cu-Sn-Ta|Cu0.4Sn0.6,Mn-Fe-Co-Cu-Sn-Ta,Cu0.4Sn0.6,2,0,0,0,0,0,0,0.4,0,0.6,0,0
sample_742a42a883da3d65,Ca-Mn-Co-Ni-Sn-Sb|Ca0.2Co0.5Sb0.3,Ca-Mn-Co-Ni-Sn-Sb,Ca0.2Co0.5Sb0.3,3,0,0,0.5,0,0,0,0,0,0,0.2,0.3
sample_744f2a9f39ee7f6d,Mn-Fe-Co-Ni-Cu-Ta|Fe0.4Ni0.1Cu0.5,Mn-Fe-Co-Ni-Cu-Ta,Fe0.4Ni0.1Cu0.5,3,0,0.4,0,0.1,0,0,0.5,0,0,0,0
sample_74637908f3cbddb1,Mn-Fe-Co-Ni-Cu-Ta|Mn0.5Fe0.4Cu0.1,Mn-Fe-Co-Ni-Cu-Ta,Mn0.5Fe0.4Cu0.1,3,0.5,0.4,0,0,0,0,0.1,0,0,0,0
sample_746da53608d3f17d,Ca-Mn-Co-Ni-Sn-Sb|Ni0.7Sn0.1Sb0.2,Ca-Mn-Co-Ni-Sn-Sb,Ni0.7Sn0.1Sb0.2,3,0,0,0,0.7,0,0,0,0,0.1,0,0.2
sample_74b0c635fb832c55,Mn-Fe-Co-Cu-Sn-Ta|Mn0.5Fe0.1Cu0.4,Mn-Fe-Co-Cu-Sn-Ta,Mn0.5Fe0.1Cu0.4,3,0.5,0.1,0,0,0,0,0.4,0,0,0,0
sample_74b1d58364610bb8,Ca-Mn-Co-Ni-Sn-Sb|Ca0.3Ni0.1Sb0.6,Ca-Mn-Co-Ni-Sn-Sb,Ca0.3Ni0.1Sb0.6,3,0,0,0,0.1,0,0,0,0,0,0.3,0.6
sample_74fbaa372cd35741,Ca-Mn-Co-Ni-Sn-Sb|Ca0.2Co0.7Ni0.1,Ca-Mn-Co-Ni-Sn-Sb,Ca0.2Co0.7Ni0.1,3,0,0,0.7,0.1,0,0,0,0,0,0.2,0
sample_74fc30e52dc2e9cb,Mn-Fe-Co-Ni-La-Ce|Co0.6La0.4,Mn-Fe-Co-Ni-La-Ce,Co0.6La0.4,2,0,0,0.6,0,0.4,0,0,0,0,0,0
sample_750858dcfe320790,Ca-Mn-Co-Ni-Sn-Sb|Co0.4Sn0.4Sb0.2,Ca-Mn-Co-Ni-Sn-Sb,Co0.4Sn0.4Sb0.2,3,0,0,0.4,0,0,0,0,0,0.4,0,0.2
sample_75097c27cebe7808,Ca-Mn-Co-Ni-Sn-Sb|Co0.5Sn0.1Sb0.4,Ca-Mn-Co-Ni-Sn-Sb,Co0.5Sn0.1Sb0.4,3,0,0,0.5,0,0,0,0,0,0.1,0,0.4
sample_753450e50062e4a7,Ca-Mn-Co-Ni-Sn-Sb|Co0.2Ni0.1Sb0.7,Ca-Mn-Co-Ni-Sn-Sb,Co0.2Ni0.1Sb0.7,3,0,0,0.2,0.1,0,0,0,0,0,0,0.7
sample_753d29989632b4b2,Ca-Mn-Co-Ni-Sn-Sb|Co0.3Ni0.5Sn0.2,Ca-Mn-Co-Ni-Sn-Sb,Co0.3Ni0.5Sn0.2,3,0,0,0.3,0.5,0,0,0,0,0.2,0,0
sample_75458e3dacccd5a6,Ca-Mn-Co-Ni-Sn-Sb|Mn0.6Sn0.3Sb0.1,Ca-Mn-Co-Ni-Sn-Sb,Mn0.6Sn0.3Sb0.1,3,0.6,0,0,0,0,0,0,0,0.3,0,0.1
sample_755b686c93692a0b,Ca-Mn-Co-Ni-Sn-Sb|Ni0.6Sb0.4,Ca-Mn-Co-Ni-Sn-Sb,Ni0.6Sb0.4,2,0,0,0,0.6,0,0,0,0,0,0,0.4
sample_75605b40b9e15037,Ca-Mn-Co-Ni-Sn-Sb|Ca0.3Ni0.4Sn0.3,Ca-Mn-Co-Ni-Sn-Sb,Ca0.3Ni0.4Sn0.3,3,0,0,0,0.4,0,0,0,0,0.3,0.3,0
sample_756200a9bbd898f2,Mn-Fe-Co-Ni-Cu-Ta|Mn0.5Co0.1Ni0.4,Mn-Fe-Co-Ni-Cu-Ta,Mn0.5Co0.1Ni0.4,3,0.5,0,0.1,0.4,0,0,0,0,0,0,0
sample_75b925497c5d5559,Mn-Fe-Co-Cu-Sn-Ta|Fe0.2Cu0.6Sn0.2,Mn-Fe-Co-Cu-Sn-Ta,Fe0.2Cu0.6Sn0.2,3,0,0.2,0,0,0,0,0.6,0,0.2,0,0
sample_75bfb24a3356fed5,Mn-Fe-Co-Cu-Sn-Ta|Mn0.4Co0.5Sn0.1,Mn-Fe-Co-Cu-Sn-Ta,Mn0.4Co0.5Sn0.1,3,0.4,0,0.5,0,0,0,0,0,0.1,0,0
sample_761544be8de307eb,Ca-Mn-Co-Ni-Sn-Sb|Ca0.5Mn0.3Co0.2,Ca-Mn-Co-Ni-Sn-Sb,Ca0.5Mn0.3Co0.2,3,0.3,0,0.2,0,0,0,0,0,0,0.5,0
sample_761a435e91946160,Ca-Mn-Co-Ni-Sn-Sb|Co0.7Sn0.2Sb0.1,Ca-Mn-Co-Ni-Sn-Sb,Co0.7Sn0.2Sb0.1,3,0,0,0.7,0,0,0,0,0,0.2,0,0.1
sample_7636c9d6f8fdc7e1,Mn-Fe-Co-Ni-La-Ce|Fe0.4La0.2Ce0.4,Mn-Fe-Co-Ni-La-Ce,Fe0.4La0.2Ce0.4,3,0,0.4,0,0,0.2,0.4,0,0,0,0,0
sample_7646e203c0de4230,Mn-Fe-Co-Ni-Cu-Ta|Mn0.1Ni0.4Ta0.5,Mn-Fe-Co-Ni-Cu-Ta,Mn0.1Ni0.4Ta0.5,3,0.1,0,0,0.4,0,0,0,0.5,0,0,0
sample_76483ad39daabdb0,Mn-Fe-Co-Ni-La-Ce|Ni0.4La0.6,Mn-Fe-Co-Ni-La-Ce,Ni0.4La0.6,2,0,0,0,0.4,0.6,0,0,0,0,0,0
sample_76517a7bbbdf3b30,Mn-Fe-Co-Ni-La-Ce|Fe0.3La0.1Ce0.6,Mn-Fe-Co-Ni-La-Ce,Fe0.3La0.1Ce0.6,3,0,0.3,0,0,0.1,0.6,0,0,0,0,0
sample_765ad5bd11305c97,Mn-Fe-Co-Cu-Sn-Ta|Co0.3Cu0.7,Mn-Fe-Co-Cu-Sn-Ta,Co0.3Cu0.7,2,0,0,0.3,0,0,0,0.7,0,0,0,0
sample_7662c4dce2c83c76,Ca-Mn-Co-Ni-Sn-Sb|Ca0.4Sn0.5Sb0.1,Ca-Mn-Co-Ni-Sn-Sb,Ca0.4Sn0.5Sb0.1,3,0,0,0,0,0,0,0,0,0.5,0.4,0.1
sample_766f951e744664a5,Mn-Fe-Co-Cu-Sn-Ta|Mn0.1Co0.6Ta0.3,Mn-Fe-Co-Cu-Sn-Ta,Mn0.1Co0.6Ta0.3,3,0.1,0,0.6,0,0,0,0,0.3,0,0,0
sample_768095381da745eb,Mn-Fe-Co-Ni-La-Ce|Fe0.2Ni0.1Ce0.7,Mn-Fe-Co-Ni-La-Ce,Fe0.2Ni0.1Ce0.7,3,0,0.2,0,0.1,0,0.7,0,0,0,0,0
sample_769e8c3f39a046cf,Mn-Fe-Co-Cu-Sn-Ta|Mn0.4Fe0.5Co0.1,Mn-Fe-Co-Cu-Sn-Ta,Mn0.4Fe0.5Co0.1,3,0.4,0.5,0.1,0,0,0,0,0,0,0,0
sample_76bd1a763bc267c0,Mn-Fe-Co-Ni-Cu-Ta|Mn0.8Fe0.1Cu0.1,Mn-Fe-Co-Ni-Cu-Ta,Mn0.8Fe0.1Cu0.1,3,0.8,0.1,0,0,0,0,0.1,0,0,0,0
sample_76c850c1baefce60,Mn-Fe-Co-Ni-La-Ce|Mn0.3Ni0.6Ce0.1,Mn-Fe-Co-Ni-La-Ce,Mn0.3Ni0.6Ce0.1,3,0.3,0,0,0.6,0,0.1,0,0,0,0,0
sample_76d03b0c2ea3753b,Mn-Fe-Co-Cu-Sn-Ta|Mn0.2Fe0.4Ta0.4,Mn-Fe-Co-Cu-Sn-Ta,Mn0.2Fe0.4Ta0.4,3,0.2,0.4,0,0,0,0,0,0.4,0,0,0
sample_76ed717e9181eca9,Mn-Fe-Co-Ni-Cu-Ta|Fe0.1Co0.3Ni0.6,Mn-Fe-Co-Ni-Cu-Ta,Fe0.1Co0.3Ni0.6,3,0,0.1,0.3,0.6,0,0,0,0,0,0,0
sample_771893fdabd75439,Ca-Mn-Co-Ni-Sn-Sb|Co0.1Ni0.4Sb0.5,Ca-Mn-Co-Ni-Sn-Sb,Co0.1Ni0.4Sb0.5,3,0,0,0.1,0.4,0,0,0,0,0,0,0.5
sample_771e0a762958e77e,Mn-Fe-Co-Ni-La-Ce|Co0.2Ni0.6La0.2,Mn-Fe-Co-Ni-La-Ce,Co0.2Ni0.6La0.2,3,0,0,0.2,0.6,0.2,0,0,0,0,0,0
sample_7728e14cb63a4d3f,Mn-Fe-Co-Cu-Sn-Ta|Mn0.6Co0.1Sn0.3,Mn-Fe-Co-Cu-Sn-Ta,Mn0.6Co0.1Sn0.3,3,0.6,0,0.1,0,0,0,0,0,0.3,0,0
sample_7735022c5286e3c6,Ca-Mn-Co-Ni-Sn-Sb|Mn0.5Ni0.4Sn0.1,Ca-Mn-Co-Ni-Sn-Sb,Mn0.5Ni0.4Sn0.1,3,0.5,0,0,0.4,0,0,0,0,0.1,0,0
sample_773844215b29ace1,Mn-Fe-Co-Ni-Cu-Ta|Fe0.3Co0.4Cu0.3,Mn-Fe-Co-Ni-Cu-Ta,Fe0.3Co0.4Cu0.3,3,0,0.3,0.4,0,0,0,0.3,0,0,0,0
sample_7738e23e09a31454,Mn-Fe-Co-Ni-Cu-Ta|Co0.7Ni0.1Cu0.2,Mn-Fe-Co-Ni-Cu-Ta,Co0.7Ni0.1Cu0.2,3,0,0,0.7,0.1,0,0,0.2,0,0,0,0
sample_773fac1df56a4393,Mn-Fe-Co-Cu-Sn-Ta|Mn0.7Co0.2Cu0.1,Mn-Fe-Co-Cu-Sn-Ta,Mn0.7Co0.2Cu0.1,3,0.7,0,0.2,0,0,0,0.1,0,0,0,0
sample_7749ca96e805f8ea,Ca-Mn-Co-Ni-Sn-Sb|Ca0.2Mn0.5Co0.3,Ca-Mn-Co-Ni-Sn-Sb,Ca0.2Mn0.5Co0.3,3,0.5,0,0.3,0,0,0,0,0,0,0.2,0
sample_77659f02f6a04008,Ca-Mn-Co-Ni-Sn-Sb|Ca0.8Ni0.2,Ca-Mn-Co-Ni-Sn-Sb,Ca0.8Ni0.2,2,0,0,0,0.2,0,0,0,0,0,0.8,0
sample_777f91b8d53df4ed,Mn-Fe-Co-Cu-Sn-Ta|Mn0.4Co0.1Ta0.5,Mn-Fe-Co-Cu-Sn-Ta,Mn0.4Co0.1Ta0.5,3,0.4,0,0.1,0,0,0,0,0.5,0,0,0
sample_7794c3c0b0048855,Ca-Mn-Co-Ni-Sn-Sb|Ca0.3Ni0.6Sn0.1,Ca-Mn-Co-Ni-Sn-Sb,Ca0.3Ni0.6Sn0.1,3,0,0,0,0.6,0,0,0,0,0.1,0.3,0
sample_77d7cfb513a0d09f,Ca-Mn-Co-Ni-Sn-Sb|Mn0.4Co0.6,Ca-Mn-Co-Ni-Sn-Sb,Mn0.4Co0.6,2,0.4,0,0.6,0,0,0,0,0,0,0,0
sample_77e4624a939d2c33,Mn-Fe-Co-Cu-Sn-Ta|Fe0.6Co0.3Ta0.1,Mn-Fe-Co-Cu-Sn-Ta,Fe0.6Co0.3Ta0.1,3,0,0.6,0.3,0,0,0,0,0.1,0,0,0
sample_77ed2e343271ac7e,Ca-Mn-Co-Ni-Sn-Sb|Ca0.7Sn0.2Sb0.1,Ca-Mn-Co-Ni-Sn-Sb,Ca0.7Sn0.2Sb0.1,3,0,0,0,0,0,0,0,0,0.2,0.7,0.1
sample_77f7e128d6ca07ca,Ca-Mn-Co-Ni-Sn-Sb|Mn0.3Ni0.5Sn0.2,Ca-Mn-Co-Ni-Sn-Sb,Mn0.3Ni0.5Sn0.2,3,0.3,0,0,0.5,0,0,0,0,0.2,0,0
sample_77f80f737518d411,Mn-Fe-Co-Cu-Sn-Ta|Fe0.3Cu0.5Ta0.2,Mn-Fe-Co-Cu-Sn-Ta,Fe0.3Cu0.5Ta0.2,3,0,0.3,0,0,0,0,0.5,0.2,0,0,0
sample_77f96a77f3bf4d78,Ca-Mn-Co-Ni-Sn-Sb|Ca0.4Mn0.4Ni0.2,Ca-Mn-Co-Ni-Sn-Sb,Ca0.4Mn0.4Ni0.2,3,0.4,0,0,0.2,0,0,0,0,0,0.4,0
sample_7803d28be41c1dae,Ca-Mn-Co-Ni-Sn-Sb|Ca0.5Sn0.5,Ca-Mn-Co-Ni-Sn-Sb,Ca0.5Sn0.5,2,0,0,0,0,0,0,0,0,0.5,0.5,0
sample_7813801d9eb32402,Mn-Fe-Co-Cu-Sn-Ta|Fe0.1Sn0.3Ta0.6,Mn-Fe-Co-Cu-Sn-Ta,Fe0.1Sn0.3Ta0.6,3,0,0.1,0,0,0,0,0,0.6,0.3,0,0
sample_7817a5d1a95629d1,Mn-Fe-Co-Cu-Sn-Ta|Co0.5Sn0.2Ta0.3,Mn-Fe-Co-Cu-Sn-Ta,Co0.5Sn0.2Ta0.3,3,0,0,0.5,0,0,0,0,0.3,0.2,0,0
sample_7847aceda56e3800,Mn-Fe-Co-Cu-Sn-Ta|Co0.3Sn0.7,Mn-Fe-Co-Cu-Sn-Ta,Co0.3Sn0.7,2,0,0,0.3,0,0,0,0,0,0.7,0,0
sample_7869e2cae85c9d11,Mn-Fe-Co-Ni-Cu-Ta|Mn0.3Ni0.6Ta0.1,Mn-Fe-Co-Ni-Cu-Ta,Mn0.3Ni0.6Ta0.1,3,0.3,0,0,0.6,0,0,0,0.1,0,0,0
sample_78a7403f0685fabc,Mn-Fe-Co-Ni-La-Ce|Mn0.1Ni0.7La0.2,Mn-Fe-Co-Ni-La-Ce,Mn0.1Ni0.7La0.2,3,0.1,0,0,0.7,0.2,0,0,0,0,0,0
sample_78a9e0d20de8d21f,Mn-Fe-Co-Ni-Cu-Ta|Fe0.4Co0.2Ni0.4,Mn-Fe-Co-Ni-Cu-Ta,Fe0.4Co0.2Ni0.4,3,0,0.4,0.2,0.4,0,0,0,0,0,0,0
sample_78b1209c28cf8c81,Mn-Fe-Co-Cu-Sn-Ta|Mn0.3Co0.1Cu0.6,Mn-Fe-Co-Cu-Sn-Ta,Mn0.3Co0.1Cu0.6,3,0.3,0,0.1,0,0,0,0.6,0,0,0,0
sample_78cd0f5d8dd902fe,Ca-Mn-Co-Ni-Sn-Sb|Ca0.1Mn0.6Sb0.3,Ca-Mn-Co-Ni-Sn-Sb,Ca0.1Mn0.6Sb0.3,3,0.6,0,0,0,0,0,0,0,0,0.1,0.3
sample_78f372dea761737a,Mn-Fe-Co-Ni-Cu-Ta|Fe0.2Co0.5Cu0.3,Mn-Fe-Co-Ni-Cu-Ta,Fe0.2Co0.5Cu0.3,3,0,0.2,0.5,0,0,0,0.3,0,0,0,0
sample_790878918f235720,Mn-Fe-Co-Ni-La-Ce|Fe0.5Ni0.3La0.2,Mn-Fe-Co-Ni-La-Ce,Fe0.5Ni0.3La0.2,3,0,0.5,0,0.3,0.2,0,0,0,0,0,0
sample_792bdd346637c3ca,Mn-Fe-Co-Ni-La-Ce|Co0.1La0.6Ce0.3,Mn-Fe-Co-Ni-La-Ce,Co0.1La0.6Ce0.3,3,0,0,0.1,0,0.6,0.3,0,0,0,0,0
sample_792c2757afef6715,Ca-Mn-Co-Ni-Sn-Sb|Ca0.2Mn0.1Sn0.7,Ca-Mn-Co-Ni-Sn-Sb,Ca0.2Mn0.1Sn0.7,3,0.1,0,0,0,0,0,0,0,0.7,0.2,0
sample_79457efd20899379,Mn-Fe-Co-Ni-La-Ce|Mn0.5Fe0.4Co0.1,Mn-Fe-Co-Ni-La-Ce,Mn0.5Fe0.4Co0.1,3,0.5,0.4,0.1,0,0,0,0,0,0,0,0
sample_79482576cf224a24,Ca-Mn-Co-Ni-Sn-Sb|Co0.2Sn0.1Sb0.7,Ca-Mn-Co-Ni-Sn-Sb,Co0.2Sn0.1Sb0.7,3,0,0,0.2,0,0,0,0,0,0.1,0,0.7
sample_79497d9397389ce5,Mn-Fe-Co-Cu-Sn-Ta|Cu0.2Sn0.5Ta0.3,Mn-Fe-Co-Cu-Sn-Ta,Cu0.2Sn0.5Ta0.3,3,0,0,0,0,0,0,0.2,0.3,0.5,0,0
sample_794a8d8f9aa6d92e,Ca-Mn-Co-Ni-Sn-Sb|Ni0.4Sn0.5Sb0.1,Ca-Mn-Co-Ni-Sn-Sb,Ni0.4Sn0.5Sb0.1,3,0,0,0,0.4,0,0,0,0,0.5,0,0.1
sample_794ce35abb460a22,Mn-Fe-Co-Ni-Cu-Ta|Mn0.3Fe0.3Ni0.4,Mn-Fe-Co-Ni-Cu-Ta,Mn0.3Fe0.3Ni0.4,3,0.3,0.3,0,0.4,0,0,0,0,0,0,0
sample_795f0fd51cfa770c,Mn-Fe-Co-Cu-Sn-Ta|Mn0.3Cu0.3Ta0.4,Mn-Fe-Co-Cu-Sn-Ta,Mn0.3Cu0.3Ta0.4,3,0.3,0,0,0,0,0,0.3,0.4,0,0,0
sample_7966a9acebd2b723,Mn-Fe-Co-Cu-Sn-Ta|Mn0.4Fe0.5Sn0.1,Mn-Fe-Co-Cu-Sn-Ta,Mn0.4Fe0.5Sn0.1,3,0.4,0.5,0,0,0,0,0,0,0.1,0,0
sample_797837b0f256bda4,Mn-Fe-Co-Cu-Sn-Ta|Mn0.1Fe0.4Ta0.5,Mn-Fe-Co-Cu-Sn-Ta,Mn0.1Fe0.4Ta0.5,3,0.1,0.4,0,0,0,0,0,0.5,0,0,0
sample_797e10f1f7efa6c6,Mn-Fe-Co-Ni-La-Ce|Mn0.8Ce0.2,Mn-Fe-Co-Ni-La-Ce,Mn0.8Ce0.2,2,0.8,0,0,0,0,0.2,0,0,0,0,0
sample_799c94d8af62f592,Ca-Mn-Co-Ni-Sn-Sb|Mn0.4Co0.2Sn0.4,Ca-Mn-Co-Ni-Sn-Sb,Mn0.4Co0.2Sn0.4,3,0.4,0,0.2,0,0,0,0,0,0.4,0,0
sample_79af630ee5b3c84b,Ca-Mn-Co-Ni-Sn-Sb|Co0.3Sn0.6Sb0.1,Ca-Mn-Co-Ni-Sn-Sb,Co0.3Sn0.6Sb0.1,3,0,0,0.3,0,0,0,0,0,0.6,0,0.1
sample_79b540ca60e96dc0,Ca-Mn-Co-Ni-Sn-Sb|Ni0.8Sn0.2,Ca-Mn-Co-Ni-Sn-Sb,Ni0.8Sn0.2,2,0,0,0,0.8,0,0,0,0,0.2,0,0
sample_79bb69e4dc77b76a,Mn-Fe-Co-Cu-Sn-Ta|Mn0.7Co0.1Cu0.2,Mn-Fe-Co-Cu-Sn-Ta,Mn0.7Co0.1Cu0.2,3,0.7,0,0.1,0,0,0,0.2,0,0,0,0
sample_79d88cf97f46cbde,Mn-Fe-Co-Ni-Cu-Ta|Fe0.6Ni0.1Ta0.3,Mn-Fe-Co-Ni-Cu-Ta,Fe0.6Ni0.1Ta0.3,3,0,0.6,0,0.1,0,0,0,0.3,0,0,0
sample_79e607eb0b691359,Mn-Fe-Co-Ni-Cu-Ta|Fe0.1Ni0.2Cu0.7,Mn-Fe-Co-Ni-Cu-Ta,Fe0.1Ni0.2Cu0.7,3,0,0.1,0,0.2,0,0,0.7,0,0,0,0
sample_79f133b473ab3fc2,Mn-Fe-Co-Ni-Cu-Ta|Mn0.2Cu0.8,Mn-Fe-Co-Ni-Cu-Ta,Mn0.2Cu0.8,2,0.2,0,0,0,0,0,0.8,0,0,0,0
sample_7a1028a493c4cad8,Ca-Mn-Co-Ni-Sn-Sb|Ca0.3Mn0.6Sn0.1,Ca-Mn-Co-Ni-Sn-Sb,Ca0.3Mn0.6Sn0.1,3,0.6,0,0,0,0,0,0,0,0.1,0.3,0
sample_7a11d3f73ab51f62,Ca-Mn-Co-Ni-Sn-Sb|Ca0.4Co0.4Ni0.2,Ca-Mn-Co-Ni-Sn-Sb,Ca0.4Co0.4Ni0.2,3,0,0,0.4,0.2,0,0,0,0,0,0.4,0
sample_7a1b7f1c3c8bb727,Ca-Mn-Co-Ni-Sn-Sb|Mn0.1Co0.8Ni0.1,Ca-Mn-Co-Ni-Sn-Sb,Mn0.1Co0.8Ni0.1,3,0.1,0,0.8,0.1,0,0,0,0,0,0,0
sample_7a25f7a1fe1085f9,Ca-Mn-Co-Ni-Sn-Sb|Mn0.5Co0.5,Ca-Mn-Co-Ni-Sn-Sb,Mn0.5Co0.5,2,0.5,0,0.5,0,0,0,0,0,0,0,0
sample_7a46edd6ead5be96,Mn-Fe-Co-Ni-La-Ce|Mn0.1Fe0.8Ni0.1,Mn-Fe-Co-Ni-La-Ce,Mn0.1Fe0.8Ni0.1,3,0.1,0.8,0,0.1,0,0,0,0,0,0,0
sample_7a6a3720601080fa,Ca-Mn-Co-Ni-Sn-Sb|Ca0.5Ni0.4Sn0.1,Ca-Mn-Co-Ni-Sn-Sb,Ca0.5Ni0.4Sn0.1,3,0,0,0,0.4,0,0,0,0,0.1,0.5,0
sample_7a6d65b4fdeb0630,Mn-Fe-Co-Cu-Sn-Ta|Co0.2Cu0.2Sn0.6,Mn-Fe-Co-Cu-Sn-Ta,Co0.2Cu0.2Sn0.6,3,0,0,0.2,0,0,0,0.2,0,0.6,0,0
sample_7a72d2d0940cd4a6,Mn-Fe-Co-Cu-Sn-Ta|Mn0.4Fe0.3Cu0.3,Mn-Fe-Co-Cu-Sn-Ta,Mn0.4Fe0.3Cu0.3,3,0.4,0.3,0,0,0,0,0.3,0,0,0,0
sample_7a7451076aab5d13,Mn-Fe-Co-Ni-La-Ce|Fe0.1Ni0.7Ce0.2,Mn-Fe-Co-Ni-La-Ce,Fe0.1Ni0.7Ce0.2,3,0,0.1,0,0.7,0,0.2,0,0,0,0,0
sample_7a93acbf6a170506,Ca-Mn-Co-Ni-Sn-Sb|Co0.8Sb0.2,Ca-Mn-Co-Ni-Sn-Sb,Co0.8Sb0.2,2,0,0,0.8,0,0,0,0,0,0,0,0.2
sample_7a9e2418305af9b7,Ca-Mn-Co-Ni-Sn-Sb|Mn0.1Co0.4Sn0.5,Ca-Mn-Co-Ni-Sn-Sb,Mn0.1Co0.4Sn0.5,3,0.1,0,0.4,0,0,0,0,0,0.5,0,0
sample_7ab2aa28132e4b18,Mn-Fe-Co-Ni-Cu-Ta|Mn0.2Ni0.3Ta0.5,Mn-Fe-Co-Ni-Cu-Ta,Mn0.2Ni0.3Ta0.5,3,0.2,0,0,0.3,0,0,0,0.5,0,0,0
sample_7ae28c6f1f4eda5d,Mn-Fe-Co-Ni-Cu-Ta|Ni0.4Cu0.3Ta0.3,Mn-Fe-Co-Ni-Cu-Ta,Ni0.4Cu0.3Ta0.3,3,0,0,0,0.4,0,0,0.3,0.3,0,0,0
sample_7aef4e373535abcb,Mn-Fe-Co-Ni-La-Ce|Co0.4Ni0.4La0.2,Mn-Fe-Co-Ni-La-Ce,Co0.4Ni0.4La0.2,3,0,0,0.4,0.4,0.2,0,0,0,0,0,0
sample_7aff9b211c405f63,Mn-Fe-Co-Ni-Cu-Ta|Fe0.1Co0.7Ta0.2,Mn-Fe-Co-Ni-Cu-Ta,Fe0.1Co0.7Ta0.2,3,0,0.1,0.7,0,0,0,0,0.2,0,0,0
sample_7b02ad27e6d5b51d,Mn-Fe-Co-Ni-Cu-Ta|Co0.6Cu0.1Ta0.3,Mn-Fe-Co-Ni-Cu-Ta,Co0.6Cu0.1Ta0.3,3,0,0,0.6,0,0,0,0.1,0.3,0,0,0
sample_7b0fcb27a6feb99c,Mn-Fe-Co-Ni-Cu-Ta|Fe0.6Co0.3Cu0.1,Mn-Fe-Co-Ni-Cu-Ta,Fe0.6Co0.3Cu0.1,3,0,0.6,0.3,0,0,0,0.1,0,0,0,0
sample_7b30e3910d2dad19,Ca-Mn-Co-Ni-Sn-Sb|Ca0.1Mn0.2Sn0.7,Ca-Mn-Co-Ni-Sn-Sb,Ca0.1Mn0.2Sn0.7,3,0.2,0,0,0,0,0,0,0,0.7,0.1,0
sample_7b4f9d7a29ac5d2f,Mn-Fe-Co-Cu-Sn-Ta|Mn0.4Cu0.6,Mn-Fe-Co-Cu-Sn-Ta,Mn0.4Cu0.6,2,0.4,0,0,0,0,0,0.6,0,0,0,0
sample_7b9ee12425b75b80,Mn-Fe-Co-Ni-Cu-Ta|Mn0.1Fe0.5Ta0.4,Mn-Fe-Co-Ni-Cu-Ta,Mn0.1Fe0.5Ta0.4,3,0.1,0.5,0,0,0,0,0,0.4,0,0,0
sample_7b9f13bb04808b99,Mn-Fe-Co-Cu-Sn-Ta|Mn0.6Fe0.3Co0.1,Mn-Fe-Co-Cu-Sn-Ta,Mn0.6Fe0.3Co0.1,3,0.6,0.3,0.1,0,0,0,0,0,0,0,0
sample_7ba94c761dd08129,Mn-Fe-Co-Ni-La-Ce|Fe0.7Ni0.1La0.2,Mn-Fe-Co-Ni-La-Ce,Fe0.7Ni0.1La0.2,3,0,0.7,0,0.1,0.2,0,0,0,0,0,0
sample_7badb7551393a2c8,Mn-Fe-Co-Ni-La-Ce|Fe0.2Ni0.2Ce0.6,Mn-Fe-Co-Ni-La-Ce,Fe0.2Ni0.2Ce0.6,3,0,0.2,0,0.2,0,0.6,0,0,0,0,0
sample_7bc816c0e2067ba2,Mn-Fe-Co-Ni-Cu-Ta|Mn0.7Ni0.1Ta0.2,Mn-Fe-Co-Ni-Cu-Ta,Mn0.7Ni0.1Ta0.2,3,0.7,0,0,0.1,0,0,0,0.2,0,0,0
sample_7bcb7f2f9032bd79,Ca-Mn-Co-Ni-Sn-Sb|Ca0.6Co0.2Sn0.2,Ca-Mn-Co-Ni-Sn-Sb,Ca0.6Co0.2Sn0.2,3,0,0,0.2,0,0,0,0,0,0.2,0.6,0
sample_7bd1894f4bf34041,Mn-Fe-Co-Cu-Sn-Ta|Fe0.6Cu0.4,Mn-Fe-Co-Cu-Sn-Ta,Fe0.6Cu0.4,2,0,0.6,0,0,0,0,0.4,0,0,0,0
sample_7bd18ba0ea8dfb25,Mn-Fe-Co-Ni-La-Ce|Fe0.8Ni0.2,Mn-Fe-Co-Ni-La-Ce,Fe0.8Ni0.2,2,0,0.8,0,0.2,0,0,0,0,0,0,0
sample_7bf7696d034fc288,Ca-Mn-Co-Ni-Sn-Sb|Ca0.3Sn0.2Sb0.5,Ca-Mn-Co-Ni-Sn-Sb,Ca0.3Sn0.2Sb0.5,3,0,0,0,0,0,0,0,0,0.2,0.3,0.5
sample_7bfd88cb7de57cb9,Mn-Fe-Co-Ni-La-Ce|Mn0.3Co0.6Ni0.1,Mn-Fe-Co-Ni-La-Ce,Mn0.3Co0.6Ni0.1,3,0.3,0,0.6,0.1,0,0,0,0,0,0,0
sample_7bfe9d282cd6937b,Ca-Mn-Co-Ni-Sn-Sb|Ca0.5Ni0.3Sb0.2,Ca-Mn-Co-Ni-Sn-Sb,Ca0.5Ni0.3Sb0.2,3,0,0,0,0.3,0,0,0,0,0,0.5,0.2
sample_7c1b75c2d727a024,Mn-Fe-Co-Cu-Sn-Ta|Mn0.2Co0.6Ta0.2,Mn-Fe-Co-Cu-Sn-Ta,Mn0.2Co0.6Ta0.2,3,0.2,0,0.6,0,0,0,0,0.2,0,0,0
sample_7c1dc40891cde9a8,Ca-Mn-Co-Ni-Sn-Sb|Co0.2Ni0.8,Ca-Mn-Co-Ni-Sn-Sb,Co0.2Ni0.8,2,0,0,0.2,0.8,0,0,0,0,0,0,0
sample_7c40466af158cc04,Mn-Fe-Co-Ni-La-Ce|Fe0.2Co0.7Ni0.1,Mn-Fe-Co-Ni-La-Ce,Fe0.2Co0.7Ni0.1,3,0,0.2,0.7,0.1,0,0,0,0,0,0,0
sample_7c4ec921c721a458,Mn-Fe-Co-Ni-La-Ce|Mn0.1Co0.4Ce0.5,Mn-Fe-Co-Ni-La-Ce,Mn0.1Co0.4Ce0.5,3,0.1,0,0.4,0,0,0.5,0,0,0,0,0
sample_7c6f662af32b794b,Ca-Mn-Co-Ni-Sn-Sb|Co0.6Ni0.2Sb0.2,Ca-Mn-Co-Ni-Sn-Sb,Co0.6Ni0.2Sb0.2,3,0,0,0.6,0.2,0,0,0,0,0,0,0.2
sample_7c7ab0c34ef2bf21,Mn-Fe-Co-Cu-Sn-Ta|Co0.5Sn0.5,Mn-Fe-Co-Cu-Sn-Ta,Co0.5Sn0.5,2,0,0,0.5,0,0,0,0,0,0.5,0,0
sample_7ca12eaffa2d0fc5,Ca-Mn-Co-Ni-Sn-Sb|Mn0.2Sn0.3Sb0.5,Ca-Mn-Co-Ni-Sn-Sb,Mn0.2Sn0.3Sb0.5,3,0.2,0,0,0,0,0,0,0,0.3,0,0.5
sample_7cb3ae023cf99d70,Mn-Fe-Co-Cu-Sn-Ta|Mn0.2Cu0.7Sn0.1,Mn-Fe-Co-Cu-Sn-Ta,Mn0.2Cu0.7Sn0.1,3,0.2,0,0,0,0,0,0.7,0,0.1,0,0
sample_7cc8340406005ba6,Mn-Fe-Co-Cu-Sn-Ta|Mn0.5Ta0.5,Mn-Fe-Co-Cu-Sn-Ta,Mn0.5Ta0.5,2,0.5,0,0,0,0,0,0,0.5,0,0,0
sample_7ce2d0479866ef48,Mn-Fe-Co-Cu-Sn-Ta|Fe0.4Cu0.5Ta0.1,Mn-Fe-Co-Cu-Sn-Ta,Fe0.4Cu0.5Ta0.1,3,0,0.4,0,0,0,0,0.5,0.1,0,0,0
sample_7cf344d07066d03e,Mn-Fe-Co-Cu-Sn-Ta|Mn0.3Co0.6Sn0.1,Mn-Fe-Co-Cu-Sn-Ta,Mn0.3Co0.6Sn0.1,3,0.3,0,0.6,0,0,0,0,0,0.1,0,0
sample_7cf9ab855a70f9fc,Ca-Mn-Co-Ni-Sn-Sb|Ca0.1Sn0.6Sb0.3,Ca-Mn-Co-Ni-Sn-Sb,Ca0.1Sn0.6Sb0.3,3,0,0,0,0,0,0,0,0,0.6,0.1,0.3
sample_7cf9e96aa7ac611a,Ca-Mn-Co-Ni-Sn-Sb|Ca0.2Mn0.3Co0.5,Ca-Mn-Co-Ni-Sn-Sb,Ca0.2Mn0.3Co0.5,3,0.3,0,0.5,0,0,0,0,0,0,0.2,0
sample_7d0da32067d896ba,Ca-Mn-Co-Ni-Sn-Sb|Ca0.2Mn0.2Ni0.6,Ca-Mn-Co-Ni-Sn-Sb,Ca0.2Mn0.2Ni0.6,3,0.2,0,0,0.6,0,0,0,0,0,0.2,0
sample_7d6660282effe220,Mn-Fe-Co-Cu-Sn-Ta|Mn0.3Fe0.5Ta0.2,Mn-Fe-Co-Cu-Sn-Ta,Mn0.3Fe0.5Ta0.2,3,0.3,0.5,0,0,0,0,0,0.2,0,0,0
sample_7d7f0e1be3d9733b,Mn-Fe-Co-Ni-La-Ce|Fe0.3Co0.6Ce0.1,Mn-Fe-Co-Ni-La-Ce,Fe0.3Co0.6Ce0.1,3,0,0.3,0.6,0,0,0.1,0,0,0,0,0
sample_7d89b2445a89fdaf,Mn-Fe-Co-Ni-La-Ce|Mn0.2La0.3Ce0.5,Mn-Fe-Co-Ni-La-Ce,Mn0.2La0.3Ce0.5,3,0.2,0,0,0,0.3,0.5,0,0,0,0,0
sample_7d973485763e4950,Mn-Fe-Co-Cu-Sn-Ta|Fe0.5Co0.1Sn0.4,Mn-Fe-Co-Cu-Sn-Ta,Fe0.5Co0.1Sn0.4,3,0,0.5,0.1,0,0,0,0,0,0.4,0,0
sample_7dc2e1908122bd70,Ca-Mn-Co-Ni-Sn-Sb|Ca0.6Mn0.1Co0.3,Ca-Mn-Co-Ni-Sn-Sb,Ca0.6Mn0.1Co0.3,3,0.1,0,0.3,0,0,0,0,0,0,0.6,0
sample_7dcc1e4efafb224c,Mn-Fe-Co-Ni-La-Ce|Co0.4Ni0.6,Mn-Fe-Co-Ni-La-Ce,Co0.4Ni0.6,2,0,0,0.4,0.6,0,0,0,0,0,0,0
sample_7dce953b1716ffd6,Mn-Fe-Co-Ni-Cu-Ta|Fe0.2Ni0.5Cu0.3,Mn-Fe-Co-Ni-Cu-Ta,Fe0.2Ni0.5Cu0.3,3,0,0.2,0,0.5,0,0,0.3,0,0,0,0
sample_7dd19dd95f025992,Mn-Fe-Co-Ni-La-Ce|Mn0.7Ni0.3,Mn-Fe-Co-Ni-La-Ce,Mn0.7Ni0.3,2,0.7,0,0,0.3,0,0,0,0,0,0,0
sample_7ddbde20c09144ba,Mn-Fe-Co-Cu-Sn-Ta|Mn0.1Co0.5Cu0.4,Mn-Fe-Co-Cu-Sn-Ta,Mn0.1Co0.5Cu0.4,3,0.1,0,0.5,0,0,0,0.4,0,0,0,0
sample_7de3f762125e3f88,Mn-Fe-Co-Ni-Cu-Ta|Co0.2Ni0.7Cu0.1,Mn-Fe-Co-Ni-Cu-Ta,Co0.2Ni0.7Cu0.1,3,0,0,0.2,0.7,0,0,0.1,0,0,0,0
sample_7deae018781cd19b,Mn-Fe-Co-Ni-La-Ce|Co0.4La0.3Ce0.3,Mn-Fe-Co-Ni-La-Ce,Co0.4La0.3Ce0.3,3,0,0,0.4,0,0.3,0.3,0,0,0,0,0
sample_7df35ccf7bcc75b5,Mn-Fe-Co-Ni-La-Ce|Mn0.7Co0.2Ni0.1,Mn-Fe-Co-Ni-La-Ce,Mn0.7Co0.2Ni0.1,3,0.7,0,0.2,0.1,0,0,0,0,0,0,0
sample_7e0b6cc8601a155b,Ca-Mn-Co-Ni-Sn-Sb|Ca0.7Sb0.3,Ca-Mn-Co-Ni-Sn-Sb,Ca0.7Sb0.3,2,0,0,0,0,0,0,0,0,0,0.7,0.3
sample_7e1b84bebed40418,Mn-Fe-Co-Ni-Cu-Ta|Ni0.1Cu0.5Ta0.4,Mn-Fe-Co-Ni-Cu-Ta,Ni0.1Cu0.5Ta0.4,3,0,0,0,0.1,0,0,0.5,0.4,0,0,0
sample_7e6739f50da2b62c,Mn-Fe-Co-Ni-Cu-Ta|Fe0.2Cu0.8,Mn-Fe-Co-Ni-Cu-Ta,Fe0.2Cu0.8,2,0,0.2,0,0,0,0,0.8,0,0,0,0
sample_7e841e70207d80d5,Mn-Fe-Co-Ni-La-Ce|Fe0.3Co0.1Ce0.6,Mn-Fe-Co-Ni-La-Ce,Fe0.3Co0.1Ce0.6,3,0,0.3,0.1,0,0,0.6,0,0,0,0,0
sample_7e899932113f6766,Ca-Mn-Co-Ni-Sn-Sb|Ca0.7Mn0.2Sn0.1,Ca-Mn-Co-Ni-Sn-Sb,Ca0.7Mn0.2Sn0.1,3,0.2,0,0,0,0,0,0,0,0.1,0.7,0
sample_7e9badfdbcabb691,Mn-Fe-Co-Ni-La-Ce|Mn0.1Co0.5La0.4,Mn-Fe-Co-Ni-La-Ce,Mn0.1Co0.5La0.4,3,0.1,0,0.5,0,0.4,0,0,0,0,0,0
sample_7ea252d2e943d821,Mn-Fe-Co-Ni-La-Ce|La0.2Ce0.8,Mn-Fe-Co-Ni-La-Ce,La0.2Ce0.8,2,0,0,0,0,0.2,0.8,0,0,0,0,0
sample_7ea7d680974abfc3,Mn-Fe-Co-Ni-Cu-Ta|Mn0.3Cu0.2Ta0.5,Mn-Fe-Co-Ni-Cu-Ta,Mn0.3Cu0.2Ta0.5,3,0.3,0,0,0,0,0,0.2,0.5,0,0,0
sample_7ec0c625bfc4265e,Mn-Fe-Co-Cu-Sn-Ta|Mn0.4Co0.6,Mn-Fe-Co-Cu-Sn-Ta,Mn0.4Co0.6,2,0.4,0,0.6,0,0,0,0,0,0,0,0
sample_7ec810e276caeb3e,Mn-Fe-Co-Ni-Cu-Ta|Mn0.4Fe0.5Co0.1,Mn-Fe-Co-Ni-Cu-Ta,Mn0.4Fe0.5Co0.1,3,0.4,0.5,0.1,0,0,0,0,0,0,0,0
sample_7ee4abb7e118ba0e,Mn-Fe-Co-Ni-La-Ce|Mn0.1Fe0.5La0.4,Mn-Fe-Co-Ni-La-Ce,Mn0.1Fe0.5La0.4,3,0.1,0.5,0,0,0.4,0,0,0,0,0,0
sample_7ef49b9a5952dda0,Mn-Fe-Co-Ni-La-Ce|Ni0.7La0.3,Mn-Fe-Co-Ni-La-Ce,Ni0.7La0.3,2,0,0,0,0.7,0.3,0,0,0,0,0,0
sample_7f03910540f788fd,Mn-Fe-Co-Cu-Sn-Ta|Co0.5Cu0.4Ta0.1,Mn-Fe-Co-Cu-Sn-Ta,Co0.5Cu0.4Ta0.1,3,0,0,0.5,0,0,0,0.4,0.1,0,0,0
sample_7f197b7043560a61,Mn-Fe-Co-Ni-La-Ce|Fe0.6La0.3Ce0.1,Mn-Fe-Co-Ni-La-Ce,Fe0.6La0.3Ce0.1,3,0,0.6,0,0,0.3,0.1,0,0,0,0,0
sample_7f2110f7c9430572,Mn-Fe-Co-Cu-Sn-Ta|Mn0.2Fe0.5Ta0.3,Mn-Fe-Co-Cu-Sn-Ta,Mn0.2Fe0.5Ta0.3,3,0.2,0.5,0,0,0,0,0,0.3,0,0,0
sample_7f56746a801cf1d7,Mn-Fe-Co-Cu-Sn-Ta|Mn0.2Cu0.7Ta0.1,Mn-Fe-Co-Cu-Sn-Ta,Mn0.2Cu0.7Ta0.1,3,0.2,0,0,0,0,0,0.7,0.1,0,0,0
sample_7f6cf6e4dca27cf3,Mn-Fe-Co-Cu-Sn-Ta|Co0.4Cu0.1Ta0.5,Mn-Fe-Co-Cu-Sn-Ta,Co0.4Cu0.1Ta0.5,3,0,0,0.4,0,0,0,0.1,0.5,0,0,0
sample_7f8e8daacf1bad32,Mn-Fe-Co-Ni-La-Ce|Mn0.2Fe0.1Ni0.7,Mn-Fe-Co-Ni-La-Ce,Mn0.2Fe0.1Ni0.7,3,0.2,0.1,0,0.7,0,0,0,0,0,0,0
sample_7f9a34e3a56d5956,Ca-Mn-Co-Ni-Sn-Sb|Mn0.1Co0.3Ni0.6,Ca-Mn-Co-Ni-Sn-Sb,Mn0.1Co0.3Ni0.6,3,0.1,0,0.3,0.6,0,0,0,0,0,0,0
sample_7fd4924b4ca08d78,Mn-Fe-Co-Ni-La-Ce|Co0.1Ni0.3La0.6,Mn-Fe-Co-Ni-La-Ce,Co0.1Ni0.3La0.6,3,0,0,0.1,0.3,0.6,0,0,0,0,0,0
sample_7fdddfe649b2edb6,Mn-Fe-Co-Cu-Sn-Ta|Mn0.2Sn0.2Ta0.6,Mn-Fe-Co-Cu-Sn-Ta,Mn0.2Sn0.2Ta0.6,3,0.2,0,0,0,0,0,0,0.6,0.2,0,0
sample_7ffec842e6e5e6b3,Mn-Fe-Co-Ni-La-Ce|Fe0.2Ni0.8,Mn-Fe-Co-Ni-La-Ce,Fe0.2Ni0.8,2,0,0.2,0,0.8,0,0,0,0,0,0,0
sample_801f0f6c32e44c62,Mn-Fe-Co-Ni-La-Ce|Co0.3Ni0.3Ce0.4,Mn-Fe-Co-Ni-La-Ce,Co0.3Ni0.3Ce0.4,3,0,0,0.3,0.3,0,0.4,0,0,0,0,0
sample_80247c6a145c017b,Mn-Fe-Co-Ni-Cu-Ta|Mn0.2Ni0.1Ta0.7,Mn-Fe-Co-Ni-Cu-Ta,Mn0.2Ni0.1Ta0.7,3,0.2,0,0,0.1,0,0,0,0.7,0,0,0
sample_802991a719cc48be,Mn-Fe-Co-Cu-Sn-Ta|Fe0.3Cu0.7,Mn-Fe-Co-Cu-Sn-Ta,Fe0.3Cu0.7,2,0,0.3,0,0,0,0,0.7,0,0,0,0
sample_8030f5d246b62865,Mn-Fe-Co-Cu-Sn-Ta|Fe0.4Co0.4Cu0.2,Mn-Fe-Co-Cu-Sn-Ta,Fe0.4Co0.4Cu0.2,3,0,0.4,0.4,0,0,0,0.2,0,0,0,0
sample_80504fa4560b89ff,Mn-Fe-Co-Ni-La-Ce|Fe0.3Ni0.5La0.2,Mn-Fe-Co-Ni-La-Ce,Fe0.3Ni0.5La0.2,3,0,0.3,0,0.5,0.2,0,0,0,0,0,0
sample_80734307d1bd6b19,Mn-Fe-Co-Cu-Sn-Ta|Mn0.1Fe0.5Cu0.4,Mn-Fe-Co-Cu-Sn-Ta,Mn0.1Fe0.5Cu0.4,3,0.1,0.5,0,0,0,0,0.4,0,0,0,0
sample_807407b039434e96,Mn-Fe-Co-Ni-La-Ce|Mn0.1Co0.7La0.2,Mn-Fe-Co-Ni-La-Ce,Mn0.1Co0.7La0.2,3,0.1,0,0.7,0,0.2,0,0,0,0,0,0
sample_807612d953f5f95d,Mn-Fe-Co-Ni-Cu-Ta|Fe0.1Co0.2Ta0.7,Mn-Fe-Co-Ni-Cu-Ta,Fe0.1Co0.2Ta0.7,3,0,0.1,0.2,0,0,0,0,0.7,0,0,0
sample_807da72b2ec0d45e,Mn-Fe-Co-Ni-La-Ce|Co0.2Ni0.4Ce0.4,Mn-Fe-Co-Ni-La-Ce,Co0.2Ni0.4Ce0.4,3,0,0,0.2,0.4,0,0.4,0,0,0,0,0
sample_8081c1fa905993f4,Ca-Mn-Co-Ni-Sn-Sb|Ni0.9Sb0.1,Ca-Mn-Co-Ni-Sn-Sb,Ni0.9Sb0.1,2,0,0,0,0.9,0,0,0,0,0,0,0.1
sample_80a0928d8c6b9283,Ca-Mn-Co-Ni-Sn-Sb|Ca0.2Co0.5Sn0.3,Ca-Mn-Co-Ni-Sn-Sb,Ca0.2Co0.5Sn0.3,3,0,0,0.5,0,0,0,0,0,0.3,0.2,0
sample_80a1f28e9b542caf,Mn-Fe-Co-Cu-Sn-Ta|Mn0.2Cu0.4Ta0.4,Mn-Fe-Co-Cu-Sn-Ta,Mn0.2Cu0.4Ta0.4,3,0.2,0,0,0,0,0,0.4,0.4,0,0,0
sample_80d719694a8e4024,Ca-Mn-Co-Ni-Sn-Sb|Ca0.4Co0.3Ni0.3,Ca-Mn-Co-Ni-Sn-Sb,Ca0.4Co0.3Ni0.3,3,0,0,0.3,0.3,0,0,0,0,0,0.4,0
sample_80d815407926f46d,Mn-Fe-Co-Ni-La-Ce|Mn0.1Co0.1Ni0.8,Mn-Fe-Co-Ni-La-Ce,Mn0.1Co0.1Ni0.8,3,0.1,0,0.1,0.8,0,0,0,0,0,0,0
sample_8105301d4e71a30e,Mn-Fe-Co-Ni-La-Ce|Ni0.8Ce0.2,Mn-Fe-Co-Ni-La-Ce,Ni0.8Ce0.2,2,0,0,0,0.8,0,0.2,0,0,0,0,0
sample_811565f068f24a47,Mn-Fe-Co-Ni-Cu-Ta|Fe0.2Ni0.6Cu0.2,Mn-Fe-Co-Ni-Cu-Ta,Fe0.2Ni0.6Cu0.2,3,0,0.2,0,0.6,0,0,0.2,0,0,0,0
sample_81620fd28ea0697a,Mn-Fe-Co-Cu-Sn-Ta|Co0.4Sn0.1Ta0.5,Mn-Fe-Co-Cu-Sn-Ta,Co0.4Sn0.1Ta0.5,3,0,0,0.4,0,0,0,0,0.5,0.1,0,0
sample_8164b7901367381b,Mn-Fe-Co-Ni-La-Ce|Co0.2Ni0.4La0.4,Mn-Fe-Co-Ni-La-Ce,Co0.2Ni0.4La0.4,3,0,0,0.2,0.4,0.4,0,0,0,0,0,0
sample_817e57921091fba4,Mn-Fe-Co-Ni-La-Ce|Mn0.1Fe0.2Ce0.7,Mn-Fe-Co-Ni-La-Ce,Mn0.1Fe0.2Ce0.7,3,0.1,0.2,0,0,0,0.7,0,0,0,0,0
sample_81b457681298a408,Mn-Fe-Co-Ni-La-Ce|Fe0.1Co0.3Ni0.6,Mn-Fe-Co-Ni-La-Ce,Fe0.1Co0.3Ni0.6,3,0,0.1,0.3,0.6,0,0,0,0,0,0,0
sample_81b6867751b06b50,Mn-Fe-Co-Cu-Sn-Ta|Mn0.1Cu0.4Sn0.5,Mn-Fe-Co-Cu-Sn-Ta,Mn0.1Cu0.4Sn0.5,3,0.1,0,0,0,0,0,0.4,0,0.5,0,0
sample_81bef49c19b09db5,Ca-Mn-Co-Ni-Sn-Sb|Ca0.3Mn0.1Sn0.6,Ca-Mn-Co-Ni-Sn-Sb,Ca0.3Mn0.1Sn0.6,3,0.1,0,0,0,0,0,0,0,0.6,0.3,0
sample_81e5bb67bc1e4a77,Mn-Fe-Co-Cu-Sn-Ta|Fe0.3Cu0.4Ta0.3,Mn-Fe-Co-Cu-Sn-Ta,Fe0.3Cu0.4Ta0.3,3,0,0.3,0,0,0,0,0.4,0.3,0,0,0
sample_81eb17cdc5fb63f4,Mn-Fe-Co-Ni-La-Ce|Mn0.2Co0.1Ce0.7,Mn-Fe-Co-Ni-La-Ce,Mn0.2Co0.1Ce0.7,3,0.2,0,0.1,0,0,0.7,0,0,0,0,0
sample_81eb642493b659f4,Mn-Fe-Co-Ni-La-Ce|Co0.1Ni0.6La0.3,Mn-Fe-Co-Ni-La-Ce,Co0.1Ni0.6La0.3,3,0,0,0.1,0.6,0.3,0,0,0,0,0,0
sample_81fc45fbf2d1bacf,Mn-Fe-Co-Ni-La-Ce|Fe0.2Ni0.5Ce0.3,Mn-Fe-Co-Ni-La-Ce,Fe0.2Ni0.5Ce0.3,3,0,0.2,0,0.5,0,0.3,0,0,0,0,0
sample_82258c8760d738aa,Ca-Mn-Co-Ni-Sn-Sb|Co0.5Ni0.3Sb0.2,Ca-Mn-Co-Ni-Sn-Sb,Co0.5Ni0.3Sb0.2,3,0,0,0.5,0.3,0,0,0,0,0,0,0.2
sample_82332e5a0b31912b,Ca-Mn-Co-Ni-Sn-Sb|Mn0.2Co0.7Ni0.1,Ca-Mn-Co-Ni-Sn-Sb,Mn0.2Co0.7Ni0.1,3,0.2,0,0.7,0.1,0,0,0,0,0,0,0
sample_8274f94f154f3d7e,Mn-Fe-Co-Ni-Cu-Ta|Fe0.1Cu0.9,Mn-Fe-Co-Ni-Cu-Ta,Fe0.1Cu0.9,2,0,0.1,0,0,0,0,0.9,0,0,0,0
sample_8276000af1c58635,Mn-Fe-Co-Cu-Sn-Ta|Co0.5Ta0.5,Mn-Fe-Co-Cu-Sn-Ta,Co0.5Ta0.5,2,0,0,0.5,0,0,0,0,0.5,0,0,0
sample_829246f1b799cb68,Mn-Fe-Co-Ni-La-Ce|Mn0.6La0.3Ce0.1,Mn-Fe-Co-Ni-La-Ce,Mn0.6La0.3Ce0.1,3,0.6,0,0,0,0.3,0.1,0,0,0,0,0
sample_82b25b03341b69bc,Mn-Fe-Co-Cu-Sn-Ta|Mn0.2Co0.1Sn0.7,Mn-Fe-Co-Cu-Sn-Ta,Mn0.2Co0.1Sn0.7,3,0.2,0,0.1,0,0,0,0,0,0.7,0,0
sample_82b544ae11c3ecf9,Ca-Mn-Co-Ni-Sn-Sb|Ca0.2Ni0.8,Ca-Mn-Co-Ni-Sn-Sb,Ca0.2Ni0.8,2,0,0,0,0.8,0,0,0,0,0,0.2,0
sample_82caa49d5f303e7a,Mn-Fe-Co-Ni-La-Ce|Fe0.2Co0.6Ni0.2,Mn-Fe-Co-Ni-La-Ce,Fe0.2Co0.6Ni0.2,3,0,0.2,0.6,0.2,0,0,0,0,0,0,0
sample_82dd42b9cfc15c6d,Mn-Fe-Co-Cu-Sn-Ta|Mn0.1Co0.3Ta0.6,Mn-Fe-Co-Cu-Sn-Ta,Mn0.1Co0.3Ta0.6,3,0.1,0,0.3,0,0,0,0,0.6,0,0,0
sample_82e7b63982abdced,Mn-Fe-Co-Cu-Sn-Ta|Fe0.7Sn0.1Ta0.2,Mn-Fe-Co-Cu-Sn-Ta,Fe0.7Sn0.1Ta0.2,3,0,0.7,0,0,0,0,0,0.2,0.1,0,0
sample_82ff0d2d221b5e63,Mn-Fe-Co-Ni-La-Ce|Fe0.4Co0.2La0.4,Mn-Fe-Co-Ni-La-Ce,Fe0.4Co0.2La0.4,3,0,0.4,0.2,0,0.4,0,0,0,0,0,0
sample_8303f8d521c5b90d,Mn-Fe-Co-Ni-La-Ce|Mn0.6La0.4,Mn-Fe-Co-Ni-La-Ce,Mn0.6La0.4,2,0.6,0,0,0,0.4,0,0,0,0,0,0
sample_83213a2ba0a133df,Mn-Fe-Co-Cu-Sn-Ta|Cu0.7Sn0.3,Mn-Fe-Co-Cu-Sn-Ta,Cu0.7Sn0.3,2,0,0,0,0,0,0,0.7,0,0.3,0,0
sample_8335b8fadb85d024,Mn-Fe-Co-Cu-Sn-Ta|Mn0.7Cu0.2Sn0.1,Mn-Fe-Co-Cu-Sn-Ta,Mn0.7Cu0.2Sn0.1,3,0.7,0,0,0,0,0,0.2,0,0.1,0,0
sample_8340c6b9acfca258,Mn-Fe-Co-Ni-Cu-Ta|Fe0.2Co0.1Cu0.7,Mn-Fe-Co-Ni-Cu-Ta,Fe0.2Co0.1Cu0.7,3,0,0.2,0.1,0,0,0,0.7,0,0,0,0
sample_83466c56d5828842,Ca-Mn-Co-Ni-Sn-Sb|Ca0.5Co0.5,Ca-Mn-Co-Ni-Sn-Sb,Ca0.5Co0.5,2,0,0,0.5,0,0,0,0,0,0,0.5,0
sample_834b538d4100b653,Ca-Mn-Co-Ni-Sn-Sb|Co0.1Ni0.7Sn0.2,Ca-Mn-Co-Ni-Sn-Sb,Co0.1Ni0.7Sn0.2,3,0,0,0.1,0.7,0,0,0,0,0.2,0,0
sample_835d9f2a69758033,Ca-Mn-Co-Ni-Sn-Sb|Ca0.1Mn0.7Sb0.2,Ca-Mn-Co-Ni-Sn-Sb,Ca0.1Mn0.7Sb0.2,3,0.7,0,0,0,0,0,0,0,0,0.1,0.2
sample_8365bbd3b12bf531,Mn-Fe-Co-Cu-Sn-Ta|Fe0.1Cu0.1Ta0.8,Mn-Fe-Co-Cu-Sn-Ta,Fe0.1Cu0.1Ta0.8,3,0,0.1,0,0,0,0,0.1,0.8,0,0,0
sample_837ec2f64ab56d04,Ca-Mn-Co-Ni-Sn-Sb|Ca0.4Sn0.3Sb0.3,Ca-Mn-Co-Ni-Sn-Sb,Ca0.4Sn0.3Sb0.3,3,0,0,0,0,0,0,0,0,0.3,0.4,0.3
sample_83955b3192049388,Mn-Fe-Co-Ni-La-Ce|Mn0.4Ni0.2Ce0.4,Mn-Fe-Co-Ni-La-Ce,Mn0.4Ni0.2Ce0.4,3,0.4,0,0,0.2,0,0.4,0,0,0,0,0
sample_83aed1c08e836db4,Mn-Fe-Co-Cu-Sn-Ta|Mn0.2Co0.2Sn0.6,Mn-Fe-Co-Cu-Sn-Ta,Mn0.2Co0.2Sn0.6,3,0.2,0,0.2,0,0,0,0,0,0.6,0,0
sample_83baf3e88f0c496e,Mn-Fe-Co-Ni-La-Ce|Mn0.7Ni0.2La0.1,Mn-Fe-Co-Ni-La-Ce,Mn0.7Ni0.2La0.1,3,0.7,0,0,0.2,0.1,0,0,0,0,0,0
sample_83bf4d977eb0ea2f,Ca-Mn-Co-Ni-Sn-Sb|Ca0.4Mn0.4Co0.2,Ca-Mn-Co-Ni-Sn-Sb,Ca0.4Mn0.4Co0.2,3,0.4,0,0.2,0,0,0,0,0,0,0.4,0
sample_83cf225f413e7632,Mn-Fe-Co-Ni-La-Ce|Fe0.7Co0.3,Mn-Fe-Co-Ni-La-Ce,Fe0.7Co0.3,2,0,0.7,0.3,0,0,0,0,0,0,0,0
sample_83e07f4c53e2edee,Mn-Fe-Co-Ni-Cu-Ta|Fe0.8Ni0.1Cu0.1,Mn-Fe-Co-Ni-Cu-Ta,Fe0.8Ni0.1Cu0.1,3,0,0.8,0,0.1,0,0,0.1,0,0,0,0
sample_83e1a7ba4504822f,Mn-Fe-Co-Ni-La-Ce|Ni0.2La0.4Ce0.4,Mn-Fe-Co-Ni-La-Ce,Ni0.2La0.4Ce0.4,3,0,0,0,0.2,0.4,0.4,0,0,0,0,0
sample_83e6501c60dc8b90,Ca-Mn-Co-Ni-Sn-Sb|Mn0.3Co0.2Sb0.5,Ca-Mn-Co-Ni-Sn-Sb,Mn0.3Co0.2Sb0.5,3,0.3,0,0.2,0,0,0,0,0,0,0,0.5
sample_83e9390fa3ec415b,Ca-Mn-Co-Ni-Sn-Sb|Ca0.4Ni0.5Sb0.1,Ca-Mn-Co-Ni-Sn-Sb,Ca0.4Ni0.5Sb0.1,3,0,0,0,0.5,0,0,0,0,0,0.4,0.1
sample_840388b91b4d52e8,Mn-Fe-Co-Ni-La-Ce|Mn0.3Co0.5La0.2,Mn-Fe-Co-Ni-La-Ce,Mn0.3Co0.5La0.2,3,0.3,0,0.5,0,0.2,0,0,0,0,0,0
sample_840779fcce53517c,Ca-Mn-Co-Ni-Sn-Sb|Ca0.1Mn0.7Ni0.2,Ca-Mn-Co-Ni-Sn-Sb,Ca0.1Mn0.7Ni0.2,3,0.7,0,0,0.2,0,0,0,0,0,0.1,0
sample_84111623802c187d,Ca-Mn-Co-Ni-Sn-Sb|Mn0.7Co0.2Sn0.1,Ca-Mn-Co-Ni-Sn-Sb,Mn0.7Co0.2Sn0.1,3,0.7,0,0.2,0,0,0,0,0,0.1,0,0
sample_8430a613d48e49eb,Mn-Fe-Co-Ni-La-Ce|Fe0.2Co0.4Ni0.4,Mn-Fe-Co-Ni-La-Ce,Fe0.2Co0.4Ni0.4,3,0,0.2,0.4,0.4,0,0,0,0,0,0,0
sample_843ffd6c8da37eb5,Mn-Fe-Co-Ni-La-Ce|Mn0.7Ce0.3,Mn-Fe-Co-Ni-La-Ce,Mn0.7Ce0.3,2,0.7,0,0,0,0,0.3,0,0,0,0,0
sample_8446a0ac6c6696fa,Mn-Fe-Co-Cu-Sn-Ta|Fe0.1Sn0.7Ta0.2,Mn-Fe-Co-Cu-Sn-Ta,Fe0.1Sn0.7Ta0.2,3,0,0.1,0,0,0,0,0,0.2,0.7,0,0
sample_8495288becf8aa06,Mn-Fe-Co-Ni-La-Ce|Mn0.3Co0.1La0.6,Mn-Fe-Co-Ni-La-Ce,Mn0.3Co0.1La0.6,3,0.3,0,0.1,0,0.6,0,0,0,0,0,0
sample_84b81df2a59d0f8e,Ca-Mn-Co-Ni-Sn-Sb|Mn0.2Co0.5Sn0.3,Ca-Mn-Co-Ni-Sn-Sb,Mn0.2Co0.5Sn0.3,3,0.2,0,0.5,0,0,0,0,0,0.3,0,0
sample_84c417364d16cc43,Mn-Fe-Co-Cu-Sn-Ta|Co0.3Sn0.1Ta0.6,Mn-Fe-Co-Cu-Sn-Ta,Co0.3Sn0.1Ta0.6,3,0,0,0.3,0,0,0,0,0.6,0.1,0,0
sample_84eff98768654847,Mn-Fe-Co-Ni-La-Ce|Fe0.1Co0.2Ni0.7,Mn-Fe-Co-Ni-La-Ce,Fe0.1Co0.2Ni0.7,3,0,0.1,0.2,0.7,0,0,0,0,0,0,0
sample_84f426e0a8a426df,Mn-Fe-Co-Ni-La-Ce|Mn0.1Co0.2Ni0.7,Mn-Fe-Co-Ni-La-Ce,Mn0.1Co0.2Ni0.7,3,0.1,0,0.2,0.7,0,0,0,0,0,0,0
sample_85188a9c070a331a,Ca-Mn-Co-Ni-Sn-Sb|Ca0.3Mn0.4Sb0.3,Ca-Mn-Co-Ni-Sn-Sb,Ca0.3Mn0.4Sb0.3,3,0.4,0,0,0,0,0,0,0,0,0.3,0.3
sample_8547f4b8d78fa52f,Mn-Fe-Co-Ni-Cu-Ta|Co0.5Cu0.3Ta0.2,Mn-Fe-Co-Ni-Cu-Ta,Co0.5Cu0.3Ta0.2,3,0,0,0.5,0,0,0,0.3,0.2,0,0,0
sample_855189bacb04617c,Mn-Fe-Co-Ni-La-Ce|Fe0.1Co0.1Ce0.8,Mn-Fe-Co-Ni-La-Ce,Fe0.1Co0.1Ce0.8,3,0,0.1,0.1,0,0,0.8,0,0,0,0,0
sample_85573768e625c6ca,Mn-Fe-Co-Ni-Cu-Ta|Mn0.1Fe0.4Ta0.5,Mn-Fe-Co-Ni-Cu-Ta,Mn0.1Fe0.4Ta0.5,3,0.1,0.4,0,0,0,0,0,0.5,0,0,0
sample_859bd43743d7f0f8,Mn-Fe-Co-Cu-Sn-Ta|Fe0.5Co0.4Ta0.1,Mn-Fe-Co-Cu-Sn-Ta,Fe0.5Co0.4Ta0.1,3,0,0.5,0.4,0,0,0,0,0.1,0,0,0
sample_859ece14fdf08e05,Mn-Fe-Co-Ni-La-Ce|Mn0.2La0.7Ce0.1,Mn-Fe-Co-Ni-La-Ce,Mn0.2La0.7Ce0.1,3,0.2,0,0,0,0.7,0.1,0,0,0,0,0
sample_85cc3fe70c913664,Mn-Fe-Co-Ni-La-Ce|Fe0.2Co0.7Ce0.1,Mn-Fe-Co-Ni-La-Ce,Fe0.2Co0.7Ce0.1,3,0,0.2,0.7,0,0,0.1,0,0,0,0,0
sample_85d01b6d07c75e07,Mn-Fe-Co-Ni-La-Ce|Mn0.5Ni0.1La0.4,Mn-Fe-Co-Ni-La-Ce,Mn0.5Ni0.1La0.4,3,0.5,0,0,0.1,0.4,0,0,0,0,0,0
sample_85d3bebd2a0668c7,Mn-Fe-Co-Ni-Cu-Ta|Mn0.2Fe0.3Ta0.5,Mn-Fe-Co-Ni-Cu-Ta,Mn0.2Fe0.3Ta0.5,3,0.2,0.3,0,0,0,0,0,0.5,0,0,0
sample_85da5ef4be31dca3,Ca-Mn-Co-Ni-Sn-Sb|Ca0.2Co0.6Ni0.2,Ca-Mn-Co-Ni-Sn-Sb,Ca0.2Co0.6Ni0.2,3,0,0,0.6,0.2,0,0,0,0,0,0.2,0
sample_85e63e61b4018e8f,Mn-Fe-Co-Ni-La-Ce|Fe0.2Ni0.3Ce0.5,Mn-Fe-Co-Ni-La-Ce,Fe0.2Ni0.3Ce0.5,3,0,0.2,0,0.3,0,0.5,0,0,0,0,0
sample_85e97a29dd8feed3,Mn-Fe-Co-Ni-Cu-Ta|Fe0.2Ni0.2Cu0.6,Mn-Fe-Co-Ni-Cu-Ta,Fe0.2Ni0.2Cu0.6,3,0,0.2,0,0.2,0,0,0.6,0,0,0,0
sample_860375aaaecf3095,Mn-Fe-Co-Ni-La-Ce|Mn0.1Fe0.7Ce0.2,Mn-Fe-Co-Ni-La-Ce,Mn0.1Fe0.7Ce0.2,3,0.1,0.7,0,0,0,0.2,0,0,0,0,0
sample_860dc37ec261d4eb,Mn-Fe-Co-Cu-Sn-Ta|Fe0.3Co0.5Cu0.2,Mn-Fe-Co-Cu-Sn-Ta,Fe0.3Co0.5Cu0.2,3,0,0.3,0.5,0,0,0,0.2,0,0,0,0
sample_860f020a5a4ccffa,Mn-Fe-Co-Ni-La-Ce|Mn0.2Ni0.7La0.1,Mn-Fe-Co-Ni-La-Ce,Mn0.2Ni0.7La0.1,3,0.2,0,0,0.7,0.1,0,0,0,0,0,0
sample_8664a9ca69ab98b9,Mn-Fe-Co-Ni-Cu-Ta|Fe0.1Co0.8Ni0.1,Mn-Fe-Co-Ni-Cu-Ta,Fe0.1Co0.8Ni0.1,3,0,0.1,0.8,0.1,0,0,0,0,0,0,0
sample_86693bee44144603,Ca-Mn-Co-Ni-Sn-Sb|Ca0.5Ni0.1Sn0.4,Ca-Mn-Co-Ni-Sn-Sb,Ca0.5Ni0.1Sn0.4,3,0,0,0,0.1,0,0,0,0,0.4,0.5,0
sample_8673f4c435b7009e,Mn-Fe-Co-Ni-Cu-Ta|Mn0.7Ni0.3,Mn-Fe-Co-Ni-Cu-Ta,Mn0.7Ni0.3,2,0.7,0,0,0.3,0,0,0,0,0,0,0
sample_86848a59b65e4728,Mn-Fe-Co-Ni-La-Ce|Fe0.1Ni0.1La0.8,Mn-Fe-Co-Ni-La-Ce,Fe0.1Ni0.1La0.8,3,0,0.1,0,0.1,0.8,0,0,0,0,0,0
sample_86ce99e17d282445,Ca-Mn-Co-Ni-Sn-Sb|Mn0.1Sn0.2Sb0.7,Ca-Mn-Co-Ni-Sn-Sb,Mn0.1Sn0.2Sb0.7,3,0.1,0,0,0,0,0,0,0,0.2,0,0.7
sample_86e22e11610c928c,Mn-Fe-Co-Ni-Cu-Ta|Fe0.9Co0.1,Mn-Fe-Co-Ni-Cu-Ta,Fe0.9Co0.1,2,0,0.9,0.1,0,0,0,0,0,0,0,0
sample_86e4a93367286850,Mn-Fe-Co-Ni-La-Ce|Mn0.7Fe0.1Ni0.2,Mn-Fe-Co-Ni-La-Ce,Mn0.7Fe0.1Ni0.2,3,0.7,0.1,0,0.2,0,0,0,0,0,0,0
sample_870173a59d128b03,Mn-Fe-Co-Cu-Sn-Ta|Co0.1Sn0.5Ta0.4,Mn-Fe-Co-Cu-Sn-Ta,Co0.1Sn0.5Ta0.4,3,0,0,0.1,0,0,0,0,0.4,0.5,0,0
sample_8712d00f0c905b3c,Mn-Fe-Co-Cu-Sn-Ta|Fe0.1Sn0.9,Mn-Fe-Co-Cu-Sn-Ta,Fe0.1Sn0.9,2,0,0.1,0,0,0,0,0,0,0.9,0,0
sample_8718c6a1a0ee0878,Mn-Fe-Co-Ni-Cu-Ta|Mn0.7Co0.2Ta0.1,Mn-Fe-Co-Ni-Cu-Ta,Mn0.7Co0.2Ta0.1,3,0.7,0,0.2,0,0,0,0,0.1,0,0,0
sample_872b0be661831c6c,Ca-Mn-Co-Ni-Sn-Sb|Ca0.8Co0.1Sb0.1,Ca-Mn-Co-Ni-Sn-Sb,Ca0.8Co0.1Sb0.1,3,0,0,0.1,0,0,0,0,0,0,0.8,0.1
sample_873eef4da5ab9475,Ca-Mn-Co-Ni-Sn-Sb|Mn0.2Co0.5Ni0.3,Ca-Mn-Co-Ni-Sn-Sb,Mn0.2Co0.5Ni0.3,3,0.2,0,0.5,0.3,0,0,0,0,0,0,0
sample_874d25bf25bb2dae,Ca-Mn-Co-Ni-Sn-Sb|Co0.2Ni0.2Sn0.6,Ca-Mn-Co-Ni-Sn-Sb,Co0.2Ni0.2Sn0.6,3,0,0,0.2,0.2,0,0,0,0,0.6,0,0
sample_8756e1ee77bb4a18,Mn-Fe-Co-Ni-Cu-Ta|Mn0.1Fe0.7Ni0.2,Mn-Fe-Co-Ni-Cu-Ta,Mn0.1Fe0.7Ni0.2,3,0.1,0.7,0,0.2,0,0,0,0,0,0,0
sample_876a7b400467d8ac,Mn-Fe-Co-Ni-La-Ce|Mn0.2Fe0.1Ce0.7,Mn-Fe-Co-Ni-La-Ce,Mn0.2Fe0.1Ce0.7,3,0.2,0.1,0,0,0,0.7,0,0,0,0,0
sample_877138f4d96caf2f,Mn-Fe-Co-Ni-Cu-Ta|Mn0.3Fe0.1Ni0.6,Mn-Fe-Co-Ni-Cu-Ta,Mn0.3Fe0.1Ni0.6,3,0.3,0.1,0,0.6,0,0,0,0,0,0,0
sample_8789f42a8fa80264,Mn-Fe-Co-Ni-La-Ce|Mn0.4Fe0.3Co0.3,Mn-Fe-Co-Ni-La-Ce,Mn0.4Fe0.3Co0.3,3,0.4,0.3,0.3,0,0,0,0,0,0,0,0
sample_879311ab5312e839,Mn-Fe-Co-Cu-Sn-Ta|Mn0.5Fe0.2Co0.3,Mn-Fe-Co-Cu-Sn-Ta,Mn0.5Fe0.2Co0.3,3,0.5,0.2,0.3,0,0,0,0,0,0,0,0
sample_87a709c795007ba9,Ca-Mn-Co-Ni-Sn-Sb|Mn0.3Co0.1Sn0.6,Ca-Mn-Co-Ni-Sn-Sb,Mn0.3Co0.1Sn0.6,3,0.3,0,0.1,0,0,0,0,0,0.6,0,0
sample_87b0c7d3aa389174,Mn-Fe-Co-Ni-Cu-Ta|Fe0.5Ni0.4Ta0.1,Mn-Fe-Co-Ni-Cu-Ta,Fe0.5Ni0.4Ta0.1,3,0,0.5,0,0.4,0,0,0,0.1,0,0,0
sample_87be0292e612456b,Ca-Mn-Co-Ni-Sn-Sb|Ca0.3Mn0.5Sn0.2,Ca-Mn-Co-Ni-Sn-Sb,Ca0.3Mn0.5Sn0.2,3,0.5,0,0,0,0,0,0,0,0.2,0.3,0
sample_87d2b94a90568712,Mn-Fe-Co-Ni-Cu-Ta|Mn0.6Fe0.1Cu0.3,Mn-Fe-Co-Ni-Cu-Ta,Mn0.6Fe0.1Cu0.3,3,0.6,0.1,0,0,0,0,0.3,0,0,0,0
sample_87d8c0cdb069a693,Mn-Fe-Co-Cu-Sn-Ta|Mn0.5Fe0.3Ta0.2,Mn-Fe-Co-Cu-Sn-Ta,Mn0.5Fe0.3Ta0.2,3,0.5,0.3,0,0,0,0,0,0.2,0,0,0
sample_87fc676a7ed4d50d,Ca-Mn-Co-Ni-Sn-Sb|Ca0.4Ni0.1Sn0.5,Ca-Mn-Co-Ni-Sn-Sb,Ca0.4Ni0.1Sn0.5,3,0,0,0,0.1,0,0,0,0,0.5,0.4,0
sample_880ff9ca3a29f844,Mn-Fe-Co-Cu-Sn-Ta|Fe0.6Cu0.2Sn0.2,Mn-Fe-Co-Cu-Sn-Ta,Fe0.6Cu0.2Sn0.2,3,0,0.6,0,0,0,0,0.2,0,0.2,0,0
sample_882bf7cd22422c19,Ca-Mn-Co-Ni-Sn-Sb|Ca0.3Sn0.7,Ca-Mn-Co-Ni-Sn-Sb,Ca0.3Sn0.7,2,0,0,0,0,0,0,0,0,0.7,0.3,0
sample_883315d45b591699,Mn-Fe-Co-Ni-La-Ce|Co0.6Ni0.2Ce0.2,Mn-Fe-Co-Ni-La-Ce,Co0.6Ni0.2Ce0.2,3,0,0,0.6,0.2,0,0.2,0,0,0,0,0
sample_88394b0cd827135e,Mn-Fe-Co-Cu-Sn-Ta|Fe0.5Co0.4Sn0.1,Mn-Fe-Co-Cu-Sn-Ta,Fe0.5Co0.4Sn0.1,3,0,0.5,0.4,0,0,0,0,0,0.1,0,0
sample_884f0dc8b7b95c46,Ca-Mn-Co-Ni-Sn-Sb|Co0.8Ni0.1Sb0.1,Ca-Mn-Co-Ni-Sn-Sb,Co0.8Ni0.1Sb0.1,3,0,0,0.8,0.1,0,0,0,0,0,0,0.1
sample_88536918c9c36037,Ca-Mn-Co-Ni-Sn-Sb|Ca0.3Mn0.5Sb0.2,Ca-Mn-Co-Ni-Sn-Sb,Ca0.3Mn0.5Sb0.2,3,0.5,0,0,0,0,0,0,0,0,0.3,0.2
sample_886d51fe9bf1a2f1,Mn-Fe-Co-Ni-Cu-Ta|Fe0.4Co0.1Ta0.5,Mn-Fe-Co-Ni-Cu-Ta,Fe0.4Co0.1Ta0.5,3,0,0.4,0.1,0,0,0,0,0.5,0,0,0
sample_8877bc98f8931531,Mn-Fe-Co-Cu-Sn-Ta|Fe0.5Co0.4Cu0.1,Mn-Fe-Co-Cu-Sn-Ta,Fe0.5Co0.4Cu0.1,3,0,0.5,0.4,0,0,0,0.1,0,0,0,0
sample_8892aead50ec9016,Mn-Fe-Co-Ni-Cu-Ta|Co0.3Cu0.2Ta0.5,Mn-Fe-Co-Ni-Cu-Ta,Co0.3Cu0.2Ta0.5,3,0,0,0.3,0,0,0,0.2,0.5,0,0,0
sample_88a54a2a762c7651,Ca-Mn-Co-Ni-Sn-Sb|Mn0.3Co0.3Sn0.4,Ca-Mn-Co-Ni-Sn-Sb,Mn0.3Co0.3Sn0.4,3,0.3,0,0.3,0,0,0,0,0,0.4,0,0
sample_88cd4e84c815ebc2,Mn-Fe-Co-Cu-Sn-Ta|Mn0.4Cu0.3Ta0.3,Mn-Fe-Co-Cu-Sn-Ta,Mn0.4Cu0.3Ta0.3,3,0.4,0,0,0,0,0,0.3,0.3,0,0,0
sample_88d2ae3af3f43a49,Mn-Fe-Co-Ni-Cu-Ta|Mn0.6Fe0.2Co0.2,Mn-Fe-Co-Ni-Cu-Ta,Mn0.6Fe0.2Co0.2,3,0.6,0.2,0.2,0,0,0,0,0,0,0,0
sample_88ed8e5d9ee84eb5,Ca-Mn-Co-Ni-Sn-Sb|Ca0.2Ni0.1Sb0.7,Ca-Mn-Co-Ni-Sn-Sb,Ca0.2Ni0.1Sb0.7,3,0,0,0,0.1,0,0,0,0,0,0.2,0.7
sample_88f3c01194e8d325,Mn-Fe-Co-Ni-Cu-Ta|Mn0.7Fe0.1Cu0.2,Mn-Fe-Co-Ni-Cu-Ta,Mn0.7Fe0.1Cu0.2,3,0.7,0.1,0,0,0,0,0.2,0,0,0,0
sample_88fd73ba39ab85d7,Mn-Fe-Co-Ni-La-Ce|Mn0.1Co0.3La0.6,Mn-Fe-Co-Ni-La-Ce,Mn0.1Co0.3La0.6,3,0.1,0,0.3,0,0.6,0,0,0,0,0,0
sample_89187052aff7d66f,Mn-Fe-Co-Cu-Sn-Ta|Cu0.3Sn0.6Ta0.1,Mn-Fe-Co-Cu-Sn-Ta,Cu0.3Sn0.6Ta0.1,3,0,0,0,0,0,0,0.3,0.1,0.6,0,0
sample_8926934b57962b95,Ca-Mn-Co-Ni-Sn-Sb|Ca0.3Sb0.7,Ca-Mn-Co-Ni-Sn-Sb,Ca0.3Sb0.7,2,0,0,0,0,0,0,0,0,0,0.3,0.7
sample_89a9cc9943626991,Mn-Fe-Co-Cu-Sn-Ta|Mn0.4Fe0.4Ta0.2,Mn-Fe-Co-Cu-Sn-Ta,Mn0.4Fe0.4Ta0.2,3,0.4,0.4,0,0,0,0,0,0.2,0,0,0
sample_89c597a6527efb4b,Ca-Mn-Co-Ni-Sn-Sb|Co0.7Ni0.2Sb0.1,Ca-Mn-Co-Ni-Sn-Sb,Co0.7Ni0.2Sb0.1,3,0,0,0.7,0.2,0,0,0,0,0,0,0.1
sample_89e6d43cc4394d40,Mn-Fe-Co-Ni-La-Ce|Co0.1La0.1Ce0.8,Mn-Fe-Co-Ni-La-Ce,Co0.1La0.1Ce0.8,3,0,0,0.1,0,0.1,0.8,0,0,0,0,0
sample_8a02d73fb9a55e5b,Mn-Fe-Co-Ni-La-Ce|Co0.4Ni0.3La0.3,Mn-Fe-Co-Ni-La-Ce,Co0.4Ni0.3La0.3,3,0,0,0.4,0.3,0.3,0,0,0,0,0,0
sample_8a0b3a15af1dcfb1,Mn-Fe-Co-Ni-Cu-Ta|Co0.4Cu0.4Ta0.2,Mn-Fe-Co-Ni-Cu-Ta,Co0.4Cu0.4Ta0.2,3,0,0,0.4,0,0,0,0.4,0.2,0,0,0
sample_8a105737e8849140,Mn-Fe-Co-Cu-Sn-Ta|Mn0.1Fe0.6Co0.3,Mn-Fe-Co-Cu-Sn-Ta,Mn0.1Fe0.6Co0.3,3,0.1,0.6,0.3,0,0,0,0,0,0,0,0
sample_8a1df4db65402a1c,Ca-Mn-Co-Ni-Sn-Sb|Ca0.2Mn0.2Sb0.6,Ca-Mn-Co-Ni-Sn-Sb,Ca0.2Mn0.2Sb0.6,3,0.2,0,0,0,0,0,0,0,0,0.2,0.6
sample_8a208df19e158f6d,Mn-Fe-Co-Ni-La-Ce|Mn0.8La0.1Ce0.1,Mn-Fe-Co-Ni-La-Ce,Mn0.8La0.1Ce0.1,3,0.8,0,0,0,0.1,0.1,0,0,0,0,0
sample_8a3462adf22f39e6,Ca-Mn-Co-Ni-Sn-Sb|Co0.2Ni0.5Sn0.3,Ca-Mn-Co-Ni-Sn-Sb,Co0.2Ni0.5Sn0.3,3,0,0,0.2,0.5,0,0,0,0,0.3,0,0
sample_8a3c984b7496f576,Mn-Fe-Co-Cu-Sn-Ta|Fe0.5Co0.1Ta0.4,Mn-Fe-Co-Cu-Sn-Ta,Fe0.5Co0.1Ta0.4,3,0,0.5,0.1,0,0,0,0,0.4,0,0,0
sample_8a44ece13a245a64,Ca-Mn-Co-Ni-Sn-Sb|Ca0.6Sb0.4,Ca-Mn-Co-Ni-Sn-Sb,Ca0.6Sb0.4,2,0,0,0,0,0,0,0,0,0,0.6,0.4
sample_8a4acf0a7f1a5bc1,Mn-Fe-Co-Ni-La-Ce|Ni0.4La0.4Ce0.2,Mn-Fe-Co-Ni-La-Ce,Ni0.4La0.4Ce0.2,3,0,0,0,0.4,0.4,0.2,0,0,0,0,0
sample_8a898b7895e6ed97,Mn-Fe-Co-Ni-Cu-Ta|Ni0.9Ta0.1,Mn-Fe-Co-Ni-Cu-Ta,Ni0.9Ta0.1,2,0,0,0,0.9,0,0,0,0.1,0,0,0
sample_8b0406d6f857b1cd,Mn-Fe-Co-Ni-Cu-Ta|Cu0.5Ta0.5,Mn-Fe-Co-Ni-Cu-Ta,Cu0.5Ta0.5,2,0,0,0,0,0,0,0.5,0.5,0,0,0
sample_8b1616b872c23b09,Mn-Fe-Co-Ni-La-Ce|Mn0.2Fe0.1La0.7,Mn-Fe-Co-Ni-La-Ce,Mn0.2Fe0.1La0.7,3,0.2,0.1,0,0,0.7,0,0,0,0,0,0
sample_8b2c57dbad29c605,Ca-Mn-Co-Ni-Sn-Sb|Mn0.3Ni0.5Sb0.2,Ca-Mn-Co-Ni-Sn-Sb,Mn0.3Ni0.5Sb0.2,3,0.3,0,0,0.5,0,0,0,0,0,0,0.2
sample_8b375960d3aceedc,Ca-Mn-Co-Ni-Sn-Sb|Co0.3Ni0.1Sb0.6,Ca-Mn-Co-Ni-Sn-Sb,Co0.3Ni0.1Sb0.6,3,0,0,0.3,0.1,0,0,0,0,0,0,0.6
sample_8b37db2c2704838e,Mn-Fe-Co-Ni-La-Ce|Fe0.4Ni0.1Ce0.5,Mn-Fe-Co-Ni-La-Ce,Fe0.4Ni0.1Ce0.5,3,0,0.4,0,0.1,0,0.5,0,0,0,0,0
sample_8b51034f8d78f62e,Mn-Fe-Co-Cu-Sn-Ta|Mn0.4Co0.2Ta0.4,Mn-Fe-Co-Cu-Sn-Ta,Mn0.4Co0.2Ta0.4,3,0.4,0,0.2,0,0,0,0,0.4,0,0,0
sample_8b6aef3dc34870c6,Mn-Fe-Co-Cu-Sn-Ta|Fe0.5Sn0.3Ta0.2,Mn-Fe-Co-Cu-Sn-Ta,Fe0.5Sn0.3Ta0.2,3,0,0.5,0,0,0,0,0,0.2,0.3,0,0
sample_8b8275deb6d86091,Mn-Fe-Co-Ni-La-Ce|Fe0.3Co0.1Ni0.6,Mn-Fe-Co-Ni-La-Ce,Fe0.3Co0.1Ni0.6,3,0,0.3,0.1,0.6,0,0,0,0,0,0,0
sample_8b845dc1f6c7960f,Mn-Fe-Co-Ni-Cu-Ta|Co0.6Ni0.2Cu0.2,Mn-Fe-Co-Ni-Cu-Ta,Co0.6Ni0.2Cu0.2,3,0,0,0.6,0.2,0,0,0.2,0,0,0,0
sample_8b885b4dd0ce7d01,Ca-Mn-Co-Ni-Sn-Sb|Co0.3Ni0.6Sn0.1,Ca-Mn-Co-Ni-Sn-Sb,Co0.3Ni0.6Sn0.1,3,0,0,0.3,0.6,0,0,0,0,0.1,0,0
sample_8b8d7fb9f8eec61a,Ca-Mn-Co-Ni-Sn-Sb|Mn0.4Ni0.3Sb0.3,Ca-Mn-Co-Ni-Sn-Sb,Mn0.4Ni0.3Sb0.3,3,0.4,0,0,0.3,0,0,0,0,0,0,0.3
sample_8b9e9516ddcc92c3,Mn-Fe-Co-Ni-La-Ce|Fe0.4Ce0.6,Mn-Fe-Co-Ni-La-Ce,Fe0.4Ce0.6,2,0,0.4,0,0,0,0.6,0,0,0,0,0
sample_8ba83b9d5b90c3ad,Mn-Fe-Co-Ni-Cu-Ta|Ni0.7Cu0.1Ta0.2,Mn-Fe-Co-Ni-Cu-Ta,Ni0.7Cu0.1Ta0.2,3,0,0,0,0.7,0,0,0.1,0.2,0,0,0
sample_8bc18936f26a47b3,Mn-Fe-Co-Ni-Cu-Ta|Mn0.6Fe0.2Ta0.2,Mn-Fe-Co-Ni-Cu-Ta,Mn0.6Fe0.2Ta0.2,3,0.6,0.2,0,0,0,0,0,0.2,0,0,0
sample_8bc740947b122071,Mn-Fe-Co-Ni-La-Ce|Co0.3Ni0.7,Mn-Fe-Co-Ni-La-Ce,Co0.3Ni0.7,2,0,0,0.3,0.7,0,0,0,0,0,0,0
sample_8bdccd892ccca02d,Mn-Fe-Co-Cu-Sn-Ta|Fe0.4Sn0.5Ta0.1,Mn-Fe-Co-Cu-Sn-Ta,Fe0.4Sn0.5Ta0.1,3,0,0.4,0,0,0,0,0,0.1,0.5,0,0
sample_8c150e48ce4abe60,Ca-Mn-Co-Ni-Sn-Sb|Mn0.9Sb0.1,Ca-Mn-Co-Ni-Sn-Sb,Mn0.9Sb0.1,2,0.9,0,0,0,0,0,0,0,0,0,0.1
sample_8c327008e0221909,Mn-Fe-Co-Ni-La-Ce|Mn0.7Fe0.1La0.2,Mn-Fe-Co-Ni-La-Ce,Mn0.7Fe0.1La0.2,3,0.7,0.1,0,0,0.2,0,0,0,0,0,0
sample_8c706421b0f6bede,Mn-Fe-Co-Cu-Sn-Ta|Mn0.4Co0.5Cu0.1,Mn-Fe-Co-Cu-Sn-Ta,Mn0.4Co0.5Cu0.1,3,0.4,0,0.5,0,0,0,0.1,0,0,0,0
sample_8c891272bdfb6f16,Ca-Mn-Co-Ni-Sn-Sb|Co0.2Sn0.7Sb0.1,Ca-Mn-Co-Ni-Sn-Sb,Co0.2Sn0.7Sb0.1,3,0,0,0.2,0,0,0,0,0,0.7,0,0.1
sample_8c9a40021e76c654,Ca-Mn-Co-Ni-Sn-Sb|Co0.6Ni0.2Sn0.2,Ca-Mn-Co-Ni-Sn-Sb,Co0.6Ni0.2Sn0.2,3,0,0,0.6,0.2,0,0,0,0,0.2,0,0
sample_8cbaa2cdf620f9be,Mn-Fe-Co-Ni-Cu-Ta|Fe0.2Co0.4Ta0.4,Mn-Fe-Co-Ni-Cu-Ta,Fe0.2Co0.4Ta0.4,3,0,0.2,0.4,0,0,0,0,0.4,0,0,0
sample_8cdf08b0c0700874,Mn-Fe-Co-Ni-Cu-Ta|Mn0.2Co0.3Ni0.5,Mn-Fe-Co-Ni-Cu-Ta,Mn0.2Co0.3Ni0.5,3,0.2,0,0.3,0.5,0,0,0,0,0,0,0
sample_8cede2c7a323a40e,Mn-Fe-Co-Cu-Sn-Ta|Fe0.6Co0.2Ta0.2,Mn-Fe-Co-Cu-Sn-Ta,Fe0.6Co0.2Ta0.2,3,0,0.6,0.2,0,0,0,0,0.2,0,0,0
sample_8cee32ff323db2ab,Mn-Fe-Co-Ni-La-Ce|Mn0.4Fe0.2Ni0.4,Mn-Fe-Co-Ni-La-Ce,Mn0.4Fe0.2Ni0.4,3,0.4,0.2,0,0.4,0,0,0,0,0,0,0
sample_8d177a7acd0df7eb,Mn-Fe-Co-Ni-La-Ce|Fe0.1Ni0.3Ce0.6,Mn-Fe-Co-Ni-La-Ce,Fe0.1Ni0.3Ce0.6,3,0,0.1,0,0.3,0,0.6,0,0,0,0,0
sample_8d23e696ea0e558b,Ca-Mn-Co-Ni-Sn-Sb|Co0.3Sn0.5Sb0.2,Ca-Mn-Co-Ni-Sn-Sb,Co0.3Sn0.5Sb0.2,3,0,0,0.3,0,0,0,0,0,0.5,0,0.2
sample_8d5d101df2257d4e,Ca-Mn-Co-Ni-Sn-Sb|Co0.7Ni0.1Sn0.2,Ca-Mn-Co-Ni-Sn-Sb,Co0.7Ni0.1Sn0.2,3,0,0,0.7,0.1,0,0,0,0,0.2,0,0
sample_8d72e4cbe07ba24e,Ca-Mn-Co-Ni-Sn-Sb|Ca0.4Mn0.5Ni0.1,Ca-Mn-Co-Ni-Sn-Sb,Ca0.4Mn0.5Ni0.1,3,0.5,0,0,0.1,0,0,0,0,0,0.4,0
sample_8d7687fe0e3c791a,Ca-Mn-Co-Ni-Sn-Sb|Mn0.3Sb0.7,Ca-Mn-Co-Ni-Sn-Sb,Mn0.3Sb0.7,2,0.3,0,0,0,0,0,0,0,0,0,0.7
sample_8d8a23498c36973d,Mn-Fe-Co-Ni-La-Ce|Fe0.1Co0.7Ce0.2,Mn-Fe-Co-Ni-La-Ce,Fe0.1Co0.7Ce0.2,3,0,0.1,0.7,0,0,0.2,0,0,0,0,0
sample_8d98f7dcc0fe5e65,Mn-Fe-Co-Ni-Cu-Ta|Co0.2Cu0.1Ta0.7,Mn-Fe-Co-Ni-Cu-Ta,Co0.2Cu0.1Ta0.7,3,0,0,0.2,0,0,0,0.1,0.7,0,0,0
sample_8da0e0a6c59b0b06,Mn-Fe-Co-Cu-Sn-Ta|Mn0.2Fe0.5Cu0.3,Mn-Fe-Co-Cu-Sn-Ta,Mn0.2Fe0.5Cu0.3,3,0.2,0.5,0,0,0,0,0.3,0,0,0,0
sample_8dbfbd9b509fb445,Mn-Fe-Co-Ni-Cu-Ta|Mn0.1Co0.3Cu0.6,Mn-Fe-Co-Ni-Cu-Ta,Mn0.1Co0.3Cu0.6,3,0.1,0,0.3,0,0,0,0.6,0,0,0,0
sample_8dc1f417fcaf03b1,Ca-Mn-Co-Ni-Sn-Sb|Ca0.5Mn0.1Sb0.4,Ca-Mn-Co-Ni-Sn-Sb,Ca0.5Mn0.1Sb0.4,3,0.1,0,0,0,0,0,0,0,0,0.5,0.4
sample_8dcf8f1a07d95758,Ca-Mn-Co-Ni-Sn-Sb|Ca0.2Mn0.8,Ca-Mn-Co-Ni-Sn-Sb,Ca0.2Mn0.8,2,0.8,0,0,0,0,0,0,0,0,0.2,0
sample_8dd47602e303835f,Mn-Fe-Co-Cu-Sn-Ta|Mn0.5Sn0.3Ta0.2,Mn-Fe-Co-Cu-Sn-Ta,Mn0.5Sn0.3Ta0.2,3,0.5,0,0,0,0,0,0,0.2,0.3,0,0
sample_8ddbbdfc7672fba0,Mn-Fe-Co-Ni-Cu-Ta|Co0.6Cu0.2Ta0.2,Mn-Fe-Co-Ni-Cu-Ta,Co0.6Cu0.2Ta0.2,3,0,0,0.6,0,0,0,0.2,0.2,0,0,0
sample_8de088289fdcf5d0,Mn-Fe-Co-Ni-Cu-Ta|Co0.2Ni0.6Cu0.2,Mn-Fe-Co-Ni-Cu-Ta,Co0.2Ni0.6Cu0.2,3,0,0,0.2,0.6,0,0,0.2,0,0,0,0
sample_8de8167399e7d04c,Mn-Fe-Co-Cu-Sn-Ta|Mn0.6Co0.1Ta0.3,Mn-Fe-Co-Cu-Sn-Ta,Mn0.6Co0.1Ta0.3,3,0.6,0,0.1,0,0,0,0,0.3,0,0,0
sample_8df44a721848018b,Mn-Fe-Co-Ni-Cu-Ta|Mn0.8Co0.2,Mn-Fe-Co-Ni-Cu-Ta,Mn0.8Co0.2,2,0.8,0,0.2,0,0,0,0,0,0,0,0
sample_8e21017e5ac9cf4d,Mn-Fe-Co-Ni-La-Ce|Co0.2Ni0.3La0.5,Mn-Fe-Co-Ni-La-Ce,Co0.2Ni0.3La0.5,3,0,0,0.2,0.3,0.5,0,0,0,0,0,0
sample_8e4ba986daa7e2a2,Mn-Fe-Co-Ni-Cu-Ta|Mn0.6Co0.1Cu0.3,Mn-Fe-Co-Ni-Cu-Ta,Mn0.6Co0.1Cu0.3,3,0.6,0,0.1,0,0,0,0.3,0,0,0,0
sample_8e5f2d390816d411,Mn-Fe-Co-Ni-La-Ce|Mn0.2Fe0.8,Mn-Fe-Co-Ni-La-Ce,Mn0.2Fe0.8,2,0.2,0.8,0,0,0,0,0,0,0,0,0
sample_8e869c34786f38c1,Mn-Fe-Co-Ni-Cu-Ta|Mn0.6Fe0.1Ta0.3,Mn-Fe-Co-Ni-Cu-Ta,Mn0.6Fe0.1Ta0.3,3,0.6,0.1,0,0,0,0,0,0.3,0,0,0
sample_8e940abcf0646526,Ca-Mn-Co-Ni-Sn-Sb|Co0.8Sn0.2,Ca-Mn-Co-Ni-Sn-Sb,Co0.8Sn0.2,2,0,0,0.8,0,0,0,0,0,0.2,0,0
sample_8eac4ea4c3b55c3b,Ca-Mn-Co-Ni-Sn-Sb|Mn0.9Ni0.1,Ca-Mn-Co-Ni-Sn-Sb,Mn0.9Ni0.1,2,0.9,0,0,0.1,0,0,0,0,0,0,0
sample_8eace1121cac8ddc,Ca-Mn-Co-Ni-Sn-Sb|Ca0.1Ni0.6Sb0.3,Ca-Mn-Co-Ni-Sn-Sb,Ca0.1Ni0.6Sb0.3,3,0,0,0,0.6,0,0,0,0,0,0.1,0.3
sample_8eca902f9c03dee8,Mn-Fe-Co-Ni-La-Ce|Fe0.4Co0.1La0.5,Mn-Fe-Co-Ni-La-Ce,Fe0.4Co0.1La0.5,3,0,0.4,0.1,0,0.5,0,0,0,0,0,0
sample_8ed164900315b466,Mn-Fe-Co-Ni-La-Ce|Mn0.1Co0.8Ni0.1,Mn-Fe-Co-Ni-La-Ce,Mn0.1Co0.8Ni0.1,3,0.1,0,0.8,0.1,0,0,0,0,0,0,0
sample_8ed51b14fce58ecf,Mn-Fe-Co-Ni-Cu-Ta|Co0.3Ni0.4Cu0.3,Mn-Fe-Co-Ni-Cu-Ta,Co0.3Ni0.4Cu0.3,3,0,0,0.3,0.4,0,0,0.3,0,0,0,0
sample_8eeca901807ac13d,Mn-Fe-Co-Ni-Cu-Ta|Mn0.4Co0.6,Mn-Fe-Co-Ni-Cu-Ta,Mn0.4Co0.6,2,0.4,0,0.6,0,0,0,0,0,0,0,0
sample_8ef7270513be7a15,Mn-Fe-Co-Ni-La-Ce|Mn0.8Ni0.1Ce0.1,Mn-Fe-Co-Ni-La-Ce,Mn0.8Ni0.1Ce0.1,3,0.8,0,0,0.1,0,0.1,0,0,0,0,0
sample_8f0b5cdc495da78e,Mn-Fe-Co-Cu-Sn-Ta|Mn0.4Cu0.4Ta0.2,Mn-Fe-Co-Cu-Sn-Ta,Mn0.4Cu0.4Ta0.2,3,0.4,0,0,0,0,0,0.4,0.2,0,0,0
sample_8fc41aed7de9349f,Ca-Mn-Co-Ni-Sn-Sb|Ca0.1Mn0.8Sn0.1,Ca-Mn-Co-Ni-Sn-Sb,Ca0.1Mn0.8Sn0.1,3,0.8,0,0,0,0,0,0,0,0.1,0.1,0
sample_8fe116edcd393bc4,Mn-Fe-Co-Ni-La-Ce|Mn0.1Fe0.1Ce0.8,Mn-Fe-Co-Ni-La-Ce,Mn0.1Fe0.1Ce0.8,3,0.1,0.1,0,0,0,0.8,0,0,0,0,0
sample_8ffa2c20b9b845b5,Ca-Mn-Co-Ni-Sn-Sb|Ca0.6Ni0.2Sb0.2,Ca-Mn-Co-Ni-Sn-Sb,Ca0.6Ni0.2Sb0.2,3,0,0,0,0.2,0,0,0,0,0,0.6,0.2
sample_8ffbbf67d23d288c,Mn-Fe-Co-Ni-Cu-Ta|Mn0.1Fe0.3Co0.6,Mn-Fe-Co-Ni-Cu-Ta,Mn0.1Fe0.3Co0.6,3,0.1,0.3,0.6,0,0,0,0,0,0,0,0
sample_9001f2dc1b373a63,Ca-Mn-Co-Ni-Sn-Sb|Mn0.9Co0.1,Ca-Mn-Co-Ni-Sn-Sb,Mn0.9Co0.1,2,0.9,0,0.1,0,0,0,0,0,0,0,0
sample_9010556ba82685b5,Ca-Mn-Co-Ni-Sn-Sb|Ca0.5Co0.4Ni0.1,Ca-Mn-Co-Ni-Sn-Sb,Ca0.5Co0.4Ni0.1,3,0,0,0.4,0.1,0,0,0,0,0,0.5,0
sample_901c458e3d96e9d1,Ca-Mn-Co-Ni-Sn-Sb|Ca0.4Co0.1Sb0.5,Ca-Mn-Co-Ni-Sn-Sb,Ca0.4Co0.1Sb0.5,3,0,0,0.1,0,0,0,0,0,0,0.4,0.5
sample_902b654ab18761c7,Mn-Fe-Co-Ni-Cu-Ta|Co0.4Ni0.4Cu0.2,Mn-Fe-Co-Ni-Cu-Ta,Co0.4Ni0.4Cu0.2,3,0,0,0.4,0.4,0,0,0.2,0,0,0,0
sample_90461934cc00ed5f,Ca-Mn-Co-Ni-Sn-Sb|Ca0.4Sn0.2Sb0.4,Ca-Mn-Co-Ni-Sn-Sb,Ca0.4Sn0.2Sb0.4,3,0,0,0,0,0,0,0,0,0.2,0.4,0.4
sample_904fae5a2b7c4c58,Mn-Fe-Co-Cu-Sn-Ta|Fe0.1Co0.8Ta0.1,Mn-Fe-Co-Cu-Sn-Ta,Fe0.1Co0.8Ta0.1,3,0,0.1,0.8,0,0,0,0,0.1,0,0,0
sample_90631898612cccff,Mn-Fe-Co-Ni-Cu-Ta|Ni0.5Cu0.2Ta0.3,Mn-Fe-Co-Ni-Cu-Ta,Ni0.5Cu0.2Ta0.3,3,0,0,0,0.5,0,0,0.2,0.3,0,0,0
sample_907ce1df1b1d6d9d,Mn-Fe-Co-Ni-Cu-Ta|Mn0.1Co0.5Ni0.4,Mn-Fe-Co-Ni-Cu-Ta,Mn0.1Co0.5Ni0.4,3,0.1,0,0.5,0.4,0,0,0,0,0,0,0
sample_90ab302733fb5b61,Ca-Mn-Co-Ni-Sn-Sb|Mn0.4Co0.5Ni0.1,Ca-Mn-Co-Ni-Sn-Sb,Mn0.4Co0.5Ni0.1,3,0.4,0,0.5,0.1,0,0,0,0,0,0,0
sample_90daf3bedcd27634,Mn-Fe-Co-Ni-Cu-Ta|Ni0.8Cu0.2,Mn-Fe-Co-Ni-Cu-Ta,Ni0.8Cu0.2,2,0,0,0,0.8,0,0,0.2,0,0,0,0
sample_90ee906878e02663,Mn-Fe-Co-Ni-La-Ce|Co0.4La0.1Ce0.5,Mn-Fe-Co-Ni-La-Ce,Co0.4La0.1Ce0.5,3,0,0,0.4,0,0.1,0.5,0,0,0,0,0
sample_910df2f36d84cbe7,Mn-Fe-Co-Ni-Cu-Ta|Mn0.2Fe0.2Ta0.6,Mn-Fe-Co-Ni-Cu-Ta,Mn0.2Fe0.2Ta0.6,3,0.2,0.2,0,0,0,0,0,0.6,0,0,0
sample_910e1ee7604cf317,Mn-Fe-Co-Ni-Cu-Ta|Mn0.2Fe0.6Ni0.2,Mn-Fe-Co-Ni-Cu-Ta,Mn0.2Fe0.6Ni0.2,3,0.2,0.6,0,0.2,0,0,0,0,0,0,0
sample_910fe346a297155d,Mn-Fe-Co-Ni-La-Ce|Co0.7La0.3,Mn-Fe-Co-Ni-La-Ce,Co0.7La0.3,2,0,0,0.7,0,0.3,0,0,0,0,0,0
sample_9114ec30495aa98e,Mn-Fe-Co-Cu-Sn-Ta|Fe0.3Co0.1Sn0.6,Mn-Fe-Co-Cu-Sn-Ta,Fe0.3Co0.1Sn0.6,3,0,0.3,0.1,0,0,0,0,0,0.6,0,0
sample_91202407306b86bb,Mn-Fe-Co-Cu-Sn-Ta|Mn0.4Cu0.2Sn0.4,Mn-Fe-Co-Cu-Sn-Ta,Mn0.4Cu0.2Sn0.4,3,0.4,0,0,0,0,0,0.2,0,0.4,0,0
sample_9122fc4b28be1b94,Mn-Fe-Co-Cu-Sn-Ta|Co0.6Sn0.4,Mn-Fe-Co-Cu-Sn-Ta,Co0.6Sn0.4,2,0,0,0.6,0,0,0,0,0,0.4,0,0
sample_91254263c3d954f1,Ca-Mn-Co-Ni-Sn-Sb|Mn0.5Ni0.2Sn0.3,Ca-Mn-Co-Ni-Sn-Sb,Mn0.5Ni0.2Sn0.3,3,0.5,0,0,0.2,0,0,0,0,0.3,0,0
sample_912f366fa65174aa,Mn-Fe-Co-Ni-La-Ce|Ni0.5La0.4Ce0.1,Mn-Fe-Co-Ni-La-Ce,Ni0.5La0.4Ce0.1,3,0,0,0,0.5,0.4,0.1,0,0,0,0,0
sample_914541a4a86b11ae,Mn-Fe-Co-Ni-La-Ce|Fe0.3Co0.6Ni0.1,Mn-Fe-Co-Ni-La-Ce,Fe0.3Co0.6Ni0.1,3,0,0.3,0.6,0.1,0,0,0,0,0,0,0
sample_914835d65c61a251,Ca-Mn-Co-Ni-Sn-Sb|Ca0.1Mn0.1Sn0.8,Ca-Mn-Co-Ni-Sn-Sb,Ca0.1Mn0.1Sn0.8,3,0.1,0,0,0,0,0,0,0,0.8,0.1,0
sample_9154fe3fb620d5e8,Mn-Fe-Co-Ni-La-Ce|Ni0.7La0.2Ce0.1,Mn-Fe-Co-Ni-La-Ce,Ni0.7La0.2Ce0.1,3,0,0,0,0.7,0.2,0.1,0,0,0,0,0
sample_915faed9d3d6c206,Mn-Fe-Co-Ni-Cu-Ta|Fe0.1Cu0.1Ta0.8,Mn-Fe-Co-Ni-Cu-Ta,Fe0.1Cu0.1Ta0.8,3,0,0.1,0,0,0,0,0.1,0.8,0,0,0
sample_9192c7f496c2fa7a,Mn-Fe-Co-Ni-La-Ce|Fe0.9Ce0.1,Mn-Fe-Co-Ni-La-Ce,Fe0.9Ce0.1,2,0,0.9,0,0,0,0.1,0,0,0,0,0
sample_9199e254490b54e6,Ca-Mn-Co-Ni-Sn-Sb|Mn0.8Co0.1Sn0.1,Ca-Mn-Co-Ni-Sn-Sb,Mn0.8Co0.1Sn0.1,3,0.8,0,0.1,0,0,0,0,0,0.1,0,0
sample_91bc13ac6b0cfce7,Mn-Fe-Co-Ni-Cu-Ta|Mn0.5Fe0.2Co0.3,Mn-Fe-Co-Ni-Cu-Ta,Mn0.5Fe0.2Co0.3,3,0.5,0.2,0.3,0,0,0,0,0,0,0,0
sample_91e1a048b8267d44,Mn-Fe-Co-Ni-La-Ce|Mn0.1La0.6Ce0.3,Mn-Fe-Co-Ni-La-Ce,Mn0.1La0.6Ce0.3,3,0.1,0,0,0,0.6,0.3,0,0,0,0,0
sample_91e52ceb9bbbb5d3,Mn-Fe-Co-Ni-La-Ce|Fe0.6Co0.3Ni0.1,Mn-Fe-Co-Ni-La-Ce,Fe0.6Co0.3Ni0.1,3,0,0.6,0.3,0.1,0,0,0,0,0,0,0
sample_91e6ff46ba84d593,Mn-Fe-Co-Ni-La-Ce|Mn0.1Ni0.1La0.8,Mn-Fe-Co-Ni-La-Ce,Mn0.1Ni0.1La0.8,3,0.1,0,0,0.1,0.8,0,0,0,0,0,0
sample_92172bdd8520786a,Mn-Fe-Co-Cu-Sn-Ta|Mn0.6Sn0.3Ta0.1,Mn-Fe-Co-Cu-Sn-Ta,Mn0.6Sn0.3Ta0.1,3,0.6,0,0,0,0,0,0,0.1,0.3,0,0
sample_921bf599f4f21d47,Ca-Mn-Co-Ni-Sn-Sb|Ca0.5Mn0.1Ni0.4,Ca-Mn-Co-Ni-Sn-Sb,Ca0.5Mn0.1Ni0.4,3,0.1,0,0,0.4,0,0,0,0,0,0.5,0
sample_92444d4ffce5616e,Mn-Fe-Co-Ni-Cu-Ta|Mn0.5Ni0.3Cu0.2,Mn-Fe-Co-Ni-Cu-Ta,Mn0.5Ni0.3Cu0.2,3,0.5,0,0,0.3,0,0,0.2,0,0,0,0
sample_924a86b143ce25e1,Ca-Mn-Co-Ni-Sn-Sb|Ni0.5Sn0.4Sb0.1,Ca-Mn-Co-Ni-Sn-Sb,Ni0.5Sn0.4Sb0.1,3,0,0,0,0.5,0,0,0,0,0.4,0,0.1
sample_9265c0184d24137e,Mn-Fe-Co-Ni-La-Ce|Fe0.2Co0.6La0.2,Mn-Fe-Co-Ni-La-Ce,Fe0.2Co0.6La0.2,3,0,0.2,0.6,0,0.2,0,0,0,0,0,0
sample_92863bce5d15b466,Mn-Fe-Co-Cu-Sn-Ta|Co0.1Cu0.8Ta0.1,Mn-Fe-Co-Cu-Sn-Ta,Co0.1Cu0.8Ta0.1,3,0,0,0.1,0,0,0,0.8,0.1,0,0,0
sample_92866ef64d33ae1f,Ca-Mn-Co-Ni-Sn-Sb|Mn0.2Co0.6Ni0.2,Ca-Mn-Co-Ni-Sn-Sb,Mn0.2Co0.6Ni0.2,3,0.2,0,0.6,0.2,0,0,0,0,0,0,0
sample_928757283b735a26,Mn-Fe-Co-Cu-Sn-Ta|Mn0.2Ta0.8,Mn-Fe-Co-Cu-Sn-Ta,Mn0.2Ta0.8,2,0.2,0,0,0,0,0,0,0.8,0,0,0
sample_92967ae5b9daa450,Mn-Fe-Co-Ni-La-Ce|Ni0.3La0.6Ce0.1,Mn-Fe-Co-Ni-La-Ce,Ni0.3La0.6Ce0.1,3,0,0,0,0.3,0.6,0.1,0,0,0,0,0
sample_9296c9ee65d55be7,Mn-Fe-Co-Cu-Sn-Ta|Co0.5Sn0.3Ta0.2,Mn-Fe-Co-Cu-Sn-Ta,Co0.5Sn0.3Ta0.2,3,0,0,0.5,0,0,0,0,0.2,0.3,0,0
sample_92a5c29d8bbcb0c7,Mn-Fe-Co-Cu-Sn-Ta|Fe0.4Cu0.2Sn0.4,Mn-Fe-Co-Cu-Sn-Ta,Fe0.4Cu0.2Sn0.4,3,0,0.4,0,0,0,0,0.2,0,0.4,0,0
sample_92ad6c2f12d7b03b,Ca-Mn-Co-Ni-Sn-Sb|Ca0.8Mn0.1Sb0.1,Ca-Mn-Co-Ni-Sn-Sb,Ca0.8Mn0.1Sb0.1,3,0.1,0,0,0,0,0,0,0,0,0.8,0.1
sample_92ba9b94cac6091f,Mn-Fe-Co-Cu-Sn-Ta|Co0.4Cu0.4Ta0.2,Mn-Fe-Co-Cu-Sn-Ta,Co0.4Cu0.4Ta0.2,3,0,0,0.4,0,0,0,0.4,0.2,0,0,0
sample_92bdf11f4bd0d826,Ca-Mn-Co-Ni-Sn-Sb|Ca0.1Mn0.4Co0.5,Ca-Mn-Co-Ni-Sn-Sb,Ca0.1Mn0.4Co0.5,3,0.4,0,0.5,0,0,0,0,0,0,0.1,0
sample_92cd9531f909f3b1,Mn-Fe-Co-Ni-La-Ce|Mn0.5Co0.3La0.2,Mn-Fe-Co-Ni-La-Ce,Mn0.5Co0.3La0.2,3,0.5,0,0.3,0,0.2,0,0,0,0,0,0
sample_92dfbabf744b4424,Mn-Fe-Co-Ni-Cu-Ta|Ni0.3Cu0.5Ta0.2,Mn-Fe-Co-Ni-Cu-Ta,Ni0.3Cu0.5Ta0.2,3,0,0,0,0.3,0,0,0.5,0.2,0,0,0
sample_93025d758a9b0394,Mn-Fe-Co-Cu-Sn-Ta|Fe0.8Co0.1Sn0.1,Mn-Fe-Co-Cu-Sn-Ta,Fe0.8Co0.1Sn0.1,3,0,0.8,0.1,0,0,0,0,0,0.1,0,0
sample_930a47f66c4215f7,Mn-Fe-Co-Ni-La-Ce|Ni0.6La0.3Ce0.1,Mn-Fe-Co-Ni-La-Ce,Ni0.6La0.3Ce0.1,3,0,0,0,0.6,0.3,0.1,0,0,0,0,0
sample_930f1cdff0ee4966,Ca-Mn-Co-Ni-Sn-Sb|Mn0.1Ni0.7Sb0.2,Ca-Mn-Co-Ni-Sn-Sb,Mn0.1Ni0.7Sb0.2,3,0.1,0,0,0.7,0,0,0,0,0,0,0.2
sample_930fe5f386777abf,Mn-Fe-Co-Ni-La-Ce|Mn0.7Ni0.1Ce0.2,Mn-Fe-Co-Ni-La-Ce,Mn0.7Ni0.1Ce0.2,3,0.7,0,0,0.1,0,0.2,0,0,0,0,0
sample_93152c48551de391,Mn-Fe-Co-Ni-Cu-Ta|Mn0.1Co0.3Ta0.6,Mn-Fe-Co-Ni-Cu-Ta,Mn0.1Co0.3Ta0.6,3,0.1,0,0.3,0,0,0,0,0.6,0,0,0
sample_9322775f2d3b27ac,Ca-Mn-Co-Ni-Sn-Sb|Ni0.4Sn0.4Sb0.2,Ca-Mn-Co-Ni-Sn-Sb,Ni0.4Sn0.4Sb0.2,3,0,0,0,0.4,0,0,0,0,0.4,0,0.2
sample_9333fad8dac960d7,Mn-Fe-Co-Ni-Cu-Ta|Fe0.8Ta0.2,Mn-Fe-Co-Ni-Cu-Ta,Fe0.8Ta0.2,2,0,0.8,0,0,0,0,0,0.2,0,0,0
sample_9347725bb5cf9c01,Mn-Fe-Co-Ni-La-Ce|Fe0.2Co0.3Ni0.5,Mn-Fe-Co-Ni-La-Ce,Fe0.2Co0.3Ni0.5,3,0,0.2,0.3,0.5,0,0,0,0,0,0,0
sample_937c464f2015254c,Ca-Mn-Co-Ni-Sn-Sb|Ca0.3Co0.4Ni0.3,Ca-Mn-Co-Ni-Sn-Sb,Ca0.3Co0.4Ni0.3,3,0,0,0.4,0.3,0,0,0,0,0,0.3,0
sample_937e68bd93349324,Mn-Fe-Co-Ni-Cu-Ta|Fe0.7Ni0.2Cu0.1,Mn-Fe-Co-Ni-Cu-Ta,Fe0.7Ni0.2Cu0.1,3,0,0.7,0,0.2,0,0,0.1,0,0,0,0
sample_938993e71c28bd21,Ca-Mn-Co-Ni-Sn-Sb|Co0.5Ni0.2Sb0.3,Ca-Mn-Co-Ni-Sn-Sb,Co0.5Ni0.2Sb0.3,3,0,0,0.5,0.2,0,0,0,0,0,0,0.3
sample_9394a7874ff9fb0f,Ca-Mn-Co-Ni-Sn-Sb|Ca0.3Co0.2Sb0.5,Ca-Mn-Co-Ni-Sn-Sb,Ca0.3Co0.2Sb0.5,3,0,0,0.2,0,0,0,0,0,0,0.3,0.5
sample_939ddd86f4ca3ff7,Ca-Mn-Co-Ni-Sn-Sb|Mn0.7Sn0.2Sb0.1,Ca-Mn-Co-Ni-Sn-Sb,Mn0.7Sn0.2Sb0.1,3,0.7,0,0,0,0,0,0,0,0.2,0,0.1
sample_939ec1887b82fb28,Mn-Fe-Co-Cu-Sn-Ta|Mn0.5Co0.3Sn0.2,Mn-Fe-Co-Cu-Sn-Ta,Mn0.5Co0.3Sn0.2,3,0.5,0,0.3,0,0,0,0,0,0.2,0,0
sample_93ac5ee54e8aff76,Ca-Mn-Co-Ni-Sn-Sb|Ca0.6Mn0.1Ni0.3,Ca-Mn-Co-Ni-Sn-Sb,Ca0.6Mn0.1Ni0.3,3,0.1,0,0,0.3,0,0,0,0,0,0.6,0
sample_93b999ee05c4cab0,Ca-Mn-Co-Ni-Sn-Sb|Ca0.5Co0.3Sb0.2,Ca-Mn-Co-Ni-Sn-Sb,Ca0.5Co0.3Sb0.2,3,0,0,0.3,0,0,0,0,0,0,0.5,0.2
sample_93c4a939b20e0c80,Ca-Mn-Co-Ni-Sn-Sb|Mn0.5Ni0.3Sb0.2,Ca-Mn-Co-Ni-Sn-Sb,Mn0.5Ni0.3Sb0.2,3,0.5,0,0,0.3,0,0,0,0,0,0,0.2
sample_93ccd5114d20f281,Mn-Fe-Co-Ni-Cu-Ta|Fe0.1Ni0.9,Mn-Fe-Co-Ni-Cu-Ta,Fe0.1Ni0.9,2,0,0.1,0,0.9,0,0,0,0,0,0,0
sample_93d09c5607317d29,Mn-Fe-Co-Cu-Sn-Ta|Mn0.4Fe0.2Cu0.4,Mn-Fe-Co-Cu-Sn-Ta,Mn0.4Fe0.2Cu0.4,3,0.4,0.2,0,0,0,0,0.4,0,0,0,0
sample_93d6447a5b08bd19,Mn-Fe-Co-Cu-Sn-Ta|Mn0.4Fe0.4Cu0.2,Mn-Fe-Co-Cu-Sn-Ta,Mn0.4Fe0.4Cu0.2,3,0.4,0.4,0,0,0,0,0.2,0,0,0,0
sample_93f682195579aaae,Mn-Fe-Co-Ni-Cu-Ta|Ni0.4Cu0.1Ta0.5,Mn-Fe-Co-Ni-Cu-Ta,Ni0.4Cu0.1Ta0.5,3,0,0,0,0.4,0,0,0.1,0.5,0,0,0
sample_93f7f2099747f54a,Mn-Fe-Co-Cu-Sn-Ta|Fe0.6Cu0.2Ta0.2,Mn-Fe-Co-Cu-Sn-Ta,Fe0.6Cu0.2Ta0.2,3,0,0.6,0,0,0,0,0.2,0.2,0,0,0
sample_9400c87241b0cb2e,Mn-Fe-Co-Ni-Cu-Ta|Fe0.3Ni0.2Ta0.5,Mn-Fe-Co-Ni-Cu-Ta,Fe0.3Ni0.2Ta0.5,3,0,0.3,0,0.2,0,0,0,0.5,0,0,0
sample_94128696ffad1efc,Mn-Fe-Co-Ni-La-Ce|Mn0.1La0.1Ce0.8,Mn-Fe-Co-Ni-La-Ce,Mn0.1La0.1Ce0.8,3,0.1,0,0,0,0.1,0.8,0,0,0,0,0
sample_9416f33368f9cfbc,Mn-Fe-Co-Cu-Sn-Ta|Mn0.4Fe0.3Sn0.3,Mn-Fe-Co-Cu-Sn-Ta,Mn0.4Fe0.3Sn0.3,3,0.4,0.3,0,0,0,0,0,0,0.3,0,0
sample_9424144060e43309,Mn-Fe-Co-Ni-Cu-Ta|Mn0.7Fe0.1Ta0.2,Mn-Fe-Co-Ni-Cu-Ta,Mn0.7Fe0.1Ta0.2,3,0.7,0.1,0,0,0,0,0,0.2,0,0,0
sample_9435562d445454f6,Mn-Fe-Co-Ni-La-Ce|Mn0.1La0.9,Mn-Fe-Co-Ni-La-Ce,Mn0.1La0.9,2,0.1,0,0,0,0.9,0,0,0,0,0,0
sample_9436669f7430be06,Ca-Mn-Co-Ni-Sn-Sb|Mn0.7Ni0.1Sn0.2,Ca-Mn-Co-Ni-Sn-Sb,Mn0.7Ni0.1Sn0.2,3,0.7,0,0,0.1,0,0,0,0,0.2,0,0
sample_9442133559c3fdd5,Ca-Mn-Co-Ni-Sn-Sb|Ni0.1Sn0.2Sb0.7,Ca-Mn-Co-Ni-Sn-Sb,Ni0.1Sn0.2Sb0.7,3,0,0,0,0.1,0,0,0,0,0.2,0,0.7
sample_9460f3bba87f6fa4,Mn-Fe-Co-Ni-Cu-Ta|Fe0.8Ni0.1Ta0.1,Mn-Fe-Co-Ni-Cu-Ta,Fe0.8Ni0.1Ta0.1,3,0,0.8,0,0.1,0,0,0,0.1,0,0,0
sample_94716887974fb4c6,Ca-Mn-Co-Ni-Sn-Sb|Mn0.3Ni0.3Sn0.4,Ca-Mn-Co-Ni-Sn-Sb,Mn0.3Ni0.3Sn0.4,3,0.3,0,0,0.3,0,0,0,0,0.4,0,0
sample_9473eb83a48800d3,Mn-Fe-Co-Ni-Cu-Ta|Co0.8Cu0.2,Mn-Fe-Co-Ni-Cu-Ta,Co0.8Cu0.2,2,0,0,0.8,0,0,0,0.2,0,0,0,0
sample_949738cc66a9438c,Mn-Fe-Co-Ni-La-Ce|Co0.4La0.2Ce0.4,Mn-Fe-Co-Ni-La-Ce,Co0.4La0.2Ce0.4,3,0,0,0.4,0,0.2,0.4,0,0,0,0,0
sample_949ef42feec3337b,Mn-Fe-Co-Cu-Sn-Ta|Sn0.6Ta0.4,Mn-Fe-Co-Cu-Sn-Ta,Sn0.6Ta0.4,2,0,0,0,0,0,0,0,0.4,0.6,0,0
sample_94a557a010b44327,Mn-Fe-Co-Ni-Cu-Ta|Co0.3Cu0.5Ta0.2,Mn-Fe-Co-Ni-Cu-Ta,Co0.3Cu0.5Ta0.2,3,0,0,0.3,0,0,0,0.5,0.2,0,0,0
sample_94a7f82a693157b9,Ca-Mn-Co-Ni-Sn-Sb|Ca0.9Mn0.1,Ca-Mn-Co-Ni-Sn-Sb,Ca0.9Mn0.1,2,0.1,0,0,0,0,0,0,0,0,0.9,0
sample_94fd3449c5e8bd9f,Mn-Fe-Co-Ni-La-Ce|La0.1Ce0.9,Mn-Fe-Co-Ni-La-Ce,La0.1Ce0.9,2,0,0,0,0,0.1,0.9,0,0,0,0,0
sample_951330fe9d46553c,Mn-Fe-Co-Cu-Sn-Ta|Mn0.2Sn0.8,Mn-Fe-Co-Cu-Sn-Ta,Mn0.2Sn0.8,2,0.2,0,0,0,0,0,0,0,0.8,0,0
sample_95198e4536c3fab1,Ca-Mn-Co-Ni-Sn-Sb|Ca0.1Sn0.8Sb0.1,Ca-Mn-Co-Ni-Sn-Sb,Ca0.1Sn0.8Sb0.1,3,0,0,0,0,0,0,0,0,0.8,0.1,0.1
sample_951bd07932cd10c1,Ca-Mn-Co-Ni-Sn-Sb|Co0.4Ni0.2Sb0.4,Ca-Mn-Co-Ni-Sn-Sb,Co0.4Ni0.2Sb0.4,3,0,0,0.4,0.2,0,0,0,0,0,0,0.4
sample_9524e74a672893d0,Mn-Fe-Co-Ni-Cu-Ta|Co0.8Ni0.1Ta0.1,Mn-Fe-Co-Ni-Cu-Ta,Co0.8Ni0.1Ta0.1,3,0,0,0.8,0.1,0,0,0,0.1,0,0,0
sample_952d22b8663e8b1f,Ca-Mn-Co-Ni-Sn-Sb|Ca0.1Sn0.2Sb0.7,Ca-Mn-Co-Ni-Sn-Sb,Ca0.1Sn0.2Sb0.7,3,0,0,0,0,0,0,0,0,0.2,0.1,0.7
sample_954cd636819f3dd5,Mn-Fe-Co-Cu-Sn-Ta|Mn0.5Fe0.2Cu0.3,Mn-Fe-Co-Cu-Sn-Ta,Mn0.5Fe0.2Cu0.3,3,0.5,0.2,0,0,0,0,0.3,0,0,0,0
sample_9555e4c05830b80b,Ca-Mn-Co-Ni-Sn-Sb|Ni0.2Sn0.4Sb0.4,Ca-Mn-Co-Ni-Sn-Sb,Ni0.2Sn0.4Sb0.4,3,0,0,0,0.2,0,0,0,0,0.4,0,0.4
sample_958d7350458f810b,Mn-Fe-Co-Cu-Sn-Ta|Cu0.6Sn0.4,Mn-Fe-Co-Cu-Sn-Ta,Cu0.6Sn0.4,2,0,0,0,0,0,0,0.6,0,0.4,0,0
sample_95a0cb5a832ff55b,Mn-Fe-Co-Ni-Cu-Ta|Mn0.3Co0.6Cu0.1,Mn-Fe-Co-Ni-Cu-Ta,Mn0.3Co0.6Cu0.1,3,0.3,0,0.6,0,0,0,0.1,0,0,0,0
sample_95a1256548f41d2f,Mn-Fe-Co-Ni-Cu-Ta|Mn0.4Fe0.3Co0.3,Mn-Fe-Co-Ni-Cu-Ta,Mn0.4Fe0.3Co0.3,3,0.4,0.3,0.3,0,0,0,0,0,0,0,0
sample_95b7b6c75beeb0af,Mn-Fe-Co-Ni-Cu-Ta|Fe0.1Cu0.5Ta0.4,Mn-Fe-Co-Ni-Cu-Ta,Fe0.1Cu0.5Ta0.4,3,0,0.1,0,0,0,0,0.5,0.4,0,0,0
sample_95df4d0a6607ba93,Ca-Mn-Co-Ni-Sn-Sb|Co0.1Ni0.8Sb0.1,Ca-Mn-Co-Ni-Sn-Sb,Co0.1Ni0.8Sb0.1,3,0,0,0.1,0.8,0,0,0,0,0,0,0.1
sample_95ea5c606c554acd,Mn-Fe-Co-Cu-Sn-Ta|Fe0.4Co0.4Sn0.2,Mn-Fe-Co-Cu-Sn-Ta,Fe0.4Co0.4Sn0.2,3,0,0.4,0.4,0,0,0,0,0,0.2,0,0
sample_95f70e98e12311bf,Ca-Mn-Co-Ni-Sn-Sb|Ca0.1Ni0.9,Ca-Mn-Co-Ni-Sn-Sb,Ca0.1Ni0.9,2,0,0,0,0.9,0,0,0,0,0,0.1,0
sample_95f77f6bb470f778,Ca-Mn-Co-Ni-Sn-Sb|Co0.3Ni0.4Sb0.3,Ca-Mn-Co-Ni-Sn-Sb,Co0.3Ni0.4Sb0.3,3,0,0,0.3,0.4,0,0,0,0,0,0,0.3
sample_961c6d4eddee7b52,Mn-Fe-Co-Ni-Cu-Ta|Co0.3Ni0.5Cu0.2,Mn-Fe-Co-Ni-Cu-Ta,Co0.3Ni0.5Cu0.2,3,0,0,0.3,0.5,0,0,0.2,0,0,0,0
sample_962e6e072d414e0b,Mn-Fe-Co-Ni-Cu-Ta|Mn0.3Fe0.2Ni0.5,Mn-Fe-Co-Ni-Cu-Ta,Mn0.3Fe0.2Ni0.5,3,0.3,0.2,0,0.5,0,0,0,0,0,0,0
sample_9635e135813f9fb1,Mn-Fe-Co-Cu-Sn-Ta|Mn0.3Fe0.1Sn0.6,Mn-Fe-Co-Cu-Sn-Ta,Mn0.3Fe0.1Sn0.6,3,0.3,0.1,0,0,0,0,0,0,0.6,0,0
sample_963b301f27b11a2d,Mn-Fe-Co-Ni-Cu-Ta|Co0.1Ni0.4Ta0.5,Mn-Fe-Co-Ni-Cu-Ta,Co0.1Ni0.4Ta0.5,3,0,0,0.1,0.4,0,0,0,0.5,0,0,0
sample_964781882ae819fe,Mn-Fe-Co-Ni-La-Ce|Fe0.2La0.4Ce0.4,Mn-Fe-Co-Ni-La-Ce,Fe0.2La0.4Ce0.4,3,0,0.2,0,0,0.4,0.4,0,0,0,0,0
sample_965764739c45f175,Ca-Mn-Co-Ni-Sn-Sb|Ca0.3Mn0.3Sn0.4,Ca-Mn-Co-Ni-Sn-Sb,Ca0.3Mn0.3Sn0.4,3,0.3,0,0,0,0,0,0,0,0.4,0.3,0
sample_9657e8ceb75caf34,Ca-Mn-Co-Ni-Sn-Sb|Ca0.3Ni0.5Sb0.2,Ca-Mn-Co-Ni-Sn-Sb,Ca0.3Ni0.5Sb0.2,3,0,0,0,0.5,0,0,0,0,0,0.3,0.2
sample_9670060873033e6d,Mn-Fe-Co-Ni-Cu-Ta|Mn0.3Fe0.2Ta0.5,Mn-Fe-Co-Ni-Cu-Ta,Mn0.3Fe0.2Ta0.5,3,0.3,0.2,0,0,0,0,0,0.5,0,0,0
sample_96784eec85ce5b71,Ca-Mn-Co-Ni-Sn-Sb|Sn0.3Sb0.7,Ca-Mn-Co-Ni-Sn-Sb,Sn0.3Sb0.7,2,0,0,0,0,0,0,0,0,0.3,0,0.7
sample_967d10b5cf6a80b9,Mn-Fe-Co-Ni-Cu-Ta|Mn0.1Ni0.1Cu0.8,Mn-Fe-Co-Ni-Cu-Ta,Mn0.1Ni0.1Cu0.8,3,0.1,0,0,0.1,0,0,0.8,0,0,0,0
sample_968972c8820d0b7d,Mn-Fe-Co-Ni-Cu-Ta|Fe0.2Ni0.1Ta0.7,Mn-Fe-Co-Ni-Cu-Ta,Fe0.2Ni0.1Ta0.7,3,0,0.2,0,0.1,0,0,0,0.7,0,0,0
sample_9693aed48dd4772c,Mn-Fe-Co-Cu-Sn-Ta|Fe0.5Cu0.2Sn0.3,Mn-Fe-Co-Cu-Sn-Ta,Fe0.5Cu0.2Sn0.3,3,0,0.5,0,0,0,0,0.2,0,0.3,0,0
sample_9698985a332c3145,Mn-Fe-Co-Cu-Sn-Ta|Fe0.2Cu0.2Sn0.6,Mn-Fe-Co-Cu-Sn-Ta,Fe0.2Cu0.2Sn0.6,3,0,0.2,0,0,0,0,0.2,0,0.6,0,0
sample_96a863694c245ddb,Mn-Fe-Co-Ni-Cu-Ta|Fe0.9Ta0.1,Mn-Fe-Co-Ni-Cu-Ta,Fe0.9Ta0.1,2,0,0.9,0,0,0,0,0,0.1,0,0,0
sample_96d136b5435128f2,Mn-Fe-Co-Ni-Cu-Ta|Mn0.4Fe0.6,Mn-Fe-Co-Ni-Cu-Ta,Mn0.4Fe0.6,2,0.4,0.6,0,0,0,0,0,0,0,0,0
sample_96e25e6a985fa011,Ca-Mn-Co-Ni-Sn-Sb|Co0.2Sb0.8,Ca-Mn-Co-Ni-Sn-Sb,Co0.2Sb0.8,2,0,0,0.2,0,0,0,0,0,0,0,0.8
sample_96fc0e3462578217,Ca-Mn-Co-Ni-Sn-Sb|Mn0.1Co0.5Ni0.4,Ca-Mn-Co-Ni-Sn-Sb,Mn0.1Co0.5Ni0.4,3,0.1,0,0.5,0.4,0,0,0,0,0,0,0
sample_97049518ae291be9,Mn-Fe-Co-Ni-La-Ce|Mn0.3Fe0.5Co0.2,Mn-Fe-Co-Ni-La-Ce,Mn0.3Fe0.5Co0.2,3,0.3,0.5,0.2,0,0,0,0,0,0,0,0
sample_9709ae8df7d3c9d1,Mn-Fe-Co-Ni-La-Ce|Fe0.4Ni0.1La0.5,Mn-Fe-Co-Ni-La-Ce,Fe0.4Ni0.1La0.5,3,0,0.4,0,0.1,0.5,0,0,0,0,0,0
sample_9721974a470f1174,Mn-Fe-Co-Ni-Cu-Ta|Cu0.2Ta0.8,Mn-Fe-Co-Ni-Cu-Ta,Cu0.2Ta0.8,2,0,0,0,0,0,0,0.2,0.8,0,0,0
sample_9724205c0c9d0c95,Mn-Fe-Co-Cu-Sn-Ta|Fe0.3Cu0.4Sn0.3,Mn-Fe-Co-Cu-Sn-Ta,Fe0.3Cu0.4Sn0.3,3,0,0.3,0,0,0,0,0.4,0,0.3,0,0
sample_974f4c4102e319e8,Mn-Fe-Co-Ni-La-Ce|Co0.2Ni0.6Ce0.2,Mn-Fe-Co-Ni-La-Ce,Co0.2Ni0.6Ce0.2,3,0,0,0.2,0.6,0,0.2,0,0,0,0,0
sample_9761e7c3c9a4ee2f,Mn-Fe-Co-Ni-La-Ce|Co0.1La0.5Ce0.4,Mn-Fe-Co-Ni-La-Ce,Co0.1La0.5Ce0.4,3,0,0,0.1,0,0.5,0.4,0,0,0,0,0
sample_97696598d40ed38a,Mn-Fe-Co-Cu-Sn-Ta|Fe0.1Cu0.3Ta0.6,Mn-Fe-Co-Cu-Sn-Ta,Fe0.1Cu0.3Ta0.6,3,0,0.1,0,0,0,0,0.3,0.6,0,0,0
sample_976a6d7e68c8758c,Mn-Fe-Co-Cu-Sn-Ta|Mn0.2Fe0.4Co0.4,Mn-Fe-Co-Cu-Sn-Ta,Mn0.2Fe0.4Co0.4,3,0.2,0.4,0.4,0,0,0,0,0,0,0,0
sample_9772841e317b0469,Mn-Fe-Co-Cu-Sn-Ta|Mn0.1Co0.2Ta0.7,Mn-Fe-Co-Cu-Sn-Ta,Mn0.1Co0.2Ta0.7,3,0.1,0,0.2,0,0,0,0,0.7,0,0,0
sample_9777734bb0617249,Ca-Mn-Co-Ni-Sn-Sb|Co0.1Sn0.9,Ca-Mn-Co-Ni-Sn-Sb,Co0.1Sn0.9,2,0,0,0.1,0,0,0,0,0,0.9,0,0
sample_97a02d97b39d4b21,Mn-Fe-Co-Ni-La-Ce|Ni0.2La0.1Ce0.7,Mn-Fe-Co-Ni-La-Ce,Ni0.2La0.1Ce0.7,3,0,0,0,0.2,0.1,0.7,0,0,0,0,0
sample_97a27056c585b9ab,Mn-Fe-Co-Ni-Cu-Ta|Cu0.8Ta0.2,Mn-Fe-Co-Ni-Cu-Ta,Cu0.8Ta0.2,2,0,0,0,0,0,0,0.8,0.2,0,0,0
sample_97a6127598419a6f,Mn-Fe-Co-Ni-Cu-Ta|Fe0.2Co0.7Ta0.1,Mn-Fe-Co-Ni-Cu-Ta,Fe0.2Co0.7Ta0.1,3,0,0.2,0.7,0,0,0,0,0.1,0,0,0
sample_97aa120172616783,Mn-Fe-Co-Ni-Cu-Ta|Fe0.5Ni0.3Ta0.2,Mn-Fe-Co-Ni-Cu-Ta,Fe0.5Ni0.3Ta0.2,3,0,0.5,0,0.3,0,0,0,0.2,0,0,0
sample_97aa20fd54d8cd55,Mn-Fe-Co-Cu-Sn-Ta|Fe0.3Sn0.3Ta0.4,Mn-Fe-Co-Cu-Sn-Ta,Fe0.3Sn0.3Ta0.4,3,0,0.3,0,0,0,0,0,0.4,0.3,0,0
sample_97c760db4fe4dc4a,Mn-Fe-Co-Ni-Cu-Ta|Mn0.6Fe0.3Ta0.1,Mn-Fe-Co-Ni-Cu-Ta,Mn0.6Fe0.3Ta0.1,3,0.6,0.3,0,0,0,0,0,0.1,0,0,0
sample_97d33d10e0ca0348,Mn-Fe-Co-Cu-Sn-Ta|Mn0.3Fe0.3Ta0.4,Mn-Fe-Co-Cu-Sn-Ta,Mn0.3Fe0.3Ta0.4,3,0.3,0.3,0,0,0,0,0,0.4,0,0,0
sample_97d9b699822cb74a,Mn-Fe-Co-Cu-Sn-Ta|Co0.2Cu0.6Ta0.2,Mn-Fe-Co-Cu-Sn-Ta,Co0.2Cu0.6Ta0.2,3,0,0,0.2,0,0,0,0.6,0.2,0,0,0
sample_97e878ced5399e76,Mn-Fe-Co-Ni-Cu-Ta|Mn0.1Fe0.8Co0.1,Mn-Fe-Co-Ni-Cu-Ta,Mn0.1Fe0.8Co0.1,3,0.1,0.8,0.1,0,0,0,0,0,0,0,0
sample_97fae8b000d9a90d,Mn-Fe-Co-Ni-La-Ce|Mn0.1Fe0.7La0.2,Mn-Fe-Co-Ni-La-Ce,Mn0.1Fe0.7La0.2,3,0.1,0.7,0,0,0.2,0,0,0,0,0,0
sample_982a578b66fcfc88,Mn-Fe-Co-Ni-La-Ce|Mn0.3Fe0.1Ce0.6,Mn-Fe-Co-Ni-La-Ce,Mn0.3Fe0.1Ce0.6,3,0.3,0.1,0,0,0,0.6,0,0,0,0,0
sample_98647c04fb114be3,Mn-Fe-Co-Cu-Sn-Ta|Mn0.1Fe0.2Co0.7,Mn-Fe-Co-Cu-Sn-Ta,Mn0.1Fe0.2Co0.7,3,0.1,0.2,0.7,0,0,0,0,0,0,0,0
sample_98688d31f77c19e6,Mn-Fe-Co-Cu-Sn-Ta|Mn0.1Co0.5Sn0.4,Mn-Fe-Co-Cu-Sn-Ta,Mn0.1Co0.5Sn0.4,3,0.1,0,0.5,0,0,0,0,0,0.4,0,0
sample_9877f592808650fd,Mn-Fe-Co-Cu-Sn-Ta|Fe0.7Sn0.2Ta0.1,Mn-Fe-Co-Cu-Sn-Ta,Fe0.7Sn0.2Ta0.1,3,0,0.7,0,0,0,0,0,0.1,0.2,0,0
sample_98b2e02326ddfbed,Mn-Fe-Co-Ni-Cu-Ta|Mn0.9Ni0.1,Mn-Fe-Co-Ni-Cu-Ta,Mn0.9Ni0.1,2,0.9,0,0,0.1,0,0,0,0,0,0,0
sample_98e50b15b6817035,Mn-Fe-Co-Ni-La-Ce|Fe0.2La0.8,Mn-Fe-Co-Ni-La-Ce,Fe0.2La0.8,2,0,0.2,0,0,0.8,0,0,0,0,0,0
sample_98ef3fd2a640d3af,Mn-Fe-Co-Ni-La-Ce|La0.9Ce0.1,Mn-Fe-Co-Ni-La-Ce,La0.9Ce0.1,2,0,0,0,0,0.9,0.1,0,0,0,0,0
sample_98f19caae6b1a7d4,Mn-Fe-Co-Ni-Cu-Ta|Mn0.2Co0.3Ta0.5,Mn-Fe-Co-Ni-Cu-Ta,Mn0.2Co0.3Ta0.5,3,0.2,0,0.3,0,0,0,0,0.5,0,0,0
sample_98f3ea255d02c6f7,Mn-Fe-Co-Cu-Sn-Ta|Fe0.1Sn0.8Ta0.1,Mn-Fe-Co-Cu-Sn-Ta,Fe0.1Sn0.8Ta0.1,3,0,0.1,0,0,0,0,0,0.1,0.8,0,0
sample_99432ac8165cc0a1,Mn-Fe-Co-Cu-Sn-Ta|Mn0.3Cu0.3Sn0.4,Mn-Fe-Co-Cu-Sn-Ta,Mn0.3Cu0.3Sn0.4,3,0.3,0,0,0,0,0,0.3,0,0.4,0,0
sample_9945dd62a842b0ac,Mn-Fe-Co-Cu-Sn-Ta|Mn0.5Fe0.1Ta0.4,Mn-Fe-Co-Cu-Sn-Ta,Mn0.5Fe0.1Ta0.4,3,0.5,0.1,0,0,0,0,0,0.4,0,0,0
sample_99572daa252bc7f7,Ca-Mn-Co-Ni-Sn-Sb|Mn0.2Sn0.1Sb0.7,Ca-Mn-Co-Ni-Sn-Sb,Mn0.2Sn0.1Sb0.7,3,0.2,0,0,0,0,0,0,0,0.1,0,0.7
sample_995e24aae9979467,Mn-Fe-Co-Ni-La-Ce|Fe0.4Ni0.2Ce0.4,Mn-Fe-Co-Ni-La-Ce,Fe0.4Ni0.2Ce0.4,3,0,0.4,0,0.2,0,0.4,0,0,0,0,0
sample_996a33d9c7c8c2cb,Mn-Fe-Co-Ni-Cu-Ta|Fe0.3Co0.5Cu0.2,Mn-Fe-Co-Ni-Cu-Ta,Fe0.3Co0.5Cu0.2,3,0,0.3,0.5,0,0,0,0.2,0,0,0,0
sample_996feaf7b25b7b3a,Mn-Fe-Co-Cu-Sn-Ta|Mn0.1Co0.7Sn0.2,Mn-Fe-Co-Cu-Sn-Ta,Mn0.1Co0.7Sn0.2,3,0.1,0,0.7,0,0,0,0,0,0.2,0,0
sample_99b1d4da8ba49947,Ca-Mn-Co-Ni-Sn-Sb|Mn0.4Co0.5Sn0.1,Ca-Mn-Co-Ni-Sn-Sb,Mn0.4Co0.5Sn0.1,3,0.4,0,0.5,0,0,0,0,0,0.1,0,0
sample_99bcc55d63094c78,Mn-Fe-Co-Ni-Cu-Ta|Mn0.2Fe0.7Ta0.1,Mn-Fe-Co-Ni-Cu-Ta,Mn0.2Fe0.7Ta0.1,3,0.2,0.7,0,0,0,0,0,0.1,0,0,0
sample_99dfd995640470ce,Mn-Fe-Co-Cu-Sn-Ta|Fe0.3Sn0.4Ta0.3,Mn-Fe-Co-Cu-Sn-Ta,Fe0.3Sn0.4Ta0.3,3,0,0.3,0,0,0,0,0,0.3,0.4,0,0
sample_9a05c4de3a1dc5b4,Mn-Fe-Co-Ni-La-Ce|Co0.1Ni0.4Ce0.5,Mn-Fe-Co-Ni-La-Ce,Co0.1Ni0.4Ce0.5,3,0,0,0.1,0.4,0,0.5,0,0,0,0,0
sample_9a0ac576f4b89d1b,Mn-Fe-Co-Ni-Cu-Ta|Mn0.3Co0.2Cu0.5,Mn-Fe-Co-Ni-Cu-Ta,Mn0.3Co0.2Cu0.5,3,0.3,0,0.2,0,0,0,0.5,0,0,0,0
sample_9a180b2a293b65db,Ca-Mn-Co-Ni-Sn-Sb|Mn0.6Ni0.3Sn0.1,Ca-Mn-Co-Ni-Sn-Sb,Mn0.6Ni0.3Sn0.1,3,0.6,0,0,0.3,0,0,0,0,0.1,0,0
sample_9a1f7a97999a2618,Mn-Fe-Co-Cu-Sn-Ta|Mn0.8Cu0.1Ta0.1,Mn-Fe-Co-Cu-Sn-Ta,Mn0.8Cu0.1Ta0.1,3,0.8,0,0,0,0,0,0.1,0.1,0,0,0
sample_9a379954cc42bfc0,Mn-Fe-Co-Ni-Cu-Ta|Mn0.6Cu0.4,Mn-Fe-Co-Ni-Cu-Ta,Mn0.6Cu0.4,2,0.6,0,0,0,0,0,0.4,0,0,0,0
sample_9a458dfbca557bf9,Mn-Fe-Co-Ni-Cu-Ta|Fe0.5Ni0.1Ta0.4,Mn-Fe-Co-Ni-Cu-Ta,Fe0.5Ni0.1Ta0.4,3,0,0.5,0,0.1,0,0,0,0.4,0,0,0
sample_9a7426fa6784d134,Ca-Mn-Co-Ni-Sn-Sb|Sn0.9Sb0.1,Ca-Mn-Co-Ni-Sn-Sb,Sn0.9Sb0.1,2,0,0,0,0,0,0,0,0,0.9,0,0.1
sample_9a9c1a32c9a3e101,Mn-Fe-Co-Ni-Cu-Ta|Mn0.1Cu0.4Ta0.5,Mn-Fe-Co-Ni-Cu-Ta,Mn0.1Cu0.4Ta0.5,3,0.1,0,0,0,0,0,0.4,0.5,0,0,0
sample_9ac23d89a6bbabb4,Mn-Fe-Co-Cu-Sn-Ta|Co0.2Sn0.5Ta0.3,Mn-Fe-Co-Cu-Sn-Ta,Co0.2Sn0.5Ta0.3,3,0,0,0.2,0,0,0,0,0.3,0.5,0,0
sample_9ace50851e52f14b,Mn-Fe-Co-Cu-Sn-Ta|Co0.4Cu0.5Sn0.1,Mn-Fe-Co-Cu-Sn-Ta,Co0.4Cu0.5Sn0.1,3,0,0,0.4,0,0,0,0.5,0,0.1,0,0
sample_9ad7b9e003c6cc0d,Mn-Fe-Co-Ni-La-Ce|Mn0.3Fe0.4Ce0.3,Mn-Fe-Co-Ni-La-Ce,Mn0.3Fe0.4Ce0.3,3,0.3,0.4,0,0,0,0.3,0,0,0,0,0
sample_9b0548b420d65c8d,Mn-Fe-Co-Ni-Cu-Ta|Mn0.7Fe0.2Ta0.1,Mn-Fe-Co-Ni-Cu-Ta,Mn0.7Fe0.2Ta0.1,3,0.7,0.2,0,0,0,0,0,0.1,0,0,0
sample_9b107b6427d8bea4,Mn-Fe-Co-Cu-Sn-Ta|Cu0.2Ta0.8,Mn-Fe-Co-Cu-Sn-Ta,Cu0.2Ta0.8,2,0,0,0,0,0,0,0.2,0.8,0,0,0
sample_9b2221662c991fb7,Mn-Fe-Co-Ni-Cu-Ta|Mn0.5Fe0.2Cu0.3,Mn-Fe-Co-Ni-Cu-Ta,Mn0.5Fe0.2Cu0.3,3,0.5,0.2,0,0,0,0,0.3,0,0,0,0
sample_9b2be09c8865d5eb,Mn-Fe-Co-Ni-Cu-Ta|Mn0.2Co0.7Ta0.1,Mn-Fe-Co-Ni-Cu-Ta,Mn0.2Co0.7Ta0.1,3,0.2,0,0.7,0,0,0,0,0.1,0,0,0
sample_9b53d4eca8690c9a,Mn-Fe-Co-Ni-Cu-Ta|Fe0.2Co0.6Ta0.2,Mn-Fe-Co-Ni-Cu-Ta,Fe0.2Co0.6Ta0.2,3,0,0.2,0.6,0,0,0,0,0.2,0,0,0
sample_9b5658375c05d923,Mn-Fe-Co-Ni-Cu-Ta|Ni0.1Ta0.9,Mn-Fe-Co-Ni-Cu-Ta,Ni0.1Ta0.9,2,0,0,0,0.1,0,0,0,0.9,0,0,0
sample_9b5d899e6f12acb1,Mn-Fe-Co-Cu-Sn-Ta|Fe0.2Co0.4Cu0.4,Mn-Fe-Co-Cu-Sn-Ta,Fe0.2Co0.4Cu0.4,3,0,0.2,0.4,0,0,0,0.4,0,0,0,0
sample_9b6d156a40b2ee19,Mn-Fe-Co-Cu-Sn-Ta|Mn0.2Cu0.6Sn0.2,Mn-Fe-Co-Cu-Sn-Ta,Mn0.2Cu0.6Sn0.2,3,0.2,0,0,0,0,0,0.6,0,0.2,0,0
sample_9b94539999516b94,Mn-Fe-Co-Ni-Cu-Ta|Mn0.8Fe0.2,Mn-Fe-Co-Ni-Cu-Ta,Mn0.8Fe0.2,2,0.8,0.2,0,0,0,0,0,0,0,0,0
sample_9bb675b84002e697,Mn-Fe-Co-Ni-Cu-Ta|Co0.1Ni0.4Cu0.5,Mn-Fe-Co-Ni-Cu-Ta,Co0.1Ni0.4Cu0.5,3,0,0,0.1,0.4,0,0,0.5,0,0,0,0
sample_9bce6d538fd74c01,Mn-Fe-Co-Ni-Cu-Ta|Fe0.3Co0.5Ni0.2,Mn-Fe-Co-Ni-Cu-Ta,Fe0.3Co0.5Ni0.2,3,0,0.3,0.5,0.2,0,0,0,0,0,0,0
sample_9be91c80f5311971,Ca-Mn-Co-Ni-Sn-Sb|Mn0.4Ni0.5Sn0.1,Ca-Mn-Co-Ni-Sn-Sb,Mn0.4Ni0.5Sn0.1,3,0.4,0,0,0.5,0,0,0,0,0.1,0,0
sample_9bfffdce1fa604de,Ca-Mn-Co-Ni-Sn-Sb|Ca0.4Co0.2Sb0.4,Ca-Mn-Co-Ni-Sn-Sb,Ca0.4Co0.2Sb0.4,3,0,0,0.2,0,0,0,0,0,0,0.4,0.4
sample_9c12e0c923a19960,Ca-Mn-Co-Ni-Sn-Sb|Ca0.3Co0.4Sn0.3,Ca-Mn-Co-Ni-Sn-Sb,Ca0.3Co0.4Sn0.3,3,0,0,0.4,0,0,0,0,0,0.3,0.3,0
sample_9c22a901e6a78be0,Mn-Fe-Co-Ni-Cu-Ta|Fe0.3Ni0.1Cu0.6,Mn-Fe-Co-Ni-Cu-Ta,Fe0.3Ni0.1Cu0.6,3,0,0.3,0,0.1,0,0,0.6,0,0,0,0
sample_9c2b95068e81b42d,Mn-Fe-Co-Cu-Sn-Ta|Fe0.2Co0.4Sn0.4,Mn-Fe-Co-Cu-Sn-Ta,Fe0.2Co0.4Sn0.4,3,0,0.2,0.4,0,0,0,0,0,0.4,0,0
sample_9c73539c172320be,Mn-Fe-Co-Ni-La-Ce|Mn0.3Ni0.3La0.4,Mn-Fe-Co-Ni-La-Ce,Mn0.3Ni0.3La0.4,3,0.3,0,0,0.3,0.4,0,0,0,0,0,0
sample_9c800261e050a095,Mn-Fe-Co-Cu-Sn-Ta|Mn0.7Cu0.1Sn0.2,Mn-Fe-Co-Cu-Sn-Ta,Mn0.7Cu0.1Sn0.2,3,0.7,0,0,0,0,0,0.1,0,0.2,0,0
sample_9c9653695c9ab531,Mn-Fe-Co-Ni-Cu-Ta|Mn0.3Co0.1Ni0.6,Mn-Fe-Co-Ni-Cu-Ta,Mn0.3Co0.1Ni0.6,3,0.3,0,0.1,0.6,0,0,0,0,0,0,0
sample_9cef554c17c8fbb6,Mn-Fe-Co-Ni-Cu-Ta|Fe0.1Ni0.5Cu0.4,Mn-Fe-Co-Ni-Cu-Ta,Fe0.1Ni0.5Cu0.4,3,0,0.1,0,0.5,0,0,0.4,0,0,0,0
sample_9d094c9026c58ab8,Mn-Fe-Co-Ni-La-Ce|Mn0.1Co0.6La0.3,Mn-Fe-Co-Ni-La-Ce,Mn0.1Co0.6La0.3,3,0.1,0,0.6,0,0.3,0,0,0,0,0,0
sample_9d0dac5a31fd5d93,Mn-Fe-Co-Cu-Sn-Ta|Co0.1Sn0.6Ta0.3,Mn-Fe-Co-Cu-Sn-Ta,Co0.1Sn0.6Ta0.3,3,0,0,0.1,0,0,0,0,0.3,0.6,0,0
sample_9d107c62259b99fd,Mn-Fe-Co-Ni-Cu-Ta|Mn0.2Co0.8,Mn-Fe-Co-Ni-Cu-Ta,Mn0.2Co0.8,2,0.2,0,0.8,0,0,0,0,0,0,0,0
sample_9d1b487ea690e316,Mn-Fe-Co-Ni-Cu-Ta|Co0.6Ni0.3Cu0.1,Mn-Fe-Co-Ni-Cu-Ta,Co0.6Ni0.3Cu0.1,3,0,0,0.6,0.3,0,0,0.1,0,0,0,0
sample_9d238a95db7d04b9,Mn-Fe-Co-Ni-Cu-Ta|Fe0.4Ni0.4Cu0.2,Mn-Fe-Co-Ni-Cu-Ta,Fe0.4Ni0.4Cu0.2,3,0,0.4,0,0.4,0,0,0.2,0,0,0,0
sample_9d2787e4dc8fa7a5,Mn-Fe-Co-Cu-Sn-Ta|Co0.2Cu0.2Ta0.6,Mn-Fe-Co-Cu-Sn-Ta,Co0.2Cu0.2Ta0.6,3,0,0,0.2,0,0,0,0.2,0.6,0,0,0
sample_9d2aa138ff23f170,Ca-Mn-Co-Ni-Sn-Sb|Mn0.6Ni0.1Sb0.3,Ca-Mn-Co-Ni-Sn-Sb,Mn0.6Ni0.1Sb0.3,3,0.6,0,0,0.1,0,0,0,0,0,0,0.3
sample_9d6240ff056dd898,Mn-Fe-Co-Cu-Sn-Ta|Fe0.7Sn0.3,Mn-Fe-Co-Cu-Sn-Ta,Fe0.7Sn0.3,2,0,0.7,0,0,0,0,0,0,0.3,0,0
sample_9d68475da75281d7,Mn-Fe-Co-Ni-Cu-Ta|Ni0.1Cu0.3Ta0.6,Mn-Fe-Co-Ni-Cu-Ta,Ni0.1Cu0.3Ta0.6,3,0,0,0,0.1,0,0,0.3,0.6,0,0,0
sample_9d75acb73a250aca,Ca-Mn-Co-Ni-Sn-Sb|Ca0.4Sn0.1Sb0.5,Ca-Mn-Co-Ni-Sn-Sb,Ca0.4Sn0.1Sb0.5,3,0,0,0,0,0,0,0,0,0.1,0.4,0.5
sample_9d810042e377ad40,Mn-Fe-Co-Ni-La-Ce|Fe0.4Ni0.4La0.2,Mn-Fe-Co-Ni-La-Ce,Fe0.4Ni0.4La0.2,3,0,0.4,0,0.4,0.2,0,0,0,0,0,0
sample_9d93f72fde9a7420,Mn-Fe-Co-Cu-Sn-Ta|Mn0.4Fe0.3Ta0.3,Mn-Fe-Co-Cu-Sn-Ta,Mn0.4Fe0.3Ta0.3,3,0.4,0.3,0,0,0,0,0,0.3,0,0,0
sample_9d95cfc8f42c6c8d,Mn-Fe-Co-Ni-La-Ce|Co0.1Ni0.1Ce0.8,Mn-Fe-Co-Ni-La-Ce,Co0.1Ni0.1Ce0.8,3,0,0,0.1,0.1,0,0.8,0,0,0,0,0
sample_9da5f46e47059061,Ca-Mn-Co-Ni-Sn-Sb|Ca0.5Co0.2Sb0.3,Ca-Mn-Co-Ni-Sn-Sb,Ca0.5Co0.2Sb0.3,3,0,0,0.2,0,0,0,0,0,0,0.5,0.3
sample_9db2004c77019b0d,Mn-Fe-Co-Cu-Sn-Ta|Fe0.1Co0.1Sn0.8,Mn-Fe-Co-Cu-Sn-Ta,Fe0.1Co0.1Sn0.8,3,0,0.1,0.1,0,0,0,0,0,0.8,0,0
sample_9dd1171bf8bbe8b6,Mn-Fe-Co-Cu-Sn-Ta|Mn0.3Cu0.7,Mn-Fe-Co-Cu-Sn-Ta,Mn0.3Cu0.7,2,0.3,0,0,0,0,0,0.7,0,0,0,0
sample_9ddc5e70772495ef,Mn-Fe-Co-Ni-Cu-Ta|Mn0.2Co0.4Ta0.4,Mn-Fe-Co-Ni-Cu-Ta,Mn0.2Co0.4Ta0.4,3,0.2,0,0.4,0,0,0,0,0.4,0,0,0
sample_9de588058c4bdbf4,Ca-Mn-Co-Ni-Sn-Sb|Co0.2Ni0.2Sb0.6,Ca-Mn-Co-Ni-Sn-Sb,Co0.2Ni0.2Sb0.6,3,0,0,0.2,0.2,0,0,0,0,0,0,0.6
sample_9dffdb3e8db39901,Mn-Fe-Co-Cu-Sn-Ta|Co0.6Ta0.4,Mn-Fe-Co-Cu-Sn-Ta,Co0.6Ta0.4,2,0,0,0.6,0,0,0,0,0.4,0,0,0
sample_9e0b654089f809f3,Ca-Mn-Co-Ni-Sn-Sb|Ca0.6Sn0.3Sb0.1,Ca-Mn-Co-Ni-Sn-Sb,Ca0.6Sn0.3Sb0.1,3,0,0,0,0,0,0,0,0,0.3,0.6,0.1
sample_9e5df55313cdf939,Ca-Mn-Co-Ni-Sn-Sb|Mn0.5Co0.3Sn0.2,Ca-Mn-Co-Ni-Sn-Sb,Mn0.5Co0.3Sn0.2,3,0.5,0,0.3,0,0,0,0,0,0.2,0,0
sample_9e6135579435adc6,Mn-Fe-Co-Ni-Cu-Ta|Mn0.5Ni0.1Ta0.4,Mn-Fe-Co-Ni-Cu-Ta,Mn0.5Ni0.1Ta0.4,3,0.5,0,0,0.1,0,0,0,0.4,0,0,0
sample_9e668a3564b914f5,Mn-Fe-Co-Ni-Cu-Ta|Co0.2Ni0.4Ta0.4,Mn-Fe-Co-Ni-Cu-Ta,Co0.2Ni0.4Ta0.4,3,0,0,0.2,0.4,0,0,0,0.4,0,0,0
sample_9e708dfd155c0aab,Ca-Mn-Co-Ni-Sn-Sb|Ca0.9Ni0.1,Ca-Mn-Co-Ni-Sn-Sb,Ca0.9Ni0.1,2,0,0,0,0.1,0,0,0,0,0,0.9,0
sample_9e8480f93cfab3c0,Mn-Fe-Co-Cu-Sn-Ta|Mn0.6Fe0.1Sn0.3,Mn-Fe-Co-Cu-Sn-Ta,Mn0.6Fe0.1Sn0.3,3,0.6,0.1,0,0,0,0,0,0,0.3,0,0
sample_9e9d527d7335d10e,Mn-Fe-Co-Ni-Cu-Ta|Mn0.5Fe0.3Ni0.2,Mn-Fe-Co-Ni-Cu-Ta,Mn0.5Fe0.3Ni0.2,3,0.5,0.3,0,0.2,0,0,0,0,0,0,0
sample_9eb13283528933a2,Mn-Fe-Co-Cu-Sn-Ta|Mn0.4Fe0.5Cu0.1,Mn-Fe-Co-Cu-Sn-Ta,Mn0.4Fe0.5Cu0.1,3,0.4,0.5,0,0,0,0,0.1,0,0,0,0
sample_9ec26935bbfa8305,Ca-Mn-Co-Ni-Sn-Sb|Co0.2Sn0.2Sb0.6,Ca-Mn-Co-Ni-Sn-Sb,Co0.2Sn0.2Sb0.6,3,0,0,0.2,0,0,0,0,0,0.2,0,0.6
sample_9ec78ae37747ddda,Mn-Fe-Co-Ni-Cu-Ta|Ni0.2Cu0.5Ta0.3,Mn-Fe-Co-Ni-Cu-Ta,Ni0.2Cu0.5Ta0.3,3,0,0,0,0.2,0,0,0.5,0.3,0,0,0
sample_9ed56ca54f52992f,Ca-Mn-Co-Ni-Sn-Sb|Mn0.5Sn0.3Sb0.2,Ca-Mn-Co-Ni-Sn-Sb,Mn0.5Sn0.3Sb0.2,3,0.5,0,0,0,0,0,0,0,0.3,0,0.2
sample_9ed800eb084227ab,Ca-Mn-Co-Ni-Sn-Sb|Ca0.5Co0.1Sn0.4,Ca-Mn-Co-Ni-Sn-Sb,Ca0.5Co0.1Sn0.4,3,0,0,0.1,0,0,0,0,0,0.4,0.5,0
sample_9ee5d1f985013ed3,Mn-Fe-Co-Ni-Cu-Ta|Fe0.4Co0.3Ni0.3,Mn-Fe-Co-Ni-Cu-Ta,Fe0.4Co0.3Ni0.3,3,0,0.4,0.3,0.3,0,0,0,0,0,0,0
sample_9ef71d2b240ce4aa,Mn-Fe-Co-Ni-La-Ce|Co0.2Ni0.1La0.7,Mn-Fe-Co-Ni-La-Ce,Co0.2Ni0.1La0.7,3,0,0,0.2,0.1,0.7,0,0,0,0,0,0
sample_9f0f9fecfd80d9a1,Ca-Mn-Co-Ni-Sn-Sb|Ca0.5Sn0.4Sb0.1,Ca-Mn-Co-Ni-Sn-Sb,Ca0.5Sn0.4Sb0.1,3,0,0,0,0,0,0,0,0,0.4,0.5,0.1
sample_9f103680d89f2c05,Mn-Fe-Co-Cu-Sn-Ta|Co0.1Cu0.7Sn0.2,Mn-Fe-Co-Cu-Sn-Ta,Co0.1Cu0.7Sn0.2,3,0,0,0.1,0,0,0,0.7,0,0.2,0,0
sample_9f265007672bef53,Ca-Mn-Co-Ni-Sn-Sb|Co0.4Ni0.3Sb0.3,Ca-Mn-Co-Ni-Sn-Sb,Co0.4Ni0.3Sb0.3,3,0,0,0.4,0.3,0,0,0,0,0,0,0.3
sample_9f385a9a9455a9bc,Mn-Fe-Co-Ni-Cu-Ta|Mn0.4Ni0.2Cu0.4,Mn-Fe-Co-Ni-Cu-Ta,Mn0.4Ni0.2Cu0.4,3,0.4,0,0,0.2,0,0,0.4,0,0,0,0
sample_9f47c0481ace5eeb,Mn-Fe-Co-Ni-La-Ce|Mn0.6Co0.2Ce0.2,Mn-Fe-Co-Ni-La-Ce,Mn0.6Co0.2Ce0.2,3,0.6,0,0.2,0,0,0.2,0,0,0,0,0
sample_9f55fe346b3661dd,Mn-Fe-Co-Ni-Cu-Ta|Mn0.1Cu0.7Ta0.2,Mn-Fe-Co-Ni-Cu-Ta,Mn0.1Cu0.7Ta0.2,3,0.1,0,0,0,0,0,0.7,0.2,0,0,0
sample_9f65c572c4cc7480,Mn-Fe-Co-Cu-Sn-Ta|Fe0.2Cu0.3Sn0.5,Mn-Fe-Co-Cu-Sn-Ta,Fe0.2Cu0.3Sn0.5,3,0,0.2,0,0,0,0,0.3,0,0.5,0,0
sample_9f6c1c6f3965f3cd,Mn-Fe-Co-Ni-Cu-Ta|Fe0.7Co0.1Ta0.2,Mn-Fe-Co-Ni-Cu-Ta,Fe0.7Co0.1Ta0.2,3,0,0.7,0.1,0,0,0,0,0.2,0,0,0
sample_9f8530ae023a5420,Ca-Mn-Co-Ni-Sn-Sb|Mn0.1Sn0.5Sb0.4,Ca-Mn-Co-Ni-Sn-Sb,Mn0.1Sn0.5Sb0.4,3,0.1,0,0,0,0,0,0,0,0.5,0,0.4
sample_9f9b8d60a7331ae4,Mn-Fe-Co-Ni-La-Ce|Co0.5Ni0.3La0.2,Mn-Fe-Co-Ni-La-Ce,Co0.5Ni0.3La0.2,3,0,0,0.5,0.3,0.2,0,0,0,0,0,0
sample_9fafa58092884137,Mn-Fe-Co-Cu-Sn-Ta|Co0.4Cu0.2Ta0.4,Mn-Fe-Co-Cu-Sn-Ta,Co0.4Cu0.2Ta0.4,3,0,0,0.4,0,0,0,0.2,0.4,0,0,0
sample_9fb5cf2c3018fff8,Mn-Fe-Co-Cu-Sn-Ta|Co0.2Sn0.7Ta0.1,Mn-Fe-Co-Cu-Sn-Ta,Co0.2Sn0.7Ta0.1,3,0,0,0.2,0,0,0,0,0.1,0.7,0,0
sample_9fba2777df155f53,Mn-Fe-Co-Cu-Sn-Ta|Mn0.3Co0.4Ta0.3,Mn-Fe-Co-Cu-Sn-Ta,Mn0.3Co0.4Ta0.3,3,0.3,0,0.4,0,0,0,0,0.3,0,0,0
sample_9fbe4aded2599a48,Mn-Fe-Co-Cu-Sn-Ta|Mn0.6Fe0.2Cu0.2,Mn-Fe-Co-Cu-Sn-Ta,Mn0.6Fe0.2Cu0.2,3,0.6,0.2,0,0,0,0,0.2,0,0,0,0
sample_9fd734de7e1ab601,Ca-Mn-Co-Ni-Sn-Sb|Co0.6Sn0.1Sb0.3,Ca-Mn-Co-Ni-Sn-Sb,Co0.6Sn0.1Sb0.3,3,0,0,0.6,0,0,0,0,0,0.1,0,0.3
sample_a007ccc8c4e64d25,Ca-Mn-Co-Ni-Sn-Sb|Mn0.4Sn0.4Sb0.2,Ca-Mn-Co-Ni-Sn-Sb,Mn0.4Sn0.4Sb0.2,3,0.4,0,0,0,0,0,0,0,0.4,0,0.2
sample_a0289802617fa432,Mn-Fe-Co-Ni-La-Ce|Mn0.2Fe0.5Ce0.3,Mn-Fe-Co-Ni-La-Ce,Mn0.2Fe0.5Ce0.3,3,0.2,0.5,0,0,0,0.3,0,0,0,0,0
sample_a0918a14db3cc2c5,Ca-Mn-Co-Ni-Sn-Sb|Ca0.8Sn0.1Sb0.1,Ca-Mn-Co-Ni-Sn-Sb,Ca0.8Sn0.1Sb0.1,3,0,0,0,0,0,0,0,0,0.1,0.8,0.1
sample_a09e49024a19f745,Mn-Fe-Co-Ni-Cu-Ta|Mn0.1Co0.4Ni0.5,Mn-Fe-Co-Ni-Cu-Ta,Mn0.1Co0.4Ni0.5,3,0.1,0,0.4,0.5,0,0,0,0,0,0,0
sample_a0ab893ff1ac5d0e,Mn-Fe-Co-Ni-La-Ce|Mn0.3Co0.4Ni0.3,Mn-Fe-Co-Ni-La-Ce,Mn0.3Co0.4Ni0.3,3,0.3,0,0.4,0.3,0,0,0,0,0,0,0
sample_a0b6e7266aac590b,Mn-Fe-Co-Cu-Sn-Ta|Fe0.9Cu0.1,Mn-Fe-Co-Cu-Sn-Ta,Fe0.9Cu0.1,2,0,0.9,0,0,0,0,0.1,0,0,0,0
sample_a0b97f86e057357a,Mn-Fe-Co-Ni-La-Ce|Mn0.8Co0.1Ce0.1,Mn-Fe-Co-Ni-La-Ce,Mn0.8Co0.1Ce0.1,3,0.8,0,0.1,0,0,0.1,0,0,0,0,0
sample_a0cb3690563da95f,Mn-Fe-Co-Cu-Sn-Ta|Mn0.1Sn0.2Ta0.7,Mn-Fe-Co-Cu-Sn-Ta,Mn0.1Sn0.2Ta0.7,3,0.1,0,0,0,0,0,0,0.7,0.2,0,0
sample_a0ede3681eb0fedb,Mn-Fe-Co-Ni-La-Ce|Mn0.5Ni0.1Ce0.4,Mn-Fe-Co-Ni-La-Ce,Mn0.5Ni0.1Ce0.4,3,0.5,0,0,0.1,0,0.4,0,0,0,0,0
sample_a0f1f60da969afd7,Mn-Fe-Co-Cu-Sn-Ta|Co0.6Cu0.2Ta0.2,Mn-Fe-Co-Cu-Sn-Ta,Co0.6Cu0.2Ta0.2,3,0,0,0.6,0,0,0,0.2,0.2,0,0,0
sample_a1052b080188099a,Mn-Fe-Co-Cu-Sn-Ta|Cu0.4Sn0.4Ta0.2,Mn-Fe-Co-Cu-Sn-Ta,Cu0.4Sn0.4Ta0.2,3,0,0,0,0,0,0,0.4,0.2,0.4,0,0
sample_a12c19e0d2329313,Ca-Mn-Co-Ni-Sn-Sb|Co0.1Ni0.7Sb0.2,Ca-Mn-Co-Ni-Sn-Sb,Co0.1Ni0.7Sb0.2,3,0,0,0.1,0.7,0,0,0,0,0,0,0.2
sample_a131d46591c7062f,Mn-Fe-Co-Cu-Sn-Ta|Fe0.3Co0.2Ta0.5,Mn-Fe-Co-Cu-Sn-Ta,Fe0.3Co0.2Ta0.5,3,0,0.3,0.2,0,0,0,0,0.5,0,0,0
sample_a15aab952666b8b1,Mn-Fe-Co-Ni-Cu-Ta|Fe0.3Ni0.6Cu0.1,Mn-Fe-Co-Ni-Cu-Ta,Fe0.3Ni0.6Cu0.1,3,0,0.3,0,0.6,0,0,0.1,0,0,0,0
sample_a15b472b475bc72e,Ca-Mn-Co-Ni-Sn-Sb|Mn0.1Co0.7Sb0.2,Ca-Mn-Co-Ni-Sn-Sb,Mn0.1Co0.7Sb0.2,3,0.1,0,0.7,0,0,0,0,0,0,0,0.2
sample_a1ce3ad277fab24d,Mn-Fe-Co-Ni-Cu-Ta|Mn0.1Fe0.4Co0.5,Mn-Fe-Co-Ni-Cu-Ta,Mn0.1Fe0.4Co0.5,3,0.1,0.4,0.5,0,0,0,0,0,0,0,0
sample_a1ce54ba741efe81,Mn-Fe-Co-Cu-Sn-Ta|Fe0.3Co0.6Cu0.1,Mn-Fe-Co-Cu-Sn-Ta,Fe0.3Co0.6Cu0.1,3,0,0.3,0.6,0,0,0,0.1,0,0,0,0
sample_a1d3310e984e62ea,Mn-Fe-Co-Ni-Cu-Ta|Ni0.1Cu0.6Ta0.3,Mn-Fe-Co-Ni-Cu-Ta,Ni0.1Cu0.6Ta0.3,3,0,0,0,0.1,0,0,0.6,0.3,0,0,0
sample_a1d5e339c09e26d9,Mn-Fe-Co-Ni-La-Ce|Mn0.7Fe0.2Ce0.1,Mn-Fe-Co-Ni-La-Ce,Mn0.7Fe0.2Ce0.1,3,0.7,0.2,0,0,0,0.1,0,0,0,0,0
sample_a1ebf47563a88169,Mn-Fe-Co-Cu-Sn-Ta|Mn0.1Fe0.9,Mn-Fe-Co-Cu-Sn-Ta,Mn0.1Fe0.9,2,0.1,0.9,0,0,0,0,0,0,0,0,0
sample_a1f520c76b0020c2,Mn-Fe-Co-Ni-La-Ce|Mn0.2Ni0.1Ce0.7,Mn-Fe-Co-Ni-La-Ce,Mn0.2Ni0.1Ce0.7,3,0.2,0,0,0.1,0,0.7,0,0,0,0,0
sample_a22c9027a14563f0,Mn-Fe-Co-Cu-Sn-Ta|Co0.1Cu0.3Sn0.6,Mn-Fe-Co-Cu-Sn-Ta,Co0.1Cu0.3Sn0.6,3,0,0,0.1,0,0,0,0.3,0,0.6,0,0
sample_a237911ec8fe547c,Mn-Fe-Co-Ni-Cu-Ta|Mn0.1Ni0.6Ta0.3,Mn-Fe-Co-Ni-Cu-Ta,Mn0.1Ni0.6Ta0.3,3,0.1,0,0,0.6,0,0,0,0.3,0,0,0
sample_a23e26fcf66863d7,Mn-Fe-Co-Ni-La-Ce|Mn0.3Fe0.5La0.2,Mn-Fe-Co-Ni-La-Ce,Mn0.3Fe0.5La0.2,3,0.3,0.5,0,0,0.2,0,0,0,0,0,0
sample_a2559f5249219d1d,Mn-Fe-Co-Ni-La-Ce|Mn0.5Ni0.3Ce0.2,Mn-Fe-Co-Ni-La-Ce,Mn0.5Ni0.3Ce0.2,3,0.5,0,0,0.3,0,0.2,0,0,0,0,0
sample_a270c1c08a813530,Mn-Fe-Co-Ni-Cu-Ta|Mn0.2Co0.4Cu0.4,Mn-Fe-Co-Ni-Cu-Ta,Mn0.2Co0.4Cu0.4,3,0.2,0,0.4,0,0,0,0.4,0,0,0,0
sample_a27c448b7a14e816,Mn-Fe-Co-Cu-Sn-Ta|Co0.7Sn0.3,Mn-Fe-Co-Cu-Sn-Ta,Co0.7Sn0.3,2,0,0,0.7,0,0,0,0,0,0.3,0,0
sample_a2806451da907983,Mn-Fe-Co-Cu-Sn-Ta|Fe0.2Co0.6Ta0.2,Mn-Fe-Co-Cu-Sn-Ta,Fe0.2Co0.6Ta0.2,3,0,0.2,0.6,0,0,0,0,0.2,0,0,0
sample_a282abae6e4fdb83,Mn-Fe-Co-Ni-Cu-Ta|Mn0.3Ta0.7,Mn-Fe-Co-Ni-Cu-Ta,Mn0.3Ta0.7,2,0.3,0,0,0,0,0,0,0.7,0,0,0
sample_a2a067e7cf866b23,Mn-Fe-Co-Cu-Sn-Ta|Fe0.5Cu0.4Sn0.1,Mn-Fe-Co-Cu-Sn-Ta,Fe0.5Cu0.4Sn0.1,3,0,0.5,0,0,0,0,0.4,0,0.1,0,0
sample_a2a57c98e20fdaa8,Mn-Fe-Co-Ni-Cu-Ta|Mn0.6Co0.1Ni0.3,Mn-Fe-Co-Ni-Cu-Ta,Mn0.6Co0.1Ni0.3,3,0.6,0,0.1,0.3,0,0,0,0,0,0,0
sample_a2a7da53a4b57681,Mn-Fe-Co-Ni-La-Ce|Fe0.1Ni0.2La0.7,Mn-Fe-Co-Ni-La-Ce,Fe0.1Ni0.2La0.7,3,0,0.1,0,0.2,0.7,0,0,0,0,0,0
sample_a2dc85d5d97c4a54,Ca-Mn-Co-Ni-Sn-Sb|Mn0.4Co0.2Sb0.4,Ca-Mn-Co-Ni-Sn-Sb,Mn0.4Co0.2Sb0.4,3,0.4,0,0.2,0,0,0,0,0,0,0,0.4
sample_a2df4e4c0f7ce595,Ca-Mn-Co-Ni-Sn-Sb|Mn0.3Co0.1Sb0.6,Ca-Mn-Co-Ni-Sn-Sb,Mn0.3Co0.1Sb0.6,3,0.3,0,0.1,0,0,0,0,0,0,0,0.6
sample_a2e3ff0d1c2adc1b,Mn-Fe-Co-Ni-Cu-Ta|Co0.1Cu0.3Ta0.6,Mn-Fe-Co-Ni-Cu-Ta,Co0.1Cu0.3Ta0.6,3,0,0,0.1,0,0,0,0.3,0.6,0,0,0
sample_a2e65acd360e7b47,Ca-Mn-Co-Ni-Sn-Sb|Co0.3Ni0.2Sb0.5,Ca-Mn-Co-Ni-Sn-Sb,Co0.3Ni0.2Sb0.5,3,0,0,0.3,0.2,0,0,0,0,0,0,0.5
sample_a2f83741d77028dd,Mn-Fe-Co-Ni-Cu-Ta|Fe0.2Co0.6Cu0.2,Mn-Fe-Co-Ni-Cu-Ta,Fe0.2Co0.6Cu0.2,3,0,0.2,0.6,0,0,0,0.2,0,0,0,0
sample_a359486404aa5dc0,Mn-Fe-Co-Ni-La-Ce|Mn0.1Ni0.6La0.3,Mn-Fe-Co-Ni-La-Ce,Mn0.1Ni0.6La0.3,3,0.1,0,0,0.6,0.3,0,0,0,0,0,0
sample_a371362dd3b246ee,Mn-Fe-Co-Ni-Cu-Ta|Co0.3Cu0.7,Mn-Fe-Co-Ni-Cu-Ta,Co0.3Cu0.7,2,0,0,0.3,0,0,0,0.7,0,0,0,0
sample_a37751f344ba01d8,Mn-Fe-Co-Ni-Cu-Ta|Fe0.6Co0.3Ta0.1,Mn-Fe-Co-Ni-Cu-Ta,Fe0.6Co0.3Ta0.1,3,0,0.6,0.3,0,0,0,0,0.1,0,0,0
sample_a380d5455d567020,Mn-Fe-Co-Cu-Sn-Ta|Co0.2Cu0.5Sn0.3,Mn-Fe-Co-Cu-Sn-Ta,Co0.2Cu0.5Sn0.3,3,0,0,0.2,0,0,0,0.5,0,0.3,0,0
sample_a38a462b07f1c1b3,Mn-Fe-Co-Ni-La-Ce|Mn0.2Ni0.6La0.2,Mn-Fe-Co-Ni-La-Ce,Mn0.2Ni0.6La0.2,3,0.2,0,0,0.6,0.2,0,0,0,0,0,0
sample_a38bd68fb3a8ce83,Mn-Fe-Co-Ni-Cu-Ta|Fe0.4Co0.4Ta0.2,Mn-Fe-Co-Ni-Cu-Ta,Fe0.4Co0.4Ta0.2,3,0,0.4,0.4,0,0,0,0,0.2,0,0,0
sample_a3a413ef113b1662,Mn-Fe-Co-Cu-Sn-Ta|Mn0.6Cu0.3Sn0.1,Mn-Fe-Co-Cu-Sn-Ta,Mn0.6Cu0.3Sn0.1,3,0.6,0,0,0,0,0,0.3,0,0.1,0,0
sample_a3e46abc4a8145ae,Mn-Fe-Co-Cu-Sn-Ta|Fe0.7Co0.3,Mn-Fe-Co-Cu-Sn-Ta,Fe0.7Co0.3,2,0,0.7,0.3,0,0,0,0,0,0,0,0
sample_a3e8172634024b1b,Mn-Fe-Co-Ni-La-Ce|Fe0.5La0.3Ce0.2,Mn-Fe-Co-Ni-La-Ce,Fe0.5La0.3Ce0.2,3,0,0.5,0,0,0.3,0.2,0,0,0,0,0
sample_a3feb60cccddccc6,Mn-Fe-Co-Cu-Sn-Ta|Fe0.5Co0.1Cu0.4,Mn-Fe-Co-Cu-Sn-Ta,Fe0.5Co0.1Cu0.4,3,0,0.5,0.1,0,0,0,0.4,0,0,0,0
sample_a40200f94328b8c2,Mn-Fe-Co-Cu-Sn-Ta|Co0.6Cu0.3Sn0.1,Mn-Fe-Co-Cu-Sn-Ta,Co0.6Cu0.3Sn0.1,3,0,0,0.6,0,0,0,0.3,0,0.1,0,0
sample_a411996409f6b8ad,Ca-Mn-Co-Ni-Sn-Sb|Co0.1Ni0.8Sn0.1,Ca-Mn-Co-Ni-Sn-Sb,Co0.1Ni0.8Sn0.1,3,0,0,0.1,0.8,0,0,0,0,0.1,0,0
sample_a432407c105a51a5,Mn-Fe-Co-Ni-Cu-Ta|Fe0.3Cu0.7,Mn-Fe-Co-Ni-Cu-Ta,Fe0.3Cu0.7,2,0,0.3,0,0,0,0,0.7,0,0,0,0
sample_a442a5bf4464154f,Mn-Fe-Co-Ni-La-Ce|Ni0.8La0.1Ce0.1,Mn-Fe-Co-Ni-La-Ce,Ni0.8La0.1Ce0.1,3,0,0,0,0.8,0.1,0.1,0,0,0,0,0
sample_a45416473b86de61,Ca-Mn-Co-Ni-Sn-Sb|Ni0.8Sn0.1Sb0.1,Ca-Mn-Co-Ni-Sn-Sb,Ni0.8Sn0.1Sb0.1,3,0,0,0,0.8,0,0,0,0,0.1,0,0.1
sample_a4605c0b804a0b81,Mn-Fe-Co-Cu-Sn-Ta|Fe0.6Co0.4,Mn-Fe-Co-Cu-Sn-Ta,Fe0.6Co0.4,2,0,0.6,0.4,0,0,0,0,0,0,0,0
sample_a48de32b5d9b90fe,Mn-Fe-Co-Cu-Sn-Ta|Mn0.1Fe0.5Co0.4,Mn-Fe-Co-Cu-Sn-Ta,Mn0.1Fe0.5Co0.4,3,0.1,0.5,0.4,0,0,0,0,0,0,0,0
sample_a4af381ac052abb3,Mn-Fe-Co-Ni-Cu-Ta|Fe0.2Ni0.7Ta0.1,Mn-Fe-Co-Ni-Cu-Ta,Fe0.2Ni0.7Ta0.1,3,0,0.2,0,0.7,0,0,0,0.1,0,0,0
sample_a4c3f2147bc667d3,Ca-Mn-Co-Ni-Sn-Sb|Ca0.4Mn0.2Co0.4,Ca-Mn-Co-Ni-Sn-Sb,Ca0.4Mn0.2Co0.4,3,0.2,0,0.4,0,0,0,0,0,0,0.4,0
sample_a4f4fd549df889df,Ca-Mn-Co-Ni-Sn-Sb|Ca0.4Ni0.4Sb0.2,Ca-Mn-Co-Ni-Sn-Sb,Ca0.4Ni0.4Sb0.2,3,0,0,0,0.4,0,0,0,0,0,0.4,0.2
sample_a5311bac69fe2212,Mn-Fe-Co-Ni-La-Ce|Fe0.4Co0.1Ni0.5,Mn-Fe-Co-Ni-La-Ce,Fe0.4Co0.1Ni0.5,3,0,0.4,0.1,0.5,0,0,0,0,0,0,0
sample_a5504d4b02089458,Mn-Fe-Co-Ni-La-Ce|Mn0.7Ni0.1La0.2,Mn-Fe-Co-Ni-La-Ce,Mn0.7Ni0.1La0.2,3,0.7,0,0,0.1,0.2,0,0,0,0,0,0
sample_a568843bffc27656,Mn-Fe-Co-Ni-La-Ce|Fe0.6Co0.3La0.1,Mn-Fe-Co-Ni-La-Ce,Fe0.6Co0.3La0.1,3,0,0.6,0.3,0,0.1,0,0,0,0,0,0
sample_a56cb3bf22c76d1c,Ca-Mn-Co-Ni-Sn-Sb|Mn0.4Co0.3Ni0.3,Ca-Mn-Co-Ni-Sn-Sb,Mn0.4Co0.3Ni0.3,3,0.4,0,0.3,0.3,0,0,0,0,0,0,0
sample_a5718ba989591578,Mn-Fe-Co-Ni-La-Ce|Fe0.3Co0.3Ce0.4,Mn-Fe-Co-Ni-La-Ce,Fe0.3Co0.3Ce0.4,3,0,0.3,0.3,0,0,0.4,0,0,0,0,0
sample_a577dc8892b5b039,Ca-Mn-Co-Ni-Sn-Sb|Ca0.3Mn0.4Co0.3,Ca-Mn-Co-Ni-Sn-Sb,Ca0.3Mn0.4Co0.3,3,0.4,0,0.3,0,0,0,0,0,0,0.3,0
sample_a5827b3e7a843cf2,Ca-Mn-Co-Ni-Sn-Sb|Co0.6Ni0.3Sn0.1,Ca-Mn-Co-Ni-Sn-Sb,Co0.6Ni0.3Sn0.1,3,0,0,0.6,0.3,0,0,0,0,0.1,0,0
sample_a58609242e393eab,Mn-Fe-Co-Ni-Cu-Ta|Fe0.1Co0.4Cu0.5,Mn-Fe-Co-Ni-Cu-Ta,Fe0.1Co0.4Cu0.5,3,0,0.1,0.4,0,0,0,0.5,0,0,0,0
sample_a59fa85f64adbde3,Mn-Fe-Co-Cu-Sn-Ta|Mn0.3Fe0.3Sn0.4,Mn-Fe-Co-Cu-Sn-Ta,Mn0.3Fe0.3Sn0.4,3,0.3,0.3,0,0,0,0,0,0,0.4,0,0
sample_a59faa934d91b3d7,Ca-Mn-Co-Ni-Sn-Sb|Mn0.4Co0.1Sb0.5,Ca-Mn-Co-Ni-Sn-Sb,Mn0.4Co0.1Sb0.5,3,0.4,0,0.1,0,0,0,0,0,0,0,0.5
sample_a5a114b9312d6647,Mn-Fe-Co-Ni-La-Ce|Mn0.2Co0.4Ce0.4,Mn-Fe-Co-Ni-La-Ce,Mn0.2Co0.4Ce0.4,3,0.2,0,0.4,0,0,0.4,0,0,0,0,0
sample_a5ff7788b6baf2af,Mn-Fe-Co-Ni-Cu-Ta|Mn0.6Fe0.1Co0.3,Mn-Fe-Co-Ni-Cu-Ta,Mn0.6Fe0.1Co0.3,3,0.6,0.1,0.3,0,0,0,0,0,0,0,0
sample_a605ff1ee34e4f51,Mn-Fe-Co-Ni-Cu-Ta|Mn0.2Ni0.3Cu0.5,Mn-Fe-Co-Ni-Cu-Ta,Mn0.2Ni0.3Cu0.5,3,0.2,0,0,0.3,0,0,0.5,0,0,0,0
sample_a60cbcc97993b770,Mn-Fe-Co-Ni-Cu-Ta|Fe0.2Ni0.5Ta0.3,Mn-Fe-Co-Ni-Cu-Ta,Fe0.2Ni0.5Ta0.3,3,0,0.2,0,0.5,0,0,0,0.3,0,0,0
sample_a62666e0f62962bd,Mn-Fe-Co-Cu-Sn-Ta|Co0.8Cu0.1Sn0.1,Mn-Fe-Co-Cu-Sn-Ta,Co0.8Cu0.1Sn0.1,3,0,0,0.8,0,0,0,0.1,0,0.1,0,0
sample_a63834de05402789,Ca-Mn-Co-Ni-Sn-Sb|Ca0.2Mn0.3Sn0.5,Ca-Mn-Co-Ni-Sn-Sb,Ca0.2Mn0.3Sn0.5,3,0.3,0,0,0,0,0,0,0,0.5,0.2,0
sample_a64331d6cc8172dd,Mn-Fe-Co-Ni-Cu-Ta|Mn0.4Co0.3Ta0.3,Mn-Fe-Co-Ni-Cu-Ta,Mn0.4Co0.3Ta0.3,3,0.4,0,0.3,0,0,0,0,0.3,0,0,0
sample_a64c8fec24321bc6,Ca-Mn-Co-Ni-Sn-Sb|Co0.6Sn0.2Sb0.2,Ca-Mn-Co-Ni-Sn-Sb,Co0.6Sn0.2Sb0.2,3,0,0,0.6,0,0,0,0,0,0.2,0,0.2
sample_a67a0c53e348a3f4,Ca-Mn-Co-Ni-Sn-Sb|Ca0.3Ni0.7,Ca-Mn-Co-Ni-Sn-Sb,Ca0.3Ni0.7,2,0,0,0,0.7,0,0,0,0,0,0.3,0
sample_a67ac201eaaec099,Mn-Fe-Co-Cu-Sn-Ta|Mn0.5Cu0.4Sn0.1,Mn-Fe-Co-Cu-Sn-Ta,Mn0.5Cu0.4Sn0.1,3,0.5,0,0,0,0,0,0.4,0,0.1,0,0
sample_a699ff28c6ca98f3,Mn-Fe-Co-Cu-Sn-Ta|Mn0.1Co0.6Cu0.3,Mn-Fe-Co-Cu-Sn-Ta,Mn0.1Co0.6Cu0.3,3,0.1,0,0.6,0,0,0,0.3,0,0,0,0
sample_a6b075cda97aa7d3,Mn-Fe-Co-Ni-Cu-Ta|Mn0.4Fe0.3Cu0.3,Mn-Fe-Co-Ni-Cu-Ta,Mn0.4Fe0.3Cu0.3,3,0.4,0.3,0,0,0,0,0.3,0,0,0,0
sample_a6c31482b0743be5,Ca-Mn-Co-Ni-Sn-Sb|Mn0.5Ni0.2Sb0.3,Ca-Mn-Co-Ni-Sn-Sb,Mn0.5Ni0.2Sb0.3,3,0.5,0,0,0.2,0,0,0,0,0,0,0.3
sample_a74016029f11c523,Mn-Fe-Co-Cu-Sn-Ta|Co0.3Sn0.2Ta0.5,Mn-Fe-Co-Cu-Sn-Ta,Co0.3Sn0.2Ta0.5,3,0,0,0.3,0,0,0,0,0.5,0.2,0,0
sample_a74e1e8076f13e23,Mn-Fe-Co-Ni-Cu-Ta|Co0.3Ni0.1Ta0.6,Mn-Fe-Co-Ni-Cu-Ta,Co0.3Ni0.1Ta0.6,3,0,0,0.3,0.1,0,0,0,0.6,0,0,0
sample_a7500851a3c8473b,Ca-Mn-Co-Ni-Sn-Sb|Co0.4Sn0.2Sb0.4,Ca-Mn-Co-Ni-Sn-Sb,Co0.4Sn0.2Sb0.4,3,0,0,0.4,0,0,0,0,0,0.2,0,0.4
sample_a77e59af1e0b806d,Mn-Fe-Co-Cu-Sn-Ta|Mn0.3Fe0.1Cu0.6,Mn-Fe-Co-Cu-Sn-Ta,Mn0.3Fe0.1Cu0.6,3,0.3,0.1,0,0,0,0,0.6,0,0,0,0
sample_a792cba8d3aca5b8,Mn-Fe-Co-Ni-La-Ce|Mn0.3Ni0.7,Mn-Fe-Co-Ni-La-Ce,Mn0.3Ni0.7,2,0.3,0,0,0.7,0,0,0,0,0,0,0
sample_a7aed0ad56f12e9b,Mn-Fe-Co-Ni-La-Ce|Mn0.2Ni0.5Ce0.3,Mn-Fe-Co-Ni-La-Ce,Mn0.2Ni0.5Ce0.3,3,0.2,0,0,0.5,0,0.3,0,0,0,0,0
sample_a7c84c842636bc6c,Mn-Fe-Co-Ni-Cu-Ta|Fe0.7Ta0.3,Mn-Fe-Co-Ni-Cu-Ta,Fe0.7Ta0.3,2,0,0.7,0,0,0,0,0,0.3,0,0,0
sample_a7eadc7ba2d47084,Mn-Fe-Co-Cu-Sn-Ta|Co0.8Sn0.1Ta0.1,Mn-Fe-Co-Cu-Sn-Ta,Co0.8Sn0.1Ta0.1,3,0,0,0.8,0,0,0,0,0.1,0.1,0,0
sample_a7efff8a05d543e5,Ca-Mn-Co-Ni-Sn-Sb|Ca0.8Sb0.2,Ca-Mn-Co-Ni-Sn-Sb,Ca0.8Sb0.2,2,0,0,0,0,0,0,0,0,0,0.8,0.2
sample_a7f68e1a79b54d99,Ca-Mn-Co-Ni-Sn-Sb|Ca0.5Co0.4Sb0.1,Ca-Mn-Co-Ni-Sn-Sb,Ca0.5Co0.4Sb0.1,3,0,0,0.4,0,0,0,0,0,0,0.5,0.1
sample_a7ffdcb92ec7db83,Mn-Fe-Co-Ni-Cu-Ta|Mn0.4Fe0.4Co0.2,Mn-Fe-Co-Ni-Cu-Ta,Mn0.4Fe0.4Co0.2,3,0.4,0.4,0.2,0,0,0,0,0,0,0,0
sample_a8030a11389cecff,Mn-Fe-Co-Ni-Cu-Ta|Fe0.3Ni0.5Cu0.2,Mn-Fe-Co-Ni-Cu-Ta,Fe0.3Ni0.5Cu0.2,3,0,0.3,0,0.5,0,0,0.2,0,0,0,0
sample_a80cdcaf8c339f38,Mn-Fe-Co-Ni-Cu-Ta|Fe0.1Co0.1Cu0.8,Mn-Fe-Co-Ni-Cu-Ta,Fe0.1Co0.1Cu0.8,3,0,0.1,0.1,0,0,0,0.8,0,0,0,0
sample_a83e3eda29799eef,Mn-Fe-Co-Cu-Sn-Ta|Mn0.4Co0.4Cu0.2,Mn-Fe-Co-Cu-Sn-Ta,Mn0.4Co0.4Cu0.2,3,0.4,0,0.4,0,0,0,0.2,0,0,0,0
sample_a8635e7b74ec0331,Mn-Fe-Co-Cu-Sn-Ta|Co0.1Cu0.1Sn0.8,Mn-Fe-Co-Cu-Sn-Ta,Co0.1Cu0.1Sn0.8,3,0,0,0.1,0,0,0,0.1,0,0.8,0,0
sample_a868ced47f585cd1,Ca-Mn-Co-Ni-Sn-Sb|Ca0.6Sn0.1Sb0.3,Ca-Mn-Co-Ni-Sn-Sb,Ca0.6Sn0.1Sb0.3,3,0,0,0,0,0,0,0,0,0.1,0.6,0.3
sample_a878778b86edb4a9,Mn-Fe-Co-Ni-La-Ce|Mn0.7Co0.2La0.1,Mn-Fe-Co-Ni-La-Ce,Mn0.7Co0.2La0.1,3,0.7,0,0.2,0,0.1,0,0,0,0,0,0
sample_a87d509fb40dc8cb,Mn-Fe-Co-Ni-La-Ce|Mn0.5Ni0.2Ce0.3,Mn-Fe-Co-Ni-La-Ce,Mn0.5Ni0.2Ce0.3,3,0.5,0,0,0.2,0,0.3,0,0,0,0,0
sample_a895165e9de5bfa4,Mn-Fe-Co-Ni-La-Ce|Ni0.2La0.6Ce0.2,Mn-Fe-Co-Ni-La-Ce,Ni0.2La0.6Ce0.2,3,0,0,0,0.2,0.6,0.2,0,0,0,0,0
sample_a89fe3f6f1cba9c5,Mn-Fe-Co-Ni-Cu-Ta|Mn0.8Ni0.1Cu0.1,Mn-Fe-Co-Ni-Cu-Ta,Mn0.8Ni0.1Cu0.1,3,0.8,0,0,0.1,0,0,0.1,0,0,0,0
sample_a8ae8efb5b614eb3,Mn-Fe-Co-Ni-Cu-Ta|Co0.5Ni0.2Cu0.3,Mn-Fe-Co-Ni-Cu-Ta,Co0.5Ni0.2Cu0.3,3,0,0,0.5,0.2,0,0,0.3,0,0,0,0
sample_a8c170b819016fd7,Mn-Fe-Co-Cu-Sn-Ta|Mn0.2Co0.8,Mn-Fe-Co-Cu-Sn-Ta,Mn0.2Co0.8,2,0.2,0,0.8,0,0,0,0,0,0,0,0
sample_a8d835e12868d3d9,Mn-Fe-Co-Cu-Sn-Ta|Fe0.4Cu0.5Sn0.1,Mn-Fe-Co-Cu-Sn-Ta,Fe0.4Cu0.5Sn0.1,3,0,0.4,0,0,0,0,0.5,0,0.1,0,0
sample_a8e9b1d14f2a5c84,Mn-Fe-Co-Ni-La-Ce|Co0.3Ni0.6Ce0.1,Mn-Fe-Co-Ni-La-Ce,Co0.3Ni0.6Ce0.1,3,0,0,0.3,0.6,0,0.1,0,0,0,0,0
sample_a8fc2b19f13f8e1b,Mn-Fe-Co-Cu-Sn-Ta|Fe0.1Sn0.5Ta0.4,Mn-Fe-Co-Cu-Sn-Ta,Fe0.1Sn0.5Ta0.4,3,0,0.1,0,0,0,0,0,0.4,0.5,0,0
sample_a92d61195e79ee72,Mn-Fe-Co-Ni-La-Ce|Ni0.5La0.1Ce0.4,Mn-Fe-Co-Ni-La-Ce,Ni0.5La0.1Ce0.4,3,0,0,0,0.5,0.1,0.4,0,0,0,0,0
sample_a9309b5fd25773d3,Ca-Mn-Co-Ni-Sn-Sb|Mn0.2Sn0.8,Ca-Mn-Co-Ni-Sn-Sb,Mn0.2Sn0.8,2,0.2,0,0,0,0,0,0,0,0.8,0,0
sample_a936ad3fd8e9eb42,Mn-Fe-Co-Cu-Sn-Ta|Fe0.1Cu0.4Ta0.5,Mn-Fe-Co-Cu-Sn-Ta,Fe0.1Cu0.4Ta0.5,3,0,0.1,0,0,0,0,0.4,0.5,0,0,0
sample_a9419a885e261ea4,Mn-Fe-Co-Ni-Cu-Ta|Co0.2Cu0.4Ta0.4,Mn-Fe-Co-Ni-Cu-Ta,Co0.2Cu0.4Ta0.4,3,0,0,0.2,0,0,0,0.4,0.4,0,0,0
sample_a9540920240df86e,Mn-Fe-Co-Ni-La-Ce|Mn0.6Fe0.3Co0.1,Mn-Fe-Co-Ni-La-Ce,Mn0.6Fe0.3Co0.1,3,0.6,0.3,0.1,0,0,0,0,0,0,0,0
sample_a9556e3d4c8555f7,Mn-Fe-Co-Cu-Sn-Ta|Cu0.8Sn0.1Ta0.1,Mn-Fe-Co-Cu-Sn-Ta,Cu0.8Sn0.1Ta0.1,3,0,0,0,0,0,0,0.8,0.1,0.1,0,0
sample_a95747090ae7191e,Mn-Fe-Co-Cu-Sn-Ta|Fe0.6Sn0.1Ta0.3,Mn-Fe-Co-Cu-Sn-Ta,Fe0.6Sn0.1Ta0.3,3,0,0.6,0,0,0,0,0,0.3,0.1,0,0
sample_a96ee02a7e36796e,Mn-Fe-Co-Cu-Sn-Ta|Fe0.3Cu0.2Ta0.5,Mn-Fe-Co-Cu-Sn-Ta,Fe0.3Cu0.2Ta0.5,3,0,0.3,0,0,0,0,0.2,0.5,0,0,0
sample_a996485a43e79eed,Mn-Fe-Co-Cu-Sn-Ta|Mn0.4Ta0.6,Mn-Fe-Co-Cu-Sn-Ta,Mn0.4Ta0.6,2,0.4,0,0,0,0,0,0,0.6,0,0,0
sample_a9ce5078068e91f8,Mn-Fe-Co-Cu-Sn-Ta|Fe0.3Co0.2Cu0.5,Mn-Fe-Co-Cu-Sn-Ta,Fe0.3Co0.2Cu0.5,3,0,0.3,0.2,0,0,0,0.5,0,0,0,0
sample_a9dfa21f0a886d3b,Mn-Fe-Co-Ni-Cu-Ta|Fe0.5Co0.5,Mn-Fe-Co-Ni-Cu-Ta,Fe0.5Co0.5,2,0,0.5,0.5,0,0,0,0,0,0,0,0
sample_a9f401fc14c31e1e,Mn-Fe-Co-Ni-La-Ce|Mn0.6Ni0.2Ce0.2,Mn-Fe-Co-Ni-La-Ce,Mn0.6Ni0.2Ce0.2,3,0.6,0,0,0.2,0,0.2,0,0,0,0,0
sample_a9f6f208cd1e9008,Mn-Fe-Co-Ni-Cu-Ta|Fe0.4Co0.5Ta0.1,Mn-Fe-Co-Ni-Cu-Ta,Fe0.4Co0.5Ta0.1,3,0,0.4,0.5,0,0,0,0,0.1,0,0,0
sample_aa015d80d10b9a65,Mn-Fe-Co-Cu-Sn-Ta|Co0.1Cu0.7Ta0.2,Mn-Fe-Co-Cu-Sn-Ta,Co0.1Cu0.7Ta0.2,3,0,0,0.1,0,0,0,0.7,0.2,0,0,0
sample_aa1065953a402053,Ca-Mn-Co-Ni-Sn-Sb|Ca0.2Sn0.6Sb0.2,Ca-Mn-Co-Ni-Sn-Sb,Ca0.2Sn0.6Sb0.2,3,0,0,0,0,0,0,0,0,0.6,0.2,0.2
sample_aa1e69e19c493bb1,Ca-Mn-Co-Ni-Sn-Sb|Mn0.4Co0.4Sb0.2,Ca-Mn-Co-Ni-Sn-Sb,Mn0.4Co0.4Sb0.2,3,0.4,0,0.4,0,0,0,0,0,0,0,0.2
sample_aa41af576803cb5b,Mn-Fe-Co-Ni-Cu-Ta|Mn0.4Fe0.1Cu0.5,Mn-Fe-Co-Ni-Cu-Ta,Mn0.4Fe0.1Cu0.5,3,0.4,0.1,0,0,0,0,0.5,0,0,0,0
sample_aa7040952efd6260,Mn-Fe-Co-Cu-Sn-Ta|Fe0.7Ta0.3,Mn-Fe-Co-Cu-Sn-Ta,Fe0.7Ta0.3,2,0,0.7,0,0,0,0,0,0.3,0,0,0
sample_aa7dc5458cc8b004,Mn-Fe-Co-Cu-Sn-Ta|Mn0.1Co0.7Cu0.2,Mn-Fe-Co-Cu-Sn-Ta,Mn0.1Co0.7Cu0.2,3,0.1,0,0.7,0,0,0,0.2,0,0,0,0
sample_aaad2fe282f2e123,Mn-Fe-Co-Cu-Sn-Ta|Fe0.2Cu0.3Ta0.5,Mn-Fe-Co-Cu-Sn-Ta,Fe0.2Cu0.3Ta0.5,3,0,0.2,0,0,0,0,0.3,0.5,0,0,0
sample_aabb1b83f5e46ed1,Mn-Fe-Co-Cu-Sn-Ta|Mn0.1Fe0.2Ta0.7,Mn-Fe-Co-Cu-Sn-Ta,Mn0.1Fe0.2Ta0.7,3,0.1,0.2,0,0,0,0,0,0.7,0,0,0
sample_aaeab77b8c28ed22,Ca-Mn-Co-Ni-Sn-Sb|Mn0.2Co0.8,Ca-Mn-Co-Ni-Sn-Sb,Mn0.2Co0.8,2,0.2,0,0.8,0,0,0,0,0,0,0,0
sample_aaef78480d5ef390,Mn-Fe-Co-Ni-La-Ce|Co0.6La0.1Ce0.3,Mn-Fe-Co-Ni-La-Ce,Co0.6La0.1Ce0.3,3,0,0,0.6,0,0.1,0.3,0,0,0,0,0
sample_aaf020c04526bf7e,Mn-Fe-Co-Ni-Cu-Ta|Mn0.5Ni0.4Cu0.1,Mn-Fe-Co-Ni-Cu-Ta,Mn0.5Ni0.4Cu0.1,3,0.5,0,0,0.4,0,0,0.1,0,0,0,0
sample_aafe401162c0a663,Mn-Fe-Co-Ni-Cu-Ta|Mn0.1Co0.7Cu0.2,Mn-Fe-Co-Ni-Cu-Ta,Mn0.1Co0.7Cu0.2,3,0.1,0,0.7,0,0,0,0.2,0,0,0,0
sample_aaff4c1bcd9e5e59,Mn-Fe-Co-Cu-Sn-Ta|Co0.1Ta0.9,Mn-Fe-Co-Cu-Sn-Ta,Co0.1Ta0.9,2,0,0,0.1,0,0,0,0,0.9,0,0,0
sample_ab1d6b5ac9c76095,Mn-Fe-Co-Ni-La-Ce|Fe0.3Co0.5La0.2,Mn-Fe-Co-Ni-La-Ce,Fe0.3Co0.5La0.2,3,0,0.3,0.5,0,0.2,0,0,0,0,0,0
sample_ab2ef52a0f923db5,Mn-Fe-Co-Cu-Sn-Ta|Fe0.5Co0.2Ta0.3,Mn-Fe-Co-Cu-Sn-Ta,Fe0.5Co0.2Ta0.3,3,0,0.5,0.2,0,0,0,0,0.3,0,0,0
sample_ab3576f6559c729c,Mn-Fe-Co-Ni-La-Ce|Co0.5La0.5,Mn-Fe-Co-Ni-La-Ce,Co0.5La0.5,2,0,0,0.5,0,0.5,0,0,0,0,0,0
sample_ab3d118a83a99f67,Mn-Fe-Co-Cu-Sn-Ta|Fe0.3Cu0.3Sn0.4,Mn-Fe-Co-Cu-Sn-Ta,Fe0.3Cu0.3Sn0.4,3,0,0.3,0,0,0,0,0.3,0,0.4,0,0
sample_ab4728dff98471f1,Mn-Fe-Co-Cu-Sn-Ta|Mn0.8Co0.2,Mn-Fe-Co-Cu-Sn-Ta,Mn0.8Co0.2,2,0.8,0,0.2,0,0,0,0,0,0,0,0
sample_ab6520c4c046c5a3,Mn-Fe-Co-Cu-Sn-Ta|Co0.6Cu0.1Ta0.3,Mn-Fe-Co-Cu-Sn-Ta,Co0.6Cu0.1Ta0.3,3,0,0,0.6,0,0,0,0.1,0.3,0,0,0
sample_ab6b90cf23c65838,Mn-Fe-Co-Ni-La-Ce|Co0.2La0.1Ce0.7,Mn-Fe-Co-Ni-La-Ce,Co0.2La0.1Ce0.7,3,0,0,0.2,0,0.1,0.7,0,0,0,0,0
sample_ab86af906a524594,Ca-Mn-Co-Ni-Sn-Sb|Ca0.6Mn0.1Sn0.3,Ca-Mn-Co-Ni-Sn-Sb,Ca0.6Mn0.1Sn0.3,3,0.1,0,0,0,0,0,0,0,0.3,0.6,0
sample_ab8a636a3d49a548,Mn-Fe-Co-Ni-Cu-Ta|Fe0.4Ni0.5Cu0.1,Mn-Fe-Co-Ni-Cu-Ta,Fe0.4Ni0.5Cu0.1,3,0,0.4,0,0.5,0,0,0.1,0,0,0,0
sample_ab9072780db80fce,Mn-Fe-Co-Ni-Cu-Ta|Mn0.1Co0.7Ni0.2,Mn-Fe-Co-Ni-Cu-Ta,Mn0.1Co0.7Ni0.2,3,0.1,0,0.7,0.2,0,0,0,0,0,0,0
sample_aba4b66b0b485824,Ca-Mn-Co-Ni-Sn-Sb|Ca0.1Co0.5Sn0.4,Ca-Mn-Co-Ni-Sn-Sb,Ca0.1Co0.5Sn0.4,3,0,0,0.5,0,0,0,0,0,0.4,0.1,0
sample_abb556320b253780,Mn-Fe-Co-Ni-La-Ce|Fe0.3Ni0.5Ce0.2,Mn-Fe-Co-Ni-La-Ce,Fe0.3Ni0.5Ce0.2,3,0,0.3,0,0.5,0,0.2,0,0,0,0,0
sample_abbdb666cda7c1c6,Mn-Fe-Co-Cu-Sn-Ta|Co0.3Sn0.6Ta0.1,Mn-Fe-Co-Cu-Sn-Ta,Co0.3Sn0.6Ta0.1,3,0,0,0.3,0,0,0,0,0.1,0.6,0,0
sample_abc31a256994e837,Mn-Fe-Co-Ni-Cu-Ta|Fe0.3Co0.7,Mn-Fe-Co-Ni-Cu-Ta,Fe0.3Co0.7,2,0,0.3,0.7,0,0,0,0,0,0,0,0
sample_abd2ac5bd050360a,Mn-Fe-Co-Ni-La-Ce|Fe0.1Co0.5Ce0.4,Mn-Fe-Co-Ni-La-Ce,Fe0.1Co0.5Ce0.4,3,0,0.1,0.5,0,0,0.4,0,0,0,0,0
sample_abdd5b3aac5b729a,Mn-Fe-Co-Ni-La-Ce|Mn0.1Fe0.2Co0.7,Mn-Fe-Co-Ni-La-Ce,Mn0.1Fe0.2Co0.7,3,0.1,0.2,0.7,0,0,0,0,0,0,0,0
sample_abe216654793e844,Mn-Fe-Co-Ni-La-Ce|Mn0.2Fe0.5Co0.3,Mn-Fe-Co-Ni-La-Ce,Mn0.2Fe0.5Co0.3,3,0.2,0.5,0.3,0,0,0,0,0,0,0,0
sample_ac0c36383142ea62,Ca-Mn-Co-Ni-Sn-Sb|Ca0.7Sn0.1Sb0.2,Ca-Mn-Co-Ni-Sn-Sb,Ca0.7Sn0.1Sb0.2,3,0,0,0,0,0,0,0,0,0.1,0.7,0.2
sample_ac14fbcf89fdb674,Ca-Mn-Co-Ni-Sn-Sb|Mn0.2Ni0.7Sb0.1,Ca-Mn-Co-Ni-Sn-Sb,Mn0.2Ni0.7Sb0.1,3,0.2,0,0,0.7,0,0,0,0,0,0,0.1
sample_ac1893c19eba74e0,Mn-Fe-Co-Ni-Cu-Ta|Ni0.3Cu0.2Ta0.5,Mn-Fe-Co-Ni-Cu-Ta,Ni0.3Cu0.2Ta0.5,3,0,0,0,0.3,0,0,0.2,0.5,0,0,0
sample_ac1b613907fca42b,Mn-Fe-Co-Ni-Cu-Ta|Fe0.2Co0.3Cu0.5,Mn-Fe-Co-Ni-Cu-Ta,Fe0.2Co0.3Cu0.5,3,0,0.2,0.3,0,0,0,0.5,0,0,0,0
sample_ac1dfdf5f16af5c2,Mn-Fe-Co-Cu-Sn-Ta|Mn0.2Fe0.5Co0.3,Mn-Fe-Co-Cu-Sn-Ta,Mn0.2Fe0.5Co0.3,3,0.2,0.5,0.3,0,0,0,0,0,0,0,0
sample_ac291da4d3708d84,Ca-Mn-Co-Ni-Sn-Sb|Mn0.5Co0.1Sn0.4,Ca-Mn-Co-Ni-Sn-Sb,Mn0.5Co0.1Sn0.4,3,0.5,0,0.1,0,0,0,0,0,0.4,0,0
sample_ac2bcef82787e96d,Mn-Fe-Co-Ni-La-Ce|Mn0.7Fe0.1Co0.2,Mn-Fe-Co-Ni-La-Ce,Mn0.7Fe0.1Co0.2,3,0.7,0.1,0.2,0,0,0,0,0,0,0,0
sample_ac3ce5c16758e03e,Mn-Fe-Co-Ni-La-Ce|Mn0.3Fe0.3Ce0.4,Mn-Fe-Co-Ni-La-Ce,Mn0.3Fe0.3Ce0.4,3,0.3,0.3,0,0,0,0.4,0,0,0,0,0
sample_ac4922d1f033189d,Mn-Fe-Co-Cu-Sn-Ta|Fe0.7Cu0.1Ta0.2,Mn-Fe-Co-Cu-Sn-Ta,Fe0.7Cu0.1Ta0.2,3,0,0.7,0,0,0,0,0.1,0.2,0,0,0
sample_ac65ec3e17ba965e,Mn-Fe-Co-Ni-La-Ce|Mn0.2Fe0.3Co0.5,Mn-Fe-Co-Ni-La-Ce,Mn0.2Fe0.3Co0.5,3,0.2,0.3,0.5,0,0,0,0,0,0,0,0
sample_ac6e8d5a2d634194,Mn-Fe-Co-Ni-La-Ce|Fe0.3Co0.4Ni0.3,Mn-Fe-Co-Ni-La-Ce,Fe0.3Co0.4Ni0.3,3,0,0.3,0.4,0.3,0,0,0,0,0,0,0
sample_ac888282f7543ec3,Mn-Fe-Co-Ni-La-Ce|Mn0.1Co0.4Ni0.5,Mn-Fe-Co-Ni-La-Ce,Mn0.1Co0.4Ni0.5,3,0.1,0,0.4,0.5,0,0,0,0,0,0,0
sample_acbc060b636600de,Ca-Mn-Co-Ni-Sn-Sb|Ca0.1Mn0.2Sb0.7,Ca-Mn-Co-Ni-Sn-Sb,Ca0.1Mn0.2Sb0.7,3,0.2,0,0,0,0,0,0,0,0,0.1,0.7
sample_acc393f24c55f564,Mn-Fe-Co-Ni-La-Ce|Mn0.5Fe0.2Ce0.3,Mn-Fe-Co-Ni-La-Ce,Mn0.5Fe0.2Ce0.3,3,0.5,0.2,0,0,0,0.3,0,0,0,0,0
sample_acce9f9c8900acbf,Mn-Fe-Co-Cu-Sn-Ta|Mn0.1Fe0.5Ta0.4,Mn-Fe-Co-Cu-Sn-Ta,Mn0.1Fe0.5Ta0.4,3,0.1,0.5,0,0,0,0,0,0.4,0,0,0
sample_acdb39be6fbeb0ec,Mn-Fe-Co-Cu-Sn-Ta|Mn0.4Co0.1Sn0.5,Mn-Fe-Co-Cu-Sn-Ta,Mn0.4Co0.1Sn0.5,3,0.4,0,0.1,0,0,0,0,0,0.5,0,0
sample_aced589ccab79cf7,Mn-Fe-Co-Ni-La-Ce|Fe0.2Co0.8,Mn-Fe-Co-Ni-La-Ce,Fe0.2Co0.8,2,0,0.2,0.8,0,0,0,0,0,0,0,0
sample_acf3d7aa64c87f25,Mn-Fe-Co-Ni-Cu-Ta|Mn0.1Co0.3Ni0.6,Mn-Fe-Co-Ni-Cu-Ta,Mn0.1Co0.3Ni0.6,3,0.1,0,0.3,0.6,0,0,0,0,0,0,0
sample_ad06a779ef74ea9e,Mn-Fe-Co-Ni-Cu-Ta|Mn0.4Cu0.2Ta0.4,Mn-Fe-Co-Ni-Cu-Ta,Mn0.4Cu0.2Ta0.4,3,0.4,0,0,0,0,0,0.2,0.4,0,0,0
sample_ad093b54be894bcd,Ca-Mn-Co-Ni-Sn-Sb|Mn0.6Sn0.2Sb0.2,Ca-Mn-Co-Ni-Sn-Sb,Mn0.6Sn0.2Sb0.2,3,0.6,0,0,0,0,0,0,0,0.2,0,0.2
sample_ad2383a755f02c78,Mn-Fe-Co-Cu-Sn-Ta|Co0.1Sn0.1Ta0.8,Mn-Fe-Co-Cu-Sn-Ta,Co0.1Sn0.1Ta0.8,3,0,0,0.1,0,0,0,0,0.8,0.1,0,0
sample_ad537009744602bf,Mn-Fe-Co-Cu-Sn-Ta|Fe0.4Co0.5Ta0.1,Mn-Fe-Co-Cu-Sn-Ta,Fe0.4Co0.5Ta0.1,3,0,0.4,0.5,0,0,0,0,0.1,0,0,0
sample_ad61b06e9de2cfe0,Mn-Fe-Co-Ni-La-Ce|Mn0.4Fe0.4Ce0.2,Mn-Fe-Co-Ni-La-Ce,Mn0.4Fe0.4Ce0.2,3,0.4,0.4,0,0,0,0.2,0,0,0,0,0
sample_ad805e2d163d861e,Mn-Fe-Co-Ni-La-Ce|Mn0.4Fe0.4Ni0.2,Mn-Fe-Co-Ni-La-Ce,Mn0.4Fe0.4Ni0.2,3,0.4,0.4,0,0.2,0,0,0,0,0,0,0
sample_ad87327a12e092a1,Mn-Fe-Co-Ni-Cu-Ta|Mn0.5Fe0.5,Mn-Fe-Co-Ni-Cu-Ta,Mn0.5Fe0.5,2,0.5,0.5,0,0,0,0,0,0,0,0,0
sample_ad973e27cfe2370e,Mn-Fe-Co-Cu-Sn-Ta|Mn0.6Co0.2Sn0.2,Mn-Fe-Co-Cu-Sn-Ta,Mn0.6Co0.2Sn0.2,3,0.6,0,0.2,0,0,0,0,0,0.2,0,0
sample_ad99c123836de256,Mn-Fe-Co-Ni-La-Ce|Mn0.1La0.4Ce0.5,Mn-Fe-Co-Ni-La-Ce,Mn0.1La0.4Ce0.5,3,0.1,0,0,0,0.4,0.5,0,0,0,0,0
sample_adc08209c9854132,Mn-Fe-Co-Ni-La-Ce|Mn0.1Co0.3Ni0.6,Mn-Fe-Co-Ni-La-Ce,Mn0.1Co0.3Ni0.6,3,0.1,0,0.3,0.6,0,0,0,0,0,0,0
sample_ade69c94b2d5f331,Mn-Fe-Co-Ni-La-Ce|Ni0.8La0.2,Mn-Fe-Co-Ni-La-Ce,Ni0.8La0.2,2,0,0,0,0.8,0.2,0,0,0,0,0,0
sample_ae09c75655bfb60a,Mn-Fe-Co-Ni-La-Ce|Mn0.4Fe0.2La0.4,Mn-Fe-Co-Ni-La-Ce,Mn0.4Fe0.2La0.4,3,0.4,0.2,0,0,0.4,0,0,0,0,0,0
sample_ae0ad652f4543d1f,Ca-Mn-Co-Ni-Sn-Sb|Mn0.4Sn0.2Sb0.4,Ca-Mn-Co-Ni-Sn-Sb,Mn0.4Sn0.2Sb0.4,3,0.4,0,0,0,0,0,0,0,0.2,0,0.4
sample_ae6a41ce73f59dbc,Mn-Fe-Co-Ni-Cu-Ta|Fe0.1Co0.2Cu0.7,Mn-Fe-Co-Ni-Cu-Ta,Fe0.1Co0.2Cu0.7,3,0,0.1,0.2,0,0,0,0.7,0,0,0,0
sample_ae806540b0a552c0,Mn-Fe-Co-Ni-Cu-Ta|Co0.5Ta0.5,Mn-Fe-Co-Ni-Cu-Ta,Co0.5Ta0.5,2,0,0,0.5,0,0,0,0,0.5,0,0,0
sample_aed3e11fb3a1fc99,Mn-Fe-Co-Ni-La-Ce|Mn0.4Co0.4Ni0.2,Mn-Fe-Co-Ni-La-Ce,Mn0.4Co0.4Ni0.2,3,0.4,0,0.4,0.2,0,0,0,0,0,0,0
sample_aee1e01c377198b0,Mn-Fe-Co-Ni-Cu-Ta|Fe0.2Ni0.3Ta0.5,Mn-Fe-Co-Ni-Cu-Ta,Fe0.2Ni0.3Ta0.5,3,0,0.2,0,0.3,0,0,0,0.5,0,0,0
sample_aef5dc1d1bc9f5b5,Mn-Fe-Co-Ni-La-Ce|Fe0.3Co0.4Ce0.3,Mn-Fe-Co-Ni-La-Ce,Fe0.3Co0.4Ce0.3,3,0,0.3,0.4,0,0,0.3,0,0,0,0,0
sample_af0a436239c17951,Ca-Mn-Co-Ni-Sn-Sb|Mn0.2Co0.6Sn0.2,Ca-Mn-Co-Ni-Sn-Sb,Mn0.2Co0.6Sn0.2,3,0.2,0,0.6,0,0,0,0,0,0.2,0,0
sample_af19090ffcdfa037,Mn-Fe-Co-Ni-Cu-Ta|Mn0.5Co0.4Cu0.1,Mn-Fe-Co-Ni-Cu-Ta,Mn0.5Co0.4Cu0.1,3,0.5,0,0.4,0,0,0,0.1,0,0,0,0
sample_af2f107eaf2e0fef,Ca-Mn-Co-Ni-Sn-Sb|Ni0.3Sb0.7,Ca-Mn-Co-Ni-Sn-Sb,Ni0.3Sb0.7,2,0,0,0,0.3,0,0,0,0,0,0,0.7
sample_af73a5917d033557,Ca-Mn-Co-Ni-Sn-Sb|Mn0.2Co0.1Ni0.7,Ca-Mn-Co-Ni-Sn-Sb,Mn0.2Co0.1Ni0.7,3,0.2,0,0.1,0.7,0,0,0,0,0,0,0
sample_af73e4e800d8a561,Mn-Fe-Co-Cu-Sn-Ta|Mn0.1Cu0.3Ta0.6,Mn-Fe-Co-Cu-Sn-Ta,Mn0.1Cu0.3Ta0.6,3,0.1,0,0,0,0,0,0.3,0.6,0,0,0
sample_af87c34c55cc1892,Mn-Fe-Co-Cu-Sn-Ta|Co0.2Cu0.4Ta0.4,Mn-Fe-Co-Cu-Sn-Ta,Co0.2Cu0.4Ta0.4,3,0,0,0.2,0,0,0,0.4,0.4,0,0,0
sample_af9c072135580713,Mn-Fe-Co-Ni-Cu-Ta|Mn0.1Fe0.6Ni0.3,Mn-Fe-Co-Ni-Cu-Ta,Mn0.1Fe0.6Ni0.3,3,0.1,0.6,0,0.3,0,0,0,0,0,0,0
sample_afd531c375f5025e,Mn-Fe-Co-Ni-Cu-Ta|Mn0.2Co0.2Ni0.6,Mn-Fe-Co-Ni-Cu-Ta,Mn0.2Co0.2Ni0.6,3,0.2,0,0.2,0.6,0,0,0,0,0,0,0
sample_afdbc73f8c29eb46,Mn-Fe-Co-Cu-Sn-Ta|Co0.7Sn0.1Ta0.2,Mn-Fe-Co-Cu-Sn-Ta,Co0.7Sn0.1Ta0.2,3,0,0,0.7,0,0,0,0,0.2,0.1,0,0
sample_aff5e38c0f24eaf6,Mn-Fe-Co-Ni-La-Ce|Mn0.1Fe0.7Ni0.2,Mn-Fe-Co-Ni-La-Ce,Mn0.1Fe0.7Ni0.2,3,0.1,0.7,0,0.2,0,0,0,0,0,0,0
sample_b00c5784864bfc5b,Ca-Mn-Co-Ni-Sn-Sb|Mn0.3Co0.5Sb0.2,Ca-Mn-Co-Ni-Sn-Sb,Mn0.3Co0.5Sb0.2,3,0.3,0,0.5,0,0,0,0,0,0,0,0.2
sample_b04ef4116b33eb3f,Mn-Fe-Co-Cu-Sn-Ta|Mn0.3Co0.2Ta0.5,Mn-Fe-Co-Cu-Sn-Ta,Mn0.3Co0.2Ta0.5,3,0.3,0,0.2,0,0,0,0,0.5,0,0,0
sample_b06d5dd1504ee3f8,Mn-Fe-Co-Cu-Sn-Ta|Fe0.1Co0.8Sn0.1,Mn-Fe-Co-Cu-Sn-Ta,Fe0.1Co0.8Sn0.1,3,0,0.1,0.8,0,0,0,0,0,0.1,0,0
sample_b0827f72cb5e1a9a,Ca-Mn-Co-Ni-Sn-Sb|Ca0.5Co0.1Sb0.4,Ca-Mn-Co-Ni-Sn-Sb,Ca0.5Co0.1Sb0.4,3,0,0,0.1,0,0,0,0,0,0,0.5,0.4
sample_b088749ce0681591,Mn-Fe-Co-Ni-La-Ce|Mn0.5Ni0.4Ce0.1,Mn-Fe-Co-Ni-La-Ce,Mn0.5Ni0.4Ce0.1,3,0.5,0,0,0.4,0,0.1,0,0,0,0,0
sample_b0916cc18fe35452,Mn-Fe-Co-Ni-Cu-Ta|Ni0.2Cu0.7Ta0.1,Mn-Fe-Co-Ni-Cu-Ta,Ni0.2Cu0.7Ta0.1,3,0,0,0,0.2,0,0,0.7,0.1,0,0,0
sample_b092c3d2d694fe5d,Mn-Fe-Co-Ni-La-Ce|Co0.5Ni0.4Ce0.1,Mn-Fe-Co-Ni-La-Ce,Co0.5Ni0.4Ce0.1,3,0,0,0.5,0.4,0,0.1,0,0,0,0,0
sample_b0a62339b66b97d3,Mn-Fe-Co-Ni-La-Ce|Mn0.5Co0.1Ce0.4,Mn-Fe-Co-Ni-La-Ce,Mn0.5Co0.1Ce0.4,3,0.5,0,0.1,0,0,0.4,0,0,0,0,0
sample_b0b4ea07242a6bcd,Mn-Fe-Co-Ni-La-Ce|Mn0.4La0.5Ce0.1,Mn-Fe-Co-Ni-La-Ce,Mn0.4La0.5Ce0.1,3,0.4,0,0,0,0.5,0.1,0,0,0,0,0
sample_b0c17eaeaf5c1e26,Mn-Fe-Co-Cu-Sn-Ta|Cu0.1Sn0.8Ta0.1,Mn-Fe-Co-Cu-Sn-Ta,Cu0.1Sn0.8Ta0.1,3,0,0,0,0,0,0,0.1,0.1,0.8,0,0
sample_b0c2a341378b2a71,Ca-Mn-Co-Ni-Sn-Sb|Ca0.4Co0.5Ni0.1,Ca-Mn-Co-Ni-Sn-Sb,Ca0.4Co0.5Ni0.1,3,0,0,0.5,0.1,0,0,0,0,0,0.4,0
sample_b0db4bf7ce1f7651,Mn-Fe-Co-Ni-Cu-Ta|Fe0.5Co0.1Cu0.4,Mn-Fe-Co-Ni-Cu-Ta,Fe0.5Co0.1Cu0.4,3,0,0.5,0.1,0,0,0,0.4,0,0,0,0
sample_b137c5f64dfe1247,Ca-Mn-Co-Ni-Sn-Sb|Mn0.1Co0.7Ni0.2,Ca-Mn-Co-Ni-Sn-Sb,Mn0.1Co0.7Ni0.2,3,0.1,0,0.7,0.2,0,0,0,0,0,0,0
sample_b15958f20a8f5c90,Mn-Fe-Co-Cu-Sn-Ta|Fe0.2Co0.7Cu0.1,Mn-Fe-Co-Cu-Sn-Ta,Fe0.2Co0.7Cu0.1,3,0,0.2,0.7,0,0,0,0.1,0,0,0,0
sample_b15a8ba7727997e3,Mn-Fe-Co-Cu-Sn-Ta|Fe0.4Co0.2Sn0.4,Mn-Fe-Co-Cu-Sn-Ta,Fe0.4Co0.2Sn0.4,3,0,0.4,0.2,0,0,0,0,0,0.4,0,0
sample_b17aeb09996860c1,Mn-Fe-Co-Cu-Sn-Ta|Fe0.1Co0.9,Mn-Fe-Co-Cu-Sn-Ta,Fe0.1Co0.9,2,0,0.1,0.9,0,0,0,0,0,0,0,0
sample_b17bea9daac81329,Mn-Fe-Co-Ni-Cu-Ta|Fe0.5Ni0.2Cu0.3,Mn-Fe-Co-Ni-Cu-Ta,Fe0.5Ni0.2Cu0.3,3,0,0.5,0,0.2,0,0,0.3,0,0,0,0
sample_b1a0bb604b5d3710,Mn-Fe-Co-Ni-Cu-Ta|Fe0.4Ni0.3Ta0.3,Mn-Fe-Co-Ni-Cu-Ta,Fe0.4Ni0.3Ta0.3,3,0,0.4,0,0.3,0,0,0,0.3,0,0,0
sample_b1a59d8335e49c71,Ca-Mn-Co-Ni-Sn-Sb|Ni0.4Sn0.1Sb0.5,Ca-Mn-Co-Ni-Sn-Sb,Ni0.4Sn0.1Sb0.5,3,0,0,0,0.4,0,0,0,0,0.1,0,0.5
sample_b1a895217fff5d0a,Ca-Mn-Co-Ni-Sn-Sb|Mn0.2Co0.7Sb0.1,Ca-Mn-Co-Ni-Sn-Sb,Mn0.2Co0.7Sb0.1,3,0.2,0,0.7,0,0,0,0,0,0,0,0.1
sample_b1b9f7754a13bff1,Mn-Fe-Co-Ni-La-Ce|Ni0.4La0.2Ce0.4,Mn-Fe-Co-Ni-La-Ce,Ni0.4La0.2Ce0.4,3,0,0,0,0.4,0.2,0.4,0,0,0,0,0
sample_b1c2de2bc4173712,Mn-Fe-Co-Ni-La-Ce|Mn0.4Ni0.4Ce0.2,Mn-Fe-Co-Ni-La-Ce,Mn0.4Ni0.4Ce0.2,3,0.4,0,0,0.4,0,0.2,0,0,0,0,0
sample_b1ce6ccf083e4cf5,Mn-Fe-Co-Ni-Cu-Ta|Mn0.4Co0.1Cu0.5,Mn-Fe-Co-Ni-Cu-Ta,Mn0.4Co0.1Cu0.5,3,0.4,0,0.1,0,0,0,0.5,0,0,0,0
sample_b1dfa4c7c8e846c1,Mn-Fe-Co-Ni-Cu-Ta|Mn0.4Fe0.5Ni0.1,Mn-Fe-Co-Ni-Cu-Ta,Mn0.4Fe0.5Ni0.1,3,0.4,0.5,0,0.1,0,0,0,0,0,0,0
sample_b1e1458b746ca211,Mn-Fe-Co-Ni-La-Ce|Mn0.4Co0.1Ni0.5,Mn-Fe-Co-Ni-La-Ce,Mn0.4Co0.1Ni0.5,3,0.4,0,0.1,0.5,0,0,0,0,0,0,0
sample_b1ec9f94938ac5d9,Mn-Fe-Co-Ni-Cu-Ta|Ni0.2Cu0.1Ta0.7,Mn-Fe-Co-Ni-Cu-Ta,Ni0.2Cu0.1Ta0.7,3,0,0,0,0.2,0,0,0.1,0.7,0,0,0
sample_b1fb05c24104b522,Ca-Mn-Co-Ni-Sn-Sb|Co0.2Ni0.4Sb0.4,Ca-Mn-Co-Ni-Sn-Sb,Co0.2Ni0.4Sb0.4,3,0,0,0.2,0.4,0,0,0,0,0,0,0.4
sample_b1fc62ad896f768d,Mn-Fe-Co-Cu-Sn-Ta|Mn0.4Cu0.5Ta0.1,Mn-Fe-Co-Cu-Sn-Ta,Mn0.4Cu0.5Ta0.1,3,0.4,0,0,0,0,0,0.5,0.1,0,0,0
sample_b205c280b31784ba,Mn-Fe-Co-Ni-La-Ce|Co0.5La0.4Ce0.1,Mn-Fe-Co-Ni-La-Ce,Co0.5La0.4Ce0.1,3,0,0,0.5,0,0.4,0.1,0,0,0,0,0
sample_b2203d3954fce36f,Ca-Mn-Co-Ni-Sn-Sb|Mn0.5Co0.4Ni0.1,Ca-Mn-Co-Ni-Sn-Sb,Mn0.5Co0.4Ni0.1,3,0.5,0,0.4,0.1,0,0,0,0,0,0,0
sample_b22db56ad4b3c7b6,Ca-Mn-Co-Ni-Sn-Sb|Ca0.1Co0.8Ni0.1,Ca-Mn-Co-Ni-Sn-Sb,Ca0.1Co0.8Ni0.1,3,0,0,0.8,0.1,0,0,0,0,0,0.1,0
sample_b239de69d7f8580e,Ca-Mn-Co-Ni-Sn-Sb|Ca0.6Mn0.4,Ca-Mn-Co-Ni-Sn-Sb,Ca0.6Mn0.4,2,0.4,0,0,0,0,0,0,0,0,0.6,0
sample_b240bc03cc186b34,Mn-Fe-Co-Ni-La-Ce|Mn0.5Co0.2La0.3,Mn-Fe-Co-Ni-La-Ce,Mn0.5Co0.2La0.3,3,0.5,0,0.2,0,0.3,0,0,0,0,0,0
sample_b24b82499b1d4003,Mn-Fe-Co-Ni-Cu-Ta|Mn0.6Ni0.1Ta0.3,Mn-Fe-Co-Ni-Cu-Ta,Mn0.6Ni0.1Ta0.3,3,0.6,0,0,0.1,0,0,0,0.3,0,0,0
sample_b261d7159122582a,Mn-Fe-Co-Cu-Sn-Ta|Cu0.1Ta0.9,Mn-Fe-Co-Cu-Sn-Ta,Cu0.1Ta0.9,2,0,0,0,0,0,0,0.1,0.9,0,0,0
sample_b26512e9180fff4a,Mn-Fe-Co-Ni-Cu-Ta|Co0.3Ni0.2Cu0.5,Mn-Fe-Co-Ni-Cu-Ta,Co0.3Ni0.2Cu0.5,3,0,0,0.3,0.2,0,0,0.5,0,0,0,0
sample_b26b3e10e7dc2357,Mn-Fe-Co-Ni-La-Ce|Co0.7Ce0.3,Mn-Fe-Co-Ni-La-Ce,Co0.7Ce0.3,2,0,0,0.7,0,0,0.3,0,0,0,0,0
sample_b271ff0b534182e4,Ca-Mn-Co-Ni-Sn-Sb|Ca0.1Mn0.4Sn0.5,Ca-Mn-Co-Ni-Sn-Sb,Ca0.1Mn0.4Sn0.5,3,0.4,0,0,0,0,0,0,0,0.5,0.1,0
sample_b27e425a10e3232b,Mn-Fe-Co-Cu-Sn-Ta|Fe0.1Cu0.6Sn0.3,Mn-Fe-Co-Cu-Sn-Ta,Fe0.1Cu0.6Sn0.3,3,0,0.1,0,0,0,0,0.6,0,0.3,0,0
sample_b285881517537f74,Ca-Mn-Co-Ni-Sn-Sb|Ca0.8Mn0.1Ni0.1,Ca-Mn-Co-Ni-Sn-Sb,Ca0.8Mn0.1Ni0.1,3,0.1,0,0,0.1,0,0,0,0,0,0.8,0
sample_b2992bd750acd4ac,Ca-Mn-Co-Ni-Sn-Sb|Ni0.2Sn0.1Sb0.7,Ca-Mn-Co-Ni-Sn-Sb,Ni0.2Sn0.1Sb0.7,3,0,0,0,0.2,0,0,0,0,0.1,0,0.7
sample_b2a37ffb90fd7be2,Mn-Fe-Co-Ni-Cu-Ta|Fe0.5Cu0.3Ta0.2,Mn-Fe-Co-Ni-Cu-Ta,Fe0.5Cu0.3Ta0.2,3,0,0.5,0,0,0,0,0.3,0.2,0,0,0
sample_b2ae6987aa577a65,Mn-Fe-Co-Ni-Cu-Ta|Ni0.1Cu0.1Ta0.8,Mn-Fe-Co-Ni-Cu-Ta,Ni0.1Cu0.1Ta0.8,3,0,0,0,0.1,0,0,0.1,0.8,0,0,0
sample_b2bee9042658172c,Mn-Fe-Co-Cu-Sn-Ta|Mn0.2Fe0.8,Mn-Fe-Co-Cu-Sn-Ta,Mn0.2Fe0.8,2,0.2,0.8,0,0,0,0,0,0,0,0,0
sample_b2c9c3c488596059,Ca-Mn-Co-Ni-Sn-Sb|Mn0.8Sb0.2,Ca-Mn-Co-Ni-Sn-Sb,Mn0.8Sb0.2,2,0.8,0,0,0,0,0,0,0,0,0,0.2
sample_b2cdb339fac635c9,Mn-Fe-Co-Ni-La-Ce|Fe0.4La0.6,Mn-Fe-Co-Ni-La-Ce,Fe0.4La0.6,2,0,0.4,0,0,0.6,0,0,0,0,0,0
sample_b2da468b53dedc7e,Mn-Fe-Co-Cu-Sn-Ta|Fe0.2Cu0.2Ta0.6,Mn-Fe-Co-Cu-Sn-Ta,Fe0.2Cu0.2Ta0.6,3,0,0.2,0,0,0,0,0.2,0.6,0,0,0
sample_b2ec990062902b85,Mn-Fe-Co-Ni-Cu-Ta|Mn0.5Fe0.2Ta0.3,Mn-Fe-Co-Ni-Cu-Ta,Mn0.5Fe0.2Ta0.3,3,0.5,0.2,0,0,0,0,0,0.3,0,0,0
sample_b2faa4f4c9fb4b64,Ca-Mn-Co-Ni-Sn-Sb|Ca0.2Co0.2Sb0.6,Ca-Mn-Co-Ni-Sn-Sb,Ca0.2Co0.2Sb0.6,3,0,0,0.2,0,0,0,0,0,0,0.2,0.6
sample_b343fddcead1cef3,Mn-Fe-Co-Ni-La-Ce|Co0.5La0.3Ce0.2,Mn-Fe-Co-Ni-La-Ce,Co0.5La0.3Ce0.2,3,0,0,0.5,0,0.3,0.2,0,0,0,0,0
sample_b34e4659b235d4d4,Ca-Mn-Co-Ni-Sn-Sb|Mn0.3Ni0.4Sn0.3,Ca-Mn-Co-Ni-Sn-Sb,Mn0.3Ni0.4Sn0.3,3,0.3,0,0,0.4,0,0,0,0,0.3,0,0
sample_b3b149d2b138028c,Mn-Fe-Co-Ni-Cu-Ta|Mn0.2Co0.6Ni0.2,Mn-Fe-Co-Ni-Cu-Ta,Mn0.2Co0.6Ni0.2,3,0.2,0,0.6,0.2,0,0,0,0,0,0,0
sample_b3cb0256f4a80e09,Mn-Fe-Co-Ni-Cu-Ta|Co0.1Ni0.1Ta0.8,Mn-Fe-Co-Ni-Cu-Ta,Co0.1Ni0.1Ta0.8,3,0,0,0.1,0.1,0,0,0,0.8,0,0,0
sample_b3ce301c00228b6a,Mn-Fe-Co-Ni-La-Ce|Fe0.3Co0.1La0.6,Mn-Fe-Co-Ni-La-Ce,Fe0.3Co0.1La0.6,3,0,0.3,0.1,0,0.6,0,0,0,0,0,0
sample_b3cfd2e76db5d62b,Mn-Fe-Co-Ni-La-Ce|Co0.2Ni0.2Ce0.6,Mn-Fe-Co-Ni-La-Ce,Co0.2Ni0.2Ce0.6,3,0,0,0.2,0.2,0,0.6,0,0,0,0,0
sample_b3e8be7d79979c30,Mn-Fe-Co-Ni-La-Ce|Mn0.4Co0.5Ni0.1,Mn-Fe-Co-Ni-La-Ce,Mn0.4Co0.5Ni0.1,3,0.4,0,0.5,0.1,0,0,0,0,0,0,0
sample_b406051d5eb0ccc0,Ca-Mn-Co-Ni-Sn-Sb|Mn0.1Ni0.3Sn0.6,Ca-Mn-Co-Ni-Sn-Sb,Mn0.1Ni0.3Sn0.6,3,0.1,0,0,0.3,0,0,0,0,0.6,0,0
sample_b425fddae31d25f8,Mn-Fe-Co-Ni-La-Ce|Fe0.1Co0.5La0.4,Mn-Fe-Co-Ni-La-Ce,Fe0.1Co0.5La0.4,3,0,0.1,0.5,0,0.4,0,0,0,0,0,0
sample_b43ac1a7c7fd4da3,Mn-Fe-Co-Ni-La-Ce|Fe0.8Co0.2,Mn-Fe-Co-Ni-La-Ce,Fe0.8Co0.2,2,0,0.8,0.2,0,0,0,0,0,0,0,0
sample_b44bca1fcf0c6b2f,Mn-Fe-Co-Ni-Cu-Ta|Fe0.3Co0.6Cu0.1,Mn-Fe-Co-Ni-Cu-Ta,Fe0.3Co0.6Cu0.1,3,0,0.3,0.6,0,0,0,0.1,0,0,0,0
sample_b44ccd8e0ad64ee8,Mn-Fe-Co-Cu-Sn-Ta|Mn0.1Cu0.8Sn0.1,Mn-Fe-Co-Cu-Sn-Ta,Mn0.1Cu0.8Sn0.1,3,0.1,0,0,0,0,0,0.8,0,0.1,0,0
sample_b45462b3a7be3b18,Mn-Fe-Co-Cu-Sn-Ta|Fe0.6Cu0.1Ta0.3,Mn-Fe-Co-Cu-Sn-Ta,Fe0.6Cu0.1Ta0.3,3,0,0.6,0,0,0,0,0.1,0.3,0,0,0
sample_b463832a9d2edff9,Mn-Fe-Co-Ni-Cu-Ta|Mn0.3Ni0.7,Mn-Fe-Co-Ni-Cu-Ta,Mn0.3Ni0.7,2,0.3,0,0,0.7,0,0,0,0,0,0,0
sample_b471ee7ae896c58a,Mn-Fe-Co-Cu-Sn-Ta|Mn0.6Sn0.1Ta0.3,Mn-Fe-Co-Cu-Sn-Ta,Mn0.6Sn0.1Ta0.3,3,0.6,0,0,0,0,0,0,0.3,0.1,0,0
sample_b4769ab6ae5b201c,Mn-Fe-Co-Ni-Cu-Ta|Fe0.5Cu0.1Ta0.4,Mn-Fe-Co-Ni-Cu-Ta,Fe0.5Cu0.1Ta0.4,3,0,0.5,0,0,0,0,0.1,0.4,0,0,0
sample_b48dbd049de26f68,Mn-Fe-Co-Cu-Sn-Ta|Fe0.2Sn0.4Ta0.4,Mn-Fe-Co-Cu-Sn-Ta,Fe0.2Sn0.4Ta0.4,3,0,0.2,0,0,0,0,0,0.4,0.4,0,0
sample_b4a0242fc11db6f6,Ca-Mn-Co-Ni-Sn-Sb|Mn0.2Sn0.5Sb0.3,Ca-Mn-Co-Ni-Sn-Sb,Mn0.2Sn0.5Sb0.3,3,0.2,0,0,0,0,0,0,0,0.5,0,0.3
sample_b4af8c46aef99fc7,Ca-Mn-Co-Ni-Sn-Sb|Ni0.2Sn0.3Sb0.5,Ca-Mn-Co-Ni-Sn-Sb,Ni0.2Sn0.3Sb0.5,3,0,0,0,0.2,0,0,0,0,0.3,0,0.5
sample_b4cd10160cb6af4f,Mn-Fe-Co-Ni-Cu-Ta|Fe0.2Co0.5Ta0.3,Mn-Fe-Co-Ni-Cu-Ta,Fe0.2Co0.5Ta0.3,3,0,0.2,0.5,0,0,0,0,0.3,0,0,0
sample_b4d48f19556aa547,Ca-Mn-Co-Ni-Sn-Sb|Ca0.7Mn0.1Co0.2,Ca-Mn-Co-Ni-Sn-Sb,Ca0.7Mn0.1Co0.2,3,0.1,0,0.2,0,0,0,0,0,0,0.7,0
sample_b4d7d197a27dc035,Mn-Fe-Co-Ni-Cu-Ta|Mn0.1Co0.4Cu0.5,Mn-Fe-Co-Ni-Cu-Ta,Mn0.1Co0.4Cu0.5,3,0.1,0,0.4,0,0,0,0.5,0,0,0,0
sample_b4e344c653ac639b,Ca-Mn-Co-Ni-Sn-Sb|Mn0.2Sb0.8,Ca-Mn-Co-Ni-Sn-Sb,Mn0.2Sb0.8,2,0.2,0,0,0,0,0,0,0,0,0,0.8
sample_b4fb552dc1ff9665,Mn-Fe-Co-Cu-Sn-Ta|Fe0.3Cu0.1Ta0.6,Mn-Fe-Co-Cu-Sn-Ta,Fe0.3Cu0.1Ta0.6,3,0,0.3,0,0,0,0,0.1,0.6,0,0,0
sample_b50807b855e718a2,Mn-Fe-Co-Ni-La-Ce|Mn0.3Fe0.7,Mn-Fe-Co-Ni-La-Ce,Mn0.3Fe0.7,2,0.3,0.7,0,0,0,0,0,0,0,0,0
sample_b50aa474ef139338,Mn-Fe-Co-Cu-Sn-Ta|Mn0.1Co0.8Cu0.1,Mn-Fe-Co-Cu-Sn-Ta,Mn0.1Co0.8Cu0.1,3,0.1,0,0.8,0,0,0,0.1,0,0,0,0
sample_b50eaba72caba4ad,Mn-Fe-Co-Ni-Cu-Ta|Mn0.4Cu0.1Ta0.5,Mn-Fe-Co-Ni-Cu-Ta,Mn0.4Cu0.1Ta0.5,3,0.4,0,0,0,0,0,0.1,0.5,0,0,0
sample_b5100d84d699e908,Mn-Fe-Co-Ni-La-Ce|Mn0.5Fe0.3Ce0.2,Mn-Fe-Co-Ni-La-Ce,Mn0.5Fe0.3Ce0.2,3,0.5,0.3,0,0,0,0.2,0,0,0,0,0
sample_b525b795095a3c2d,Mn-Fe-Co-Ni-Cu-Ta|Mn0.3Fe0.6Co0.1,Mn-Fe-Co-Ni-Cu-Ta,Mn0.3Fe0.6Co0.1,3,0.3,0.6,0.1,0,0,0,0,0,0,0,0
sample_b52bd7f6981eee31,Mn-Fe-Co-Cu-Sn-Ta|Mn0.3Co0.6Cu0.1,Mn-Fe-Co-Cu-Sn-Ta,Mn0.3Co0.6Cu0.1,3,0.3,0,0.6,0,0,0,0.1,0,0,0,0
sample_b52f0013cf3417e4,Mn-Fe-Co-Cu-Sn-Ta|Cu0.1Sn0.5Ta0.4,Mn-Fe-Co-Cu-Sn-Ta,Cu0.1Sn0.5Ta0.4,3,0,0,0,0,0,0,0.1,0.4,0.5,0,0
sample_b535237f2707d9d6,Mn-Fe-Co-Ni-La-Ce|Mn0.3Fe0.3La0.4,Mn-Fe-Co-Ni-La-Ce,Mn0.3Fe0.3La0.4,3,0.3,0.3,0,0,0.4,0,0,0,0,0,0
sample_b5368c937cc78578,Mn-Fe-Co-Cu-Sn-Ta|Cu0.7Sn0.2Ta0.1,Mn-Fe-Co-Cu-Sn-Ta,Cu0.7Sn0.2Ta0.1,3,0,0,0,0,0,0,0.7,0.1,0.2,0,0
sample_b541c700959a549e,Mn-Fe-Co-Cu-Sn-Ta|Co0.4Cu0.6,Mn-Fe-Co-Cu-Sn-Ta,Co0.4Cu0.6,2,0,0,0.4,0,0,0,0.6,0,0,0,0
sample_b587f36d03b0c793,Mn-Fe-Co-Cu-Sn-Ta|Fe0.4Cu0.3Sn0.3,Mn-Fe-Co-Cu-Sn-Ta,Fe0.4Cu0.3Sn0.3,3,0,0.4,0,0,0,0,0.3,0,0.3,0,0
sample_b5ade1d3b8740866,Mn-Fe-Co-Ni-Cu-Ta|Mn0.2Cu0.6Ta0.2,Mn-Fe-Co-Ni-Cu-Ta,Mn0.2Cu0.6Ta0.2,3,0.2,0,0,0,0,0,0.6,0.2,0,0,0
sample_b5c2db4c5f2e0d7b,Mn-Fe-Co-Ni-La-Ce|Fe0.7Co0.1Ni0.2,Mn-Fe-Co-Ni-La-Ce,Fe0.7Co0.1Ni0.2,3,0,0.7,0.1,0.2,0,0,0,0,0,0,0
sample_b5c4e911627892fd,Mn-Fe-Co-Ni-Cu-Ta|Mn0.5Co0.3Ni0.2,Mn-Fe-Co-Ni-Cu-Ta,Mn0.5Co0.3Ni0.2,3,0.5,0,0.3,0.2,0,0,0,0,0,0,0
sample_b5c9012c905c3c2e,Mn-Fe-Co-Cu-Sn-Ta|Fe0.8Cu0.1Sn0.1,Mn-Fe-Co-Cu-Sn-Ta,Fe0.8Cu0.1Sn0.1,3,0,0.8,0,0,0,0,0.1,0,0.1,0,0
sample_b5d6cd02f6c472f6,Mn-Fe-Co-Cu-Sn-Ta|Mn0.3Fe0.2Ta0.5,Mn-Fe-Co-Cu-Sn-Ta,Mn0.3Fe0.2Ta0.5,3,0.3,0.2,0,0,0,0,0,0.5,0,0,0
sample_b5e1fddfc105110e,Mn-Fe-Co-Ni-Cu-Ta|Co0.1Ni0.8Cu0.1,Mn-Fe-Co-Ni-Cu-Ta,Co0.1Ni0.8Cu0.1,3,0,0,0.1,0.8,0,0,0.1,0,0,0,0
sample_b5ea4b48f89b4226,Mn-Fe-Co-Ni-Cu-Ta|Fe0.1Cu0.4Ta0.5,Mn-Fe-Co-Ni-Cu-Ta,Fe0.1Cu0.4Ta0.5,3,0,0.1,0,0,0,0,0.4,0.5,0,0,0
sample_b5fe1bbe71f7a5c1,Mn-Fe-Co-Ni-Cu-Ta|Mn0.2Co0.5Cu0.3,Mn-Fe-Co-Ni-Cu-Ta,Mn0.2Co0.5Cu0.3,3,0.2,0,0.5,0,0,0,0.3,0,0,0,0
sample_b60470d3ff7cd85f,Mn-Fe-Co-Ni-La-Ce|Mn0.3La0.4Ce0.3,Mn-Fe-Co-Ni-La-Ce,Mn0.3La0.4Ce0.3,3,0.3,0,0,0,0.4,0.3,0,0,0,0,0
sample_b61a0ef17c2e68ed,Mn-Fe-Co-Cu-Sn-Ta|Fe0.4Cu0.1Sn0.5,Mn-Fe-Co-Cu-Sn-Ta,Fe0.4Cu0.1Sn0.5,3,0,0.4,0,0,0,0,0.1,0,0.5,0,0
sample_b61c0f8876106fb2,Mn-Fe-Co-Cu-Sn-Ta|Fe0.3Co0.7,Mn-Fe-Co-Cu-Sn-Ta,Fe0.3Co0.7,2,0,0.3,0.7,0,0,0,0,0,0,0,0
sample_b62ea81b30d90655,Mn-Fe-Co-Cu-Sn-Ta|Mn0.2Fe0.2Co0.6,Mn-Fe-Co-Cu-Sn-Ta,Mn0.2Fe0.2Co0.6,3,0.2,0.2,0.6,0,0,0,0,0,0,0,0
sample_b65b26572969ad9a,Mn-Fe-Co-Cu-Sn-Ta|Mn0.4Fe0.2Ta0.4,Mn-Fe-Co-Cu-Sn-Ta,Mn0.4Fe0.2Ta0.4,3,0.4,0.2,0,0,0,0,0,0.4,0,0,0
sample_b6e98a221954b669,Mn-Fe-Co-Ni-La-Ce|Fe0.7Co0.2Ni0.1,Mn-Fe-Co-Ni-La-Ce,Fe0.7Co0.2Ni0.1,3,0,0.7,0.2,0.1,0,0,0,0,0,0,0
sample_b6f12d8d5b721c43,Mn-Fe-Co-Ni-Cu-Ta|Mn0.7Ni0.2Cu0.1,Mn-Fe-Co-Ni-Cu-Ta,Mn0.7Ni0.2Cu0.1,3,0.7,0,0,0.2,0,0,0.1,0,0,0,0
sample_b707b794faca53dd,Ca-Mn-Co-Ni-Sn-Sb|Ca0.1Co0.8Sn0.1,Ca-Mn-Co-Ni-Sn-Sb,Ca0.1Co0.8Sn0.1,3,0,0,0.8,0,0,0,0,0,0.1,0.1,0
sample_b7254d6f74c1b505,Mn-Fe-Co-Ni-La-Ce|Co0.5Ni0.2Ce0.3,Mn-Fe-Co-Ni-La-Ce,Co0.5Ni0.2Ce0.3,3,0,0,0.5,0.2,0,0.3,0,0,0,0,0
sample_b72f259883cb5779,Mn-Fe-Co-Ni-Cu-Ta|Fe0.3Co0.6Ta0.1,Mn-Fe-Co-Ni-Cu-Ta,Fe0.3Co0.6Ta0.1,3,0,0.3,0.6,0,0,0,0,0.1,0,0,0
sample_b761bd73ec2c4a78,Mn-Fe-Co-Ni-Cu-Ta|Mn0.1Ni0.7Cu0.2,Mn-Fe-Co-Ni-Cu-Ta,Mn0.1Ni0.7Cu0.2,3,0.1,0,0,0.7,0,0,0.2,0,0,0,0
sample_b774ac1fce084545,Ca-Mn-Co-Ni-Sn-Sb|Mn0.2Ni0.1Sn0.7,Ca-Mn-Co-Ni-Sn-Sb,Mn0.2Ni0.1Sn0.7,3,0.2,0,0,0.1,0,0,0,0,0.7,0,0
sample_b7799e6109d00540,Mn-Fe-Co-Ni-Cu-Ta|Mn0.2Fe0.5Ta0.3,Mn-Fe-Co-Ni-Cu-Ta,Mn0.2Fe0.5Ta0.3,3,0.2,0.5,0,0,0,0,0,0.3,0,0,0
sample_b7a9504228b9168a,Ca-Mn-Co-Ni-Sn-Sb|Co0.5Ni0.1Sn0.4,Ca-Mn-Co-Ni-Sn-Sb,Co0.5Ni0.1Sn0.4,3,0,0,0.5,0.1,0,0,0,0,0.4,0,0
sample_b7a9847c051973a6,Mn-Fe-Co-Ni-Cu-Ta|Fe0.2Cu0.6Ta0.2,Mn-Fe-Co-Ni-Cu-Ta,Fe0.2Cu0.6Ta0.2,3,0,0.2,0,0,0,0,0.6,0.2,0,0,0
sample_b7c717f66b0cf30d,Mn-Fe-Co-Ni-La-Ce|Fe0.7Ni0.2Ce0.1,Mn-Fe-Co-Ni-La-Ce,Fe0.7Ni0.2Ce0.1,3,0,0.7,0,0.2,0,0.1,0,0,0,0,0
sample_b7dc7fed6fe3f3d5,Mn-Fe-Co-Ni-Cu-Ta|Fe0.2Co0.1Ni0.7,Mn-Fe-Co-Ni-Cu-Ta,Fe0.2Co0.1Ni0.7,3,0,0.2,0.1,0.7,0,0,0,0,0,0,0
sample_b7ee8e3c81c47456,Mn-Fe-Co-Ni-La-Ce|Fe0.1Co0.3Ce0.6,Mn-Fe-Co-Ni-La-Ce,Fe0.1Co0.3Ce0.6,3,0,0.1,0.3,0,0,0.6,0,0,0,0,0
sample_b7f3a346be44ec68,Mn-Fe-Co-Cu-Sn-Ta|Mn0.1Co0.5Ta0.4,Mn-Fe-Co-Cu-Sn-Ta,Mn0.1Co0.5Ta0.4,3,0.1,0,0.5,0,0,0,0,0.4,0,0,0
sample_b806fd4ad91c7f65,Mn-Fe-Co-Cu-Sn-Ta|Fe0.5Cu0.3Sn0.2,Mn-Fe-Co-Cu-Sn-Ta,Fe0.5Cu0.3Sn0.2,3,0,0.5,0,0,0,0,0.3,0,0.2,0,0
sample_b8257916c1281a8a,Mn-Fe-Co-Cu-Sn-Ta|Mn0.3Cu0.2Sn0.5,Mn-Fe-Co-Cu-Sn-Ta,Mn0.3Cu0.2Sn0.5,3,0.3,0,0,0,0,0,0.2,0,0.5,0,0
sample_b837df5a77007cb4,Ca-Mn-Co-Ni-Sn-Sb|Mn0.3Sn0.4Sb0.3,Ca-Mn-Co-Ni-Sn-Sb,Mn0.3Sn0.4Sb0.3,3,0.3,0,0,0,0,0,0,0,0.4,0,0.3
sample_b84d62f1043027ef,Mn-Fe-Co-Ni-Cu-Ta|Mn0.4Fe0.2Co0.4,Mn-Fe-Co-Ni-Cu-Ta,Mn0.4Fe0.2Co0.4,3,0.4,0.2,0.4,0,0,0,0,0,0,0,0
sample_b86def936cd8b9b7,Mn-Fe-Co-Ni-Cu-Ta|Mn0.2Ni0.6Ta0.2,Mn-Fe-Co-Ni-Cu-Ta,Mn0.2Ni0.6Ta0.2,3,0.2,0,0,0.6,0,0,0,0.2,0,0,0
sample_b87e34f22b256ff4,Ca-Mn-Co-Ni-Sn-Sb|Ca0.2Co0.5Ni0.3,Ca-Mn-Co-Ni-Sn-Sb,Ca0.2Co0.5Ni0.3,3,0,0,0.5,0.3,0,0,0,0,0,0.2,0
sample_b88b9da0f98ea1d0,Mn-Fe-Co-Ni-La-Ce|Fe0.1Ni0.3La0.6,Mn-Fe-Co-Ni-La-Ce,Fe0.1Ni0.3La0.6,3,0,0.1,0,0.3,0.6,0,0,0,0,0,0
sample_b8ae7d5afd45f122,Mn-Fe-Co-Ni-Cu-Ta|Co0.2Ni0.5Ta0.3,Mn-Fe-Co-Ni-Cu-Ta,Co0.2Ni0.5Ta0.3,3,0,0,0.2,0.5,0,0,0,0.3,0,0,0
sample_b8cfa3956768a4df,Ca-Mn-Co-Ni-Sn-Sb|Mn0.3Ni0.1Sn0.6,Ca-Mn-Co-Ni-Sn-Sb,Mn0.3Ni0.1Sn0.6,3,0.3,0,0,0.1,0,0,0,0,0.6,0,0
sample_b8e264ea6ba93232,Mn-Fe-Co-Ni-La-Ce|Fe0.1Ni0.2Ce0.7,Mn-Fe-Co-Ni-La-Ce,Fe0.1Ni0.2Ce0.7,3,0,0.1,0,0.2,0,0.7,0,0,0,0,0
sample_b8e692b5c6abd62b,Mn-Fe-Co-Cu-Sn-Ta|Mn0.7Cu0.1Ta0.2,Mn-Fe-Co-Cu-Sn-Ta,Mn0.7Cu0.1Ta0.2,3,0.7,0,0,0,0,0,0.1,0.2,0,0,0
sample_b8fdbbad7a536572,Ca-Mn-Co-Ni-Sn-Sb|Ca0.7Mn0.2Co0.1,Ca-Mn-Co-Ni-Sn-Sb,Ca0.7Mn0.2Co0.1,3,0.2,0,0.1,0,0,0,0,0,0,0.7,0
sample_b91c31cafb846671,Mn-Fe-Co-Cu-Sn-Ta|Mn0.3Fe0.3Cu0.4,Mn-Fe-Co-Cu-Sn-Ta,Mn0.3Fe0.3Cu0.4,3,0.3,0.3,0,0,0,0,0.4,0,0,0,0
sample_b927c3b0eb55e8b7,Mn-Fe-Co-Cu-Sn-Ta|Mn0.1Co0.3Sn0.6,Mn-Fe-Co-Cu-Sn-Ta,Mn0.1Co0.3Sn0.6,3,0.1,0,0.3,0,0,0,0,0,0.6,0,0
sample_b927c3b2905173e7,Mn-Fe-Co-Cu-Sn-Ta|Fe0.1Co0.7Sn0.2,Mn-Fe-Co-Cu-Sn-Ta,Fe0.1Co0.7Sn0.2,3,0,0.1,0.7,0,0,0,0,0,0.2,0,0
sample_b96991a2da4dc7a3,Mn-Fe-Co-Ni-La-Ce|Co0.2La0.5Ce0.3,Mn-Fe-Co-Ni-La-Ce,Co0.2La0.5Ce0.3,3,0,0,0.2,0,0.5,0.3,0,0,0,0,0
sample_b971e0ac872655fd,Mn-Fe-Co-Ni-Cu-Ta|Mn0.4Fe0.1Co0.5,Mn-Fe-Co-Ni-Cu-Ta,Mn0.4Fe0.1Co0.5,3,0.4,0.1,0.5,0,0,0,0,0,0,0,0
sample_b9d6c7adf36dd27f,Mn-Fe-Co-Ni-Cu-Ta|Fe0.6Co0.1Cu0.3,Mn-Fe-Co-Ni-Cu-Ta,Fe0.6Co0.1Cu0.3,3,0,0.6,0.1,0,0,0,0.3,0,0,0,0
sample_b9e493326e203ccd,Ca-Mn-Co-Ni-Sn-Sb|Mn0.1Ni0.1Sb0.8,Ca-Mn-Co-Ni-Sn-Sb,Mn0.1Ni0.1Sb0.8,3,0.1,0,0,0.1,0,0,0,0,0,0,0.8
sample_b9fc54d25f4e5229,Ca-Mn-Co-Ni-Sn-Sb|Ca0.5Ni0.2Sb0.3,Ca-Mn-Co-Ni-Sn-Sb,Ca0.5Ni0.2Sb0.3,3,0,0,0,0.2,0,0,0,0,0,0.5,0.3
sample_ba13b6ddb3b9f9a4,Ca-Mn-Co-Ni-Sn-Sb|Ca0.1Ni0.3Sn0.6,Ca-Mn-Co-Ni-Sn-Sb,Ca0.1Ni0.3Sn0.6,3,0,0,0,0.3,0,0,0,0,0.6,0.1,0
sample_ba2c0e26cee25dac,Ca-Mn-Co-Ni-Sn-Sb|Co0.6Sb0.4,Ca-Mn-Co-Ni-Sn-Sb,Co0.6Sb0.4,2,0,0,0.6,0,0,0,0,0,0,0,0.4
sample_ba3d0bf6abf0dd04,Mn-Fe-Co-Ni-Cu-Ta|Mn0.2Fe0.1Cu0.7,Mn-Fe-Co-Ni-Cu-Ta,Mn0.2Fe0.1Cu0.7,3,0.2,0.1,0,0,0,0,0.7,0,0,0,0
sample_ba409049db8401df,Mn-Fe-Co-Cu-Sn-Ta|Mn0.1Co0.2Sn0.7,Mn-Fe-Co-Cu-Sn-Ta,Mn0.1Co0.2Sn0.7,3,0.1,0,0.2,0,0,0,0,0,0.7,0,0
sample_ba49729d9aa794b8,Mn-Fe-Co-Ni-Cu-Ta|Mn0.3Fe0.3Co0.4,Mn-Fe-Co-Ni-Cu-Ta,Mn0.3Fe0.3Co0.4,3,0.3,0.3,0.4,0,0,0,0,0,0,0,0
sample_ba4d7f8665d729dc,Mn-Fe-Co-Ni-Cu-Ta|Fe0.3Co0.4Ta0.3,Mn-Fe-Co-Ni-Cu-Ta,Fe0.3Co0.4Ta0.3,3,0,0.3,0.4,0,0,0,0,0.3,0,0,0
sample_ba6157f0d209e152,Mn-Fe-Co-Ni-La-Ce|Mn0.3La0.6Ce0.1,Mn-Fe-Co-Ni-La-Ce,Mn0.3La0.6Ce0.1,3,0.3,0,0,0,0.6,0.1,0,0,0,0,0
sample_ba6b14434952a47d,Mn-Fe-Co-Ni-La-Ce|Mn0.3Fe0.2La0.5,Mn-Fe-Co-Ni-La-Ce,Mn0.3Fe0.2La0.5,3,0.3,0.2,0,0,0.5,0,0,0,0,0,0
sample_ba6b91cf91bd6ca6,Mn-Fe-Co-Ni-Cu-Ta|Mn0.2Fe0.7Ni0.1,Mn-Fe-Co-Ni-Cu-Ta,Mn0.2Fe0.7Ni0.1,3,0.2,0.7,0,0.1,0,0,0,0,0,0,0
sample_ba81ec5e2ab08dbd,Mn-Fe-Co-Ni-La-Ce|Mn0.6Co0.2La0.2,Mn-Fe-Co-Ni-La-Ce,Mn0.6Co0.2La0.2,3,0.6,0,0.2,0,0.2,0,0,0,0,0,0
sample_ba84599459a44705,Ca-Mn-Co-Ni-Sn-Sb|Mn0.5Co0.3Sb0.2,Ca-Mn-Co-Ni-Sn-Sb,Mn0.5Co0.3Sb0.2,3,0.5,0,0.3,0,0,0,0,0,0,0,0.2
sample_ba85408155f74123,Mn-Fe-Co-Ni-La-Ce|Mn0.6Fe0.3Ce0.1,Mn-Fe-Co-Ni-La-Ce,Mn0.6Fe0.3Ce0.1,3,0.6,0.3,0,0,0,0.1,0,0,0,0,0
sample_ba983097bcda9af4,Ca-Mn-Co-Ni-Sn-Sb|Co0.6Ni0.1Sb0.3,Ca-Mn-Co-Ni-Sn-Sb,Co0.6Ni0.1Sb0.3,3,0,0,0.6,0.1,0,0,0,0,0,0,0.3
sample_ba99099225163703,Mn-Fe-Co-Ni-Cu-Ta|Fe0.4Co0.4Cu0.2,Mn-Fe-Co-Ni-Cu-Ta,Fe0.4Co0.4Cu0.2,3,0,0.4,0.4,0,0,0,0.2,0,0,0,0
sample_baa2e9a1f56bc85b,Mn-Fe-Co-Ni-La-Ce|Fe0.1La0.6Ce0.3,Mn-Fe-Co-Ni-La-Ce,Fe0.1La0.6Ce0.3,3,0,0.1,0,0,0.6,0.3,0,0,0,0,0
sample_baa3547d09e521ca,Ca-Mn-Co-Ni-Sn-Sb|Ca0.2Mn0.4Ni0.4,Ca-Mn-Co-Ni-Sn-Sb,Ca0.2Mn0.4Ni0.4,3,0.4,0,0,0.4,0,0,0,0,0,0.2,0
sample_baae42a06363f66b,Mn-Fe-Co-Cu-Sn-Ta|Co0.7Cu0.1Ta0.2,Mn-Fe-Co-Cu-Sn-Ta,Co0.7Cu0.1Ta0.2,3,0,0,0.7,0,0,0,0.1,0.2,0,0,0
sample_bab55d97119cbd07,Mn-Fe-Co-Cu-Sn-Ta|Mn0.3Sn0.4Ta0.3,Mn-Fe-Co-Cu-Sn-Ta,Mn0.3Sn0.4Ta0.3,3,0.3,0,0,0,0,0,0,0.3,0.4,0,0
sample_bab863e305e61b2d,Mn-Fe-Co-Cu-Sn-Ta|Mn0.6Fe0.3Ta0.1,Mn-Fe-Co-Cu-Sn-Ta,Mn0.6Fe0.3Ta0.1,3,0.6,0.3,0,0,0,0,0,0.1,0,0,0
sample_bac3341428d1c47f,Mn-Fe-Co-Ni-Cu-Ta|Mn0.5Cu0.5,Mn-Fe-Co-Ni-Cu-Ta,Mn0.5Cu0.5,2,0.5,0,0,0,0,0,0.5,0,0,0,0
sample_bace76abe5de2acf,Mn-Fe-Co-Ni-La-Ce|Fe0.1Ni0.1Ce0.8,Mn-Fe-Co-Ni-La-Ce,Fe0.1Ni0.1Ce0.8,3,0,0.1,0,0.1,0,0.8,0,0,0,0,0
sample_bad25ab1b2936c5f,Mn-Fe-Co-Ni-Cu-Ta|Mn0.4Fe0.4Ta0.2,Mn-Fe-Co-Ni-Cu-Ta,Mn0.4Fe0.4Ta0.2,3,0.4,0.4,0,0,0,0,0,0.2,0,0,0
sample_bb18bf8afda7239d,Mn-Fe-Co-Cu-Sn-Ta|Mn0.3Fe0.6Cu0.1,Mn-Fe-Co-Cu-Sn-Ta,Mn0.3Fe0.6Cu0.1,3,0.3,0.6,0,0,0,0,0.1,0,0,0,0
sample_bb27debb6732c11b,Mn-Fe-Co-Ni-Cu-Ta|Mn0.7Co0.1Cu0.2,Mn-Fe-Co-Ni-Cu-Ta,Mn0.7Co0.1Cu0.2,3,0.7,0,0.1,0,0,0,0.2,0,0,0,0
sample_bb33f7651baa3a68,Mn-Fe-Co-Ni-La-Ce|Mn0.5Co0.4Ce0.1,Mn-Fe-Co-Ni-La-Ce,Mn0.5Co0.4Ce0.1,3,0.5,0,0.4,0,0,0.1,0,0,0,0,0
sample_bb37c483bdc69fcf,Mn-Fe-Co-Cu-Sn-Ta|Mn0.9Fe0.1,Mn-Fe-Co-Cu-Sn-Ta,Mn0.9Fe0.1,2,0.9,0.1,0,0,0,0,0,0,0,0,0
sample_bb54dd5a2b3c015c,Ca-Mn-Co-Ni-Sn-Sb|Mn0.6Ni0.3Sb0.1,Ca-Mn-Co-Ni-Sn-Sb,Mn0.6Ni0.3Sb0.1,3,0.6,0,0,0.3,0,0,0,0,0,0,0.1
sample_bb6160c24f2f2d45,Mn-Fe-Co-Cu-Sn-Ta|Co0.1Cu0.8Sn0.1,Mn-Fe-Co-Cu-Sn-Ta,Co0.1Cu0.8Sn0.1,3,0,0,0.1,0,0,0,0.8,0,0.1,0,0
sample_bb7a4f3cbe8d1166,Ca-Mn-Co-Ni-Sn-Sb|Co0.4Ni0.4Sb0.2,Ca-Mn-Co-Ni-Sn-Sb,Co0.4Ni0.4Sb0.2,3,0,0,0.4,0.4,0,0,0,0,0,0,0.2
sample_bb976dc5d8b5b59e,Mn-Fe-Co-Ni-La-Ce|Mn0.1Fe0.3Ce0.6,Mn-Fe-Co-Ni-La-Ce,Mn0.1Fe0.3Ce0.6,3,0.1,0.3,0,0,0,0.6,0,0,0,0,0
sample_bb984a968f7b906b,Mn-Fe-Co-Ni-La-Ce|Mn0.4Ni0.2La0.4,Mn-Fe-Co-Ni-La-Ce,Mn0.4Ni0.2La0.4,3,0.4,0,0,0.2,0.4,0,0,0,0,0,0
sample_bbdc0db2013496ca,Mn-Fe-Co-Ni-La-Ce|Fe0.4Co0.5La0.1,Mn-Fe-Co-Ni-La-Ce,Fe0.4Co0.5La0.1,3,0,0.4,0.5,0,0.1,0,0,0,0,0,0
sample_bbe623965d2797bd,Mn-Fe-Co-Ni-La-Ce|Co0.8Ni0.1Ce0.1,Mn-Fe-Co-Ni-La-Ce,Co0.8Ni0.1Ce0.1,3,0,0,0.8,0.1,0,0.1,0,0,0,0,0
sample_bc0542d44f153701,Ca-Mn-Co-Ni-Sn-Sb|Ca0.4Mn0.3Co0.3,Ca-Mn-Co-Ni-Sn-Sb,Ca0.4Mn0.3Co0.3,3,0.3,0,0.3,0,0,0,0,0,0,0.4,0
sample_bc1ce1c0c63e5e7e,Mn-Fe-Co-Ni-Cu-Ta|Co0.1Cu0.5Ta0.4,Mn-Fe-Co-Ni-Cu-Ta,Co0.1Cu0.5Ta0.4,3,0,0,0.1,0,0,0,0.5,0.4,0,0,0
sample_bc1febf3df4c60ee,Mn-Fe-Co-Ni-La-Ce|Mn0.1Fe0.1Ni0.8,Mn-Fe-Co-Ni-La-Ce,Mn0.1Fe0.1Ni0.8,3,0.1,0.1,0,0.8,0,0,0,0,0,0,0
sample_bc274a7a606e321f,Mn-Fe-Co-Ni-Cu-Ta|Co0.5Cu0.1Ta0.4,Mn-Fe-Co-Ni-Cu-Ta,Co0.5Cu0.1Ta0.4,3,0,0,0.5,0,0,0,0.1,0.4,0,0,0
sample_bc39c8853bda275d,Mn-Fe-Co-Ni-La-Ce|Mn0.4Co0.3Ce0.3,Mn-Fe-Co-Ni-La-Ce,Mn0.4Co0.3Ce0.3,3,0.4,0,0.3,0,0,0.3,0,0,0,0,0
sample_bc4109ce2144d439,Mn-Fe-Co-Cu-Sn-Ta|Fe0.1Sn0.4Ta0.5,Mn-Fe-Co-Cu-Sn-Ta,Fe0.1Sn0.4Ta0.5,3,0,0.1,0,0,0,0,0,0.5,0.4,0,0
sample_bc49c920c2ad7208,Mn-Fe-Co-Ni-La-Ce|Mn0.6Co0.1Ni0.3,Mn-Fe-Co-Ni-La-Ce,Mn0.6Co0.1Ni0.3,3,0.6,0,0.1,0.3,0,0,0,0,0,0,0
sample_bc5853931353fbbe,Ca-Mn-Co-Ni-Sn-Sb|Ca0.4Ni0.6,Ca-Mn-Co-Ni-Sn-Sb,Ca0.4Ni0.6,2,0,0,0,0.6,0,0,0,0,0,0.4,0
sample_bc608578d8d7f2ab,Mn-Fe-Co-Ni-Cu-Ta|Ni0.7Cu0.3,Mn-Fe-Co-Ni-Cu-Ta,Ni0.7Cu0.3,2,0,0,0,0.7,0,0,0.3,0,0,0,0
sample_bc6a22c20cbc4aa0,Ca-Mn-Co-Ni-Sn-Sb|Ca0.2Mn0.1Co0.7,Ca-Mn-Co-Ni-Sn-Sb,Ca0.2Mn0.1Co0.7,3,0.1,0,0.7,0,0,0,0,0,0,0.2,0
sample_bc78acf07a69ca77,Ca-Mn-Co-Ni-Sn-Sb|Mn0.2Sn0.2Sb0.6,Ca-Mn-Co-Ni-Sn-Sb,Mn0.2Sn0.2Sb0.6,3,0.2,0,0,0,0,0,0,0,0.2,0,0.6
sample_bccc5e1e10f87abd,Ca-Mn-Co-Ni-Sn-Sb|Ni0.4Sn0.2Sb0.4,Ca-Mn-Co-Ni-Sn-Sb,Ni0.4Sn0.2Sb0.4,3,0,0,0,0.4,0,0,0,0,0.2,0,0.4
sample_bcd990a311e90c16,Mn-Fe-Co-Ni-Cu-Ta|Fe0.3Co0.1Ta0.6,Mn-Fe-Co-Ni-Cu-Ta,Fe0.3Co0.1Ta0.6,3,0,0.3,0.1,0,0,0,0,0.6,0,0,0
sample_bce85f5f083276e2,Mn-Fe-Co-Ni-La-Ce|Ni0.1La0.1Ce0.8,Mn-Fe-Co-Ni-La-Ce,Ni0.1La0.1Ce0.8,3,0,0,0,0.1,0.1,0.8,0,0,0,0,0
sample_bcfa7b7d551c51c8,Ca-Mn-Co-Ni-Sn-Sb|Ca0.6Ni0.1Sn0.3,Ca-Mn-Co-Ni-Sn-Sb,Ca0.6Ni0.1Sn0.3,3,0,0,0,0.1,0,0,0,0,0.3,0.6,0
sample_bd03bf0368807251,Mn-Fe-Co-Cu-Sn-Ta|Mn0.2Co0.2Ta0.6,Mn-Fe-Co-Cu-Sn-Ta,Mn0.2Co0.2Ta0.6,3,0.2,0,0.2,0,0,0,0,0.6,0,0,0
sample_bd0c8eadbb8b208f,Mn-Fe-Co-Cu-Sn-Ta|Fe0.3Cu0.3Ta0.4,Mn-Fe-Co-Cu-Sn-Ta,Fe0.3Cu0.3Ta0.4,3,0,0.3,0,0,0,0,0.3,0.4,0,0,0
sample_bd1959789466c977,Ca-Mn-Co-Ni-Sn-Sb|Mn0.4Co0.4Sn0.2,Ca-Mn-Co-Ni-Sn-Sb,Mn0.4Co0.4Sn0.2,3,0.4,0,0.4,0,0,0,0,0,0.2,0,0
sample_bd2885a220ad29b6,Mn-Fe-Co-Cu-Sn-Ta|Mn0.7Fe0.1Co0.2,Mn-Fe-Co-Cu-Sn-Ta,Mn0.7Fe0.1Co0.2,3,0.7,0.1,0.2,0,0,0,0,0,0,0,0
sample_bd3bb65e64c45015,Ca-Mn-Co-Ni-Sn-Sb|Co0.3Ni0.1Sn0.6,Ca-Mn-Co-Ni-Sn-Sb,Co0.3Ni0.1Sn0.6,3,0,0,0.3,0.1,0,0,0,0,0.6,0,0
sample_bd768dd697d87557,Ca-Mn-Co-Ni-Sn-Sb|Ca0.2Sn0.4Sb0.4,Ca-Mn-Co-Ni-Sn-Sb,Ca0.2Sn0.4Sb0.4,3,0,0,0,0,0,0,0,0,0.4,0.2,0.4
sample_bd81fd8b2f2d75d3,Mn-Fe-Co-Cu-Sn-Ta|Mn0.1Sn0.1Ta0.8,Mn-Fe-Co-Cu-Sn-Ta,Mn0.1Sn0.1Ta0.8,3,0.1,0,0,0,0,0,0,0.8,0.1,0,0
sample_bd964645e0e062b7,Ca-Mn-Co-Ni-Sn-Sb|Ca0.3Co0.3Sb0.4,Ca-Mn-Co-Ni-Sn-Sb,Ca0.3Co0.3Sb0.4,3,0,0,0.3,0,0,0,0,0,0,0.3,0.4
sample_bd990ca1eb315519,Ca-Mn-Co-Ni-Sn-Sb|Ca0.3Mn0.6Ni0.1,Ca-Mn-Co-Ni-Sn-Sb,Ca0.3Mn0.6Ni0.1,3,0.6,0,0,0.1,0,0,0,0,0,0.3,0
sample_be1ce05e584be0e3,Mn-Fe-Co-Ni-Cu-Ta|Co0.1Ni0.6Ta0.3,Mn-Fe-Co-Ni-Cu-Ta,Co0.1Ni0.6Ta0.3,3,0,0,0.1,0.6,0,0,0,0.3,0,0,0
sample_be5cfaee35be5f65,Mn-Fe-Co-Ni-La-Ce|Mn0.9La0.1,Mn-Fe-Co-Ni-La-Ce,Mn0.9La0.1,2,0.9,0,0,0,0.1,0,0,0,0,0,0
sample_be628d0ebd7361e0,Mn-Fe-Co-Ni-Cu-Ta|Mn0.3Fe0.3Cu0.4,Mn-Fe-Co-Ni-Cu-Ta,Mn0.3Fe0.3Cu0.4,3,0.3,0.3,0,0,0,0,0.4,0,0,0,0
sample_be63a9126acf86d9,Ca-Mn-Co-Ni-Sn-Sb|Ca0.2Mn0.2Sn0.6,Ca-Mn-Co-Ni-Sn-Sb,Ca0.2Mn0.2Sn0.6,3,0.2,0,0,0,0,0,0,0,0.6,0.2,0
sample_be6cda86ba152282,Mn-Fe-Co-Cu-Sn-Ta|Mn0.5Co0.1Sn0.4,Mn-Fe-Co-Cu-Sn-Ta,Mn0.5Co0.1Sn0.4,3,0.5,0,0.1,0,0,0,0,0,0.4,0,0
sample_be6d90cf13edc9aa,Mn-Fe-Co-Ni-Cu-Ta|Mn0.2Fe0.4Cu0.4,Mn-Fe-Co-Ni-Cu-Ta,Mn0.2Fe0.4Cu0.4,3,0.2,0.4,0,0,0,0,0.4,0,0,0,0
sample_be71018713aba4c0,Mn-Fe-Co-Ni-Cu-Ta|Mn0.9Ta0.1,Mn-Fe-Co-Ni-Cu-Ta,Mn0.9Ta0.1,2,0.9,0,0,0,0,0,0,0.1,0,0,0
sample_be7c291fa426988c,Mn-Fe-Co-Cu-Sn-Ta|Mn0.3Co0.3Ta0.4,Mn-Fe-Co-Cu-Sn-Ta,Mn0.3Co0.3Ta0.4,3,0.3,0,0.3,0,0,0,0,0.4,0,0,0
sample_be900808ce7b8298,Ca-Mn-Co-Ni-Sn-Sb|Ca0.2Sn0.8,Ca-Mn-Co-Ni-Sn-Sb,Ca0.2Sn0.8,2,0,0,0,0,0,0,0,0,0.8,0.2,0
sample_be993ace69311557,Ca-Mn-Co-Ni-Sn-Sb|Mn0.1Ni0.4Sn0.5,Ca-Mn-Co-Ni-Sn-Sb,Mn0.1Ni0.4Sn0.5,3,0.1,0,0,0.4,0,0,0,0,0.5,0,0
sample_be9980aaf938d55e,Mn-Fe-Co-Cu-Sn-Ta|Fe0.1Co0.3Cu0.6,Mn-Fe-Co-Cu-Sn-Ta,Fe0.1Co0.3Cu0.6,3,0,0.1,0.3,0,0,0,0.6,0,0,0,0
sample_bebfdc22bd7ab157,Mn-Fe-Co-Cu-Sn-Ta|Mn0.8Ta0.2,Mn-Fe-Co-Cu-Sn-Ta,Mn0.8Ta0.2,2,0.8,0,0,0,0,0,0,0.2,0,0,0
sample_bed014ec6f97dd6e,Ca-Mn-Co-Ni-Sn-Sb|Co0.1Sn0.4Sb0.5,Ca-Mn-Co-Ni-Sn-Sb,Co0.1Sn0.4Sb0.5,3,0,0,0.1,0,0,0,0,0,0.4,0,0.5
sample_bed5e73d06fa39c4,Mn-Fe-Co-Ni-Cu-Ta|Ni0.3Ta0.7,Mn-Fe-Co-Ni-Cu-Ta,Ni0.3Ta0.7,2,0,0,0,0.3,0,0,0,0.7,0,0,0
sample_bee07f944df77450,Mn-Fe-Co-Cu-Sn-Ta|Co0.3Cu0.5Sn0.2,Mn-Fe-Co-Cu-Sn-Ta,Co0.3Cu0.5Sn0.2,3,0,0,0.3,0,0,0,0.5,0,0.2,0,0
sample_bf012048ca6d5746,Mn-Fe-Co-Cu-Sn-Ta|Fe0.4Co0.1Cu0.5,Mn-Fe-Co-Cu-Sn-Ta,Fe0.4Co0.1Cu0.5,3,0,0.4,0.1,0,0,0,0.5,0,0,0,0
sample_bf184af112ade5f7,Mn-Fe-Co-Ni-La-Ce|Fe0.1Co0.1La0.8,Mn-Fe-Co-Ni-La-Ce,Fe0.1Co0.1La0.8,3,0,0.1,0.1,0,0.8,0,0,0,0,0,0
sample_bf330fba8cdd9394,Mn-Fe-Co-Ni-Cu-Ta|Mn0.1Co0.2Cu0.7,Mn-Fe-Co-Ni-Cu-Ta,Mn0.1Co0.2Cu0.7,3,0.1,0,0.2,0,0,0,0.7,0,0,0,0
sample_bf42c1931d8e7cf5,Ca-Mn-Co-Ni-Sn-Sb|Mn0.2Ni0.2Sn0.6,Ca-Mn-Co-Ni-Sn-Sb,Mn0.2Ni0.2Sn0.6,3,0.2,0,0,0.2,0,0,0,0,0.6,0,0
sample_bf50902e21e45852,Mn-Fe-Co-Ni-Cu-Ta|Co0.3Cu0.4Ta0.3,Mn-Fe-Co-Ni-Cu-Ta,Co0.3Cu0.4Ta0.3,3,0,0,0.3,0,0,0,0.4,0.3,0,0,0
sample_bf80341ea66a48a3,Mn-Fe-Co-Ni-La-Ce|Fe0.3Ni0.1La0.6,Mn-Fe-Co-Ni-La-Ce,Fe0.3Ni0.1La0.6,3,0,0.3,0,0.1,0.6,0,0,0,0,0,0
sample_bf841dddf297a9cc,Ca-Mn-Co-Ni-Sn-Sb|Ca0.3Mn0.1Sb0.6,Ca-Mn-Co-Ni-Sn-Sb,Ca0.3Mn0.1Sb0.6,3,0.1,0,0,0,0,0,0,0,0,0.3,0.6
sample_bf8f0689aa991755,Mn-Fe-Co-Cu-Sn-Ta|Mn0.5Fe0.3Sn0.2,Mn-Fe-Co-Cu-Sn-Ta,Mn0.5Fe0.3Sn0.2,3,0.5,0.3,0,0,0,0,0,0,0.2,0,0
sample_bf93f7cc7b2c0752,Ca-Mn-Co-Ni-Sn-Sb|Ca0.1Mn0.8Co0.1,Ca-Mn-Co-Ni-Sn-Sb,Ca0.1Mn0.8Co0.1,3,0.8,0,0.1,0,0,0,0,0,0,0.1,0
sample_bfa0a78f8c7bce21,Mn-Fe-Co-Cu-Sn-Ta|Co0.6Cu0.1Sn0.3,Mn-Fe-Co-Cu-Sn-Ta,Co0.6Cu0.1Sn0.3,3,0,0,0.6,0,0,0,0.1,0,0.3,0,0
sample_bfb0cf2d549ea665,Mn-Fe-Co-Cu-Sn-Ta|Mn0.5Co0.3Ta0.2,Mn-Fe-Co-Cu-Sn-Ta,Mn0.5Co0.3Ta0.2,3,0.5,0,0.3,0,0,0,0,0.2,0,0,0
sample_bfb6a0bdf338b09e,Mn-Fe-Co-Cu-Sn-Ta|Mn0.4Co0.3Cu0.3,Mn-Fe-Co-Cu-Sn-Ta,Mn0.4Co0.3Cu0.3,3,0.4,0,0.3,0,0,0,0.3,0,0,0,0
sample_bfd5b016dbe53224,Mn-Fe-Co-Ni-Cu-Ta|Co0.2Ni0.7Ta0.1,Mn-Fe-Co-Ni-Cu-Ta,Co0.2Ni0.7Ta0.1,3,0,0,0.2,0.7,0,0,0,0.1,0,0,0
sample_bff73d705a89b407,Mn-Fe-Co-Ni-Cu-Ta|Fe0.1Ni0.1Ta0.8,Mn-Fe-Co-Ni-Cu-Ta,Fe0.1Ni0.1Ta0.8,3,0,0.1,0,0.1,0,0,0,0.8,0,0,0
sample_c012e4ea9bdcf4e0,Mn-Fe-Co-Ni-La-Ce|Co0.2Ni0.5La0.3,Mn-Fe-Co-Ni-La-Ce,Co0.2Ni0.5La0.3,3,0,0,0.2,0.5,0.3,0,0,0,0,0,0
sample_c01edaf4cd9d7850,Mn-Fe-Co-Ni-Cu-Ta|Fe0.1Ni0.5Ta0.4,Mn-Fe-Co-Ni-Cu-Ta,Fe0.1Ni0.5Ta0.4,3,0,0.1,0,0.5,0,0,0,0.4,0,0,0
sample_c06449e991f9cba3,Mn-Fe-Co-Ni-Cu-Ta|Co0.3Cu0.3Ta0.4,Mn-Fe-Co-Ni-Cu-Ta,Co0.3Cu0.3Ta0.4,3,0,0,0.3,0,0,0,0.3,0.4,0,0,0
sample_c06e4ac11189acda,Mn-Fe-Co-Ni-La-Ce|Mn0.1Fe0.4Ce0.5,Mn-Fe-Co-Ni-La-Ce,Mn0.1Fe0.4Ce0.5,3,0.1,0.4,0,0,0,0.5,0,0,0,0,0
sample_c06e52768d34c8a9,Mn-Fe-Co-Cu-Sn-Ta|Cu0.2Sn0.4Ta0.4,Mn-Fe-Co-Cu-Sn-Ta,Cu0.2Sn0.4Ta0.4,3,0,0,0,0,0,0,0.2,0.4,0.4,0,0
sample_c071442f198b3658,Mn-Fe-Co-Ni-Cu-Ta|Cu0.1Ta0.9,Mn-Fe-Co-Ni-Cu-Ta,Cu0.1Ta0.9,2,0,0,0,0,0,0,0.1,0.9,0,0,0
sample_c0762cee78077ea6,Mn-Fe-Co-Ni-Cu-Ta|Mn0.3Cu0.3Ta0.4,Mn-Fe-Co-Ni-Cu-Ta,Mn0.3Cu0.3Ta0.4,3,0.3,0,0,0,0,0,0.3,0.4,0,0,0
sample_c079546dfd5affa4,Mn-Fe-Co-Ni-La-Ce|Mn0.6Fe0.1Co0.3,Mn-Fe-Co-Ni-La-Ce,Mn0.6Fe0.1Co0.3,3,0.6,0.1,0.3,0,0,0,0,0,0,0,0
sample_c07ff99ab87fb42c,Mn-Fe-Co-Ni-Cu-Ta|Mn0.1Fe0.2Ni0.7,Mn-Fe-Co-Ni-Cu-Ta,Mn0.1Fe0.2Ni0.7,3,0.1,0.2,0,0.7,0,0,0,0,0,0,0
sample_c09b52a628bc9797,Ca-Mn-Co-Ni-Sn-Sb|Mn0.1Co0.1Sn0.8,Ca-Mn-Co-Ni-Sn-Sb,Mn0.1Co0.1Sn0.8,3,0.1,0,0.1,0,0,0,0,0,0.8,0,0
sample_c0a70c8bf0d5a04f,Mn-Fe-Co-Cu-Sn-Ta|Co0.1Cu0.6Sn0.3,Mn-Fe-Co-Cu-Sn-Ta,Co0.1Cu0.6Sn0.3,3,0,0,0.1,0,0,0,0.6,0,0.3,0,0
sample_c0da0102b4ebbe31,Ca-Mn-Co-Ni-Sn-Sb|Ca0.1Mn0.1Sb0.8,Ca-Mn-Co-Ni-Sn-Sb,Ca0.1Mn0.1Sb0.8,3,0.1,0,0,0,0,0,0,0,0,0.1,0.8
sample_c10b54a6d89083fe,Mn-Fe-Co-Ni-Cu-Ta|Mn0.3Fe0.7,Mn-Fe-Co-Ni-Cu-Ta,Mn0.3Fe0.7,2,0.3,0.7,0,0,0,0,0,0,0,0,0
sample_c1179d5f2c0b80ef,Mn-Fe-Co-Ni-La-Ce|Mn0.5Fe0.3La0.2,Mn-Fe-Co-Ni-La-Ce,Mn0.5Fe0.3La0.2,3,0.5,0.3,0,0,0.2,0,0,0,0,0,0
sample_c119929d9198c539,Ca-Mn-Co-Ni-Sn-Sb|Co0.1Sn0.1Sb0.8,Ca-Mn-Co-Ni-Sn-Sb,Co0.1Sn0.1Sb0.8,3,0,0,0.1,0,0,0,0,0,0.1,0,0.8
sample_c12a04b297b30603,Mn-Fe-Co-Cu-Sn-Ta|Mn0.5Sn0.5,Mn-Fe-Co-Cu-Sn-Ta,Mn0.5Sn0.5,2,0.5,0,0,0,0,0,0,0,0.5,0,0
sample_c1348f686f47a337,Mn-Fe-Co-Ni-La-Ce|Fe0.1Co0.4Ce0.5,Mn-Fe-Co-Ni-La-Ce,Fe0.1Co0.4Ce0.5,3,0,0.1,0.4,0,0,0.5,0,0,0,0,0
sample_c13f6797bc5f9a2d,Mn-Fe-Co-Ni-La-Ce|Ni0.9Ce0.1,Mn-Fe-Co-Ni-La-Ce,Ni0.9Ce0.1,2,0,0,0,0.9,0,0.1,0,0,0,0,0
sample_c172caa7861e5d92,Ca-Mn-Co-Ni-Sn-Sb|Ca0.4Mn0.4Sn0.2,Ca-Mn-Co-Ni-Sn-Sb,Ca0.4Mn0.4Sn0.2,3,0.4,0,0,0,0,0,0,0,0.2,0.4,0
sample_c1771bcfede1d256,Ca-Mn-Co-Ni-Sn-Sb|Ca0.6Co0.3Sb0.1,Ca-Mn-Co-Ni-Sn-Sb,Ca0.6Co0.3Sb0.1,3,0,0,0.3,0,0,0,0,0,0,0.6,0.1
sample_c1d501a8e659c8ae,Mn-Fe-Co-Ni-La-Ce|Co0.3La0.1Ce0.6,Mn-Fe-Co-Ni-La-Ce,Co0.3La0.1Ce0.6,3,0,0,0.3,0,0.1,0.6,0,0,0,0,0
sample_c1dac1894bedc6b9,Mn-Fe-Co-Ni-Cu-Ta|Ni0.3Cu0.7,Mn-Fe-Co-Ni-Cu-Ta,Ni0.3Cu0.7,2,0,0,0,0.3,0,0,0.7,0,0,0,0
sample_c1db15b335e5539e,Mn-Fe-Co-Ni-Cu-Ta|Fe0.8Cu0.1Ta0.1,Mn-Fe-Co-Ni-Cu-Ta,Fe0.8Cu0.1Ta0.1,3,0,0.8,0,0,0,0,0.1,0.1,0,0,0
sample_c1e6a679ddd6bb40,Mn-Fe-Co-Ni-La-Ce|Mn0.5Fe0.1La0.4,Mn-Fe-Co-Ni-La-Ce,Mn0.5Fe0.1La0.4,3,0.5,0.1,0,0,0.4,0,0,0,0,0,0
sample_c1fb400eebf5cd63,Mn-Fe-Co-Ni-La-Ce|Mn0.5Fe0.3Co0.2,Mn-Fe-Co-Ni-La-Ce,Mn0.5Fe0.3Co0.2,3,0.5,0.3,0.2,0,0,0,0,0,0,0,0
sample_c1ff125dec2eb716,Mn-Fe-Co-Ni-Cu-Ta|Fe0.5Cu0.4Ta0.1,Mn-Fe-Co-Ni-Cu-Ta,Fe0.5Cu0.4Ta0.1,3,0,0.5,0,0,0,0,0.4,0.1,0,0,0
sample_c206baec0ad5dec0,Mn-Fe-Co-Ni-Cu-Ta|Mn0.3Fe0.1Ta0.6,Mn-Fe-Co-Ni-Cu-Ta,Mn0.3Fe0.1Ta0.6,3,0.3,0.1,0,0,0,0,0,0.6,0,0,0
sample_c22755a20158e844,Ca-Mn-Co-Ni-Sn-Sb|Ca0.3Mn0.6Co0.1,Ca-Mn-Co-Ni-Sn-Sb,Ca0.3Mn0.6Co0.1,3,0.6,0,0.1,0,0,0,0,0,0,0.3,0
sample_c244286c084aadbe,Mn-Fe-Co-Ni-Cu-Ta|Fe0.5Ni0.1Cu0.4,Mn-Fe-Co-Ni-Cu-Ta,Fe0.5Ni0.1Cu0.4,3,0,0.5,0,0.1,0,0,0.4,0,0,0,0
sample_c2482c71c409413d,Mn-Fe-Co-Ni-Cu-Ta|Mn0.5Ni0.2Ta0.3,Mn-Fe-Co-Ni-Cu-Ta,Mn0.5Ni0.2Ta0.3,3,0.5,0,0,0.2,0,0,0,0.3,0,0,0
sample_c24894543f5df9de,Mn-Fe-Co-Cu-Sn-Ta|Mn0.3Sn0.5Ta0.2,Mn-Fe-Co-Cu-Sn-Ta,Mn0.3Sn0.5Ta0.2,3,0.3,0,0,0,0,0,0,0.2,0.5,0,0
sample_c2543c84db55bcd5,Mn-Fe-Co-Ni-Cu-Ta|Mn0.8Co0.1Cu0.1,Mn-Fe-Co-Ni-Cu-Ta,Mn0.8Co0.1Cu0.1,3,0.8,0,0.1,0,0,0,0.1,0,0,0,0
sample_c25af01aee64d76b,Mn-Fe-Co-Ni-Cu-Ta|Mn0.3Co0.1Ta0.6,Mn-Fe-Co-Ni-Cu-Ta,Mn0.3Co0.1Ta0.6,3,0.3,0,0.1,0,0,0,0,0.6,0,0,0
sample_c268fa6e014dc77e,Ca-Mn-Co-Ni-Sn-Sb|Mn0.2Co0.4Ni0.4,Ca-Mn-Co-Ni-Sn-Sb,Mn0.2Co0.4Ni0.4,3,0.2,0,0.4,0.4,0,0,0,0,0,0,0
sample_c276b87769231699,Mn-Fe-Co-Ni-Cu-Ta|Mn0.2Ni0.5Ta0.3,Mn-Fe-Co-Ni-Cu-Ta,Mn0.2Ni0.5Ta0.3,3,0.2,0,0,0.5,0,0,0,0.3,0,0,0
sample_c27bdffdea50dff1,Mn-Fe-Co-Cu-Sn-Ta|Fe0.8Co0.2,Mn-Fe-Co-Cu-Sn-Ta,Fe0.8Co0.2,2,0,0.8,0.2,0,0,0,0,0,0,0,0
sample_c294b837fecb40e1,Mn-Fe-Co-Ni-La-Ce|Mn0.7Co0.2Ce0.1,Mn-Fe-Co-Ni-La-Ce,Mn0.7Co0.2Ce0.1,3,0.7,0,0.2,0,0,0.1,0,0,0,0,0
sample_c294da72b6202b97,Mn-Fe-Co-Cu-Sn-Ta|Co0.3Cu0.2Ta0.5,Mn-Fe-Co-Cu-Sn-Ta,Co0.3Cu0.2Ta0.5,3,0,0,0.3,0,0,0,0.2,0.5,0,0,0
sample_c2980b781b594513,Ca-Mn-Co-Ni-Sn-Sb|Co0.9Ni0.1,Ca-Mn-Co-Ni-Sn-Sb,Co0.9Ni0.1,2,0,0,0.9,0.1,0,0,0,0,0,0,0
sample_c2b6ec3ff80a7551,Mn-Fe-Co-Ni-La-Ce|Mn0.5La0.3Ce0.2,Mn-Fe-Co-Ni-La-Ce,Mn0.5La0.3Ce0.2,3,0.5,0,0,0,0.3,0.2,0,0,0,0,0
sample_c2ba103612f8bce2,Mn-Fe-Co-Ni-La-Ce|Ni0.7Ce0.3,Mn-Fe-Co-Ni-La-Ce,Ni0.7Ce0.3,2,0,0,0,0.7,0,0.3,0,0,0,0,0
sample_c2bc1c82bdfc0684,Mn-Fe-Co-Ni-Cu-Ta|Mn0.1Cu0.2Ta0.7,Mn-Fe-Co-Ni-Cu-Ta,Mn0.1Cu0.2Ta0.7,3,0.1,0,0,0,0,0,0.2,0.7,0,0,0
sample_c2bdd6b004b10d0c,Mn-Fe-Co-Cu-Sn-Ta|Mn0.2Cu0.5Ta0.3,Mn-Fe-Co-Cu-Sn-Ta,Mn0.2Cu0.5Ta0.3,3,0.2,0,0,0,0,0,0.5,0.3,0,0,0
sample_c31a42585668f28c,Mn-Fe-Co-Ni-La-Ce|Mn0.6Co0.3La0.1,Mn-Fe-Co-Ni-La-Ce,Mn0.6Co0.3La0.1,3,0.6,0,0.3,0,0.1,0,0,0,0,0,0
sample_c32a6e0aa369dc74,Mn-Fe-Co-Ni-Cu-Ta|Mn0.2Ni0.2Cu0.6,Mn-Fe-Co-Ni-Cu-Ta,Mn0.2Ni0.2Cu0.6,3,0.2,0,0,0.2,0,0,0.6,0,0,0,0
sample_c330aa3a72e84869,Mn-Fe-Co-Ni-Cu-Ta|Mn0.3Fe0.5Co0.2,Mn-Fe-Co-Ni-Cu-Ta,Mn0.3Fe0.5Co0.2,3,0.3,0.5,0.2,0,0,0,0,0,0,0,0
sample_c33650f6dc084588,Ca-Mn-Co-Ni-Sn-Sb|Mn0.7Sb0.3,Ca-Mn-Co-Ni-Sn-Sb,Mn0.7Sb0.3,2,0.7,0,0,0,0,0,0,0,0,0,0.3
sample_c33ce36c2c209e00,Mn-Fe-Co-Cu-Sn-Ta|Co0.3Sn0.5Ta0.2,Mn-Fe-Co-Cu-Sn-Ta,Co0.3Sn0.5Ta0.2,3,0,0,0.3,0,0,0,0,0.2,0.5,0,0
sample_c351eb25896ebd08,Mn-Fe-Co-Cu-Sn-Ta|Fe0.2Co0.2Sn0.6,Mn-Fe-Co-Cu-Sn-Ta,Fe0.2Co0.2Sn0.6,3,0,0.2,0.2,0,0,0,0,0,0.6,0,0
sample_c36b204575568aa5,Mn-Fe-Co-Cu-Sn-Ta|Cu0.6Sn0.2Ta0.2,Mn-Fe-Co-Cu-Sn-Ta,Cu0.6Sn0.2Ta0.2,3,0,0,0,0,0,0,0.6,0.2,0.2,0,0
sample_c3782b3f8aed72a1,Mn-Fe-Co-Ni-La-Ce|Mn0.4La0.1Ce0.5,Mn-Fe-Co-Ni-La-Ce,Mn0.4La0.1Ce0.5,3,0.4,0,0,0,0.1,0.5,0,0,0,0,0
sample_c39411cb3e87a706,Mn-Fe-Co-Ni-La-Ce|Mn0.1Ni0.4La0.5,Mn-Fe-Co-Ni-La-Ce,Mn0.1Ni0.4La0.5,3,0.1,0,0,0.4,0.5,0,0,0,0,0,0
sample_c394cb97dd3bf6fd,Mn-Fe-Co-Ni-Cu-Ta|Mn0.6Fe0.4,Mn-Fe-Co-Ni-Cu-Ta,Mn0.6Fe0.4,2,0.6,0.4,0,0,0,0,0,0,0,0,0
sample_c3a4f919c0633ead,Mn-Fe-Co-Cu-Sn-Ta|Mn0.5Fe0.4Ta0.1,Mn-Fe-Co-Cu-Sn-Ta,Mn0.5Fe0.4Ta0.1,3,0.5,0.4,0,0,0,0,0,0.1,0,0,0
sample_c3b6875ff2bf6d20,Ca-Mn-Co-Ni-Sn-Sb|Ca0.2Co0.3Sb0.5,Ca-Mn-Co-Ni-Sn-Sb,Ca0.2Co0.3Sb0.5,3,0,0,0.3,0,0,0,0,0,0,0.2,0.5
sample_c3ca2a4c4cc14a8e,Mn-Fe-Co-Cu-Sn-Ta|Mn0.8Co0.1Sn0.1,Mn-Fe-Co-Cu-Sn-Ta,Mn0.8Co0.1Sn0.1,3,0.8,0,0.1,0,0,0,0,0,0.1,0,0
sample_c3da610149220116,Mn-Fe-Co-Cu-Sn-Ta|Mn0.4Fe0.1Cu0.5,Mn-Fe-Co-Cu-Sn-Ta,Mn0.4Fe0.1Cu0.5,3,0.4,0.1,0,0,0,0,0.5,0,0,0,0
sample_c3ecf55ea1862c82,Ca-Mn-Co-Ni-Sn-Sb|Mn0.3Ni0.7,Ca-Mn-Co-Ni-Sn-Sb,Mn0.3Ni0.7,2,0.3,0,0,0.7,0,0,0,0,0,0,0
sample_c3ed2fed0e6465dd,Mn-Fe-Co-Cu-Sn-Ta|Fe0.2Cu0.7Ta0.1,Mn-Fe-Co-Cu-Sn-Ta,Fe0.2Cu0.7Ta0.1,3,0,0.2,0,0,0,0,0.7,0.1,0,0,0
sample_c42a80d9f3da8418,Ca-Mn-Co-Ni-Sn-Sb|Mn0.1Ni0.9,Ca-Mn-Co-Ni-Sn-Sb,Mn0.1Ni0.9,2,0.1,0,0,0.9,0,0,0,0,0,0,0
sample_c43286c7a3bb2aba,Mn-Fe-Co-Ni-La-Ce|Fe0.4Co0.5Ni0.1,Mn-Fe-Co-Ni-La-Ce,Fe0.4Co0.5Ni0.1,3,0,0.4,0.5,0.1,0,0,0,0,0,0,0
sample_c445379cdd77098e,Mn-Fe-Co-Cu-Sn-Ta|Mn0.2Co0.4Cu0.4,Mn-Fe-Co-Cu-Sn-Ta,Mn0.2Co0.4Cu0.4,3,0.2,0,0.4,0,0,0,0.4,0,0,0,0
sample_c44ac260ba547be0,Mn-Fe-Co-Ni-Cu-Ta|Fe0.2Cu0.3Ta0.5,Mn-Fe-Co-Ni-Cu-Ta,Fe0.2Cu0.3Ta0.5,3,0,0.2,0,0,0,0,0.3,0.5,0,0,0
sample_c451a15f2aedf09b,Mn-Fe-Co-Ni-Cu-Ta|Mn0.2Ni0.2Ta0.6,Mn-Fe-Co-Ni-Cu-Ta,Mn0.2Ni0.2Ta0.6,3,0.2,0,0,0.2,0,0,0,0.6,0,0,0
sample_c45f4e01944be8ee,Ca-Mn-Co-Ni-Sn-Sb|Ca0.1Co0.1Sn0.8,Ca-Mn-Co-Ni-Sn-Sb,Ca0.1Co0.1Sn0.8,3,0,0,0.1,0,0,0,0,0,0.8,0.1,0
sample_c46a8c2189ffd085,Mn-Fe-Co-Ni-Cu-Ta|Fe0.6Ni0.2Ta0.2,Mn-Fe-Co-Ni-Cu-Ta,Fe0.6Ni0.2Ta0.2,3,0,0.6,0,0.2,0,0,0,0.2,0,0,0
sample_c4742902865bbaa0,Mn-Fe-Co-Ni-Cu-Ta|Fe0.6Co0.1Ta0.3,Mn-Fe-Co-Ni-Cu-Ta,Fe0.6Co0.1Ta0.3,3,0,0.6,0.1,0,0,0,0,0.3,0,0,0
sample_c483e97b4da31fdc,Mn-Fe-Co-Ni-La-Ce|Fe0.2Co0.2Ni0.6,Mn-Fe-Co-Ni-La-Ce,Fe0.2Co0.2Ni0.6,3,0,0.2,0.2,0.6,0,0,0,0,0,0,0
sample_c4a3ff771433b466,Ca-Mn-Co-Ni-Sn-Sb|Ca0.2Mn0.3Sb0.5,Ca-Mn-Co-Ni-Sn-Sb,Ca0.2Mn0.3Sb0.5,3,0.3,0,0,0,0,0,0,0,0,0.2,0.5
sample_c4b74df9f267b306,Mn-Fe-Co-Ni-Cu-Ta|Mn0.1Cu0.8Ta0.1,Mn-Fe-Co-Ni-Cu-Ta,Mn0.1Cu0.8Ta0.1,3,0.1,0,0,0,0,0,0.8,0.1,0,0,0
sample_c4bbae3bf111b33d,Mn-Fe-Co-Ni-La-Ce|Fe0.5La0.1Ce0.4,Mn-Fe-Co-Ni-La-Ce,Fe0.5La0.1Ce0.4,3,0,0.5,0,0,0.1,0.4,0,0,0,0,0
sample_c5143fe7163f0fec,Mn-Fe-Co-Cu-Sn-Ta|Cu0.4Sn0.3Ta0.3,Mn-Fe-Co-Cu-Sn-Ta,Cu0.4Sn0.3Ta0.3,3,0,0,0,0,0,0,0.4,0.3,0.3,0,0
sample_c5269066c263d81f,Mn-Fe-Co-Cu-Sn-Ta|Mn0.3Co0.2Sn0.5,Mn-Fe-Co-Cu-Sn-Ta,Mn0.3Co0.2Sn0.5,3,0.3,0,0.2,0,0,0,0,0,0.5,0,0
sample_c5443be4bc1fdc01,Mn-Fe-Co-Cu-Sn-Ta|Mn0.1Fe0.8Sn0.1,Mn-Fe-Co-Cu-Sn-Ta,Mn0.1Fe0.8Sn0.1,3,0.1,0.8,0,0,0,0,0,0,0.1,0,0
sample_c546625632593673,Mn-Fe-Co-Ni-La-Ce|Mn0.1Fe0.4Ni0.5,Mn-Fe-Co-Ni-La-Ce,Mn0.1Fe0.4Ni0.5,3,0.1,0.4,0,0.5,0,0,0,0,0,0,0
sample_c58a5eeb5b59340d,Mn-Fe-Co-Ni-Cu-Ta|Mn0.1Fe0.7Co0.2,Mn-Fe-Co-Ni-Cu-Ta,Mn0.1Fe0.7Co0.2,3,0.1,0.7,0.2,0,0,0,0,0,0,0,0
sample_c5ad7d71deb037e2,Mn-Fe-Co-Ni-Cu-Ta|Mn0.2Cu0.3Ta0.5,Mn-Fe-Co-Ni-Cu-Ta,Mn0.2Cu0.3Ta0.5,3,0.2,0,0,0,0,0,0.3,0.5,0,0,0
sample_c5bcafd6b74a743b,Mn-Fe-Co-Cu-Sn-Ta|Mn0.3Co0.5Ta0.2,Mn-Fe-Co-Cu-Sn-Ta,Mn0.3Co0.5Ta0.2,3,0.3,0,0.5,0,0,0,0,0.2,0,0,0
sample_c5e2d9aacac655d9,Mn-Fe-Co-Cu-Sn-Ta|Fe0.4Cu0.4Sn0.2,Mn-Fe-Co-Cu-Sn-Ta,Fe0.4Cu0.4Sn0.2,3,0,0.4,0,0,0,0,0.4,0,0.2,0,0
sample_c5ed50af4f4be0cd,Mn-Fe-Co-Ni-Cu-Ta|Ni0.9Cu0.1,Mn-Fe-Co-Ni-Cu-Ta,Ni0.9Cu0.1,2,0,0,0,0.9,0,0,0.1,0,0,0,0
sample_c5f120da5729470e,Mn-Fe-Co-Ni-Cu-Ta|Fe0.3Cu0.2Ta0.5,Mn-Fe-Co-Ni-Cu-Ta,Fe0.3Cu0.2Ta0.5,3,0,0.3,0,0,0,0,0.2,0.5,0,0,0
sample_c5ff84e318f82ea3,Mn-Fe-Co-Cu-Sn-Ta|Mn0.1Cu0.7Sn0.2,Mn-Fe-Co-Cu-Sn-Ta,Mn0.1Cu0.7Sn0.2,3,0.1,0,0,0,0,0,0.7,0,0.2,0,0
sample_c6001f376650ee9c,Mn-Fe-Co-Cu-Sn-Ta|Mn0.7Cu0.2Ta0.1,Mn-Fe-Co-Cu-Sn-Ta,Mn0.7Cu0.2Ta0.1,3,0.7,0,0,0,0,0,0.2,0.1,0,0,0
sample_c6019c4745e2c6c9,Ca-Mn-Co-Ni-Sn-Sb|Ca0.1Co0.2Sb0.7,Ca-Mn-Co-Ni-Sn-Sb,Ca0.1Co0.2Sb0.7,3,0,0,0.2,0,0,0,0,0,0,0.1,0.7
sample_c6048a56f140b749,Mn-Fe-Co-Ni-Cu-Ta|Fe0.5Ni0.4Cu0.1,Mn-Fe-Co-Ni-Cu-Ta,Fe0.5Ni0.4Cu0.1,3,0,0.5,0,0.4,0,0,0.1,0,0,0,0
sample_c60c37baa5c3e298,Mn-Fe-Co-Ni-La-Ce|Mn0.2Ni0.1La0.7,Mn-Fe-Co-Ni-La-Ce,Mn0.2Ni0.1La0.7,3,0.2,0,0,0.1,0.7,0,0,0,0,0,0
sample_c61abfd274e0f18f,Mn-Fe-Co-Cu-Sn-Ta|Mn0.4Cu0.5Sn0.1,Mn-Fe-Co-Cu-Sn-Ta,Mn0.4Cu0.5Sn0.1,3,0.4,0,0,0,0,0,0.5,0,0.1,0,0
sample_c63c1091a66b5d79,Mn-Fe-Co-Ni-La-Ce|Co0.4Ce0.6,Mn-Fe-Co-Ni-La-Ce,Co0.4Ce0.6,2,0,0,0.4,0,0,0.6,0,0,0,0,0
sample_c6406cf553972f99,Mn-Fe-Co-Ni-La-Ce|Fe0.6La0.2Ce0.2,Mn-Fe-Co-Ni-La-Ce,Fe0.6La0.2Ce0.2,3,0,0.6,0,0,0.2,0.2,0,0,0,0,0
sample_c645ccc1b113855f,Mn-Fe-Co-Ni-Cu-Ta|Fe0.1Ta0.9,Mn-Fe-Co-Ni-Cu-Ta,Fe0.1Ta0.9,2,0,0.1,0,0,0,0,0,0.9,0,0,0
sample_c66dbe3befec666f,Mn-Fe-Co-Cu-Sn-Ta|Mn0.2Sn0.4Ta0.4,Mn-Fe-Co-Cu-Sn-Ta,Mn0.2Sn0.4Ta0.4,3,0.2,0,0,0,0,0,0,0.4,0.4,0,0
sample_c672a9f93a3587ec,Mn-Fe-Co-Cu-Sn-Ta|Mn0.2Fe0.5Sn0.3,Mn-Fe-Co-Cu-Sn-Ta,Mn0.2Fe0.5Sn0.3,3,0.2,0.5,0,0,0,0,0,0,0.3,0,0
sample_c69928b8e006cf80,Mn-Fe-Co-Cu-Sn-Ta|Co0.5Cu0.2Sn0.3,Mn-Fe-Co-Cu-Sn-Ta,Co0.5Cu0.2Sn0.3,3,0,0,0.5,0,0,0,0.2,0,0.3,0,0
sample_c6a0f9a76cbc6a71,Mn-Fe-Co-Ni-Cu-Ta|Mn0.5Co0.2Ni0.3,Mn-Fe-Co-Ni-Cu-Ta,Mn0.5Co0.2Ni0.3,3,0.5,0,0.2,0.3,0,0,0,0,0,0,0
sample_c6a176adf75d7228,Mn-Fe-Co-Ni-La-Ce|Fe0.2Ni0.6Ce0.2,Mn-Fe-Co-Ni-La-Ce,Fe0.2Ni0.6Ce0.2,3,0,0.2,0,0.6,0,0.2,0,0,0,0,0
sample_c6a5634778bb4998,Mn-Fe-Co-Ni-La-Ce|Fe0.4Co0.3Ni0.3,Mn-Fe-Co-Ni-La-Ce,Fe0.4Co0.3Ni0.3,3,0,0.4,0.3,0.3,0,0,0,0,0,0,0
sample_c6bb8f4e65cad2f7,Mn-Fe-Co-Cu-Sn-Ta|Co0.1Cu0.2Ta0.7,Mn-Fe-Co-Cu-Sn-Ta,Co0.1Cu0.2Ta0.7,3,0,0,0.1,0,0,0,0.2,0.7,0,0,0
sample_c6c879018b97f1d9,Mn-Fe-Co-Cu-Sn-Ta|Mn0.3Co0.3Cu0.4,Mn-Fe-Co-Cu-Sn-Ta,Mn0.3Co0.3Cu0.4,3,0.3,0,0.3,0,0,0,0.4,0,0,0,0
sample_c70f2c1ea76bf7a5,Ca-Mn-Co-Ni-Sn-Sb|Ca0.7Co0.1Sb0.2,Ca-Mn-Co-Ni-Sn-Sb,Ca0.7Co0.1Sb0.2,3,0,0,0.1,0,0,0,0,0,0,0.7,0.2
sample_c7101e3228c2e59f,Mn-Fe-Co-Ni-La-Ce|Fe0.5Co0.1Ce0.4,Mn-Fe-Co-Ni-La-Ce,Fe0.5Co0.1Ce0.4,3,0,0.5,0.1,0,0,0.4,0,0,0,0,0
sample_c714f7731f44ad86,Ca-Mn-Co-Ni-Sn-Sb|Mn0.6Sn0.4,Ca-Mn-Co-Ni-Sn-Sb,Mn0.6Sn0.4,2,0.6,0,0,0,0,0,0,0,0.4,0,0
sample_c718a35b4a6961a2,Mn-Fe-Co-Cu-Sn-Ta|Cu0.3Sn0.4Ta0.3,Mn-Fe-Co-Cu-Sn-Ta,Cu0.3Sn0.4Ta0.3,3,0,0,0,0,0,0,0.3,0.3,0.4,0,0
sample_c71b5ddf6d62604e,Mn-Fe-Co-Ni-Cu-Ta|Mn0.2Fe0.1Co0.7,Mn-Fe-Co-Ni-Cu-Ta,Mn0.2Fe0.1Co0.7,3,0.2,0.1,0.7,0,0,0,0,0,0,0,0
sample_c732afd66f3afb12,Mn-Fe-Co-Cu-Sn-Ta|Cu0.1Sn0.6Ta0.3,Mn-Fe-Co-Cu-Sn-Ta,Cu0.1Sn0.6Ta0.3,3,0,0,0,0,0,0,0.1,0.3,0.6,0,0
sample_c76f554d41938f9f,Mn-Fe-Co-Ni-Cu-Ta|Mn0.1Co0.1Cu0.8,Mn-Fe-Co-Ni-Cu-Ta,Mn0.1Co0.1Cu0.8,3,0.1,0,0.1,0,0,0,0.8,0,0,0,0
sample_c776f623ae0d25b7,Mn-Fe-Co-Cu-Sn-Ta|Fe0.3Co0.2Sn0.5,Mn-Fe-Co-Cu-Sn-Ta,Fe0.3Co0.2Sn0.5,3,0,0.3,0.2,0,0,0,0,0,0.5,0,0
sample_c77e3613e6977291,Mn-Fe-Co-Cu-Sn-Ta|Mn0.1Fe0.3Co0.6,Mn-Fe-Co-Cu-Sn-Ta,Mn0.1Fe0.3Co0.6,3,0.1,0.3,0.6,0,0,0,0,0,0,0,0
sample_c79843f7a255b398,Ca-Mn-Co-Ni-Sn-Sb|Mn0.2Ni0.8,Ca-Mn-Co-Ni-Sn-Sb,Mn0.2Ni0.8,2,0.2,0,0,0.8,0,0,0,0,0,0,0
sample_c79d82320c2df129,Ca-Mn-Co-Ni-Sn-Sb|Mn0.6Ni0.2Sn0.2,Ca-Mn-Co-Ni-Sn-Sb,Mn0.6Ni0.2Sn0.2,3,0.6,0,0,0.2,0,0,0,0,0.2,0,0
sample_c7bedaba1f398fb6,Mn-Fe-Co-Cu-Sn-Ta|Mn0.6Co0.4,Mn-Fe-Co-Cu-Sn-Ta,Mn0.6Co0.4,2,0.6,0,0.4,0,0,0,0,0,0,0,0
sample_c7c750cc5a1ede8f,Mn-Fe-Co-Ni-Cu-Ta|Mn0.2Co0.7Cu0.1,Mn-Fe-Co-Ni-Cu-Ta,Mn0.2Co0.7Cu0.1,3,0.2,0,0.7,0,0,0,0.1,0,0,0,0
sample_c7d1aeff7f3375ae,Ca-Mn-Co-Ni-Sn-Sb|Ca0.4Co0.5Sb0.1,Ca-Mn-Co-Ni-Sn-Sb,Ca0.4Co0.5Sb0.1,3,0,0,0.5,0,0,0,0,0,0,0.4,0.1
sample_c7e1f9a10d4b5957,Mn-Fe-Co-Ni-Cu-Ta|Mn0.1Cu0.5Ta0.4,Mn-Fe-Co-Ni-Cu-Ta,Mn0.1Cu0.5Ta0.4,3,0.1,0,0,0,0,0,0.5,0.4,0,0,0
sample_c7e26d5958fe0042,Mn-Fe-Co-Cu-Sn-Ta|Mn0.7Sn0.3,Mn-Fe-Co-Cu-Sn-Ta,Mn0.7Sn0.3,2,0.7,0,0,0,0,0,0,0,0.3,0,0
sample_c7e5f4a32a2515a9,Mn-Fe-Co-Ni-Cu-Ta|Ni0.1Cu0.2Ta0.7,Mn-Fe-Co-Ni-Cu-Ta,Ni0.1Cu0.2Ta0.7,3,0,0,0,0.1,0,0,0.2,0.7,0,0,0
sample_c804acdd2c02c1fe,Ca-Mn-Co-Ni-Sn-Sb|Co0.5Ni0.5,Ca-Mn-Co-Ni-Sn-Sb,Co0.5Ni0.5,2,0,0,0.5,0.5,0,0,0,0,0,0,0
sample_c81f32618e2cb0ba,Ca-Mn-Co-Ni-Sn-Sb|Mn0.1Co0.1Sb0.8,Ca-Mn-Co-Ni-Sn-Sb,Mn0.1Co0.1Sb0.8,3,0.1,0,0.1,0,0,0,0,0,0,0,0.8
sample_c8261d172635c34d,Mn-Fe-Co-Cu-Sn-Ta|Cu0.4Sn0.1Ta0.5,Mn-Fe-Co-Cu-Sn-Ta,Cu0.4Sn0.1Ta0.5,3,0,0,0,0,0,0,0.4,0.5,0.1,0,0
sample_c83b1b06a4426e91,Mn-Fe-Co-Cu-Sn-Ta|Sn0.5Ta0.5,Mn-Fe-Co-Cu-Sn-Ta,Sn0.5Ta0.5,2,0,0,0,0,0,0,0,0.5,0.5,0,0
sample_c8452e8bdd3bd3f4,Ca-Mn-Co-Ni-Sn-Sb|Ca0.3Co0.7,Ca-Mn-Co-Ni-Sn-Sb,Ca0.3Co0.7,2,0,0,0.7,0,0,0,0,0,0,0.3,0
sample_c871e3b9404d6c78,Ca-Mn-Co-Ni-Sn-Sb|Mn0.6Co0.3Ni0.1,Ca-Mn-Co-Ni-Sn-Sb,Mn0.6Co0.3Ni0.1,3,0.6,0,0.3,0.1,0,0,0,0,0,0,0
sample_c898f49d016a62f4,Mn-Fe-Co-Cu-Sn-Ta|Mn0.1Fe0.4Cu0.5,Mn-Fe-Co-Cu-Sn-Ta,Mn0.1Fe0.4Cu0.5,3,0.1,0.4,0,0,0,0,0.5,0,0,0,0
sample_c89b3b4dded86078,Mn-Fe-Co-Ni-La-Ce|Co0.6Ni0.3Ce0.1,Mn-Fe-Co-Ni-La-Ce,Co0.6Ni0.3Ce0.1,3,0,0,0.6,0.3,0,0.1,0,0,0,0,0
sample_c8a45960cb5bbd5e,Ca-Mn-Co-Ni-Sn-Sb|Ca0.7Ni0.2Sn0.1,Ca-Mn-Co-Ni-Sn-Sb,Ca0.7Ni0.2Sn0.1,3,0,0,0,0.2,0,0,0,0,0.1,0.7,0
sample_c8ac344c959708d9,Mn-Fe-Co-Ni-Cu-Ta|Mn0.4Ni0.6,Mn-Fe-Co-Ni-Cu-Ta,Mn0.4Ni0.6,2,0.4,0,0,0.6,0,0,0,0,0,0,0
sample_c8edd6dfe3a670cd,Ca-Mn-Co-Ni-Sn-Sb|Mn0.1Co0.5Sn0.4,Ca-Mn-Co-Ni-Sn-Sb,Mn0.1Co0.5Sn0.4,3,0.1,0,0.5,0,0,0,0,0,0.4,0,0
sample_c9048293405941f9,Mn-Fe-Co-Ni-Cu-Ta|Mn0.2Ta0.8,Mn-Fe-Co-Ni-Cu-Ta,Mn0.2Ta0.8,2,0.2,0,0,0,0,0,0,0.8,0,0,0
sample_c91bf65342ebd717,Mn-Fe-Co-Ni-Cu-Ta|Co0.5Ni0.4Cu0.1,Mn-Fe-Co-Ni-Cu-Ta,Co0.5Ni0.4Cu0.1,3,0,0,0.5,0.4,0,0,0.1,0,0,0,0
sample_c93eca34ca0826be,Mn-Fe-Co-Ni-La-Ce|Fe0.7Co0.2La0.1,Mn-Fe-Co-Ni-La-Ce,Fe0.7Co0.2La0.1,3,0,0.7,0.2,0,0.1,0,0,0,0,0,0
sample_c975c89f856ddcce,Ca-Mn-Co-Ni-Sn-Sb|Co0.1Sn0.3Sb0.6,Ca-Mn-Co-Ni-Sn-Sb,Co0.1Sn0.3Sb0.6,3,0,0,0.1,0,0,0,0,0,0.3,0,0.6
sample_c9ba0218d9de6a74,Ca-Mn-Co-Ni-Sn-Sb|Ca0.1Sn0.9,Ca-Mn-Co-Ni-Sn-Sb,Ca0.1Sn0.9,2,0,0,0,0,0,0,0,0,0.9,0.1,0
sample_c9c06c0c6b26a8c4,Mn-Fe-Co-Ni-Cu-Ta|Fe0.1Ni0.7Ta0.2,Mn-Fe-Co-Ni-Cu-Ta,Fe0.1Ni0.7Ta0.2,3,0,0.1,0,0.7,0,0,0,0.2,0,0,0
sample_c9c27242d8293724,Mn-Fe-Co-Ni-Cu-Ta|Mn0.3Co0.4Ni0.3,Mn-Fe-Co-Ni-Cu-Ta,Mn0.3Co0.4Ni0.3,3,0.3,0,0.4,0.3,0,0,0,0,0,0,0
sample_c9dbe9a3caa24c39,Mn-Fe-Co-Cu-Sn-Ta|Mn0.2Cu0.1Sn0.7,Mn-Fe-Co-Cu-Sn-Ta,Mn0.2Cu0.1Sn0.7,3,0.2,0,0,0,0,0,0.1,0,0.7,0,0
sample_c9e124dc2c0f41d7,Mn-Fe-Co-Ni-La-Ce|Co0.7Ni0.1Ce0.2,Mn-Fe-Co-Ni-La-Ce,Co0.7Ni0.1Ce0.2,3,0,0,0.7,0.1,0,0.2,0,0,0,0,0
sample_ca04c1cebfb2f9dc,Mn-Fe-Co-Ni-La-Ce|Fe0.8La0.2,Mn-Fe-Co-Ni-La-Ce,Fe0.8La0.2,2,0,0.8,0,0,0.2,0,0,0,0,0,0
sample_ca08ad3aefecedfa,Mn-Fe-Co-Ni-La-Ce|Fe0.1La0.3Ce0.6,Mn-Fe-Co-Ni-La-Ce,Fe0.1La0.3Ce0.6,3,0,0.1,0,0,0.3,0.6,0,0,0,0,0
sample_ca3332b04d99e58a,Mn-Fe-Co-Ni-La-Ce|Fe0.6La0.4,Mn-Fe-Co-Ni-La-Ce,Fe0.6La0.4,2,0,0.6,0,0,0.4,0,0,0,0,0,0
sample_ca39b6cae36a8d75,Mn-Fe-Co-Ni-Cu-Ta|Mn0.7Fe0.1Ni0.2,Mn-Fe-Co-Ni-Cu-Ta,Mn0.7Fe0.1Ni0.2,3,0.7,0.1,0,0.2,0,0,0,0,0,0,0
sample_ca4942bf22fba61e,Mn-Fe-Co-Cu-Sn-Ta|Mn0.1Fe0.3Ta0.6,Mn-Fe-Co-Cu-Sn-Ta,Mn0.1Fe0.3Ta0.6,3,0.1,0.3,0,0,0,0,0,0.6,0,0,0
sample_ca8ef058f2cb88f5,Ca-Mn-Co-Ni-Sn-Sb|Co0.7Sn0.1Sb0.2,Ca-Mn-Co-Ni-Sn-Sb,Co0.7Sn0.1Sb0.2,3,0,0,0.7,0,0,0,0,0,0.1,0,0.2
sample_caa650eed3e4314e,Mn-Fe-Co-Ni-La-Ce|Co0.1Ni0.8La0.1,Mn-Fe-Co-Ni-La-Ce,Co0.1Ni0.8La0.1,3,0,0,0.1,0.8,0.1,0,0,0,0,0,0
sample_cabdae69f7bc0a06,Ca-Mn-Co-Ni-Sn-Sb|Ca0.3Mn0.2Sb0.5,Ca-Mn-Co-Ni-Sn-Sb,Ca0.3Mn0.2Sb0.5,3,0.2,0,0,0,0,0,0,0,0,0.3,0.5
sample_cacccb95b00ef618,Mn-Fe-Co-Ni-Cu-Ta|Mn0.2Ni0.5Cu0.3,Mn-Fe-Co-Ni-Cu-Ta,Mn0.2Ni0.5Cu0.3,3,0.2,0,0,0.5,0,0,0.3,0,0,0,0
sample_caecdfe8a734e6c5,Mn-Fe-Co-Cu-Sn-Ta|Co0.2Sn0.2Ta0.6,Mn-Fe-Co-Cu-Sn-Ta,Co0.2Sn0.2Ta0.6,3,0,0,0.2,0,0,0,0,0.6,0.2,0,0
sample_caff42a3cc2bb822,Mn-Fe-Co-Cu-Sn-Ta|Mn0.3Fe0.5Sn0.2,Mn-Fe-Co-Cu-Sn-Ta,Mn0.3Fe0.5Sn0.2,3,0.3,0.5,0,0,0,0,0,0,0.2,0,0
sample_cb2c27d772eb8365,Ca-Mn-Co-Ni-Sn-Sb|Co0.6Ni0.4,Ca-Mn-Co-Ni-Sn-Sb,Co0.6Ni0.4,2,0,0,0.6,0.4,0,0,0,0,0,0,0
sample_cb466719c4e6fc67,Mn-Fe-Co-Ni-La-Ce|Fe0.3Co0.6La0.1,Mn-Fe-Co-Ni-La-Ce,Fe0.3Co0.6La0.1,3,0,0.3,0.6,0,0.1,0,0,0,0,0,0
sample_cb56a512534c63b3,Mn-Fe-Co-Ni-Cu-Ta|Mn0.5Cu0.2Ta0.3,Mn-Fe-Co-Ni-Cu-Ta,Mn0.5Cu0.2Ta0.3,3,0.5,0,0,0,0,0,0.2,0.3,0,0,0
sample_cb623118d65f0e17,Mn-Fe-Co-Ni-La-Ce|Mn0.1La0.5Ce0.4,Mn-Fe-Co-Ni-La-Ce,Mn0.1La0.5Ce0.4,3,0.1,0,0,0,0.5,0.4,0,0,0,0,0
sample_cb6ef6c1d4ca773b,Mn-Fe-Co-Ni-Cu-Ta|Mn0.1Cu0.3Ta0.6,Mn-Fe-Co-Ni-Cu-Ta,Mn0.1Cu0.3Ta0.6,3,0.1,0,0,0,0,0,0.3,0.6,0,0,0
sample_cb774ae35c64f112,Mn-Fe-Co-Cu-Sn-Ta|Fe0.2Co0.3Sn0.5,Mn-Fe-Co-Cu-Sn-Ta,Fe0.2Co0.3Sn0.5,3,0,0.2,0.3,0,0,0,0,0,0.5,0,0
sample_cb7801b6aad0e7da,Mn-Fe-Co-Ni-La-Ce|Co0.1Ni0.4La0.5,Mn-Fe-Co-Ni-La-Ce,Co0.1Ni0.4La0.5,3,0,0,0.1,0.4,0.5,0,0,0,0,0,0
sample_cb9e5c9014b2d6c6,Mn-Fe-Co-Ni-Cu-Ta|Ni0.4Ta0.6,Mn-Fe-Co-Ni-Cu-Ta,Ni0.4Ta0.6,2,0,0,0,0.4,0,0,0,0.6,0,0,0
sample_cbd9d678cc2801c9,Mn-Fe-Co-Ni-Cu-Ta|Co0.9Ta0.1,Mn-Fe-Co-Ni-Cu-Ta,Co0.9Ta0.1,2,0,0,0.9,0,0,0,0,0.1,0,0,0
sample_cc17dff28e63cc6e,Mn-Fe-Co-Ni-Cu-Ta|Mn0.5Fe0.1Ni0.4,Mn-Fe-Co-Ni-Cu-Ta,Mn0.5Fe0.1Ni0.4,3,0.5,0.1,0,0.4,0,0,0,0,0,0,0
sample_cc20cd49b7009a7d,Ca-Mn-Co-Ni-Sn-Sb|Co0.4Ni0.6,Ca-Mn-Co-Ni-Sn-Sb,Co0.4Ni0.6,2,0,0,0.4,0.6,0,0,0,0,0,0,0
sample_cc42a1d0b4475615,Mn-Fe-Co-Ni-La-Ce|Mn0.3Co0.3Ni0.4,Mn-Fe-Co-Ni-La-Ce,Mn0.3Co0.3Ni0.4,3,0.3,0,0.3,0.4,0,0,0,0,0,0,0
sample_cc4503af83ccd680,Mn-Fe-Co-Ni-La-Ce|Co0.5La0.2Ce0.3,Mn-Fe-Co-Ni-La-Ce,Co0.5La0.2Ce0.3,3,0,0,0.5,0,0.2,0.3,0,0,0,0,0
sample_cc46bab0db404393,Ca-Mn-Co-Ni-Sn-Sb|Ni0.5Sn0.2Sb0.3,Ca-Mn-Co-Ni-Sn-Sb,Ni0.5Sn0.2Sb0.3,3,0,0,0,0.5,0,0,0,0,0.2,0,0.3
sample_cc5366ab35d444f6,Mn-Fe-Co-Cu-Sn-Ta|Mn0.6Cu0.2Sn0.2,Mn-Fe-Co-Cu-Sn-Ta,Mn0.6Cu0.2Sn0.2,3,0.6,0,0,0,0,0,0.2,0,0.2,0,0
sample_cc5fafb0462b62fc,Mn-Fe-Co-Ni-Cu-Ta|Mn0.1Fe0.4Ni0.5,Mn-Fe-Co-Ni-Cu-Ta,Mn0.1Fe0.4Ni0.5,3,0.1,0.4,0,0.5,0,0,0,0,0,0,0
sample_cc6ca2fd975350a3,Mn-Fe-Co-Ni-Cu-Ta|Fe0.3Co0.2Ni0.5,Mn-Fe-Co-Ni-Cu-Ta,Fe0.3Co0.2Ni0.5,3,0,0.3,0.2,0.5,0,0,0,0,0,0,0
sample_cc7974ecf2447a12,Ca-Mn-Co-Ni-Sn-Sb|Co0.3Sn0.3Sb0.4,Ca-Mn-Co-Ni-Sn-Sb,Co0.3Sn0.3Sb0.4,3,0,0,0.3,0,0,0,0,0,0.3,0,0.4
sample_cc83b0a99717f3ce,Mn-Fe-Co-Ni-Cu-Ta|Mn0.1Ni0.8Cu0.1,Mn-Fe-Co-Ni-Cu-Ta,Mn0.1Ni0.8Cu0.1,3,0.1,0,0,0.8,0,0,0.1,0,0,0,0
sample_cc8a47e3ca618bd5,Mn-Fe-Co-Cu-Sn-Ta|Mn0.7Co0.3,Mn-Fe-Co-Cu-Sn-Ta,Mn0.7Co0.3,2,0.7,0,0.3,0,0,0,0,0,0,0,0
sample_cc930419da40fd70,Mn-Fe-Co-Ni-La-Ce|Co0.4Ni0.4Ce0.2,Mn-Fe-Co-Ni-La-Ce,Co0.4Ni0.4Ce0.2,3,0,0,0.4,0.4,0,0.2,0,0,0,0,0
sample_cca0e9e7ad6e2d06,Mn-Fe-Co-Cu-Sn-Ta|Mn0.5Fe0.2Ta0.3,Mn-Fe-Co-Cu-Sn-Ta,Mn0.5Fe0.2Ta0.3,3,0.5,0.2,0,0,0,0,0,0.3,0,0,0
sample_ccb02e99521be77a,Mn-Fe-Co-Ni-Cu-Ta|Ni0.6Cu0.4,Mn-Fe-Co-Ni-Cu-Ta,Ni0.6Cu0.4,2,0,0,0,0.6,0,0,0.4,0,0,0,0
sample_ccb544b88dbab348,Ca-Mn-Co-Ni-Sn-Sb|Ca0.1Ni0.4Sb0.5,Ca-Mn-Co-Ni-Sn-Sb,Ca0.1Ni0.4Sb0.5,3,0,0,0,0.4,0,0,0,0,0,0.1,0.5
sample_ccddb92c2cac63b3,Mn-Fe-Co-Cu-Sn-Ta|Mn0.5Fe0.4Sn0.1,Mn-Fe-Co-Cu-Sn-Ta,Mn0.5Fe0.4Sn0.1,3,0.5,0.4,0,0,0,0,0,0,0.1,0,0
sample_ccf7b03f9641c742,Mn-Fe-Co-Cu-Sn-Ta|Mn0.2Co0.5Sn0.3,Mn-Fe-Co-Cu-Sn-Ta,Mn0.2Co0.5Sn0.3,3,0.2,0,0.5,0,0,0,0,0,0.3,0,0
sample_cd118bb760a9060a,Ca-Mn-Co-Ni-Sn-Sb|Ca0.2Co0.7Sb0.1,Ca-Mn-Co-Ni-Sn-Sb,Ca0.2Co0.7Sb0.1,3,0,0,0.7,0,0,0,0,0,0,0.2,0.1
sample_cd36e119d5b7d35f,Mn-Fe-Co-Cu-Sn-Ta|Mn0.1Co0.1Ta0.8,Mn-Fe-Co-Cu-Sn-Ta,Mn0.1Co0.1Ta0.8,3,0.1,0,0.1,0,0,0,0,0.8,0,0,0
sample_cd57b1620a1410c1,Ca-Mn-Co-Ni-Sn-Sb|Co0.2Sn0.6Sb0.2,Ca-Mn-Co-Ni-Sn-Sb,Co0.2Sn0.6Sb0.2,3,0,0,0.2,0,0,0,0,0,0.6,0,0.2
sample_cd6f98c8c20e0eca,Mn-Fe-Co-Ni-Cu-Ta|Fe0.1Ni0.1Cu0.8,Mn-Fe-Co-Ni-Cu-Ta,Fe0.1Ni0.1Cu0.8,3,0,0.1,0,0.1,0,0,0.8,0,0,0,0
sample_cd6fd684b3a9e10f,Mn-Fe-Co-Cu-Sn-Ta|Mn0.3Fe0.1Co0.6,Mn-Fe-Co-Cu-Sn-Ta,Mn0.3Fe0.1Co0.6,3,0.3,0.1,0.6,0,0,0,0,0,0,0,0
sample_cd7b90f3842725e3,Ca-Mn-Co-Ni-Sn-Sb|Co0.6Sn0.4,Ca-Mn-Co-Ni-Sn-Sb,Co0.6Sn0.4,2,0,0,0.6,0,0,0,0,0,0.4,0,0
sample_cd9b0539c2352bdd,Mn-Fe-Co-Cu-Sn-Ta|Mn0.1Fe0.7Co0.2,Mn-Fe-Co-Cu-Sn-Ta,Mn0.1Fe0.7Co0.2,3,0.1,0.7,0.2,0,0,0,0,0,0,0,0
sample_cd9b3cd0d978ce10,Mn-Fe-Co-Cu-Sn-Ta|Fe0.3Co0.6Ta0.1,Mn-Fe-Co-Cu-Sn-Ta,Fe0.3Co0.6Ta0.1,3,0,0.3,0.6,0,0,0,0,0.1,0,0,0
sample_cdb98b93613489ba,Ca-Mn-Co-Ni-Sn-Sb|Mn0.4Co0.1Sn0.5,Ca-Mn-Co-Ni-Sn-Sb,Mn0.4Co0.1Sn0.5,3,0.4,0,0.1,0,0,0,0,0,0.5,0,0
sample_cdbe0811a4b83527,Mn-Fe-Co-Cu-Sn-Ta|Fe0.4Sn0.6,Mn-Fe-Co-Cu-Sn-Ta,Fe0.4Sn0.6,2,0,0.4,0,0,0,0,0,0,0.6,0,0
sample_cddb679d8a43021d,Mn-Fe-Co-Ni-Cu-Ta|Ni0.5Cu0.1Ta0.4,Mn-Fe-Co-Ni-Cu-Ta,Ni0.5Cu0.1Ta0.4,3,0,0,0,0.5,0,0,0.1,0.4,0,0,0
sample_cdfe3a244be89395,Mn-Fe-Co-Ni-La-Ce|Fe0.3Co0.3La0.4,Mn-Fe-Co-Ni-La-Ce,Fe0.3Co0.3La0.4,3,0,0.3,0.3,0,0.4,0,0,0,0,0,0
sample_ce8103d7b0a8efb2,Ca-Mn-Co-Ni-Sn-Sb|Co0.4Ni0.5Sn0.1,Ca-Mn-Co-Ni-Sn-Sb,Co0.4Ni0.5Sn0.1,3,0,0,0.4,0.5,0,0,0,0,0.1,0,0
sample_ce8585650c5634fa,Mn-Fe-Co-Cu-Sn-Ta|Mn0.2Fe0.3Sn0.5,Mn-Fe-Co-Cu-Sn-Ta,Mn0.2Fe0.3Sn0.5,3,0.2,0.3,0,0,0,0,0,0,0.5,0,0
sample_ce8665bbb8d97583,Mn-Fe-Co-Ni-Cu-Ta|Fe0.3Ni0.3Ta0.4,Mn-Fe-Co-Ni-Cu-Ta,Fe0.3Ni0.3Ta0.4,3,0,0.3,0,0.3,0,0,0,0.4,0,0,0
sample_ce8f2d62b0c386ad,Mn-Fe-Co-Ni-La-Ce|Fe0.1Ni0.9,Mn-Fe-Co-Ni-La-Ce,Fe0.1Ni0.9,2,0,0.1,0,0.9,0,0,0,0,0,0,0
sample_cea0bcc4aa3ac217,Mn-Fe-Co-Ni-Cu-Ta|Co0.3Ni0.4Ta0.3,Mn-Fe-Co-Ni-Cu-Ta,Co0.3Ni0.4Ta0.3,3,0,0,0.3,0.4,0,0,0,0.3,0,0,0
sample_ceb9b63ed42b9ac0,Mn-Fe-Co-Ni-Cu-Ta|Co0.4Ni0.4Ta0.2,Mn-Fe-Co-Ni-Cu-Ta,Co0.4Ni0.4Ta0.2,3,0,0,0.4,0.4,0,0,0,0.2,0,0,0
sample_cec90f238f5fc16b,Mn-Fe-Co-Ni-Cu-Ta|Fe0.5Cu0.5,Mn-Fe-Co-Ni-Cu-Ta,Fe0.5Cu0.5,2,0,0.5,0,0,0,0,0.5,0,0,0,0
sample_cedbe4d1592512f1,Mn-Fe-Co-Ni-Cu-Ta|Mn0.3Co0.4Ta0.3,Mn-Fe-Co-Ni-Cu-Ta,Mn0.3Co0.4Ta0.3,3,0.3,0,0.4,0,0,0,0,0.3,0,0,0
sample_cee9e4566640410c,Ca-Mn-Co-Ni-Sn-Sb|Ca0.2Co0.4Sb0.4,Ca-Mn-Co-Ni-Sn-Sb,Ca0.2Co0.4Sb0.4,3,0,0,0.4,0,0,0,0,0,0,0.2,0.4
sample_ceec85809891f17b,Mn-Fe-Co-Ni-Cu-Ta|Mn0.5Co0.4Ni0.1,Mn-Fe-Co-Ni-Cu-Ta,Mn0.5Co0.4Ni0.1,3,0.5,0,0.4,0.1,0,0,0,0,0,0,0
sample_ceef1acb5001773a,Mn-Fe-Co-Cu-Sn-Ta|Fe0.6Co0.2Sn0.2,Mn-Fe-Co-Cu-Sn-Ta,Fe0.6Co0.2Sn0.2,3,0,0.6,0.2,0,0,0,0,0,0.2,0,0
sample_cf8ddfec3489fd68,Ca-Mn-Co-Ni-Sn-Sb|Ca0.6Ni0.4,Ca-Mn-Co-Ni-Sn-Sb,Ca0.6Ni0.4,2,0,0,0,0.4,0,0,0,0,0,0.6,0
sample_cf8f20facc84ec3c,Mn-Fe-Co-Cu-Sn-Ta|Cu0.4Sn0.5Ta0.1,Mn-Fe-Co-Cu-Sn-Ta,Cu0.4Sn0.5Ta0.1,3,0,0,0,0,0,0,0.4,0.1,0.5,0,0
sample_cfaf4d86340e34a0,Mn-Fe-Co-Cu-Sn-Ta|Fe0.3Co0.5Ta0.2,Mn-Fe-Co-Cu-Sn-Ta,Fe0.3Co0.5Ta0.2,3,0,0.3,0.5,0,0,0,0,0.2,0,0,0
sample_cfd487cc47aa2a31,Mn-Fe-Co-Ni-La-Ce|Mn0.1Ni0.5La0.4,Mn-Fe-Co-Ni-La-Ce,Mn0.1Ni0.5La0.4,3,0.1,0,0,0.5,0.4,0,0,0,0,0,0
sample_cfd67f4800158c30,Ca-Mn-Co-Ni-Sn-Sb|Mn0.2Co0.4Sn0.4,Ca-Mn-Co-Ni-Sn-Sb,Mn0.2Co0.4Sn0.4,3,0.2,0,0.4,0,0,0,0,0,0.4,0,0
sample_d000beecefd1ad56,Ca-Mn-Co-Ni-Sn-Sb|Ca0.6Ni0.1Sb0.3,Ca-Mn-Co-Ni-Sn-Sb,Ca0.6Ni0.1Sb0.3,3,0,0,0,0.1,0,0,0,0,0,0.6,0.3
sample_d00ffb9531d2e8a3,Mn-Fe-Co-Ni-La-Ce|Mn0.2Fe0.2Co0.6,Mn-Fe-Co-Ni-La-Ce,Mn0.2Fe0.2Co0.6,3,0.2,0.2,0.6,0,0,0,0,0,0,0,0
sample_d01971c2d4c0d4c1,Mn-Fe-Co-Ni-La-Ce|Mn0.1Fe0.6Ni0.3,Mn-Fe-Co-Ni-La-Ce,Mn0.1Fe0.6Ni0.3,3,0.1,0.6,0,0.3,0,0,0,0,0,0,0
sample_d034448c9ad09813,Ca-Mn-Co-Ni-Sn-Sb|Ca0.3Co0.4Sb0.3,Ca-Mn-Co-Ni-Sn-Sb,Ca0.3Co0.4Sb0.3,3,0,0,0.4,0,0,0,0,0,0,0.3,0.3
sample_d05dc8cc0a5b7858,Ca-Mn-Co-Ni-Sn-Sb|Ca0.4Mn0.6,Ca-Mn-Co-Ni-Sn-Sb,Ca0.4Mn0.6,2,0.6,0,0,0,0,0,0,0,0,0.4,0
sample_d070cafc69eda591,Mn-Fe-Co-Ni-Cu-Ta|Fe0.2Cu0.7Ta0.1,Mn-Fe-Co-Ni-Cu-Ta,Fe0.2Cu0.7Ta0.1,3,0,0.2,0,0,0,0,0.7,0.1,0,0,0
sample_d082856ac2c807a3,Mn-Fe-Co-Ni-Cu-Ta|Fe0.2Co0.8,Mn-Fe-Co-Ni-Cu-Ta,Fe0.2Co0.8,2,0,0.2,0.8,0,0,0,0,0,0,0,0
sample_d085778900cde79f,Mn-Fe-Co-Ni-La-Ce|Mn0.1Ni0.2La0.7,Mn-Fe-Co-Ni-La-Ce,Mn0.1Ni0.2La0.7,3,0.1,0,0,0.2,0.7,0,0,0,0,0,0
sample_d08a9d6c6fdb8026,Mn-Fe-Co-Ni-Cu-Ta|Mn0.5Fe0.3Co0.2,Mn-Fe-Co-Ni-Cu-Ta,Mn0.5Fe0.3Co0.2,3,0.5,0.3,0.2,0,0,0,0,0,0,0,0
sample_d091fe0401620f6b,Mn-Fe-Co-Cu-Sn-Ta|Fe0.1Co0.2Sn0.7,Mn-Fe-Co-Cu-Sn-Ta,Fe0.1Co0.2Sn0.7,3,0,0.1,0.2,0,0,0,0,0,0.7,0,0
sample_d09a32dafb6596bc,Mn-Fe-Co-Ni-La-Ce|Mn0.1La0.3Ce0.6,Mn-Fe-Co-Ni-La-Ce,Mn0.1La0.3Ce0.6,3,0.1,0,0,0,0.3,0.6,0,0,0,0,0
sample_d0a64e06e885c0a3,Mn-Fe-Co-Ni-Cu-Ta|Mn0.1Co0.1Ni0.8,Mn-Fe-Co-Ni-Cu-Ta,Mn0.1Co0.1Ni0.8,3,0.1,0,0.1,0.8,0,0,0,0,0,0,0
sample_d0c6928060a18286,Ca-Mn-Co-Ni-Sn-Sb|Mn0.7Ni0.3,Ca-Mn-Co-Ni-Sn-Sb,Mn0.7Ni0.3,2,0.7,0,0,0.3,0,0,0,0,0,0,0
sample_d0d69ed9aef33bdb,Mn-Fe-Co-Ni-La-Ce|Mn0.1Ni0.5Ce0.4,Mn-Fe-Co-Ni-La-Ce,Mn0.1Ni0.5Ce0.4,3,0.1,0,0,0.5,0,0.4,0,0,0,0,0
sample_d0f148e43ca73b0f,Mn-Fe-Co-Ni-La-Ce|Mn0.1Co0.3Ce0.6,Mn-Fe-Co-Ni-La-Ce,Mn0.1Co0.3Ce0.6,3,0.1,0,0.3,0,0,0.6,0,0,0,0,0
sample_d0f297cad1388744,Mn-Fe-Co-Cu-Sn-Ta|Mn0.9Ta0.1,Mn-Fe-Co-Cu-Sn-Ta,Mn0.9Ta0.1,2,0.9,0,0,0,0,0,0,0.1,0,0,0
sample_d0f41d39f396590c,Mn-Fe-Co-Cu-Sn-Ta|Mn0.4Cu0.3Sn0.3,Mn-Fe-Co-Cu-Sn-Ta,Mn0.4Cu0.3Sn0.3,3,0.4,0,0,0,0,0,0.3,0,0.3,0,0
sample_d0fa13e19b18c168,Ca-Mn-Co-Ni-Sn-Sb|Ni0.7Sb0.3,Ca-Mn-Co-Ni-Sn-Sb,Ni0.7Sb0.3,2,0,0,0,0.7,0,0,0,0,0,0,0.3
sample_d1178b455e0d0aa3,Mn-Fe-Co-Ni-La-Ce|Ni0.3La0.2Ce0.5,Mn-Fe-Co-Ni-La-Ce,Ni0.3La0.2Ce0.5,3,0,0,0,0.3,0.2,0.5,0,0,0,0,0
sample_d1678fb156de0de8,Ca-Mn-Co-Ni-Sn-Sb|Ca0.3Co0.3Sn0.4,Ca-Mn-Co-Ni-Sn-Sb,Ca0.3Co0.3Sn0.4,3,0,0,0.3,0,0,0,0,0,0.4,0.3,0
sample_d194fbf4c2efb3b5,Mn-Fe-Co-Ni-La-Ce|Fe0.3Co0.7,Mn-Fe-Co-Ni-La-Ce,Fe0.3Co0.7,2,0,0.3,0.7,0,0,0,0,0,0,0,0
sample_d1ae166faac40a81,Mn-Fe-Co-Cu-Sn-Ta|Fe0.2Sn0.2Ta0.6,Mn-Fe-Co-Cu-Sn-Ta,Fe0.2Sn0.2Ta0.6,3,0,0.2,0,0,0,0,0,0.6,0.2,0,0
sample_d1bc757f4b5dc88f,Ca-Mn-Co-Ni-Sn-Sb|Mn0.7Co0.2Sb0.1,Ca-Mn-Co-Ni-Sn-Sb,Mn0.7Co0.2Sb0.1,3,0.7,0,0.2,0,0,0,0,0,0,0,0.1
sample_d1fcf0f8e71a1581,Mn-Fe-Co-Ni-Cu-Ta|Mn0.2Cu0.7Ta0.1,Mn-Fe-Co-Ni-Cu-Ta,Mn0.2Cu0.7Ta0.1,3,0.2,0,0,0,0,0,0.7,0.1,0,0,0
sample_d20bf0d93497790e,Mn-Fe-Co-Cu-Sn-Ta|Mn0.1Sn0.4Ta0.5,Mn-Fe-Co-Cu-Sn-Ta,Mn0.1Sn0.4Ta0.5,3,0.1,0,0,0,0,0,0,0.5,0.4,0,0
sample_d252e37fe9ce991a,Ca-Mn-Co-Ni-Sn-Sb|Mn0.4Co0.4Ni0.2,Ca-Mn-Co-Ni-Sn-Sb,Mn0.4Co0.4Ni0.2,3,0.4,0,0.4,0.2,0,0,0,0,0,0,0
sample_d25923e5841d1dff,Mn-Fe-Co-Ni-Cu-Ta|Fe0.1Co0.5Cu0.4,Mn-Fe-Co-Ni-Cu-Ta,Fe0.1Co0.5Cu0.4,3,0,0.1,0.5,0,0,0,0.4,0,0,0,0
sample_d2612b655c004be1,Mn-Fe-Co-Ni-La-Ce|Mn0.5Co0.1La0.4,Mn-Fe-Co-Ni-La-Ce,Mn0.5Co0.1La0.4,3,0.5,0,0.1,0,0.4,0,0,0,0,0,0
sample_d268bd2b88bc439c,Mn-Fe-Co-Ni-La-Ce|Fe0.8Co0.1La0.1,Mn-Fe-Co-Ni-La-Ce,Fe0.8Co0.1La0.1,3,0,0.8,0.1,0,0.1,0,0,0,0,0,0
sample_d272018e9c31a75c,Mn-Fe-Co-Ni-Cu-Ta|Fe0.2Cu0.4Ta0.4,Mn-Fe-Co-Ni-Cu-Ta,Fe0.2Cu0.4Ta0.4,3,0,0.2,0,0,0,0,0.4,0.4,0,0,0
sample_d2739891b11ccee4,Mn-Fe-Co-Cu-Sn-Ta|Fe0.7Co0.1Cu0.2,Mn-Fe-Co-Cu-Sn-Ta,Fe0.7Co0.1Cu0.2,3,0,0.7,0.1,0,0,0,0.2,0,0,0,0
sample_d2a2b17b7dfad8e4,Mn-Fe-Co-Ni-Cu-Ta|Mn0.3Co0.2Ni0.5,Mn-Fe-Co-Ni-Cu-Ta,Mn0.3Co0.2Ni0.5,3,0.3,0,0.2,0.5,0,0,0,0,0,0,0
sample_d2a7b8464aa26f8c,Mn-Fe-Co-Cu-Sn-Ta|Fe0.1Cu0.4Sn0.5,Mn-Fe-Co-Cu-Sn-Ta,Fe0.1Cu0.4Sn0.5,3,0,0.1,0,0,0,0,0.4,0,0.5,0,0
sample_d2b7654bb17fb859,Mn-Fe-Co-Cu-Sn-Ta|Mn0.2Co0.6Cu0.2,Mn-Fe-Co-Cu-Sn-Ta,Mn0.2Co0.6Cu0.2,3,0.2,0,0.6,0,0,0,0.2,0,0,0,0
sample_d2c4c5ff7607dd7f,Mn-Fe-Co-Ni-La-Ce|Mn0.1Fe0.5Ni0.4,Mn-Fe-Co-Ni-La-Ce,Mn0.1Fe0.5Ni0.4,3,0.1,0.5,0,0.4,0,0,0,0,0,0,0
sample_d3006a05035b9c30,Mn-Fe-Co-Ni-La-Ce|Fe0.5Co0.4Ni0.1,Mn-Fe-Co-Ni-La-Ce,Fe0.5Co0.4Ni0.1,3,0,0.5,0.4,0.1,0,0,0,0,0,0,0
sample_d341a8c6eac16d3f,Mn-Fe-Co-Ni-Cu-Ta|Mn0.5Ni0.4Ta0.1,Mn-Fe-Co-Ni-Cu-Ta,Mn0.5Ni0.4Ta0.1,3,0.5,0,0,0.4,0,0,0,0.1,0,0,0
sample_d35cc59f8ab174d1,Mn-Fe-Co-Ni-Cu-Ta|Co0.1Ni0.5Cu0.4,Mn-Fe-Co-Ni-Cu-Ta,Co0.1Ni0.5Cu0.4,3,0,0,0.1,0.5,0,0,0.4,0,0,0,0
sample_d38879fb450c13c0,Mn-Fe-Co-Cu-Sn-Ta|Mn0.1Fe0.8Co0.1,Mn-Fe-Co-Cu-Sn-Ta,Mn0.1Fe0.8Co0.1,3,0.1,0.8,0.1,0,0,0,0,0,0,0,0
sample_d3a7c551a8d59e2f,Ca-Mn-Co-Ni-Sn-Sb|Mn0.6Co0.2Sn0.2,Ca-Mn-Co-Ni-Sn-Sb,Mn0.6Co0.2Sn0.2,3,0.6,0,0.2,0,0,0,0,0,0.2,0,0
sample_d3b227d8d30a1627,Mn-Fe-Co-Ni-Cu-Ta|Ni0.2Cu0.6Ta0.2,Mn-Fe-Co-Ni-Cu-Ta,Ni0.2Cu0.6Ta0.2,3,0,0,0,0.2,0,0,0.6,0.2,0,0,0
sample_d3b48851d5e910ae,Ca-Mn-Co-Ni-Sn-Sb|Mn0.3Co0.3Sb0.4,Ca-Mn-Co-Ni-Sn-Sb,Mn0.3Co0.3Sb0.4,3,0.3,0,0.3,0,0,0,0,0,0,0,0.4
sample_d3d495f5c8b3a1cf,Mn-Fe-Co-Cu-Sn-Ta|Fe0.4Cu0.4Ta0.2,Mn-Fe-Co-Cu-Sn-Ta,Fe0.4Cu0.4Ta0.2,3,0,0.4,0,0,0,0,0.4,0.2,0,0,0
sample_d3f6abe84408adf2,Ca-Mn-Co-Ni-Sn-Sb|Mn0.5Ni0.3Sn0.2,Ca-Mn-Co-Ni-Sn-Sb,Mn0.5Ni0.3Sn0.2,3,0.5,0,0,0.3,0,0,0,0,0.2,0,0
sample_d3f899e91b426fed,Mn-Fe-Co-Ni-La-Ce|Mn0.3Fe0.6La0.1,Mn-Fe-Co-Ni-La-Ce,Mn0.3Fe0.6La0.1,3,0.3,0.6,0,0,0.1,0,0,0,0,0,0
sample_d413d304eefda4e6,Mn-Fe-Co-Ni-La-Ce|Fe0.1Ni0.5La0.4,Mn-Fe-Co-Ni-La-Ce,Fe0.1Ni0.5La0.4,3,0,0.1,0,0.5,0.4,0,0,0,0,0,0
sample_d41a04177de9b0de,Ca-Mn-Co-Ni-Sn-Sb|Mn0.4Ni0.2Sn0.4,Ca-Mn-Co-Ni-Sn-Sb,Mn0.4Ni0.2Sn0.4,3,0.4,0,0,0.2,0,0,0,0,0.4,0,0
sample_d4213ed567e4867d,Mn-Fe-Co-Ni-Cu-Ta|Mn0.3Ni0.4Ta0.3,Mn-Fe-Co-Ni-Cu-Ta,Mn0.3Ni0.4Ta0.3,3,0.3,0,0,0.4,0,0,0,0.3,0,0,0
sample_d42f90ba0e72f737,Mn-Fe-Co-Ni-La-Ce|Ni0.5La0.5,Mn-Fe-Co-Ni-La-Ce,Ni0.5La0.5,2,0,0,0,0.5,0.5,0,0,0,0,0,0
sample_d4420e282a145f97,Mn-Fe-Co-Ni-La-Ce|Co0.5La0.1Ce0.4,Mn-Fe-Co-Ni-La-Ce,Co0.5La0.1Ce0.4,3,0,0,0.5,0,0.1,0.4,0,0,0,0,0
sample_d44dcf6062ee4373,Mn-Fe-Co-Ni-La-Ce|Mn0.2Fe0.2La0.6,Mn-Fe-Co-Ni-La-Ce,Mn0.2Fe0.2La0.6,3,0.2,0.2,0,0,0.6,0,0,0,0,0,0
sample_d458f5c1e0607cf6,Ca-Mn-Co-Ni-Sn-Sb|Ni0.6Sn0.1Sb0.3,Ca-Mn-Co-Ni-Sn-Sb,Ni0.6Sn0.1Sb0.3,3,0,0,0,0.6,0,0,0,0,0.1,0,0.3
sample_d47ceb4b6bf94108,Mn-Fe-Co-Ni-La-Ce|Fe0.2Co0.5La0.3,Mn-Fe-Co-Ni-La-Ce,Fe0.2Co0.5La0.3,3,0,0.2,0.5,0,0.3,0,0,0,0,0,0
sample_d49977bbce899149,Mn-Fe-Co-Cu-Sn-Ta|Fe0.2Co0.1Sn0.7,Mn-Fe-Co-Cu-Sn-Ta,Fe0.2Co0.1Sn0.7,3,0,0.2,0.1,0,0,0,0,0,0.7,0,0
sample_d4b27f844b1cf85d,Mn-Fe-Co-Ni-Cu-Ta|Mn0.3Co0.6Ta0.1,Mn-Fe-Co-Ni-Cu-Ta,Mn0.3Co0.6Ta0.1,3,0.3,0,0.6,0,0,0,0,0.1,0,0,0
sample_d4c577514cb57de1,Mn-Fe-Co-Cu-Sn-Ta|Fe0.4Sn0.4Ta0.2,Mn-Fe-Co-Cu-Sn-Ta,Fe0.4Sn0.4Ta0.2,3,0,0.4,0,0,0,0,0,0.2,0.4,0,0
sample_d4c82a00f7f0f767,Mn-Fe-Co-Ni-La-Ce|Fe0.4Co0.4Ni0.2,Mn-Fe-Co-Ni-La-Ce,Fe0.4Co0.4Ni0.2,3,0,0.4,0.4,0.2,0,0,0,0,0,0,0
sample_d5061d1fdb73a67b,Ca-Mn-Co-Ni-Sn-Sb|Ca0.8Ni0.1Sb0.1,Ca-Mn-Co-Ni-Sn-Sb,Ca0.8Ni0.1Sb0.1,3,0,0,0,0.1,0,0,0,0,0,0.8,0.1
sample_d517c2e95c3cd7f3,Mn-Fe-Co-Ni-Cu-Ta|Fe0.4Ni0.6,Mn-Fe-Co-Ni-Cu-Ta,Fe0.4Ni0.6,2,0,0.4,0,0.6,0,0,0,0,0,0,0
sample_d51b06f5576be9c1,Mn-Fe-Co-Cu-Sn-Ta|Mn0.3Sn0.6Ta0.1,Mn-Fe-Co-Cu-Sn-Ta,Mn0.3Sn0.6Ta0.1,3,0.3,0,0,0,0,0,0,0.1,0.6,0,0
sample_d51bd8ab01c55268,Ca-Mn-Co-Ni-Sn-Sb|Ca0.6Co0.2Sb0.2,Ca-Mn-Co-Ni-Sn-Sb,Ca0.6Co0.2Sb0.2,3,0,0,0.2,0,0,0,0,0,0,0.6,0.2
sample_d51d96e93053f6dd,Ca-Mn-Co-Ni-Sn-Sb|Ca0.2Mn0.5Sn0.3,Ca-Mn-Co-Ni-Sn-Sb,Ca0.2Mn0.5Sn0.3,3,0.5,0,0,0,0,0,0,0,0.3,0.2,0
sample_d52596aec7c7ed5b,Ca-Mn-Co-Ni-Sn-Sb|Ca0.4Ni0.1Sb0.5,Ca-Mn-Co-Ni-Sn-Sb,Ca0.4Ni0.1Sb0.5,3,0,0,0,0.1,0,0,0,0,0,0.4,0.5
sample_d54a41ff3be5c48b,Ca-Mn-Co-Ni-Sn-Sb|Mn0.3Sn0.7,Ca-Mn-Co-Ni-Sn-Sb,Mn0.3Sn0.7,2,0.3,0,0,0,0,0,0,0,0.7,0,0
sample_d54c8e25513330b1,Ca-Mn-Co-Ni-Sn-Sb|Ca0.8Mn0.1Sn0.1,Ca-Mn-Co-Ni-Sn-Sb,Ca0.8Mn0.1Sn0.1,3,0.1,0,0,0,0,0,0,0,0.1,0.8,0
sample_d54d88acb7bea6f0,Ca-Mn-Co-Ni-Sn-Sb|Ca0.7Ni0.1Sn0.2,Ca-Mn-Co-Ni-Sn-Sb,Ca0.7Ni0.1Sn0.2,3,0,0,0,0.1,0,0,0,0,0.2,0.7,0
sample_d5522535252b20ea,Mn-Fe-Co-Ni-Cu-Ta|Mn0.1Ni0.2Cu0.7,Mn-Fe-Co-Ni-Cu-Ta,Mn0.1Ni0.2Cu0.7,3,0.1,0,0,0.2,0,0,0.7,0,0,0,0
sample_d56914ab5f46cefb,Mn-Fe-Co-Ni-La-Ce|Mn0.6Co0.1La0.3,Mn-Fe-Co-Ni-La-Ce,Mn0.6Co0.1La0.3,3,0.6,0,0.1,0,0.3,0,0,0,0,0,0
sample_d56dc0cfecd535b5,Ca-Mn-Co-Ni-Sn-Sb|Ca0.5Co0.3Ni0.2,Ca-Mn-Co-Ni-Sn-Sb,Ca0.5Co0.3Ni0.2,3,0,0,0.3,0.2,0,0,0,0,0,0.5,0
sample_d5942b9489976739,Mn-Fe-Co-Ni-La-Ce|Co0.3Ni0.4La0.3,Mn-Fe-Co-Ni-La-Ce,Co0.3Ni0.4La0.3,3,0,0,0.3,0.4,0.3,0,0,0,0,0,0
sample_d59d755a228e0b3d,Ca-Mn-Co-Ni-Sn-Sb|Co0.1Ni0.1Sb0.8,Ca-Mn-Co-Ni-Sn-Sb,Co0.1Ni0.1Sb0.8,3,0,0,0.1,0.1,0,0,0,0,0,0,0.8
sample_d5b21e8282a288a8,Ca-Mn-Co-Ni-Sn-Sb|Mn0.5Sn0.1Sb0.4,Ca-Mn-Co-Ni-Sn-Sb,Mn0.5Sn0.1Sb0.4,3,0.5,0,0,0,0,0,0,0,0.1,0,0.4
sample_d5b3d91e0a5c4a73,Mn-Fe-Co-Cu-Sn-Ta|Co0.9Sn0.1,Mn-Fe-Co-Cu-Sn-Ta,Co0.9Sn0.1,2,0,0,0.9,0,0,0,0,0,0.1,0,0
sample_d5c8f5d71a65cc21,Ca-Mn-Co-Ni-Sn-Sb|Mn0.8Ni0.1Sn0.1,Ca-Mn-Co-Ni-Sn-Sb,Mn0.8Ni0.1Sn0.1,3,0.8,0,0,0.1,0,0,0,0,0.1,0,0
sample_d5e1f41b47ced7fe,Ca-Mn-Co-Ni-Sn-Sb|Ca0.2Mn0.5Ni0.3,Ca-Mn-Co-Ni-Sn-Sb,Ca0.2Mn0.5Ni0.3,3,0.5,0,0,0.3,0,0,0,0,0,0.2,0
sample_d5eaf2301e099cdc,Mn-Fe-Co-Ni-Cu-Ta|Fe0.7Ni0.3,Mn-Fe-Co-Ni-Cu-Ta,Fe0.7Ni0.3,2,0,0.7,0,0.3,0,0,0,0,0,0,0
sample_d62e433bc62676d2,Mn-Fe-Co-Ni-Cu-Ta|Mn0.2Ni0.7Ta0.1,Mn-Fe-Co-Ni-Cu-Ta,Mn0.2Ni0.7Ta0.1,3,0.2,0,0,0.7,0,0,0,0.1,0,0,0
sample_d63001d080332612,Mn-Fe-Co-Ni-La-Ce|Co0.8La0.1Ce0.1,Mn-Fe-Co-Ni-La-Ce,Co0.8La0.1Ce0.1,3,0,0,0.8,0,0.1,0.1,0,0,0,0,0
sample_d6516266c15c2291,Mn-Fe-Co-Cu-Sn-Ta|Fe0.3Ta0.7,Mn-Fe-Co-Cu-Sn-Ta,Fe0.3Ta0.7,2,0,0.3,0,0,0,0,0,0.7,0,0,0
sample_d66af265ade69578,Mn-Fe-Co-Ni-La-Ce|Mn0.2Ce0.8,Mn-Fe-Co-Ni-La-Ce,Mn0.2Ce0.8,2,0.2,0,0,0,0,0.8,0,0,0,0,0
sample_d67c413693b30528,Mn-Fe-Co-Ni-Cu-Ta|Co0.1Cu0.2Ta0.7,Mn-Fe-Co-Ni-Cu-Ta,Co0.1Cu0.2Ta0.7,3,0,0,0.1,0,0,0,0.2,0.7,0,0,0
sample_d6823b8bae0a0419,Mn-Fe-Co-Cu-Sn-Ta|Mn0.1Cu0.9,Mn-Fe-Co-Cu-Sn-Ta,Mn0.1Cu0.9,2,0.1,0,0,0,0,0,0.9,0,0,0,0
sample_d68bbb82bf366996,Ca-Mn-Co-Ni-Sn-Sb|Co0.2Ni0.3Sn0.5,Ca-Mn-Co-Ni-Sn-Sb,Co0.2Ni0.3Sn0.5,3,0,0,0.2,0.3,0,0,0,0,0.5,0,0
sample_d68d779f7022b5e5,Ca-Mn-Co-Ni-Sn-Sb|Mn0.1Ni0.8Sb0.1,Ca-Mn-Co-Ni-Sn-Sb,Mn0.1Ni0.8Sb0.1,3,0.1,0,0,0.8,0,0,0,0,0,0,0.1
sample_d68f218f25a4357f,Mn-Fe-Co-Ni-Cu-Ta|Mn0.1Fe0.2Co0.7,Mn-Fe-Co-Ni-Cu-Ta,Mn0.1Fe0.2Co0.7,3,0.1,0.2,0.7,0,0,0,0,0,0,0,0
sample_d695a5efe6ea56fb,Mn-Fe-Co-Cu-Sn-Ta|Mn0.2Fe0.6Cu0.2,Mn-Fe-Co-Cu-Sn-Ta,Mn0.2Fe0.6Cu0.2,3,0.2,0.6,0,0,0,0,0.2,0,0,0,0
sample_d6cc5552dad0422c,Ca-Mn-Co-Ni-Sn-Sb|Ca0.3Mn0.1Ni0.6,Ca-Mn-Co-Ni-Sn-Sb,Ca0.3Mn0.1Ni0.6,3,0.1,0,0,0.6,0,0,0,0,0,0.3,0
sample_d6dea16933318f5a,Mn-Fe-Co-Ni-La-Ce|Co0.1Ni0.8Ce0.1,Mn-Fe-Co-Ni-La-Ce,Co0.1Ni0.8Ce0.1,3,0,0,0.1,0.8,0,0.1,0,0,0,0,0
sample_d6e3fa438ca7c4a1,Ca-Mn-Co-Ni-Sn-Sb|Ca0.1Co0.5Sb0.4,Ca-Mn-Co-Ni-Sn-Sb,Ca0.1Co0.5Sb0.4,3,0,0,0.5,0,0,0,0,0,0,0.1,0.4
sample_d71083b134d6c535,Mn-Fe-Co-Cu-Sn-Ta|Mn0.1Fe0.6Ta0.3,Mn-Fe-Co-Cu-Sn-Ta,Mn0.1Fe0.6Ta0.3,3,0.1,0.6,0,0,0,0,0,0.3,0,0,0
sample_d719a2e8c647fbe8,Ca-Mn-Co-Ni-Sn-Sb|Ca0.1Co0.3Sn0.6,Ca-Mn-Co-Ni-Sn-Sb,Ca0.1Co0.3Sn0.6,3,0,0,0.3,0,0,0,0,0,0.6,0.1,0
sample_d7310acc25f148a8,Mn-Fe-Co-Ni-Cu-Ta|Ni0.2Cu0.8,Mn-Fe-Co-Ni-Cu-Ta,Ni0.2Cu0.8,2,0,0,0,0.2,0,0,0.8,0,0,0,0
sample_d755ef43b6b7001e,Ca-Mn-Co-Ni-Sn-Sb|Ca0.1Ni0.8Sb0.1,Ca-Mn-Co-Ni-Sn-Sb,Ca0.1Ni0.8Sb0.1,3,0,0,0,0.8,0,0,0,0,0,0.1,0.1
sample_d76139263e8b1b8a,Ca-Mn-Co-Ni-Sn-Sb|Ca0.7Co0.1Sn0.2,Ca-Mn-Co-Ni-Sn-Sb,Ca0.7Co0.1Sn0.2,3,0,0,0.1,0,0,0,0,0,0.2,0.7,0
sample_d77c8f9cb8bf8eb1,Mn-Fe-Co-Cu-Sn-Ta|Mn0.1Fe0.8Ta0.1,Mn-Fe-Co-Cu-Sn-Ta,Mn0.1Fe0.8Ta0.1,3,0.1,0.8,0,0,0,0,0,0.1,0,0,0
sample_d77d886b678b8038,Mn-Fe-Co-Ni-Cu-Ta|Mn0.1Co0.4Ta0.5,Mn-Fe-Co-Ni-Cu-Ta,Mn0.1Co0.4Ta0.5,3,0.1,0,0.4,0,0,0,0,0.5,0,0,0
sample_d7a014c574f1d77d,Mn-Fe-Co-Ni-La-Ce|Fe0.3Ni0.7,Mn-Fe-Co-Ni-La-Ce,Fe0.3Ni0.7,2,0,0.3,0,0.7,0,0,0,0,0,0,0
sample_d7bf2eb47bac0eb6,Mn-Fe-Co-Ni-La-Ce|Mn0.2Fe0.2Ce0.6,Mn-Fe-Co-Ni-La-Ce,Mn0.2Fe0.2Ce0.6,3,0.2,0.2,0,0,0,0.6,0,0,0,0,0
sample_d7c3255396b59cf7,Mn-Fe-Co-Ni-La-Ce|Mn0.6Co0.2Ni0.2,Mn-Fe-Co-Ni-La-Ce,Mn0.6Co0.2Ni0.2,3,0.6,0,0.2,0.2,0,0,0,0,0,0,0
sample_d7c60b8bb0ed3a4f,Ca-Mn-Co-Ni-Sn-Sb|Ni0.1Sn0.9,Ca-Mn-Co-Ni-Sn-Sb,Ni0.1Sn0.9,2,0,0,0,0.1,0,0,0,0,0.9,0,0
sample_d7c85c9659fa1296,Mn-Fe-Co-Cu-Sn-Ta|Cu0.3Sn0.3Ta0.4,Mn-Fe-Co-Cu-Sn-Ta,Cu0.3Sn0.3Ta0.4,3,0,0,0,0,0,0,0.3,0.4,0.3,0,0
sample_d7d5b0c35035b19d,Mn-Fe-Co-Ni-Cu-Ta|Fe0.1Ni0.4Cu0.5,Mn-Fe-Co-Ni-Cu-Ta,Fe0.1Ni0.4Cu0.5,3,0,0.1,0,0.4,0,0,0.5,0,0,0,0
sample_d7e272277fed46a9,Mn-Fe-Co-Ni-La-Ce|Fe0.4Ni0.3La0.3,Mn-Fe-Co-Ni-La-Ce,Fe0.4Ni0.3La0.3,3,0,0.4,0,0.3,0.3,0,0,0,0,0,0
sample_d7e4990765a68bc0,Ca-Mn-Co-Ni-Sn-Sb|Mn0.3Co0.2Ni0.5,Ca-Mn-Co-Ni-Sn-Sb,Mn0.3Co0.2Ni0.5,3,0.3,0,0.2,0.5,0,0,0,0,0,0,0
sample_d7ed0d2e26a21c98,Mn-Fe-Co-Ni-Cu-Ta|Mn0.4Fe0.2Cu0.4,Mn-Fe-Co-Ni-Cu-Ta,Mn0.4Fe0.2Cu0.4,3,0.4,0.2,0,0,0,0,0.4,0,0,0,0
sample_d81f8da9a642a22d,Mn-Fe-Co-Cu-Sn-Ta|Cu0.2Sn0.6Ta0.2,Mn-Fe-Co-Cu-Sn-Ta,Cu0.2Sn0.6Ta0.2,3,0,0,0,0,0,0,0.2,0.2,0.6,0,0
sample_d82029ec73871688,Mn-Fe-Co-Cu-Sn-Ta|Mn0.1Cu0.7Ta0.2,Mn-Fe-Co-Cu-Sn-Ta,Mn0.1Cu0.7Ta0.2,3,0.1,0,0,0,0,0,0.7,0.2,0,0,0
sample_d822b887e9b7516d,Mn-Fe-Co-Cu-Sn-Ta|Mn0.6Co0.1Cu0.3,Mn-Fe-Co-Cu-Sn-Ta,Mn0.6Co0.1Cu0.3,3,0.6,0,0.1,0,0,0,0.3,0,0,0,0
sample_d831cd1e1c9a2764,Mn-Fe-Co-Ni-La-Ce|Mn0.2Ni0.2Ce0.6,Mn-Fe-Co-Ni-La-Ce,Mn0.2Ni0.2Ce0.6,3,0.2,0,0,0.2,0,0.6,0,0,0,0,0
sample_d83deb43a0a94a22,Mn-Fe-Co-Ni-Cu-Ta|Fe0.4Co0.5Cu0.1,Mn-Fe-Co-Ni-Cu-Ta,Fe0.4Co0.5Cu0.1,3,0,0.4,0.5,0,0,0,0.1,0,0,0,0
sample_d842664a71ecde1f,Mn-Fe-Co-Ni-Cu-Ta|Fe0.1Co0.3Cu0.6,Mn-Fe-Co-Ni-Cu-Ta,Fe0.1Co0.3Cu0.6,3,0,0.1,0.3,0,0,0,0.6,0,0,0,0
sample_d86148d54270a626,Mn-Fe-Co-Ni-La-Ce|Mn0.2Co0.4Ni0.4,Mn-Fe-Co-Ni-La-Ce,Mn0.2Co0.4Ni0.4,3,0.2,0,0.4,0.4,0,0,0,0,0,0,0
sample_d87d285202909a73,Ca-Mn-Co-Ni-Sn-Sb|Mn0.2Ni0.5Sn0.3,Ca-Mn-Co-Ni-Sn-Sb,Mn0.2Ni0.5Sn0.3,3,0.2,0,0,0.5,0,0,0,0,0.3,0,0
sample_d8831c04bd2b94ec,Mn-Fe-Co-Ni-La-Ce|Fe0.1Ni0.4La0.5,Mn-Fe-Co-Ni-La-Ce,Fe0.1Ni0.4La0.5,3,0,0.1,0,0.4,0.5,0,0,0,0,0,0
sample_d898f5acdefd22e8,Mn-Fe-Co-Ni-Cu-Ta|Mn0.3Fe0.1Cu0.6,Mn-Fe-Co-Ni-Cu-Ta,Mn0.3Fe0.1Cu0.6,3,0.3,0.1,0,0,0,0,0.6,0,0,0,0
sample_d8aeba4803a6f132,Mn-Fe-Co-Ni-La-Ce|Mn0.5Fe0.1Ni0.4,Mn-Fe-Co-Ni-La-Ce,Mn0.5Fe0.1Ni0.4,3,0.5,0.1,0,0.4,0,0,0,0,0,0,0
sample_d8afae06f933037a,Mn-Fe-Co-Cu-Sn-Ta|Cu0.2Sn0.7Ta0.1,Mn-Fe-Co-Cu-Sn-Ta,Cu0.2Sn0.7Ta0.1,3,0,0,0,0,0,0,0.2,0.1,0.7,0,0
sample_d8b7f6b0b2fdc3b5,Mn-Fe-Co-Ni-Cu-Ta|Mn0.4Ni0.3Cu0.3,Mn-Fe-Co-Ni-Cu-Ta,Mn0.4Ni0.3Cu0.3,3,0.4,0,0,0.3,0,0,0.3,0,0,0,0
sample_d8c0247806597ad4,Ca-Mn-Co-Ni-Sn-Sb|Ca0.4Mn0.1Sn0.5,Ca-Mn-Co-Ni-Sn-Sb,Ca0.4Mn0.1Sn0.5,3,0.1,0,0,0,0,0,0,0,0.5,0.4,0
sample_d8c9fe42c0066041,Mn-Fe-Co-Cu-Sn-Ta|Fe0.7Co0.1Ta0.2,Mn-Fe-Co-Cu-Sn-Ta,Fe0.7Co0.1Ta0.2,3,0,0.7,0.1,0,0,0,0,0.2,0,0,0
sample_d8cc7e3de785578c,Mn-Fe-Co-Cu-Sn-Ta|Fe0.8Sn0.2,Mn-Fe-Co-Cu-Sn-Ta,Fe0.8Sn0.2,2,0,0.8,0,0,0,0,0,0,0.2,0,0
sample_d8d25a0c0cd311f0,Mn-Fe-Co-Ni-La-Ce|Fe0.4Ni0.5La0.1,Mn-Fe-Co-Ni-La-Ce,Fe0.4Ni0.5La0.1,3,0,0.4,0,0.5,0.1,0,0,0,0,0,0
sample_d8d886874adbb174,Mn-Fe-Co-Ni-La-Ce|Mn0.2Ni0.4La0.4,Mn-Fe-Co-Ni-La-Ce,Mn0.2Ni0.4La0.4,3,0.2,0,0,0.4,0.4,0,0,0,0,0,0
sample_d8fc4a49e19baff7,Mn-Fe-Co-Ni-La-Ce|Mn0.9Fe0.1,Mn-Fe-Co-Ni-La-Ce,Mn0.9Fe0.1,2,0.9,0.1,0,0,0,0,0,0,0,0,0
sample_d8fdea26210951fa,Mn-Fe-Co-Cu-Sn-Ta|Co0.3Cu0.5Ta0.2,Mn-Fe-Co-Cu-Sn-Ta,Co0.3Cu0.5Ta0.2,3,0,0,0.3,0,0,0,0.5,0.2,0,0,0
sample_d9245e64096fd119,Mn-Fe-Co-Ni-La-Ce|Mn0.9Ce0.1,Mn-Fe-Co-Ni-La-Ce,Mn0.9Ce0.1,2,0.9,0,0,0,0,0.1,0,0,0,0,0
sample_d93b3af215eb83f4,Mn-Fe-Co-Ni-La-Ce|Fe0.2Co0.1Ni0.7,Mn-Fe-Co-Ni-La-Ce,Fe0.2Co0.1Ni0.7,3,0,0.2,0.1,0.7,0,0,0,0,0,0,0
sample_d93d8a381e0f79aa,Ca-Mn-Co-Ni-Sn-Sb|Mn0.3Co0.6Sb0.1,Ca-Mn-Co-Ni-Sn-Sb,Mn0.3Co0.6Sb0.1,3,0.3,0,0.6,0,0,0,0,0,0,0,0.1
sample_d953874a6af71f45,Mn-Fe-Co-Ni-La-Ce|Mn0.3Ni0.5Ce0.2,Mn-Fe-Co-Ni-La-Ce,Mn0.3Ni0.5Ce0.2,3,0.3,0,0,0.5,0,0.2,0,0,0,0,0
sample_d953d846e239388f,Mn-Fe-Co-Ni-Cu-Ta|Co0.6Cu0.4,Mn-Fe-Co-Ni-Cu-Ta,Co0.6Cu0.4,2,0,0,0.6,0,0,0,0.4,0,0,0,0
sample_d955017b847cc245,Ca-Mn-Co-Ni-Sn-Sb|Ca0.6Co0.4,Ca-Mn-Co-Ni-Sn-Sb,Ca0.6Co0.4,2,0,0,0.4,0,0,0,0,0,0,0.6,0
sample_d958d97f1290f0bf,Mn-Fe-Co-Ni-Cu-Ta|Mn0.3Ni0.2Cu0.5,Mn-Fe-Co-Ni-Cu-Ta,Mn0.3Ni0.2Cu0.5,3,0.3,0,0,0.2,0,0,0.5,0,0,0,0
sample_d95ec98aa73f0484,Mn-Fe-Co-Cu-Sn-Ta|Co0.1Cu0.9,Mn-Fe-Co-Cu-Sn-Ta,Co0.1Cu0.9,2,0,0,0.1,0,0,0,0.9,0,0,0,0
sample_d965e6a08da5039b,Mn-Fe-Co-Cu-Sn-Ta|Fe0.5Cu0.1Sn0.4,Mn-Fe-Co-Cu-Sn-Ta,Fe0.5Cu0.1Sn0.4,3,0,0.5,0,0,0,0,0.1,0,0.4,0,0
sample_d9e14c9a5d4732c8,Mn-Fe-Co-Cu-Sn-Ta|Mn0.6Fe0.4,Mn-Fe-Co-Cu-Sn-Ta,Mn0.6Fe0.4,2,0.6,0.4,0,0,0,0,0,0,0,0,0
sample_da0067d5db71d2ee,Ca-Mn-Co-Ni-Sn-Sb|Co0.3Sn0.7,Ca-Mn-Co-Ni-Sn-Sb,Co0.3Sn0.7,2,0,0,0.3,0,0,0,0,0,0.7,0,0
sample_da43cbafc9050430,Mn-Fe-Co-Ni-La-Ce|Mn0.5Ni0.4La0.1,Mn-Fe-Co-Ni-La-Ce,Mn0.5Ni0.4La0.1,3,0.5,0,0,0.4,0.1,0,0,0,0,0,0
sample_da443f982534f15a,Mn-Fe-Co-Cu-Sn-Ta|Fe0.3Cu0.6Sn0.1,Mn-Fe-Co-Cu-Sn-Ta,Fe0.3Cu0.6Sn0.1,3,0,0.3,0,0,0,0,0.6,0,0.1,0,0
sample_da4a5e5be0fd166a,Mn-Fe-Co-Ni-La-Ce|Mn0.5Ni0.2La0.3,Mn-Fe-Co-Ni-La-Ce,Mn0.5Ni0.2La0.3,3,0.5,0,0,0.2,0.3,0,0,0,0,0,0
sample_da7a8649885d3485,Mn-Fe-Co-Ni-Cu-Ta|Fe0.4Cu0.6,Mn-Fe-Co-Ni-Cu-Ta,Fe0.4Cu0.6,2,0,0.4,0,0,0,0,0.6,0,0,0,0
sample_da81a2c35cde57c1,Mn-Fe-Co-Ni-La-Ce|Mn0.1Co0.6Ce0.3,Mn-Fe-Co-Ni-La-Ce,Mn0.1Co0.6Ce0.3,3,0.1,0,0.6,0,0,0.3,0,0,0,0,0
sample_dab8bb5203451bdb,Ca-Mn-Co-Ni-Sn-Sb|Ni0.2Sn0.2Sb0.6,Ca-Mn-Co-Ni-Sn-Sb,Ni0.2Sn0.2Sb0.6,3,0,0,0,0.2,0,0,0,0,0.2,0,0.6
sample_dac86b2aafe70ab6,Mn-Fe-Co-Ni-Cu-Ta|Mn0.7Cu0.1Ta0.2,Mn-Fe-Co-Ni-Cu-Ta,Mn0.7Cu0.1Ta0.2,3,0.7,0,0,0,0,0,0.1,0.2,0,0,0
sample_dadb680f5e877c28,Mn-Fe-Co-Ni-Cu-Ta|Mn0.2Fe0.5Ni0.3,Mn-Fe-Co-Ni-Cu-Ta,Mn0.2Fe0.5Ni0.3,3,0.2,0.5,0,0.3,0,0,0,0,0,0,0
sample_db0059f3bd8af492,Mn-Fe-Co-Ni-Cu-Ta|Mn0.3Fe0.6Ta0.1,Mn-Fe-Co-Ni-Cu-Ta,Mn0.3Fe0.6Ta0.1,3,0.3,0.6,0,0,0,0,0,0.1,0,0,0
sample_db306616d1bb30f9,Mn-Fe-Co-Ni-Cu-Ta|Fe0.5Co0.1Ta0.4,Mn-Fe-Co-Ni-Cu-Ta,Fe0.5Co0.1Ta0.4,3,0,0.5,0.1,0,0,0,0,0.4,0,0,0
sample_db3eb2758d80c027,Mn-Fe-Co-Ni-La-Ce|Fe0.4La0.3Ce0.3,Mn-Fe-Co-Ni-La-Ce,Fe0.4La0.3Ce0.3,3,0,0.4,0,0,0.3,0.3,0,0,0,0,0
sample_db5d5ff84e3494c2,Ca-Mn-Co-Ni-Sn-Sb|Mn0.1Co0.7Sn0.2,Ca-Mn-Co-Ni-Sn-Sb,Mn0.1Co0.7Sn0.2,3,0.1,0,0.7,0,0,0,0,0,0.2,0,0
sample_db61e79d991eedc0,Mn-Fe-Co-Ni-La-Ce|Co0.6Ni0.2La0.2,Mn-Fe-Co-Ni-La-Ce,Co0.6Ni0.2La0.2,3,0,0,0.6,0.2,0.2,0,0,0,0,0,0
sample_db6fc4a3eba0b622,Ca-Mn-Co-Ni-Sn-Sb|Mn0.3Ni0.4Sb0.3,Ca-Mn-Co-Ni-Sn-Sb,Mn0.3Ni0.4Sb0.3,3,0.3,0,0,0.4,0,0,0,0,0,0,0.3
sample_db70a4c0c0cec6b3,Mn-Fe-Co-Ni-Cu-Ta|Fe0.2Co0.2Ni0.6,Mn-Fe-Co-Ni-Cu-Ta,Fe0.2Co0.2Ni0.6,3,0,0.2,0.2,0.6,0,0,0,0,0,0,0
sample_db77e6456f0a1807,Mn-Fe-Co-Ni-La-Ce|Fe0.1Co0.7La0.2,Mn-Fe-Co-Ni-La-Ce,Fe0.1Co0.7La0.2,3,0,0.1,0.7,0,0.2,0,0,0,0,0,0
sample_dba93e1e96c1d9fb,Mn-Fe-Co-Ni-Cu-Ta|Mn0.1Cu0.9,Mn-Fe-Co-Ni-Cu-Ta,Mn0.1Cu0.9,2,0.1,0,0,0,0,0,0.9,0,0,0,0
sample_dbcdaa96b77c9e9d,Ca-Mn-Co-Ni-Sn-Sb|Co0.3Sn0.1Sb0.6,Ca-Mn-Co-Ni-Sn-Sb,Co0.3Sn0.1Sb0.6,3,0,0,0.3,0,0,0,0,0,0.1,0,0.6
sample_dc010fd7786aedb7,Mn-Fe-Co-Ni-La-Ce|Fe0.1Ni0.8Ce0.1,Mn-Fe-Co-Ni-La-Ce,Fe0.1Ni0.8Ce0.1,3,0,0.1,0,0.8,0,0.1,0,0,0,0,0
sample_dc06a3660c6b2c11,Mn-Fe-Co-Ni-Cu-Ta|Mn0.5Co0.3Cu0.2,Mn-Fe-Co-Ni-Cu-Ta,Mn0.5Co0.3Cu0.2,3,0.5,0,0.3,0,0,0,0.2,0,0,0,0
sample_dc23572a4dc53111,Mn-Fe-Co-Ni-Cu-Ta|Co0.4Ni0.1Cu0.5,Mn-Fe-Co-Ni-Cu-Ta,Co0.4Ni0.1Cu0.5,3,0,0,0.4,0.1,0,0,0.5,0,0,0,0
sample_dc376ea24619cb22,Mn-Fe-Co-Ni-La-Ce|Fe0.6Co0.2Ni0.2,Mn-Fe-Co-Ni-La-Ce,Fe0.6Co0.2Ni0.2,3,0,0.6,0.2,0.2,0,0,0,0,0,0,0
sample_dc563f2887efed0a,Ca-Mn-Co-Ni-Sn-Sb|Co0.4Ni0.1Sb0.5,Ca-Mn-Co-Ni-Sn-Sb,Co0.4Ni0.1Sb0.5,3,0,0,0.4,0.1,0,0,0,0,0,0,0.5
sample_dc56b3b0cdbf5f4f,Ca-Mn-Co-Ni-Sn-Sb|Ca0.4Sn0.4Sb0.2,Ca-Mn-Co-Ni-Sn-Sb,Ca0.4Sn0.4Sb0.2,3,0,0,0,0,0,0,0,0,0.4,0.4,0.2
sample_dc6b7ff0b0889641,Mn-Fe-Co-Ni-Cu-Ta|Mn0.1Ta0.9,Mn-Fe-Co-Ni-Cu-Ta,Mn0.1Ta0.9,2,0.1,0,0,0,0,0,0,0.9,0,0,0
sample_dc8510678bc453e8,Mn-Fe-Co-Ni-La-Ce|Mn0.7Fe0.1Ce0.2,Mn-Fe-Co-Ni-La-Ce,Mn0.7Fe0.1Ce0.2,3,0.7,0.1,0,0,0,0.2,0,0,0,0,0
sample_dc90a1d53b9d9d02,Mn-Fe-Co-Ni-Cu-Ta|Mn0.5Fe0.3Cu0.2,Mn-Fe-Co-Ni-Cu-Ta,Mn0.5Fe0.3Cu0.2,3,0.5,0.3,0,0,0,0,0.2,0,0,0,0
sample_dc92431e1ff528b8,Mn-Fe-Co-Cu-Sn-Ta|Mn0.9Cu0.1,Mn-Fe-Co-Cu-Sn-Ta,Mn0.9Cu0.1,2,0.9,0,0,0,0,0,0.1,0,0,0,0
sample_dc93fa0bec955f00,Mn-Fe-Co-Ni-Cu-Ta|Mn0.4Ni0.3Ta0.3,Mn-Fe-Co-Ni-Cu-Ta,Mn0.4Ni0.3Ta0.3,3,0.4,0,0,0.3,0,0,0,0.3,0,0,0
sample_dc995b6624d5fb04,Mn-Fe-Co-Ni-Cu-Ta|Mn0.3Ni0.5Cu0.2,Mn-Fe-Co-Ni-Cu-Ta,Mn0.3Ni0.5Cu0.2,3,0.3,0,0,0.5,0,0,0.2,0,0,0,0
sample_dc9b37b458bdee96,Mn-Fe-Co-Ni-La-Ce|Mn0.6Fe0.4,Mn-Fe-Co-Ni-La-Ce,Mn0.6Fe0.4,2,0.6,0.4,0,0,0,0,0,0,0,0,0
sample_dcc466beb39c40c8,Mn-Fe-Co-Cu-Sn-Ta|Cu0.1Sn0.3Ta0.6,Mn-Fe-Co-Cu-Sn-Ta,Cu0.1Sn0.3Ta0.6,3,0,0,0,0,0,0,0.1,0.6,0.3,0,0
sample_dcc8dec600d25ab7,Ca-Mn-Co-Ni-Sn-Sb|Ca0.5Mn0.1Sn0.4,Ca-Mn-Co-Ni-Sn-Sb,Ca0.5Mn0.1Sn0.4,3,0.1,0,0,0,0,0,0,0,0.4,0.5,0
sample_dcf0731a64399f42,Mn-Fe-Co-Cu-Sn-Ta|Mn0.6Sn0.2Ta0.2,Mn-Fe-Co-Cu-Sn-Ta,Mn0.6Sn0.2Ta0.2,3,0.6,0,0,0,0,0,0,0.2,0.2,0,0
sample_dcfd405df6278bd7,Ca-Mn-Co-Ni-Sn-Sb|Ca0.6Co0.1Sb0.3,Ca-Mn-Co-Ni-Sn-Sb,Ca0.6Co0.1Sb0.3,3,0,0,0.1,0,0,0,0,0,0,0.6,0.3
sample_dd0edf0b412c4045,Mn-Fe-Co-Ni-La-Ce|Fe0.6Co0.1Ni0.3,Mn-Fe-Co-Ni-La-Ce,Fe0.6Co0.1Ni0.3,3,0,0.6,0.1,0.3,0,0,0,0,0,0,0
sample_dd213ee43a76689e,Ca-Mn-Co-Ni-Sn-Sb|Ca0.4Co0.3Sb0.3,Ca-Mn-Co-Ni-Sn-Sb,Ca0.4Co0.3Sb0.3,3,0,0,0.3,0,0,0,0,0,0,0.4,0.3
sample_dd2732b38a04ddc9,Mn-Fe-Co-Ni-La-Ce|Mn0.4Fe0.5Ce0.1,Mn-Fe-Co-Ni-La-Ce,Mn0.4Fe0.5Ce0.1,3,0.4,0.5,0,0,0,0.1,0,0,0,0,0
sample_dd4b2577fb13f43d,Mn-Fe-Co-Ni-Cu-Ta|Co0.7Ni0.2Cu0.1,Mn-Fe-Co-Ni-Cu-Ta,Co0.7Ni0.2Cu0.1,3,0,0,0.7,0.2,0,0,0.1,0,0,0,0
sample_dd5885740d197fb9,Mn-Fe-Co-Ni-La-Ce|Mn0.4Co0.5Ce0.1,Mn-Fe-Co-Ni-La-Ce,Mn0.4Co0.5Ce0.1,3,0.4,0,0.5,0,0,0.1,0,0,0,0,0
sample_dd7aadf31eec9f76,Ca-Mn-Co-Ni-Sn-Sb|Ca0.8Mn0.2,Ca-Mn-Co-Ni-Sn-Sb,Ca0.8Mn0.2,2,0.2,0,0,0,0,0,0,0,0,0.8,0
sample_dd970adf4990f716,Mn-Fe-Co-Ni-Cu-Ta|Co0.5Ni0.3Cu0.2,Mn-Fe-Co-Ni-Cu-Ta,Co0.5Ni0.3Cu0.2,3,0,0,0.5,0.3,0,0,0.2,0,0,0,0
sample_dda0e6826683098d,Mn-Fe-Co-Ni-Cu-Ta|Mn0.6Ta0.4,Mn-Fe-Co-Ni-Cu-Ta,Mn0.6Ta0.4,2,0.6,0,0,0,0,0,0,0.4,0,0,0
sample_ddaaff912172325b,Ca-Mn-Co-Ni-Sn-Sb|Mn0.1Ni0.4Sb0.5,Ca-Mn-Co-Ni-Sn-Sb,Mn0.1Ni0.4Sb0.5,3,0.1,0,0,0.4,0,0,0,0,0,0,0.5
sample_ddb13a76e1db6764,Mn-Fe-Co-Ni-La-Ce|Mn0.1Ni0.3La0.6,Mn-Fe-Co-Ni-La-Ce,Mn0.1Ni0.3La0.6,3,0.1,0,0,0.3,0.6,0,0,0,0,0,0
sample_ddceaefeeadafc47,Mn-Fe-Co-Cu-Sn-Ta|Mn0.1Fe0.8Cu0.1,Mn-Fe-Co-Cu-Sn-Ta,Mn0.1Fe0.8Cu0.1,3,0.1,0.8,0,0,0,0,0.1,0,0,0,0
sample_ddde7d9e815a56aa,Mn-Fe-Co-Ni-La-Ce|Co0.4La0.4Ce0.2,Mn-Fe-Co-Ni-La-Ce,Co0.4La0.4Ce0.2,3,0,0,0.4,0,0.4,0.2,0,0,0,0,0
sample_ddefdb8991f18039,Mn-Fe-Co-Ni-La-Ce|Fe0.5Ni0.1La0.4,Mn-Fe-Co-Ni-La-Ce,Fe0.5Ni0.1La0.4,3,0,0.5,0,0.1,0.4,0,0,0,0,0,0
sample_de041e2f3743888e,Mn-Fe-Co-Ni-Cu-Ta|Fe0.6Ni0.1Cu0.3,Mn-Fe-Co-Ni-Cu-Ta,Fe0.6Ni0.1Cu0.3,3,0,0.6,0,0.1,0,0,0.3,0,0,0,0
sample_de16b66c2954194d,Mn-Fe-Co-Ni-La-Ce|Mn0.1Co0.8Ce0.1,Mn-Fe-Co-Ni-La-Ce,Mn0.1Co0.8Ce0.1,3,0.1,0,0.8,0,0,0.1,0,0,0,0,0
sample_de21d78d00b544a8,Mn-Fe-Co-Cu-Sn-Ta|Co0.1Cu0.2Sn0.7,Mn-Fe-Co-Cu-Sn-Ta,Co0.1Cu0.2Sn0.7,3,0,0,0.1,0,0,0,0.2,0,0.7,0,0
sample_de2ec976a50f2824,Ca-Mn-Co-Ni-Sn-Sb|Mn0.2Co0.7Sn0.1,Ca-Mn-Co-Ni-Sn-Sb,Mn0.2Co0.7Sn0.1,3,0.2,0,0.7,0,0,0,0,0,0.1,0,0
sample_de3d0b611a027c26,Mn-Fe-Co-Cu-Sn-Ta|Mn0.1Sn0.6Ta0.3,Mn-Fe-Co-Cu-Sn-Ta,Mn0.1Sn0.6Ta0.3,3,0.1,0,0,0,0,0,0,0.3,0.6,0,0
sample_de3eedec09d50649,Ca-Mn-Co-Ni-Sn-Sb|Ca0.1Ni0.2Sn0.7,Ca-Mn-Co-Ni-Sn-Sb,Ca0.1Ni0.2Sn0.7,3,0,0,0,0.2,0,0,0,0,0.7,0.1,0
sample_de402a62697dbaf4,Ca-Mn-Co-Ni-Sn-Sb|Co0.9Sb0.1,Ca-Mn-Co-Ni-Sn-Sb,Co0.9Sb0.1,2,0,0,0.9,0,0,0,0,0,0,0,0.1
sample_de44ab26949e415b,Mn-Fe-Co-Ni-Cu-Ta|Fe0.4Ni0.4Ta0.2,Mn-Fe-Co-Ni-Cu-Ta,Fe0.4Ni0.4Ta0.2,3,0,0.4,0,0.4,0,0,0,0.2,0,0,0
sample_de786beb86a69ad2,Mn-Fe-Co-Ni-Cu-Ta|Co0.7Ni0.1Ta0.2,Mn-Fe-Co-Ni-Cu-Ta,Co0.7Ni0.1Ta0.2,3,0,0,0.7,0.1,0,0,0,0.2,0,0,0
sample_de8cbfbc69ab1ccb,Mn-Fe-Co-Ni-Cu-Ta|Mn0.2Fe0.4Ta0.4,Mn-Fe-Co-Ni-Cu-Ta,Mn0.2Fe0.4Ta0.4,3,0.2,0.4,0,0,0,0,0,0.4,0,0,0
sample_dea9f480867bda49,Ca-Mn-Co-Ni-Sn-Sb|Mn0.1Ni0.8Sn0.1,Ca-Mn-Co-Ni-Sn-Sb,Mn0.1Ni0.8Sn0.1,3,0.1,0,0,0.8,0,0,0,0,0.1,0,0
sample_deae52a84397de15,Ca-Mn-Co-Ni-Sn-Sb|Co0.7Ni0.1Sb0.2,Ca-Mn-Co-Ni-Sn-Sb,Co0.7Ni0.1Sb0.2,3,0,0,0.7,0.1,0,0,0,0,0,0,0.2
sample_deb82c265f832cf4,Mn-Fe-Co-Cu-Sn-Ta|Co0.9Cu0.1,Mn-Fe-Co-Cu-Sn-Ta,Co0.9Cu0.1,2,0,0,0.9,0,0,0,0.1,0,0,0,0
sample_debb2c15a8b8827f,Mn-Fe-Co-Cu-Sn-Ta|Fe0.3Cu0.6Ta0.1,Mn-Fe-Co-Cu-Sn-Ta,Fe0.3Cu0.6Ta0.1,3,0,0.3,0,0,0,0,0.6,0.1,0,0,0
sample_dec0003d71248bf4,Mn-Fe-Co-Ni-La-Ce|Fe0.4Co0.5Ce0.1,Mn-Fe-Co-Ni-La-Ce,Fe0.4Co0.5Ce0.1,3,0,0.4,0.5,0,0,0.1,0,0,0,0,0
sample_deccf020952c126f,Ca-Mn-Co-Ni-Sn-Sb|Mn0.6Co0.2Ni0.2,Ca-Mn-Co-Ni-Sn-Sb,Mn0.6Co0.2Ni0.2,3,0.6,0,0.2,0.2,0,0,0,0,0,0,0
sample_dedf729f7fa79bf7,Mn-Fe-Co-Cu-Sn-Ta|Mn0.5Cu0.2Ta0.3,Mn-Fe-Co-Cu-Sn-Ta,Mn0.5Cu0.2Ta0.3,3,0.5,0,0,0,0,0,0.2,0.3,0,0,0
sample_dee35e649cf8f6d3,Ca-Mn-Co-Ni-Sn-Sb|Mn0.2Ni0.6Sn0.2,Ca-Mn-Co-Ni-Sn-Sb,Mn0.2Ni0.6Sn0.2,3,0.2,0,0,0.6,0,0,0,0,0.2,0,0
sample_deec79b805e45a68,Mn-Fe-Co-Cu-Sn-Ta|Fe0.3Cu0.1Sn0.6,Mn-Fe-Co-Cu-Sn-Ta,Fe0.3Cu0.1Sn0.6,3,0,0.3,0,0,0,0,0.1,0,0.6,0,0
sample_df2c047ec5ff7cde,Mn-Fe-Co-Cu-Sn-Ta|Co0.4Sn0.3Ta0.3,Mn-Fe-Co-Cu-Sn-Ta,Co0.4Sn0.3Ta0.3,3,0,0,0.4,0,0,0,0,0.3,0.3,0,0
sample_df331d43cfa29dc1,Mn-Fe-Co-Ni-Cu-Ta|Mn0.6Cu0.2Ta0.2,Mn-Fe-Co-Ni-Cu-Ta,Mn0.6Cu0.2Ta0.2,3,0.6,0,0,0,0,0,0.2,0.2,0,0,0
sample_df3826e42bb71685,Ca-Mn-Co-Ni-Sn-Sb|Mn0.5Ni0.5,Ca-Mn-Co-Ni-Sn-Sb,Mn0.5Ni0.5,2,0.5,0,0,0.5,0,0,0,0,0,0,0
sample_df3e8f38cbca3431,Mn-Fe-Co-Ni-Cu-Ta|Mn0.1Cu0.1Ta0.8,Mn-Fe-Co-Ni-Cu-Ta,Mn0.1Cu0.1Ta0.8,3,0.1,0,0,0,0,0,0.1,0.8,0,0,0
sample_df445ca2db89036b,Mn-Fe-Co-Cu-Sn-Ta|Fe0.1Co0.7Cu0.2,Mn-Fe-Co-Cu-Sn-Ta,Fe0.1Co0.7Cu0.2,3,0,0.1,0.7,0,0,0,0.2,0,0,0,0
sample_df4a751fefd5d3a9,Mn-Fe-Co-Ni-La-Ce|Co0.4Ni0.1La0.5,Mn-Fe-Co-Ni-La-Ce,Co0.4Ni0.1La0.5,3,0,0,0.4,0.1,0.5,0,0,0,0,0,0
sample_df4b4daaeab24e1c,Ca-Mn-Co-Ni-Sn-Sb|Ni0.1Sn0.8Sb0.1,Ca-Mn-Co-Ni-Sn-Sb,Ni0.1Sn0.8Sb0.1,3,0,0,0,0.1,0,0,0,0,0.8,0,0.1
sample_df592034a26e7431,Mn-Fe-Co-Ni-La-Ce|Mn0.4Fe0.4La0.2,Mn-Fe-Co-Ni-La-Ce,Mn0.4Fe0.4La0.2,3,0.4,0.4,0,0,0.2,0,0,0,0,0,0
sample_df5bec9158b5adac,Mn-Fe-Co-Cu-Sn-Ta|Cu0.6Ta0.4,Mn-Fe-Co-Cu-Sn-Ta,Cu0.6Ta0.4,2,0,0,0,0,0,0,0.6,0.4,0,0,0
sample_df5ff453db4153a3,Ca-Mn-Co-Ni-Sn-Sb|Ca0.2Sn0.7Sb0.1,Ca-Mn-Co-Ni-Sn-Sb,Ca0.2Sn0.7Sb0.1,3,0,0,0,0,0,0,0,0,0.7,0.2,0.1
sample_df7785a64fa290c1,Ca-Mn-Co-Ni-Sn-Sb|Ni0.2Sb0.8,Ca-Mn-Co-Ni-Sn-Sb,Ni0.2Sb0.8,2,0,0,0,0.2,0,0,0,0,0,0,0.8
sample_df803c5d9f8a3c1e,Mn-Fe-Co-Cu-Sn-Ta|Fe0.1Cu0.1Sn0.8,Mn-Fe-Co-Cu-Sn-Ta,Fe0.1Cu0.1Sn0.8,3,0,0.1,0,0,0,0,0.1,0,0.8,0,0
sample_dfa9cabb2c03c35f,Mn-Fe-Co-Ni-Cu-Ta|Fe0.2Ni0.7Cu0.1,Mn-Fe-Co-Ni-Cu-Ta,Fe0.2Ni0.7Cu0.1,3,0,0.2,0,0.7,0,0,0.1,0,0,0,0
sample_dfe44300dd8ee553,Ca-Mn-Co-Ni-Sn-Sb|Co0.1Ni0.2Sn0.7,Ca-Mn-Co-Ni-Sn-Sb,Co0.1Ni0.2Sn0.7,3,0,0,0.1,0.2,0,0,0,0,0.7,0,0
sample_e00f43f855cc9400,Mn-Fe-Co-Ni-Cu-Ta|Fe0.4Co0.4Ni0.2,Mn-Fe-Co-Ni-Cu-Ta,Fe0.4Co0.4Ni0.2,3,0,0.4,0.4,0.2,0,0,0,0,0,0,0
sample_e01dfa06b9be60b8,Mn-Fe-Co-Ni-La-Ce|Mn0.7Fe0.2La0.1,Mn-Fe-Co-Ni-La-Ce,Mn0.7Fe0.2La0.1,3,0.7,0.2,0,0,0.1,0,0,0,0,0,0
sample_e03c2d8d5de7e62c,Ca-Mn-Co-Ni-Sn-Sb|Ca0.3Sn0.1Sb0.6,Ca-Mn-Co-Ni-Sn-Sb,Ca0.3Sn0.1Sb0.6,3,0,0,0,0,0,0,0,0,0.1,0.3,0.6
sample_e048eb188e1dea72,Mn-Fe-Co-Ni-Cu-Ta|Ni0.1Cu0.4Ta0.5,Mn-Fe-Co-Ni-Cu-Ta,Ni0.1Cu0.4Ta0.5,3,0,0,0,0.1,0,0,0.4,0.5,0,0,0
sample_e061e0947cd8759b,Ca-Mn-Co-Ni-Sn-Sb|Ca0.1Co0.9,Ca-Mn-Co-Ni-Sn-Sb,Ca0.1Co0.9,2,0,0,0.9,0,0,0,0,0,0,0.1,0
sample_e070724f2b902c3b,Ca-Mn-Co-Ni-Sn-Sb|Ca0.3Ni0.2Sn0.5,Ca-Mn-Co-Ni-Sn-Sb,Ca0.3Ni0.2Sn0.5,3,0,0,0,0.2,0,0,0,0,0.5,0.3,0
sample_e0867102468318bf,Ca-Mn-Co-Ni-Sn-Sb|Ni0.2Sn0.8,Ca-Mn-Co-Ni-Sn-Sb,Ni0.2Sn0.8,2,0,0,0,0.2,0,0,0,0,0.8,0,0
sample_e09c86e381942f9d,Ca-Mn-Co-Ni-Sn-Sb|Sn0.2Sb0.8,Ca-Mn-Co-Ni-Sn-Sb,Sn0.2Sb0.8,2,0,0,0,0,0,0,0,0,0.2,0,0.8
sample_e0a6ac87da8a861e,Ca-Mn-Co-Ni-Sn-Sb|Mn0.3Co0.5Ni0.2,Ca-Mn-Co-Ni-Sn-Sb,Mn0.3Co0.5Ni0.2,3,0.3,0,0.5,0.2,0,0,0,0,0,0,0
sample_e0b166d6dec56cf6,Mn-Fe-Co-Cu-Sn-Ta|Fe0.2Cu0.5Sn0.3,Mn-Fe-Co-Cu-Sn-Ta,Fe0.2Cu0.5Sn0.3,3,0,0.2,0,0,0,0,0.5,0,0.3,0,0
sample_e0e115a1c02cc779,Mn-Fe-Co-Cu-Sn-Ta|Mn0.4Cu0.1Sn0.5,Mn-Fe-Co-Cu-Sn-Ta,Mn0.4Cu0.1Sn0.5,3,0.4,0,0,0,0,0,0.1,0,0.5,0,0
sample_e0e8bceae2066f9a,Mn-Fe-Co-Cu-Sn-Ta|Fe0.5Cu0.3Ta0.2,Mn-Fe-Co-Cu-Sn-Ta,Fe0.5Cu0.3Ta0.2,3,0,0.5,0,0,0,0,0.3,0.2,0,0,0
sample_e101361d24a94711,Ca-Mn-Co-Ni-Sn-Sb|Ca0.2Mn0.6Sn0.2,Ca-Mn-Co-Ni-Sn-Sb,Ca0.2Mn0.6Sn0.2,3,0.6,0,0,0,0,0,0,0,0.2,0.2,0
sample_e1027d03669be280,Ca-Mn-Co-Ni-Sn-Sb|Ca0.2Ni0.3Sn0.5,Ca-Mn-Co-Ni-Sn-Sb,Ca0.2Ni0.3Sn0.5,3,0,0,0,0.3,0,0,0,0,0.5,0.2,0
sample_e10f42a3c37069fd,Mn-Fe-Co-Ni-Cu-Ta|Mn0.2Cu0.2Ta0.6,Mn-Fe-Co-Ni-Cu-Ta,Mn0.2Cu0.2Ta0.6,3,0.2,0,0,0,0,0,0.2,0.6,0,0,0
sample_e10f45999e7d643b,Mn-Fe-Co-Ni-Cu-Ta|Ni0.5Ta0.5,Mn-Fe-Co-Ni-Cu-Ta,Ni0.5Ta0.5,2,0,0,0,0.5,0,0,0,0.5,0,0,0
sample_e11aed9030a0bc1f,Mn-Fe-Co-Ni-La-Ce|Fe0.1Co0.6Ce0.3,Mn-Fe-Co-Ni-La-Ce,Fe0.1Co0.6Ce0.3,3,0,0.1,0.6,0,0,0.3,0,0,0,0,0
sample_e16bcffb959c308d,Mn-Fe-Co-Cu-Sn-Ta|Co0.4Cu0.3Ta0.3,Mn-Fe-Co-Cu-Sn-Ta,Co0.4Cu0.3Ta0.3,3,0,0,0.4,0,0,0,0.3,0.3,0,0,0
sample_e16f70b11a6176d6,Mn-Fe-Co-Ni-La-Ce|Mn0.3Fe0.4La0.3,Mn-Fe-Co-Ni-La-Ce,Mn0.3Fe0.4La0.3,3,0.3,0.4,0,0,0.3,0,0,0,0,0,0
sample_e171623e4568fa2e,Mn-Fe-Co-Cu-Sn-Ta|Mn0.5Cu0.1Ta0.4,Mn-Fe-Co-Cu-Sn-Ta,Mn0.5Cu0.1Ta0.4,3,0.5,0,0,0,0,0,0.1,0.4,0,0,0
sample_e17551203a1beb12,Mn-Fe-Co-Ni-Cu-Ta|Fe0.4Co0.3Cu0.3,Mn-Fe-Co-Ni-Cu-Ta,Fe0.4Co0.3Cu0.3,3,0,0.4,0.3,0,0,0,0.3,0,0,0,0
sample_e177c026e09a17ed,Ca-Mn-Co-Ni-Sn-Sb|Mn0.4Co0.2Ni0.4,Ca-Mn-Co-Ni-Sn-Sb,Mn0.4Co0.2Ni0.4,3,0.4,0,0.2,0.4,0,0,0,0,0,0,0
sample_e18d1dbd54782dd8,Mn-Fe-Co-Ni-La-Ce|Mn0.2Co0.7La0.1,Mn-Fe-Co-Ni-La-Ce,Mn0.2Co0.7La0.1,3,0.2,0,0.7,0,0.1,0,0,0,0,0,0
sample_e198379b282867c1,Mn-Fe-Co-Ni-Cu-Ta|Mn0.3Cu0.7,Mn-Fe-Co-Ni-Cu-Ta,Mn0.3Cu0.7,2,0.3,0,0,0,0,0,0.7,0,0,0,0
sample_e19ebb129e1403cb,Mn-Fe-Co-Ni-Cu-Ta|Co0.1Cu0.8Ta0.1,Mn-Fe-Co-Ni-Cu-Ta,Co0.1Cu0.8Ta0.1,3,0,0,0.1,0,0,0,0.8,0.1,0,0,0
sample_e1a650f8f1a0d72a,Mn-Fe-Co-Ni-La-Ce|Mn0.3Co0.2Ni0.5,Mn-Fe-Co-Ni-La-Ce,Mn0.3Co0.2Ni0.5,3,0.3,0,0.2,0.5,0,0,0,0,0,0,0
sample_e1ae5c75cbca6e14,Mn-Fe-Co-Ni-Cu-Ta|Co0.2Ni0.4Cu0.4,Mn-Fe-Co-Ni-Cu-Ta,Co0.2Ni0.4Cu0.4,3,0,0,0.2,0.4,0,0,0.4,0,0,0,0
sample_e1c24718f00dbf2c,Mn-Fe-Co-Ni-Cu-Ta|Fe0.7Co0.2Ta0.1,Mn-Fe-Co-Ni-Cu-Ta,Fe0.7Co0.2Ta0.1,3,0,0.7,0.2,0,0,0,0,0.1,0,0,0
sample_e1dfaea16b757038,Mn-Fe-Co-Cu-Sn-Ta|Mn0.1Fe0.2Cu0.7,Mn-Fe-Co-Cu-Sn-Ta,Mn0.1Fe0.2Cu0.7,3,0.1,0.2,0,0,0,0,0.7,0,0,0,0
sample_e1e6eb9a6fe77244,Ca-Mn-Co-Ni-Sn-Sb|Ca0.7Mn0.3,Ca-Mn-Co-Ni-Sn-Sb,Ca0.7Mn0.3,2,0.3,0,0,0,0,0,0,0,0,0.7,0
sample_e1fc2ea3625fdf6a,Mn-Fe-Co-Ni-La-Ce|Ni0.4La0.5Ce0.1,Mn-Fe-Co-Ni-La-Ce,Ni0.4La0.5Ce0.1,3,0,0,0,0.4,0.5,0.1,0,0,0,0,0
sample_e200b4f84a8f6440,Ca-Mn-Co-Ni-Sn-Sb|Mn0.5Ni0.1Sn0.4,Ca-Mn-Co-Ni-Sn-Sb,Mn0.5Ni0.1Sn0.4,3,0.5,0,0,0.1,0,0,0,0,0.4,0,0
sample_e20ddf09013a7cef,Mn-Fe-Co-Ni-Cu-Ta|Mn0.7Co0.1Ni0.2,Mn-Fe-Co-Ni-Cu-Ta,Mn0.7Co0.1Ni0.2,3,0.7,0,0.1,0.2,0,0,0,0,0,0,0
sample_e225d9bb20cafe70,Mn-Fe-Co-Ni-Cu-Ta|Ni0.4Cu0.4Ta0.2,Mn-Fe-Co-Ni-Cu-Ta,Ni0.4Cu0.4Ta0.2,3,0,0,0,0.4,0,0,0.4,0.2,0,0,0
sample_e232094cc36acc45,Mn-Fe-Co-Ni-Cu-Ta|Co0.1Cu0.1Ta0.8,Mn-Fe-Co-Ni-Cu-Ta,Co0.1Cu0.1Ta0.8,3,0,0,0.1,0,0,0,0.1,0.8,0,0,0
sample_e26379e56879bcc6,Mn-Fe-Co-Ni-La-Ce|Fe0.8Ce0.2,Mn-Fe-Co-Ni-La-Ce,Fe0.8Ce0.2,2,0,0.8,0,0,0,0.2,0,0,0,0,0
sample_e2759cc94b895ed0,Mn-Fe-Co-Ni-La-Ce|Mn0.2Co0.5Ni0.3,Mn-Fe-Co-Ni-La-Ce,Mn0.2Co0.5Ni0.3,3,0.2,0,0.5,0.3,0,0,0,0,0,0,0
sample_e296fb3002907017,Mn-Fe-Co-Cu-Sn-Ta|Cu0.5Sn0.1Ta0.4,Mn-Fe-Co-Cu-Sn-Ta,Cu0.5Sn0.1Ta0.4,3,0,0,0,0,0,0,0.5,0.4,0.1,0,0
sample_e2aa79423c11a972,Mn-Fe-Co-Cu-Sn-Ta|Fe0.4Co0.5Cu0.1,Mn-Fe-Co-Cu-Sn-Ta,Fe0.4Co0.5Cu0.1,3,0,0.4,0.5,0,0,0,0.1,0,0,0,0
sample_e2ab280052279a55,Mn-Fe-Co-Cu-Sn-Ta|Co0.2Cu0.1Sn0.7,Mn-Fe-Co-Cu-Sn-Ta,Co0.2Cu0.1Sn0.7,3,0,0,0.2,0,0,0,0.1,0,0.7,0,0
sample_e2ac5d4449f49a30,Mn-Fe-Co-Ni-La-Ce|Mn0.1Ni0.2Ce0.7,Mn-Fe-Co-Ni-La-Ce,Mn0.1Ni0.2Ce0.7,3,0.1,0,0,0.2,0,0.7,0,0,0,0,0
sample_e2b18f38bd45521d,Mn-Fe-Co-Ni-La-Ce|Mn0.4Ni0.5La0.1,Mn-Fe-Co-Ni-La-Ce,Mn0.4Ni0.5La0.1,3,0.4,0,0,0.5,0.1,0,0,0,0,0,0
sample_e2cb99ea3970007b,Mn-Fe-Co-Ni-La-Ce|Fe0.6Co0.2La0.2,Mn-Fe-Co-Ni-La-Ce,Fe0.6Co0.2La0.2,3,0,0.6,0.2,0,0.2,0,0,0,0,0,0
sample_e2ce007412e13397,Mn-Fe-Co-Ni-Cu-Ta|Mn0.5Co0.2Ta0.3,Mn-Fe-Co-Ni-Cu-Ta,Mn0.5Co0.2Ta0.3,3,0.5,0,0.2,0,0,0,0,0.3,0,0,0
sample_e300af396495ce3c,Mn-Fe-Co-Ni-Cu-Ta|Fe0.4Ta0.6,Mn-Fe-Co-Ni-Cu-Ta,Fe0.4Ta0.6,2,0,0.4,0,0,0,0,0,0.6,0,0,0
sample_e30340ad9930d551,Ca-Mn-Co-Ni-Sn-Sb|Co0.4Sb0.6,Ca-Mn-Co-Ni-Sn-Sb,Co0.4Sb0.6,2,0,0,0.4,0,0,0,0,0,0,0,0.6
sample_e32adb39b451b3c5,Mn-Fe-Co-Cu-Sn-Ta|Co0.2Cu0.1Ta0.7,Mn-Fe-Co-Cu-Sn-Ta,Co0.2Cu0.1Ta0.7,3,0,0,0.2,0,0,0,0.1,0.7,0,0,0
sample_e33555a578ed1bf6,Mn-Fe-Co-Ni-La-Ce|Co0.5Ni0.2La0.3,Mn-Fe-Co-Ni-La-Ce,Co0.5Ni0.2La0.3,3,0,0,0.5,0.2,0.3,0,0,0,0,0,0
sample_e337c3c2b99d3586,Mn-Fe-Co-Ni-La-Ce|Co0.4Ni0.3Ce0.3,Mn-Fe-Co-Ni-La-Ce,Co0.4Ni0.3Ce0.3,3,0,0,0.4,0.3,0,0.3,0,0,0,0,0
sample_e33f7ab5a335a785,Ca-Mn-Co-Ni-Sn-Sb|Ca0.4Co0.1Sn0.5,Ca-Mn-Co-Ni-Sn-Sb,Ca0.4Co0.1Sn0.5,3,0,0,0.1,0,0,0,0,0,0.5,0.4,0
sample_e345d16e7ffa2d7e,Mn-Fe-Co-Cu-Sn-Ta|Mn0.2Fe0.1Ta0.7,Mn-Fe-Co-Cu-Sn-Ta,Mn0.2Fe0.1Ta0.7,3,0.2,0.1,0,0,0,0,0,0.7,0,0,0
sample_e3488a2502911e8e,Mn-Fe-Co-Ni-La-Ce|Mn0.2Co0.5La0.3,Mn-Fe-Co-Ni-La-Ce,Mn0.2Co0.5La0.3,3,0.2,0,0.5,0,0.3,0,0,0,0,0,0
sample_e35889ca96747923,Ca-Mn-Co-Ni-Sn-Sb|Mn0.2Ni0.4Sn0.4,Ca-Mn-Co-Ni-Sn-Sb,Mn0.2Ni0.4Sn0.4,3,0.2,0,0,0.4,0,0,0,0,0.4,0,0
sample_e373ec91f8d1ba0e,Mn-Fe-Co-Ni-Cu-Ta|Co0.4Ni0.6,Mn-Fe-Co-Ni-Cu-Ta,Co0.4Ni0.6,2,0,0,0.4,0.6,0,0,0,0,0,0,0
sample_e38bf6ee1c9497f1,Mn-Fe-Co-Ni-Cu-Ta|Mn0.6Cu0.3Ta0.1,Mn-Fe-Co-Ni-Cu-Ta,Mn0.6Cu0.3Ta0.1,3,0.6,0,0,0,0,0,0.3,0.1,0,0,0
sample_e3aab2cde700e570,Mn-Fe-Co-Ni-Cu-Ta|Fe0.2Ni0.6Ta0.2,Mn-Fe-Co-Ni-Cu-Ta,Fe0.2Ni0.6Ta0.2,3,0,0.2,0,0.6,0,0,0,0.2,0,0,0
sample_e3b43897531e76e1,Mn-Fe-Co-Ni-La-Ce|Fe0.3Ni0.4La0.3,Mn-Fe-Co-Ni-La-Ce,Fe0.3Ni0.4La0.3,3,0,0.3,0,0.4,0.3,0,0,0,0,0,0
sample_e3c4d4cbf68dbfd0,Mn-Fe-Co-Cu-Sn-Ta|Mn0.8Fe0.2,Mn-Fe-Co-Cu-Sn-Ta,Mn0.8Fe0.2,2,0.8,0.2,0,0,0,0,0,0,0,0,0
sample_e3fc9a27d0c5332c,Mn-Fe-Co-Cu-Sn-Ta|Mn0.1Co0.1Sn0.8,Mn-Fe-Co-Cu-Sn-Ta,Mn0.1Co0.1Sn0.8,3,0.1,0,0.1,0,0,0,0,0,0.8,0,0
sample_e40b0e0f921bffdb,Mn-Fe-Co-Ni-Cu-Ta|Mn0.6Co0.2Ta0.2,Mn-Fe-Co-Ni-Cu-Ta,Mn0.6Co0.2Ta0.2,3,0.6,0,0.2,0,0,0,0,0.2,0,0,0
sample_e41a5c5d077e45b8,Mn-Fe-Co-Ni-La-Ce|Mn0.4Fe0.1Ni0.5,Mn-Fe-Co-Ni-La-Ce,Mn0.4Fe0.1Ni0.5,3,0.4,0.1,0,0.5,0,0,0,0,0,0,0
sample_e42510079a2456f9,Ca-Mn-Co-Ni-Sn-Sb|Ca0.2Mn0.3Ni0.5,Ca-Mn-Co-Ni-Sn-Sb,Ca0.2Mn0.3Ni0.5,3,0.3,0,0,0.5,0,0,0,0,0,0.2,0
sample_e425f5290f4062ea,Mn-Fe-Co-Cu-Sn-Ta|Co0.7Cu0.1Sn0.2,Mn-Fe-Co-Cu-Sn-Ta,Co0.7Cu0.1Sn0.2,3,0,0,0.7,0,0,0,0.1,0,0.2,0,0
sample_e4732b72cd097067,Mn-Fe-Co-Cu-Sn-Ta|Co0.3Cu0.2Sn0.5,Mn-Fe-Co-Cu-Sn-Ta,Co0.3Cu0.2Sn0.5,3,0,0,0.3,0,0,0,0.2,0,0.5,0,0
sample_e48d7dbd5c0bdc82,Ca-Mn-Co-Ni-Sn-Sb|Ca0.3Mn0.7,Ca-Mn-Co-Ni-Sn-Sb,Ca0.3Mn0.7,2,0.7,0,0,0,0,0,0,0,0,0.3,0
sample_e49269b815f020c7,Mn-Fe-Co-Ni-Cu-Ta|Fe0.3Ni0.7,Mn-Fe-Co-Ni-Cu-Ta,Fe0.3Ni0.7,2,0,0.3,0,0.7,0,0,0,0,0,0,0
sample_e4b26d4250901bbe,Mn-Fe-Co-Cu-Sn-Ta|Co0.5Cu0.1Sn0.4,Mn-Fe-Co-Cu-Sn-Ta,Co0.5Cu0.1Sn0.4,3,0,0,0.5,0,0,0,0.1,0,0.4,0,0
sample_e4b5a3d152c30c06,Mn-Fe-Co-Ni-Cu-Ta|Mn0.1Ni0.3Ta0.6,Mn-Fe-Co-Ni-Cu-Ta,Mn0.1Ni0.3Ta0.6,3,0.1,0,0,0.3,0,0,0,0.6,0,0,0
sample_e4be484547e20db6,Mn-Fe-Co-Ni-Cu-Ta|Mn0.9Cu0.1,Mn-Fe-Co-Ni-Cu-Ta,Mn0.9Cu0.1,2,0.9,0,0,0,0,0,0.1,0,0,0,0
sample_e4ca5e2a65403250,Mn-Fe-Co-Cu-Sn-Ta|Mn0.3Co0.6Ta0.1,Mn-Fe-Co-Cu-Sn-Ta,Mn0.3Co0.6Ta0.1,3,0.3,0,0.6,0,0,0,0,0.1,0,0,0
sample_e4caf43d76ef4436,Mn-Fe-Co-Ni-La-Ce|Fe0.6Ni0.3Ce0.1,Mn-Fe-Co-Ni-La-Ce,Fe0.6Ni0.3Ce0.1,3,0,0.6,0,0.3,0,0.1,0,0,0,0,0
sample_e52f236272374633,Mn-Fe-Co-Ni-Cu-Ta|Mn0.1Fe0.1Ni0.8,Mn-Fe-Co-Ni-Cu-Ta,Mn0.1Fe0.1Ni0.8,3,0.1,0.1,0,0.8,0,0,0,0,0,0,0
sample_e532f2051d452ffe,Mn-Fe-Co-Ni-La-Ce|Fe0.6Ni0.1La0.3,Mn-Fe-Co-Ni-La-Ce,Fe0.6Ni0.1La0.3,3,0,0.6,0,0.1,0.3,0,0,0,0,0,0
sample_e538169bd1bab09b,Mn-Fe-Co-Cu-Sn-Ta|Mn0.3Fe0.5Co0.2,Mn-Fe-Co-Cu-Sn-Ta,Mn0.3Fe0.5Co0.2,3,0.3,0.5,0.2,0,0,0,0,0,0,0,0
sample_e53fdb9293982287,Ca-Mn-Co-Ni-Sn-Sb|Ca0.4Mn0.2Ni0.4,Ca-Mn-Co-Ni-Sn-Sb,Ca0.4Mn0.2Ni0.4,3,0.2,0,0,0.4,0,0,0,0,0,0.4,0
sample_e578ba61e3508545,Mn-Fe-Co-Ni-La-Ce|Fe0.1Co0.4Ni0.5,Mn-Fe-Co-Ni-La-Ce,Fe0.1Co0.4Ni0.5,3,0,0.1,0.4,0.5,0,0,0,0,0,0,0
sample_e57b6ceebfa3ac8f,Mn-Fe-Co-Ni-Cu-Ta|Co0.3Ni0.2Ta0.5,Mn-Fe-Co-Ni-Cu-Ta,Co0.3Ni0.2Ta0.5,3,0,0,0.3,0.2,0,0,0,0.5,0,0,0
sample_e597f506b4eeac3c,Mn-Fe-Co-Ni-La-Ce|Mn0.1Fe0.4La0.5,Mn-Fe-Co-Ni-La-Ce,Mn0.1Fe0.4La0.5,3,0.1,0.4,0,0,0.5,0,0,0,0,0,0
sample_e5cada852e4b273c,Mn-Fe-Co-Ni-Cu-Ta|Mn0.2Fe0.3Co0.5,Mn-Fe-Co-Ni-Cu-Ta,Mn0.2Fe0.3Co0.5,3,0.2,0.3,0.5,0,0,0,0,0,0,0,0
sample_e5d2ff55edf3a2fe,Mn-Fe-Co-Ni-Cu-Ta|Fe0.3Co0.3Cu0.4,Mn-Fe-Co-Ni-Cu-Ta,Fe0.3Co0.3Cu0.4,3,0,0.3,0.3,0,0,0,0.4,0,0,0,0
sample_e5e2eb3d1438100e,Mn-Fe-Co-Ni-Cu-Ta|Co0.4Cu0.2Ta0.4,Mn-Fe-Co-Ni-Cu-Ta,Co0.4Cu0.2Ta0.4,3,0,0,0.4,0,0,0,0.2,0.4,0,0,0
sample_e5e5b14d82f64cae,Mn-Fe-Co-Ni-Cu-Ta|Fe0.3Ni0.2Cu0.5,Mn-Fe-Co-Ni-Cu-Ta,Fe0.3Ni0.2Cu0.5,3,0,0.3,0,0.2,0,0,0.5,0,0,0,0
sample_e5fb3dad7d1a6a5a,Mn-Fe-Co-Cu-Sn-Ta|Co0.2Sn0.1Ta0.7,Mn-Fe-Co-Cu-Sn-Ta,Co0.2Sn0.1Ta0.7,3,0,0,0.2,0,0,0,0,0.7,0.1,0,0
sample_e605fa1870ae2ccb,Mn-Fe-Co-Cu-Sn-Ta|Mn0.3Fe0.3Co0.4,Mn-Fe-Co-Cu-Sn-Ta,Mn0.3Fe0.3Co0.4,3,0.3,0.3,0.4,0,0,0,0,0,0,0,0
sample_e61a2dc16789bf4a,Mn-Fe-Co-Cu-Sn-Ta|Mn0.1Fe0.4Sn0.5,Mn-Fe-Co-Cu-Sn-Ta,Mn0.1Fe0.4Sn0.5,3,0.1,0.4,0,0,0,0,0,0,0.5,0,0
sample_e63c47f8a11993fd,Mn-Fe-Co-Cu-Sn-Ta|Sn0.9Ta0.1,Mn-Fe-Co-Cu-Sn-Ta,Sn0.9Ta0.1,2,0,0,0,0,0,0,0,0.1,0.9,0,0
sample_e644bb35fc6de363,Mn-Fe-Co-Ni-La-Ce|Fe0.6Ni0.1Ce0.3,Mn-Fe-Co-Ni-La-Ce,Fe0.6Ni0.1Ce0.3,3,0,0.6,0,0.1,0,0.3,0,0,0,0,0
sample_e6574adec7d66805,Mn-Fe-Co-Ni-La-Ce|Co0.9Ce0.1,Mn-Fe-Co-Ni-La-Ce,Co0.9Ce0.1,2,0,0,0.9,0,0,0.1,0,0,0,0,0
sample_e66f7552ab87b00e,Mn-Fe-Co-Cu-Sn-Ta|Mn0.6Fe0.2Ta0.2,Mn-Fe-Co-Cu-Sn-Ta,Mn0.6Fe0.2Ta0.2,3,0.6,0.2,0,0,0,0,0,0.2,0,0,0
sample_e673193e0530be04,Mn-Fe-Co-Cu-Sn-Ta|Fe0.1Sn0.1Ta0.8,Mn-Fe-Co-Cu-Sn-Ta,Fe0.1Sn0.1Ta0.8,3,0,0.1,0,0,0,0,0,0.8,0.1,0,0
sample_e67d9597909a936d,Mn-Fe-Co-Cu-Sn-Ta|Mn0.5Co0.1Ta0.4,Mn-Fe-Co-Cu-Sn-Ta,Mn0.5Co0.1Ta0.4,3,0.5,0,0.1,0,0,0,0,0.4,0,0,0
sample_e6a54a3273165de7,Mn-Fe-Co-Ni-La-Ce|Fe0.4Ni0.5Ce0.1,Mn-Fe-Co-Ni-La-Ce,Fe0.4Ni0.5Ce0.1,3,0,0.4,0,0.5,0,0.1,0,0,0,0,0
sample_e6ba2df5b089d905,Mn-Fe-Co-Ni-Cu-Ta|Mn0.1Fe0.1Cu0.8,Mn-Fe-Co-Ni-Cu-Ta,Mn0.1Fe0.1Cu0.8,3,0.1,0.1,0,0,0,0,0.8,0,0,0,0
sample_e6c67c9f975f1d37,Mn-Fe-Co-Cu-Sn-Ta|Co0.8Cu0.2,Mn-Fe-Co-Cu-Sn-Ta,Co0.8Cu0.2,2,0,0,0.8,0,0,0,0.2,0,0,0,0
sample_e6d13c1e8c586bba,Mn-Fe-Co-Cu-Sn-Ta|Mn0.1Fe0.6Sn0.3,Mn-Fe-Co-Cu-Sn-Ta,Mn0.1Fe0.6Sn0.3,3,0.1,0.6,0,0,0,0,0,0,0.3,0,0
sample_e6ebe46965b52a37,Mn-Fe-Co-Ni-Cu-Ta|Fe0.1Co0.7Ni0.2,Mn-Fe-Co-Ni-Cu-Ta,Fe0.1Co0.7Ni0.2,3,0,0.1,0.7,0.2,0,0,0,0,0,0,0
sample_e727e2957545409b,Mn-Fe-Co-Cu-Sn-Ta|Fe0.5Co0.2Sn0.3,Mn-Fe-Co-Cu-Sn-Ta,Fe0.5Co0.2Sn0.3,3,0,0.5,0.2,0,0,0,0,0,0.3,0,0
sample_e733dc71debab9ed,Ca-Mn-Co-Ni-Sn-Sb|Ca0.7Sn0.3,Ca-Mn-Co-Ni-Sn-Sb,Ca0.7Sn0.3,2,0,0,0,0,0,0,0,0,0.3,0.7,0
sample_e73ce6fb86215203,Mn-Fe-Co-Ni-La-Ce|Fe0.1Co0.2La0.7,Mn-Fe-Co-Ni-La-Ce,Fe0.1Co0.2La0.7,3,0,0.1,0.2,0,0.7,0,0,0,0,0,0
sample_e73f2c8eb872903b,Ca-Mn-Co-Ni-Sn-Sb|Mn0.3Co0.1Ni0.6,Ca-Mn-Co-Ni-Sn-Sb,Mn0.3Co0.1Ni0.6,3,0.3,0,0.1,0.6,0,0,0,0,0,0,0
sample_e74fee07beb139be,Ca-Mn-Co-Ni-Sn-Sb|Ca0.6Mn0.3Sn0.1,Ca-Mn-Co-Ni-Sn-Sb,Ca0.6Mn0.3Sn0.1,3,0.3,0,0,0,0,0,0,0,0.1,0.6,0
sample_e7526374e5beed9d,Mn-Fe-Co-Ni-Cu-Ta|Fe0.4Cu0.3Ta0.3,Mn-Fe-Co-Ni-Cu-Ta,Fe0.4Cu0.3Ta0.3,3,0,0.4,0,0,0,0,0.3,0.3,0,0,0
sample_e7584ee41f578d48,Ca-Mn-Co-Ni-Sn-Sb|Ca0.2Co0.2Sn0.6,Ca-Mn-Co-Ni-Sn-Sb,Ca0.2Co0.2Sn0.6,3,0,0,0.2,0,0,0,0,0,0.6,0.2,0
sample_e75b174fa88aec3e,Mn-Fe-Co-Cu-Sn-Ta|Mn0.1Cu0.1Ta0.8,Mn-Fe-Co-Cu-Sn-Ta,Mn0.1Cu0.1Ta0.8,3,0.1,0,0,0,0,0,0.1,0.8,0,0,0
sample_e7769ce689ffa648,Ca-Mn-Co-Ni-Sn-Sb|Ca0.2Mn0.1Sb0.7,Ca-Mn-Co-Ni-Sn-Sb,Ca0.2Mn0.1Sb0.7,3,0.1,0,0,0,0,0,0,0,0,0.2,0.7
sample_e777792ae6c26827,Mn-Fe-Co-Ni-Cu-Ta|Fe0.2Co0.6Ni0.2,Mn-Fe-Co-Ni-Cu-Ta,Fe0.2Co0.6Ni0.2,3,0,0.2,0.6,0.2,0,0,0,0,0,0,0
sample_e78609e6b444271f,Ca-Mn-Co-Ni-Sn-Sb|Ca0.2Co0.6Sn0.2,Ca-Mn-Co-Ni-Sn-Sb,Ca0.2Co0.6Sn0.2,3,0,0,0.6,0,0,0,0,0,0.2,0.2,0
sample_e79d31a7eacfcc9f,Mn-Fe-Co-Ni-Cu-Ta|Fe0.7Co0.2Cu0.1,Mn-Fe-Co-Ni-Cu-Ta,Fe0.7Co0.2Cu0.1,3,0,0.7,0.2,0,0,0,0.1,0,0,0,0
sample_e7a3ca691c7151a7,Mn-Fe-Co-Cu-Sn-Ta|Cu0.1Sn0.9,Mn-Fe-Co-Cu-Sn-Ta,Cu0.1Sn0.9,2,0,0,0,0,0,0,0.1,0,0.9,0,0
sample_e7a8038c7d3ac04b,Mn-Fe-Co-Ni-Cu-Ta|Fe0.3Cu0.6Ta0.1,Mn-Fe-Co-Ni-Cu-Ta,Fe0.3Cu0.6Ta0.1,3,0,0.3,0,0,0,0,0.6,0.1,0,0,0
sample_e7c59177c2c97460,Mn-Fe-Co-Ni-La-Ce|Mn0.1Fe0.3Co0.6,Mn-Fe-Co-Ni-La-Ce,Mn0.1Fe0.3Co0.6,3,0.1,0.3,0.6,0,0,0,0,0,0,0,0
sample_e7c6417e6370c2fd,Ca-Mn-Co-Ni-Sn-Sb|Ca0.3Mn0.3Co0.4,Ca-Mn-Co-Ni-Sn-Sb,Ca0.3Mn0.3Co0.4,3,0.3,0,0.4,0,0,0,0,0,0,0.3,0
sample_e7cd9af12a0841f0,Mn-Fe-Co-Cu-Sn-Ta|Fe0.2Ta0.8,Mn-Fe-Co-Cu-Sn-Ta,Fe0.2Ta0.8,2,0,0.2,0,0,0,0,0,0.8,0,0,0
sample_e7dbc14c82f4ccce,Mn-Fe-Co-Ni-Cu-Ta|Mn0.5Co0.1Cu0.4,Mn-Fe-Co-Ni-Cu-Ta,Mn0.5Co0.1Cu0.4,3,0.5,0,0.1,0,0,0,0.4,0,0,0,0
sample_e7e095b33b2349b1,Mn-Fe-Co-Ni-La-Ce|Mn0.1Fe0.7Co0.2,Mn-Fe-Co-Ni-La-Ce,Mn0.1Fe0.7Co0.2,3,0.1,0.7,0.2,0,0,0,0,0,0,0,0
sample_e855dd6a6c42e612,Mn-Fe-Co-Ni-La-Ce|Fe0.3Ce0.7,Mn-Fe-Co-Ni-La-Ce,Fe0.3Ce0.7,2,0,0.3,0,0,0,0.7,0,0,0,0,0
sample_e85fdb095c6b1672,Mn-Fe-Co-Ni-Cu-Ta|Co0.4Ni0.5Ta0.1,Mn-Fe-Co-Ni-Cu-Ta,Co0.4Ni0.5Ta0.1,3,0,0,0.4,0.5,0,0,0,0.1,0,0,0
sample_e86290086f4f505c,Mn-Fe-Co-Ni-Cu-Ta|Co0.2Ni0.2Ta0.6,Mn-Fe-Co-Ni-Cu-Ta,Co0.2Ni0.2Ta0.6,3,0,0,0.2,0.2,0,0,0,0.6,0,0,0
sample_e86683549d2ecc99,Mn-Fe-Co-Cu-Sn-Ta|Cu0.2Sn0.2Ta0.6,Mn-Fe-Co-Cu-Sn-Ta,Cu0.2Sn0.2Ta0.6,3,0,0,0,0,0,0,0.2,0.6,0.2,0,0
sample_e872bb4f53031567,Mn-Fe-Co-Ni-La-Ce|Mn0.1Ni0.1Ce0.8,Mn-Fe-Co-Ni-La-Ce,Mn0.1Ni0.1Ce0.8,3,0.1,0,0,0.1,0,0.8,0,0,0,0,0
sample_e875290dce4f14ae,Mn-Fe-Co-Ni-Cu-Ta|Co0.2Ta0.8,Mn-Fe-Co-Ni-Cu-Ta,Co0.2Ta0.8,2,0,0,0.2,0,0,0,0,0.8,0,0,0
sample_e88b4ce87f543929,Ca-Mn-Co-Ni-Sn-Sb|Ca0.1Mn0.3Co0.6,Ca-Mn-Co-Ni-Sn-Sb,Ca0.1Mn0.3Co0.6,3,0.3,0,0.6,0,0,0,0,0,0,0.1,0
sample_e88c27e4e50bc3eb,Mn-Fe-Co-Cu-Sn-Ta|Mn0.4Sn0.3Ta0.3,Mn-Fe-Co-Cu-Sn-Ta,Mn0.4Sn0.3Ta0.3,3,0.4,0,0,0,0,0,0,0.3,0.3,0,0
sample_e8929a7b4667ddaa,Mn-Fe-Co-Ni-La-Ce|Co0.5Ce0.5,Mn-Fe-Co-Ni-La-Ce,Co0.5Ce0.5,2,0,0,0.5,0,0,0.5,0,0,0,0,0
sample_e89561cc5a33fc77,Mn-Fe-Co-Ni-La-Ce|La0.4Ce0.6,Mn-Fe-Co-Ni-La-Ce,La0.4Ce0.6,2,0,0,0,0,0.4,0.6,0,0,0,0,0
sample_e8aceb69c07e8dda,Mn-Fe-Co-Ni-La-Ce|Ni0.2La0.3Ce0.5,Mn-Fe-Co-Ni-La-Ce,Ni0.2La0.3Ce0.5,3,0,0,0,0.2,0.3,0.5,0,0,0,0,0
sample_e8adde6f01795337,Mn-Fe-Co-Ni-Cu-Ta|Co0.1Ni0.3Cu0.6,Mn-Fe-Co-Ni-Cu-Ta,Co0.1Ni0.3Cu0.6,3,0,0,0.1,0.3,0,0,0.6,0,0,0,0
sample_e8b49efee465f97d,Mn-Fe-Co-Cu-Sn-Ta|Co0.1Cu0.1Ta0.8,Mn-Fe-Co-Cu-Sn-Ta,Co0.1Cu0.1Ta0.8,3,0,0,0.1,0,0,0,0.1,0.8,0,0,0
sample_e8de1707e9fed8b9,Ca-Mn-Co-Ni-Sn-Sb|Ca0.2Mn0.6Sb0.2,Ca-Mn-Co-Ni-Sn-Sb,Ca0.2Mn0.6Sb0.2,3,0.6,0,0,0,0,0,0,0,0,0.2,0.2
sample_e8ef04d227d35e21,Mn-Fe-Co-Ni-La-Ce|Ni0.1La0.6Ce0.3,Mn-Fe-Co-Ni-La-Ce,Ni0.1La0.6Ce0.3,3,0,0,0,0.1,0.6,0.3,0,0,0,0,0
sample_e8f2253ff7869728,Ca-Mn-Co-Ni-Sn-Sb|Co0.2Ni0.6Sn0.2,Ca-Mn-Co-Ni-Sn-Sb,Co0.2Ni0.6Sn0.2,3,0,0,0.2,0.6,0,0,0,0,0.2,0,0
sample_e8f85525379760c1,Ca-Mn-Co-Ni-Sn-Sb|Ca0.3Mn0.4Sn0.3,Ca-Mn-Co-Ni-Sn-Sb,Ca0.3Mn0.4Sn0.3,3,0.4,0,0,0,0,0,0,0,0.3,0.3,0
sample_e90df1cdfecc79e8,Ca-Mn-Co-Ni-Sn-Sb|Ca0.2Sn0.5Sb0.3,Ca-Mn-Co-Ni-Sn-Sb,Ca0.2Sn0.5Sb0.3,3,0,0,0,0,0,0,0,0,0.5,0.2,0.3
sample_e92c95be0f291235,Mn-Fe-Co-Ni-La-Ce|Mn0.6Co0.3Ce0.1,Mn-Fe-Co-Ni-La-Ce,Mn0.6Co0.3Ce0.1,3,0.6,0,0.3,0,0,0.1,0,0,0,0,0
sample_e939573c1cb6ffe6,Ca-Mn-Co-Ni-Sn-Sb|Ca0.1Co0.6Ni0.3,Ca-Mn-Co-Ni-Sn-Sb,Ca0.1Co0.6Ni0.3,3,0,0,0.6,0.3,0,0,0,0,0,0.1,0
sample_e93be8b07a8991c4,Mn-Fe-Co-Cu-Sn-Ta|Mn0.7Fe0.3,Mn-Fe-Co-Cu-Sn-Ta,Mn0.7Fe0.3,2,0.7,0.3,0,0,0,0,0,0,0,0,0
sample_e94320159daa8da6,Ca-Mn-Co-Ni-Sn-Sb|Mn0.1Ni0.6Sn0.3,Ca-Mn-Co-Ni-Sn-Sb,Mn0.1Ni0.6Sn0.3,3,0.1,0,0,0.6,0,0,0,0,0.3,0,0
sample_e94b7016af409793,Mn-Fe-Co-Ni-Cu-Ta|Mn0.7Fe0.2Ni0.1,Mn-Fe-Co-Ni-Cu-Ta,Mn0.7Fe0.2Ni0.1,3,0.7,0.2,0,0.1,0,0,0,0,0,0,0
sample_e9512c42d165af79,Ca-Mn-Co-Ni-Sn-Sb|Mn0.1Ni0.5Sb0.4,Ca-Mn-Co-Ni-Sn-Sb,Mn0.1Ni0.5Sb0.4,3,0.1,0,0,0.5,0,0,0,0,0,0,0.4
sample_e95575d4c25d0197,Mn-Fe-Co-Cu-Sn-Ta|Fe0.2Cu0.4Sn0.4,Mn-Fe-Co-Cu-Sn-Ta,Fe0.2Cu0.4Sn0.4,3,0,0.2,0,0,0,0,0.4,0,0.4,0,0
sample_e9625c2b595da70b,Mn-Fe-Co-Ni-Cu-Ta|Fe0.2Ta0.8,Mn-Fe-Co-Ni-Cu-Ta,Fe0.2Ta0.8,2,0,0.2,0,0,0,0,0,0.8,0,0,0
sample_e9887b8a0f3d2f58,Mn-Fe-Co-Ni-La-Ce|Co0.2La0.3Ce0.5,Mn-Fe-Co-Ni-La-Ce,Co0.2La0.3Ce0.5,3,0,0,0.2,0,0.3,0.5,0,0,0,0,0
sample_e9a95683de568037,Mn-Fe-Co-Ni-La-Ce|Fe0.8La0.1Ce0.1,Mn-Fe-Co-Ni-La-Ce,Fe0.8La0.1Ce0.1,3,0,0.8,0,0,0.1,0.1,0,0,0,0,0
sample_e9bee973b16b830a,Mn-Fe-Co-Ni-La-Ce|Fe0.4Ni0.2La0.4,Mn-Fe-Co-Ni-La-Ce,Fe0.4Ni0.2La0.4,3,0,0.4,0,0.2,0.4,0,0,0,0,0,0
sample_e9edcace8ed2b82f,Mn-Fe-Co-Cu-Sn-Ta|Mn0.5Fe0.3Co0.2,Mn-Fe-Co-Cu-Sn-Ta,Mn0.5Fe0.3Co0.2,3,0.5,0.3,0.2,0,0,0,0,0,0,0,0
sample_ea0858ae3d7bddb3,Ca-Mn-Co-Ni-Sn-Sb|Mn0.4Ni0.4Sn0.2,Ca-Mn-Co-Ni-Sn-Sb,Mn0.4Ni0.4Sn0.2,3,0.4,0,0,0.4,0,0,0,0,0.2,0,0
sample_ea0e862b94191481,Mn-Fe-Co-Cu-Sn-Ta|Cu0.5Sn0.5,Mn-Fe-Co-Cu-Sn-Ta,Cu0.5Sn0.5,2,0,0,0,0,0,0,0.5,0,0.5,0,0
sample_ea2e33b557bf8011,Ca-Mn-Co-Ni-Sn-Sb|Ca0.1Ni0.5Sb0.4,Ca-Mn-Co-Ni-Sn-Sb,Ca0.1Ni0.5Sb0.4,3,0,0,0,0.5,0,0,0,0,0,0.1,0.4
sample_ea6326ad0c0fb97e,Mn-Fe-Co-Ni-Cu-Ta|Mn0.2Co0.1Cu0.7,Mn-Fe-Co-Ni-Cu-Ta,Mn0.2Co0.1Cu0.7,3,0.2,0,0.1,0,0,0,0.7,0,0,0,0
sample_ea6a8ea281bcc0a3,Mn-Fe-Co-Ni-Cu-Ta|Ni0.6Ta0.4,Mn-Fe-Co-Ni-Cu-Ta,Ni0.6Ta0.4,2,0,0,0,0.6,0,0,0,0.4,0,0,0
sample_ea86fd1b3afe4040,Mn-Fe-Co-Ni-La-Ce|Fe0.2Co0.5Ce0.3,Mn-Fe-Co-Ni-La-Ce,Fe0.2Co0.5Ce0.3,3,0,0.2,0.5,0,0,0.3,0,0,0,0,0
sample_ea90db07cee24128,Mn-Fe-Co-Ni-Cu-Ta|Mn0.1Fe0.5Cu0.4,Mn-Fe-Co-Ni-Cu-Ta,Mn0.1Fe0.5Cu0.4,3,0.1,0.5,0,0,0,0,0.4,0,0,0,0
sample_eabcff27ddbc73ba,Mn-Fe-Co-Cu-Sn-Ta|Co0.3Sn0.3Ta0.4,Mn-Fe-Co-Cu-Sn-Ta,Co0.3Sn0.3Ta0.4,3,0,0,0.3,0,0,0,0,0.4,0.3,0,0
sample_ead4b075adbb620f,Mn-Fe-Co-Cu-Sn-Ta|Mn0.6Fe0.2Sn0.2,Mn-Fe-Co-Cu-Sn-Ta,Mn0.6Fe0.2Sn0.2,3,0.6,0.2,0,0,0,0,0,0,0.2,0,0
sample_eaf070c3c69c6c6d,Ca-Mn-Co-Ni-Sn-Sb|Mn0.1Ni0.5Sn0.4,Ca-Mn-Co-Ni-Sn-Sb,Mn0.1Ni0.5Sn0.4,3,0.1,0,0,0.5,0,0,0,0,0.4,0,0
sample_eb13941b7af1f271,Mn-Fe-Co-Cu-Sn-Ta|Fe0.2Co0.5Sn0.3,Mn-Fe-Co-Cu-Sn-Ta,Fe0.2Co0.5Sn0.3,3,0,0.2,0.5,0,0,0,0,0,0.3,0,0
sample_eb3120806d061868,Mn-Fe-Co-Ni-La-Ce|Mn0.3Ni0.4Ce0.3,Mn-Fe-Co-Ni-La-Ce,Mn0.3Ni0.4Ce0.3,3,0.3,0,0,0.4,0,0.3,0,0,0,0,0
sample_eb4f4145523c8a7f,Mn-Fe-Co-Cu-Sn-Ta|Mn0.8Fe0.1Ta0.1,Mn-Fe-Co-Cu-Sn-Ta,Mn0.8Fe0.1Ta0.1,3,0.8,0.1,0,0,0,0,0,0.1,0,0,0
sample_eb52f36da3071686,Mn-Fe-Co-Cu-Sn-Ta|Fe0.3Cu0.5Sn0.2,Mn-Fe-Co-Cu-Sn-Ta,Fe0.3Cu0.5Sn0.2,3,0,0.3,0,0,0,0,0.5,0,0.2,0,0
sample_eb590a0476d8238d,Ca-Mn-Co-Ni-Sn-Sb|Mn0.7Co0.3,Ca-Mn-Co-Ni-Sn-Sb,Mn0.7Co0.3,2,0.7,0,0.3,0,0,0,0,0,0,0,0
sample_ebae75053d55d783,Mn-Fe-Co-Ni-La-Ce|Co0.3Ni0.1La0.6,Mn-Fe-Co-Ni-La-Ce,Co0.3Ni0.1La0.6,3,0,0,0.3,0.1,0.6,0,0,0,0,0,0
sample_ebde59950bb5a5c9,Mn-Fe-Co-Ni-Cu-Ta|Fe0.7Co0.1Cu0.2,Mn-Fe-Co-Ni-Cu-Ta,Fe0.7Co0.1Cu0.2,3,0,0.7,0.1,0,0,0,0.2,0,0,0,0
sample_ebeec87f6a9551b0,Ca-Mn-Co-Ni-Sn-Sb|Mn0.7Co0.1Sb0.2,Ca-Mn-Co-Ni-Sn-Sb,Mn0.7Co0.1Sb0.2,3,0.7,0,0.1,0,0,0,0,0,0,0,0.2
sample_ec1425b72f18523e,Mn-Fe-Co-Ni-La-Ce|Co0.1La0.9,Mn-Fe-Co-Ni-La-Ce,Co0.1La0.9,2,0,0,0.1,0,0.9,0,0,0,0,0,0
sample_ec18ecf4b0b1a5de,Ca-Mn-Co-Ni-Sn-Sb|Ca0.6Co0.1Ni0.3,Ca-Mn-Co-Ni-Sn-Sb,Ca0.6Co0.1Ni0.3,3,0,0,0.1,0.3,0,0,0,0,0,0.6,0
sample_ec543623350afad2,Mn-Fe-Co-Ni-Cu-Ta|Mn0.2Fe0.2Cu0.6,Mn-Fe-Co-Ni-Cu-Ta,Mn0.2Fe0.2Cu0.6,3,0.2,0.2,0,0,0,0,0.6,0,0,0,0
sample_ec56f52f7fe2d58d,Mn-Fe-Co-Cu-Sn-Ta|Fe0.1Co0.8Cu0.1,Mn-Fe-Co-Cu-Sn-Ta,Fe0.1Co0.8Cu0.1,3,0,0.1,0.8,0,0,0,0.1,0,0,0,0
sample_ec617ae48a69f28e,Ca-Mn-Co-Ni-Sn-Sb|Ca0.6Mn0.2Sb0.2,Ca-Mn-Co-Ni-Sn-Sb,Ca0.6Mn0.2Sb0.2,3,0.2,0,0,0,0,0,0,0,0,0.6,0.2
sample_ecc96e5bb73dde27,Mn-Fe-Co-Ni-La-Ce|Mn0.2Fe0.3Ce0.5,Mn-Fe-Co-Ni-La-Ce,Mn0.2Fe0.3Ce0.5,3,0.2,0.3,0,0,0,0.5,0,0,0,0,0
sample_eccfc70bf7f0dcf8,Mn-Fe-Co-Ni-Cu-Ta|Fe0.2Ni0.3Cu0.5,Mn-Fe-Co-Ni-Cu-Ta,Fe0.2Ni0.3Cu0.5,3,0,0.2,0,0.3,0,0,0.5,0,0,0,0
sample_ece3e20ff1339491,Ca-Mn-Co-Ni-Sn-Sb|Mn0.1Co0.1Ni0.8,Ca-Mn-Co-Ni-Sn-Sb,Mn0.1Co0.1Ni0.8,3,0.1,0,0.1,0.8,0,0,0,0,0,0,0
sample_ece7e40bd1303bb7,Mn-Fe-Co-Ni-La-Ce|Mn0.3Fe0.6Ce0.1,Mn-Fe-Co-Ni-La-Ce,Mn0.3Fe0.6Ce0.1,3,0.3,0.6,0,0,0,0.1,0,0,0,0,0
sample_ed02fea3ce4503eb,Mn-Fe-Co-Ni-Cu-Ta|Mn0.7Co0.1Ta0.2,Mn-Fe-Co-Ni-Cu-Ta,Mn0.7Co0.1Ta0.2,3,0.7,0,0.1,0,0,0,0,0.2,0,0,0
sample_ed12cf520813ae14,Ca-Mn-Co-Ni-Sn-Sb|Ca0.3Ni0.3Sn0.4,Ca-Mn-Co-Ni-Sn-Sb,Ca0.3Ni0.3Sn0.4,3,0,0,0,0.3,0,0,0,0,0.4,0.3,0
sample_ed1ea0a78c046d5a,Mn-Fe-Co-Ni-Cu-Ta|Co0.3Ni0.3Cu0.4,Mn-Fe-Co-Ni-Cu-Ta,Co0.3Ni0.3Cu0.4,3,0,0,0.3,0.3,0,0,0.4,0,0,0,0
sample_ed2a609c139706b0,Mn-Fe-Co-Ni-La-Ce|Mn0.6Ni0.1La0.3,Mn-Fe-Co-Ni-La-Ce,Mn0.6Ni0.1La0.3,3,0.6,0,0,0.1,0.3,0,0,0,0,0,0
sample_ed2c13f46f7fc48a,Mn-Fe-Co-Ni-La-Ce|Fe0.4Co0.3Ce0.3,Mn-Fe-Co-Ni-La-Ce,Fe0.4Co0.3Ce0.3,3,0,0.4,0.3,0,0,0.3,0,0,0,0,0
sample_ed398e8b969f31a3,Mn-Fe-Co-Ni-Cu-Ta|Mn0.5Cu0.3Ta0.2,Mn-Fe-Co-Ni-Cu-Ta,Mn0.5Cu0.3Ta0.2,3,0.5,0,0,0,0,0,0.3,0.2,0,0,0
sample_ed470d0d861aa8f4,Ca-Mn-Co-Ni-Sn-Sb|Ni0.3Sn0.6Sb0.1,Ca-Mn-Co-Ni-Sn-Sb,Ni0.3Sn0.6Sb0.1,3,0,0,0,0.3,0,0,0,0,0.6,0,0.1
sample_ed4b7ed3307d5be9,Ca-Mn-Co-Ni-Sn-Sb|Mn0.2Co0.4Sb0.4,Ca-Mn-Co-Ni-Sn-Sb,Mn0.2Co0.4Sb0.4,3,0.2,0,0.4,0,0,0,0,0,0,0,0.4
sample_ed62dc30a123d2dd,Mn-Fe-Co-Ni-Cu-Ta|Co0.8Cu0.1Ta0.1,Mn-Fe-Co-Ni-Cu-Ta,Co0.8Cu0.1Ta0.1,3,0,0,0.8,0,0,0,0.1,0.1,0,0,0
sample_ed656b8a8d17c7a9,Mn-Fe-Co-Ni-Cu-Ta|Mn0.1Fe0.1Ta0.8,Mn-Fe-Co-Ni-Cu-Ta,Mn0.1Fe0.1Ta0.8,3,0.1,0.1,0,0,0,0,0,0.8,0,0,0
sample_ed6aecee327286fd,Ca-Mn-Co-Ni-Sn-Sb|Ca0.1Co0.5Ni0.4,Ca-Mn-Co-Ni-Sn-Sb,Ca0.1Co0.5Ni0.4,3,0,0,0.5,0.4,0,0,0,0,0,0.1,0
sample_ed85508273bb4eb1,Ca-Mn-Co-Ni-Sn-Sb|Ca0.2Mn0.4Sb0.4,Ca-Mn-Co-Ni-Sn-Sb,Ca0.2Mn0.4Sb0.4,3,0.4,0,0,0,0,0,0,0,0,0.2,0.4
sample_edb8700be852684d,Mn-Fe-Co-Ni-Cu-Ta|Fe0.3Cu0.5Ta0.2,Mn-Fe-Co-Ni-Cu-Ta,Fe0.3Cu0.5Ta0.2,3,0,0.3,0,0,0,0,0.5,0.2,0,0,0
sample_edbfb58fb25902e5,Mn-Fe-Co-Cu-Sn-Ta|Mn0.1Sn0.3Ta0.6,Mn-Fe-Co-Cu-Sn-Ta,Mn0.1Sn0.3Ta0.6,3,0.1,0,0,0,0,0,0,0.6,0.3,0,0
sample_edd9af77b3fe14e1,Mn-Fe-Co-Ni-Cu-Ta|Mn0.4Fe0.1Ta0.5,Mn-Fe-Co-Ni-Cu-Ta,Mn0.4Fe0.1Ta0.5,3,0.4,0.1,0,0,0,0,0,0.5,0,0,0
sample_ee6383c1064cfb67,Mn-Fe-Co-Cu-Sn-Ta|Fe0.3Co0.3Ta0.4,Mn-Fe-Co-Cu-Sn-Ta,Fe0.3Co0.3Ta0.4,3,0,0.3,0.3,0,0,0,0,0.4,0,0,0
sample_ee8ced0997aba81e,Mn-Fe-Co-Ni-Cu-Ta|Mn0.5Co0.4Ta0.1,Mn-Fe-Co-Ni-Cu-Ta,Mn0.5Co0.4Ta0.1,3,0.5,0,0.4,0,0,0,0,0.1,0,0,0
sample_ee8d9e18fb5bf35b,Mn-Fe-Co-Ni-Cu-Ta|Mn0.3Fe0.1Co0.6,Mn-Fe-Co-Ni-Cu-Ta,Mn0.3Fe0.1Co0.6,3,0.3,0.1,0.6,0,0,0,0,0,0,0,0
sample_ee8db65afb594f5c,Mn-Fe-Co-Ni-La-Ce|Co0.7La0.2Ce0.1,Mn-Fe-Co-Ni-La-Ce,Co0.7La0.2Ce0.1,3,0,0,0.7,0,0.2,0.1,0,0,0,0,0
sample_eea626a5a35f7239,Mn-Fe-Co-Cu-Sn-Ta|Fe0.2Sn0.5Ta0.3,Mn-Fe-Co-Cu-Sn-Ta,Fe0.2Sn0.5Ta0.3,3,0,0.2,0,0,0,0,0,0.3,0.5,0,0
sample_eead36047813fe3c,Mn-Fe-Co-Ni-La-Ce|Mn0.6Fe0.2Ce0.2,Mn-Fe-Co-Ni-La-Ce,Mn0.6Fe0.2Ce0.2,3,0.6,0.2,0,0,0,0.2,0,0,0,0,0
sample_eebc618305f506e3,Mn-Fe-Co-Ni-La-Ce|Ni0.6La0.1Ce0.3,Mn-Fe-Co-Ni-La-Ce,Ni0.6La0.1Ce0.3,3,0,0,0,0.6,0.1,0.3,0,0,0,0,0
sample_eedf841e56eee784,Mn-Fe-Co-Ni-Cu-Ta|Mn0.4Co0.2Cu0.4,Mn-Fe-Co-Ni-Cu-Ta,Mn0.4Co0.2Cu0.4,3,0.4,0,0.2,0,0,0,0.4,0,0,0,0
sample_eee78da9d91f99a1,Ca-Mn-Co-Ni-Sn-Sb|Mn0.4Ni0.1Sb0.5,Ca-Mn-Co-Ni-Sn-Sb,Mn0.4Ni0.1Sb0.5,3,0.4,0,0,0.1,0,0,0,0,0,0,0.5
sample_eeeb0d1e11f31b07,Mn-Fe-Co-Ni-La-Ce|Mn0.3Co0.1Ce0.6,Mn-Fe-Co-Ni-La-Ce,Mn0.3Co0.1Ce0.6,3,0.3,0,0.1,0,0,0.6,0,0,0,0,0
sample_eeebdc24b57d819f,Mn-Fe-Co-Cu-Sn-Ta|Co0.8Cu0.1Ta0.1,Mn-Fe-Co-Cu-Sn-Ta,Co0.8Cu0.1Ta0.1,3,0,0,0.8,0,0,0,0.1,0.1,0,0,0
sample_eef92847306a049e,Mn-Fe-Co-Cu-Sn-Ta|Fe0.3Co0.3Sn0.4,Mn-Fe-Co-Cu-Sn-Ta,Fe0.3Co0.3Sn0.4,3,0,0.3,0.3,0,0,0,0,0,0.4,0,0
sample_ef01a284d7e77b0d,Mn-Fe-Co-Ni-La-Ce|Ni0.3La0.4Ce0.3,Mn-Fe-Co-Ni-La-Ce,Ni0.3La0.4Ce0.3,3,0,0,0,0.3,0.4,0.3,0,0,0,0,0
sample_ef026d05a4dbca1e,Mn-Fe-Co-Cu-Sn-Ta|Fe0.5Cu0.5,Mn-Fe-Co-Cu-Sn-Ta,Fe0.5Cu0.5,2,0,0.5,0,0,0,0,0.5,0,0,0,0
sample_ef0b28bb7673fa57,Mn-Fe-Co-Cu-Sn-Ta|Fe0.1Co0.6Cu0.3,Mn-Fe-Co-Cu-Sn-Ta,Fe0.1Co0.6Cu0.3,3,0,0.1,0.6,0,0,0,0.3,0,0,0,0
sample_ef1f63b1b2f39b3b,Mn-Fe-Co-Ni-La-Ce|Fe0.5La0.2Ce0.3,Mn-Fe-Co-Ni-La-Ce,Fe0.5La0.2Ce0.3,3,0,0.5,0,0,0.2,0.3,0,0,0,0,0
sample_ef2213c6d2bc2dc6,Mn-Fe-Co-Ni-Cu-Ta|Mn0.6Ni0.3Cu0.1,Mn-Fe-Co-Ni-Cu-Ta,Mn0.6Ni0.3Cu0.1,3,0.6,0,0,0.3,0,0,0.1,0,0,0,0
sample_ef2f16469c15e67e,Mn-Fe-Co-Ni-Cu-Ta|Mn0.8Ni0.1Ta0.1,Mn-Fe-Co-Ni-Cu-Ta,Mn0.8Ni0.1Ta0.1,3,0.8,0,0,0.1,0,0,0,0.1,0,0,0
sample_ef3e309bc4cf93d6,Mn-Fe-Co-Cu-Sn-Ta|Mn0.2Co0.5Ta0.3,Mn-Fe-Co-Cu-Sn-Ta,Mn0.2Co0.5Ta0.3,3,0.2,0,0.5,0,0,0,0,0.3,0,0,0
sample_ef5cee48fd0ee12a,Mn-Fe-Co-Ni-Cu-Ta|Mn0.3Ni0.5Ta0.2,Mn-Fe-Co-Ni-Cu-Ta,Mn0.3Ni0.5Ta0.2,3,0.3,0,0,0.5,0,0,0,0.2,0,0,0
sample_ef5fedd86e25bcaf,Mn-Fe-Co-Ni-La-Ce|Co0.5Ni0.3Ce0.2,Mn-Fe-Co-Ni-La-Ce,Co0.5Ni0.3Ce0.2,3,0,0,0.5,0.3,0,0.2,0,0,0,0,0
sample_ef6e65f3b386965e,Ca-Mn-Co-Ni-Sn-Sb|Mn0.4Sn0.5Sb0.1,Ca-Mn-Co-Ni-Sn-Sb,Mn0.4Sn0.5Sb0.1,3,0.4,0,0,0,0,0,0,0,0.5,0,0.1
sample_ef731ec73156381e,Mn-Fe-Co-Cu-Sn-Ta|Mn0.1Cu0.2Ta0.7,Mn-Fe-Co-Cu-Sn-Ta,Mn0.1Cu0.2Ta0.7,3,0.1,0,0,0,0,0,0.2,0.7,0,0,0
sample_ef94e6f25dbf20ae,Ca-Mn-Co-Ni-Sn-Sb|Ca0.5Ni0.4Sb0.1,Ca-Mn-Co-Ni-Sn-Sb,Ca0.5Ni0.4Sb0.1,3,0,0,0,0.4,0,0,0,0,0,0.5,0.1
sample_efa043026d94628b,Ca-Mn-Co-Ni-Sn-Sb|Ca0.3Co0.1Sb0.6,Ca-Mn-Co-Ni-Sn-Sb,Ca0.3Co0.1Sb0.6,3,0,0,0.1,0,0,0,0,0,0,0.3,0.6
sample_efc4ef246e28a94c,Mn-Fe-Co-Cu-Sn-Ta|Fe0.1Co0.4Cu0.5,Mn-Fe-Co-Cu-Sn-Ta,Fe0.1Co0.4Cu0.5,3,0,0.1,0.4,0,0,0,0.5,0,0,0,0
sample_efe078d1d24c6395,Ca-Mn-Co-Ni-Sn-Sb|Co0.7Ni0.2Sn0.1,Ca-Mn-Co-Ni-Sn-Sb,Co0.7Ni0.2Sn0.1,3,0,0,0.7,0.2,0,0,0,0,0.1,0,0
sample_efe1b6e63e51d1db,Mn-Fe-Co-Ni-Cu-Ta|Co0.2Cu0.6Ta0.2,Mn-Fe-Co-Ni-Cu-Ta,Co0.2Cu0.6Ta0.2,3,0,0,0.2,0,0,0,0.6,0.2,0,0,0
sample_efeea3fe87792de1,Mn-Fe-Co-Ni-La-Ce|Co0.1Ni0.2La0.7,Mn-Fe-Co-Ni-La-Ce,Co0.1Ni0.2La0.7,3,0,0,0.1,0.2,0.7,0,0,0,0,0,0
sample_eff9b7740956d15e,Mn-Fe-Co-Ni-La-Ce|Mn0.3Co0.6Ce0.1,Mn-Fe-Co-Ni-La-Ce,Mn0.3Co0.6Ce0.1,3,0.3,0,0.6,0,0,0.1,0,0,0,0,0
sample_f0351d8510ce9548,Ca-Mn-Co-Ni-Sn-Sb|Mn0.8Sn0.1Sb0.1,Ca-Mn-Co-Ni-Sn-Sb,Mn0.8Sn0.1Sb0.1,3,0.8,0,0,0,0,0,0,0,0.1,0,0.1
sample_f043b90bfae69d70,Mn-Fe-Co-Ni-La-Ce|Fe0.2La0.7Ce0.1,Mn-Fe-Co-Ni-La-Ce,Fe0.2La0.7Ce0.1,3,0,0.2,0,0,0.7,0.1,0,0,0,0,0
sample_f0993442f503025f,Mn-Fe-Co-Ni-Cu-Ta|Co0.6Ni0.2Ta0.2,Mn-Fe-Co-Ni-Cu-Ta,Co0.6Ni0.2Ta0.2,3,0,0,0.6,0.2,0,0,0,0.2,0,0,0
sample_f09fb75a6c881540,Mn-Fe-Co-Ni-La-Ce|Mn0.3Ni0.6La0.1,Mn-Fe-Co-Ni-La-Ce,Mn0.3Ni0.6La0.1,3,0.3,0,0,0.6,0.1,0,0,0,0,0,0
sample_f0ca8ca75bbf7ed4,Mn-Fe-Co-Ni-Cu-Ta|Mn0.1Ni0.2Ta0.7,Mn-Fe-Co-Ni-Cu-Ta,Mn0.1Ni0.2Ta0.7,3,0.1,0,0,0.2,0,0,0,0.7,0,0,0
sample_f0ff3e3be58cc1cb,Ca-Mn-Co-Ni-Sn-Sb|Ca0.5Sn0.2Sb0.3,Ca-Mn-Co-Ni-Sn-Sb,Ca0.5Sn0.2Sb0.3,3,0,0,0,0,0,0,0,0,0.2,0.5,0.3
sample_f10dd40d2dd193f5,Mn-Fe-Co-Ni-Cu-Ta|Fe0.6Cu0.3Ta0.1,Mn-Fe-Co-Ni-Cu-Ta,Fe0.6Cu0.3Ta0.1,3,0,0.6,0,0,0,0,0.3,0.1,0,0,0
sample_f11dc57db33a6d0d,Mn-Fe-Co-Ni-La-Ce|Mn0.1Co0.4La0.5,Mn-Fe-Co-Ni-La-Ce,Mn0.1Co0.4La0.5,3,0.1,0,0.4,0,0.5,0,0,0,0,0,0
sample_f1288275647f4300,Mn-Fe-Co-Ni-Cu-Ta|Mn0.4Co0.4Cu0.2,Mn-Fe-Co-Ni-Cu-Ta,Mn0.4Co0.4Cu0.2,3,0.4,0,0.4,0,0,0,0.2,0,0,0,0
sample_f13442c211ac490c,Mn-Fe-Co-Ni-La-Ce|Fe0.1Co0.8Ce0.1,Mn-Fe-Co-Ni-La-Ce,Fe0.1Co0.8Ce0.1,3,0,0.1,0.8,0,0,0.1,0,0,0,0,0
sample_f135e718e2434bfc,Mn-Fe-Co-Ni-Cu-Ta|Mn0.6Co0.3Cu0.1,Mn-Fe-Co-Ni-Cu-Ta,Mn0.6Co0.3Cu0.1,3,0.6,0,0.3,0,0,0,0.1,0,0,0,0
sample_f1485fe0531498dd,Mn-Fe-Co-Ni-La-Ce|Co0.6Ni0.1La0.3,Mn-Fe-Co-Ni-La-Ce,Co0.6Ni0.1La0.3,3,0,0,0.6,0.1,0.3,0,0,0,0,0,0
sample_f15b86d5a96d590e,Mn-Fe-Co-Ni-Cu-Ta|Fe0.7Ni0.1Ta0.2,Mn-Fe-Co-Ni-Cu-Ta,Fe0.7Ni0.1Ta0.2,3,0,0.7,0,0.1,0,0,0,0.2,0,0,0
sample_f191e2b124c9b806,Ca-Mn-Co-Ni-Sn-Sb|Mn0.2Ni0.5Sb0.3,Ca-Mn-Co-Ni-Sn-Sb,Mn0.2Ni0.5Sb0.3,3,0.2,0,0,0.5,0,0,0,0,0,0,0.3
sample_f1acecbf463e72be,Mn-Fe-Co-Ni-La-Ce|Fe0.3Co0.5Ni0.2,Mn-Fe-Co-Ni-La-Ce,Fe0.3Co0.5Ni0.2,3,0,0.3,0.5,0.2,0,0,0,0,0,0,0
sample_f1b1d65b8116b1d0,Mn-Fe-Co-Ni-Cu-Ta|Mn0.4Co0.3Ni0.3,Mn-Fe-Co-Ni-Cu-Ta,Mn0.4Co0.3Ni0.3,3,0.4,0,0.3,0.3,0,0,0,0,0,0,0
sample_f1b2df0e8eb1b9b1,Mn-Fe-Co-Cu-Sn-Ta|Mn0.3Cu0.6Ta0.1,Mn-Fe-Co-Cu-Sn-Ta,Mn0.3Cu0.6Ta0.1,3,0.3,0,0,0,0,0,0.6,0.1,0,0,0
sample_f1e1f1b8bf6e09db,Mn-Fe-Co-Cu-Sn-Ta|Fe0.5Sn0.1Ta0.4,Mn-Fe-Co-Cu-Sn-Ta,Fe0.5Sn0.1Ta0.4,3,0,0.5,0,0,0,0,0,0.4,0.1,0,0
sample_f1e5f98793dec733,Mn-Fe-Co-Ni-Cu-Ta|Mn0.4Fe0.4Ni0.2,Mn-Fe-Co-Ni-Cu-Ta,Mn0.4Fe0.4Ni0.2,3,0.4,0.4,0,0.2,0,0,0,0,0,0,0
sample_f1f24570f23c90e3,Mn-Fe-Co-Cu-Sn-Ta|Mn0.1Cu0.5Sn0.4,Mn-Fe-Co-Cu-Sn-Ta,Mn0.1Cu0.5Sn0.4,3,0.1,0,0,0,0,0,0.5,0,0.4,0,0
sample_f23f2b4dbe09722d,Ca-Mn-Co-Ni-Sn-Sb|Sn0.1Sb0.9,Ca-Mn-Co-Ni-Sn-Sb,Sn0.1Sb0.9,2,0,0,0,0,0,0,0,0,0.1,0,0.9
sample_f25612aaf2dcd0c4,Mn-Fe-Co-Cu-Sn-Ta|Fe0.1Co0.6Ta0.3,Mn-Fe-Co-Cu-Sn-Ta,Fe0.1Co0.6Ta0.3,3,0,0.1,0.6,0,0,0,0,0.3,0,0,0
sample_f2598a298de7875f,Mn-Fe-Co-Cu-Sn-Ta|Co0.1Sn0.3Ta0.6,Mn-Fe-Co-Cu-Sn-Ta,Co0.1Sn0.3Ta0.6,3,0,0,0.1,0,0,0,0,0.6,0.3,0,0
sample_f25efe345f4a22e6,Mn-Fe-Co-Cu-Sn-Ta|Fe0.5Co0.3Sn0.2,Mn-Fe-Co-Cu-Sn-Ta,Fe0.5Co0.3Sn0.2,3,0,0.5,0.3,0,0,0,0,0,0.2,0,0
sample_f279bea4384be4eb,Mn-Fe-Co-Cu-Sn-Ta|Co0.1Sn0.9,Mn-Fe-Co-Cu-Sn-Ta,Co0.1Sn0.9,2,0,0,0.1,0,0,0,0,0,0.9,0,0
sample_f2859b6103e943cf,Mn-Fe-Co-Ni-Cu-Ta|Mn0.1Fe0.3Ta0.6,Mn-Fe-Co-Ni-Cu-Ta,Mn0.1Fe0.3Ta0.6,3,0.1,0.3,0,0,0,0,0,0.6,0,0,0
sample_f28ad8ae3f7cb640,Mn-Fe-Co-Cu-Sn-Ta|Fe0.2Sn0.3Ta0.5,Mn-Fe-Co-Cu-Sn-Ta,Fe0.2Sn0.3Ta0.5,3,0,0.2,0,0,0,0,0,0.5,0.3,0,0
sample_f2bc9c2ee08df650,Ca-Mn-Co-Ni-Sn-Sb|Mn0.1Sn0.4Sb0.5,Ca-Mn-Co-Ni-Sn-Sb,Mn0.1Sn0.4Sb0.5,3,0.1,0,0,0,0,0,0,0,0.4,0,0.5
sample_f2efe5f2c4f5ebd1,Mn-Fe-Co-Cu-Sn-Ta|Fe0.7Co0.2Cu0.1,Mn-Fe-Co-Cu-Sn-Ta,Fe0.7Co0.2Cu0.1,3,0,0.7,0.2,0,0,0,0.1,0,0,0,0
sample_f2f1cb570d675538,Ca-Mn-Co-Ni-Sn-Sb|Mn0.6Co0.1Sb0.3,Ca-Mn-Co-Ni-Sn-Sb,Mn0.6Co0.1Sb0.3,3,0.6,0,0.1,0,0,0,0,0,0,0,0.3
sample_f3032d701f699ef1,Mn-Fe-Co-Ni-La-Ce|Mn0.8Fe0.2,Mn-Fe-Co-Ni-La-Ce,Mn0.8Fe0.2,2,0.8,0.2,0,0,0,0,0,0,0,0,0
sample_f327272131df6aa7,Mn-Fe-Co-Cu-Sn-Ta|Co0.5Sn0.1Ta0.4,Mn-Fe-Co-Cu-Sn-Ta,Co0.5Sn0.1Ta0.4,3,0,0,0.5,0,0,0,0,0.4,0.1,0,0
sample_f32f803007afca13,Mn-Fe-Co-Ni-La-Ce|Co0.2Ni0.5Ce0.3,Mn-Fe-Co-Ni-La-Ce,Co0.2Ni0.5Ce0.3,3,0,0,0.2,0.5,0,0.3,0,0,0,0,0
sample_f353b7449c0d6d55,Mn-Fe-Co-Ni-La-Ce|Fe0.1Co0.1Ni0.8,Mn-Fe-Co-Ni-La-Ce,Fe0.1Co0.1Ni0.8,3,0,0.1,0.1,0.8,0,0,0,0,0,0,0
sample_f3593cb91d081528,Mn-Fe-Co-Cu-Sn-Ta|Mn0.2Co0.5Cu0.3,Mn-Fe-Co-Cu-Sn-Ta,Mn0.2Co0.5Cu0.3,3,0.2,0,0.5,0,0,0,0.3,0,0,0,0
sample_f370a16a8dbf711b,Mn-Fe-Co-Ni-La-Ce|Fe0.3Ni0.2La0.5,Mn-Fe-Co-Ni-La-Ce,Fe0.3Ni0.2La0.5,3,0,0.3,0,0.2,0.5,0,0,0,0,0,0
sample_f3808e80ecc16ca6,Mn-Fe-Co-Ni-La-Ce|Fe0.3Co0.2Ni0.5,Mn-Fe-Co-Ni-La-Ce,Fe0.3Co0.2Ni0.5,3,0,0.3,0.2,0.5,0,0,0,0,0,0,0
sample_f39649c4ddd63128,Mn-Fe-Co-Ni-La-Ce|Co0.9Ni0.1,Mn-Fe-Co-Ni-La-Ce,Co0.9Ni0.1,2,0,0,0.9,0.1,0,0,0,0,0,0,0
sample_f39a13d11c7f21b9,Mn-Fe-Co-Ni-La-Ce|Fe0.2Ni0.6La0.2,Mn-Fe-Co-Ni-La-Ce,Fe0.2Ni0.6La0.2,3,0,0.2,0,0.6,0.2,0,0,0,0,0,0
sample_f3ae3f7ee505d072,Mn-Fe-Co-Cu-Sn-Ta|Fe0.3Co0.6Sn0.1,Mn-Fe-Co-Cu-Sn-Ta,Fe0.3Co0.6Sn0.1,3,0,0.3,0.6,0,0,0,0,0,0.1,0,0
sample_f3b2c9e992965ca7,Mn-Fe-Co-Ni-Cu-Ta|Fe0.3Ta0.7,Mn-Fe-Co-Ni-Cu-Ta,Fe0.3Ta0.7,2,0,0.3,0,0,0,0,0,0.7,0,0,0
sample_f3e15f1f5f39c15e,Mn-Fe-Co-Ni-Cu-Ta|Mn0.4Co0.4Ta0.2,Mn-Fe-Co-Ni-Cu-Ta,Mn0.4Co0.4Ta0.2,3,0.4,0,0.4,0,0,0,0,0.2,0,0,0
sample_f3f0a78a99ffeb35,Mn-Fe-Co-Cu-Sn-Ta|Mn0.4Fe0.4Co0.2,Mn-Fe-Co-Cu-Sn-Ta,Mn0.4Fe0.4Co0.2,3,0.4,0.4,0.2,0,0,0,0,0,0,0,0
sample_f3f29e8c02092caf,Mn-Fe-Co-Ni-Cu-Ta|Mn0.2Fe0.7Cu0.1,Mn-Fe-Co-Ni-Cu-Ta,Mn0.2Fe0.7Cu0.1,3,0.2,0.7,0,0,0,0,0.1,0,0,0,0
sample_f3fdc037aa56bb68,Mn-Fe-Co-Cu-Sn-Ta|Co0.5Cu0.3Sn0.2,Mn-Fe-Co-Cu-Sn-Ta,Co0.5Cu0.3Sn0.2,3,0,0,0.5,0,0,0,0.3,0,0.2,0,0
sample_f3ff3bea117009e5,Mn-Fe-Co-Ni-Cu-Ta|Fe0.1Ni0.3Cu0.6,Mn-Fe-Co-Ni-Cu-Ta,Fe0.1Ni0.3Cu0.6,3,0,0.1,0,0.3,0,0,0.6,0,0,0,0
sample_f410df88fe8586cf,Mn-Fe-Co-Cu-Sn-Ta|Fe0.1Cu0.5Ta0.4,Mn-Fe-Co-Cu-Sn-Ta,Fe0.1Cu0.5Ta0.4,3,0,0.1,0,0,0,0,0.5,0.4,0,0,0
sample_f41d587d2ac4b53b,Mn-Fe-Co-Ni-Cu-Ta|Mn0.4Co0.5Ni0.1,Mn-Fe-Co-Ni-Cu-Ta,Mn0.4Co0.5Ni0.1,3,0.4,0,0.5,0.1,0,0,0,0,0,0,0
sample_f41f838491d0055e,Ca-Mn-Co-Ni-Sn-Sb|Ca0.2Ni0.4Sb0.4,Ca-Mn-Co-Ni-Sn-Sb,Ca0.2Ni0.4Sb0.4,3,0,0,0,0.4,0,0,0,0,0,0.2,0.4
sample_f4319939019b416e,Ca-Mn-Co-Ni-Sn-Sb|Ca0.7Mn0.2Sb0.1,Ca-Mn-Co-Ni-Sn-Sb,Ca0.7Mn0.2Sb0.1,3,0.2,0,0,0,0,0,0,0,0,0.7,0.1
sample_f4411e53d9d05c8f,Mn-Fe-Co-Ni-La-Ce|Fe0.6Ni0.3La0.1,Mn-Fe-Co-Ni-La-Ce,Fe0.6Ni0.3La0.1,3,0,0.6,0,0.3,0.1,0,0,0,0,0,0
sample_f444edb769bc97d9,Mn-Fe-Co-Ni-Cu-Ta|Mn0.6Fe0.3Ni0.1,Mn-Fe-Co-Ni-Cu-Ta,Mn0.6Fe0.3Ni0.1,3,0.6,0.3,0,0.1,0,0,0,0,0,0,0
sample_f44b188944eea7f1,Ca-Mn-Co-Ni-Sn-Sb|Mn0.5Co0.1Sb0.4,Ca-Mn-Co-Ni-Sn-Sb,Mn0.5Co0.1Sb0.4,3,0.5,0,0.1,0,0,0,0,0,0,0,0.4
sample_f47c80e93853c7a2,Mn-Fe-Co-Cu-Sn-Ta|Fe0.5Cu0.2Ta0.3,Mn-Fe-Co-Cu-Sn-Ta,Fe0.5Cu0.2Ta0.3,3,0,0.5,0,0,0,0,0.2,0.3,0,0,0
sample_f482f675250be6b5,Ca-Mn-Co-Ni-Sn-Sb|Co0.1Ni0.3Sb0.6,Ca-Mn-Co-Ni-Sn-Sb,Co0.1Ni0.3Sb0.6,3,0,0,0.1,0.3,0,0,0,0,0,0,0.6
sample_f48d02db00b5f579,Mn-Fe-Co-Cu-Sn-Ta|Mn0.2Sn0.1Ta0.7,Mn-Fe-Co-Cu-Sn-Ta,Mn0.2Sn0.1Ta0.7,3,0.2,0,0,0,0,0,0,0.7,0.1,0,0
sample_f4997e4abd7c1d1b,Ca-Mn-Co-Ni-Sn-Sb|Ca0.4Ni0.3Sn0.3,Ca-Mn-Co-Ni-Sn-Sb,Ca0.4Ni0.3Sn0.3,3,0,0,0,0.3,0,0,0,0,0.3,0.4,0
sample_f4ac60c2a9e27608,Ca-Mn-Co-Ni-Sn-Sb|Mn0.1Sn0.3Sb0.6,Ca-Mn-Co-Ni-Sn-Sb,Mn0.1Sn0.3Sb0.6,3,0.1,0,0,0,0,0,0,0,0.3,0,0.6
sample_f4af741250127141,Mn-Fe-Co-Ni-Cu-Ta|Mn0.5Fe0.3Ta0.2,Mn-Fe-Co-Ni-Cu-Ta,Mn0.5Fe0.3Ta0.2,3,0.5,0.3,0,0,0,0,0,0.2,0,0,0
sample_f4d47d7293100e66,Mn-Fe-Co-Ni-La-Ce|Mn0.6Fe0.1Ni0.3,Mn-Fe-Co-Ni-La-Ce,Mn0.6Fe0.1Ni0.3,3,0.6,0.1,0,0.3,0,0,0,0,0,0,0
sample_f4d84055e8340a3d,Ca-Mn-Co-Ni-Sn-Sb|Ca0.2Ni0.1Sn0.7,Ca-Mn-Co-Ni-Sn-Sb,Ca0.2Ni0.1Sn0.7,3,0,0,0,0.1,0,0,0,0,0.7,0.2,0
sample_f4f6fcb7539a3eec,Mn-Fe-Co-Cu-Sn-Ta|Mn0.5Co0.1Cu0.4,Mn-Fe-Co-Cu-Sn-Ta,Mn0.5Co0.1Cu0.4,3,0.5,0,0.1,0,0,0,0.4,0,0,0,0
sample_f508f727dc4aed99,Mn-Fe-Co-Ni-La-Ce|Mn0.2La0.8,Mn-Fe-Co-Ni-La-Ce,Mn0.2La0.8,2,0.2,0,0,0,0.8,0,0,0,0,0,0
sample_f50ac2e74115026e,Ca-Mn-Co-Ni-Sn-Sb|Ca0.3Sn0.3Sb0.4,Ca-Mn-Co-Ni-Sn-Sb,Ca0.3Sn0.3Sb0.4,3,0,0,0,0,0,0,0,0,0.3,0.3,0.4
sample_f51174c7981fe037,Mn-Fe-Co-Ni-Cu-Ta|Fe0.3Cu0.1Ta0.6,Mn-Fe-Co-Ni-Cu-Ta,Fe0.3Cu0.1Ta0.6,3,0,0.3,0,0,0,0,0.1,0.6,0,0,0
sample_f515091ce0e6a026,Mn-Fe-Co-Ni-La-Ce|Mn0.2Co0.7Ce0.1,Mn-Fe-Co-Ni-La-Ce,Mn0.2Co0.7Ce0.1,3,0.2,0,0.7,0,0,0.1,0,0,0,0,0
sample_f527cdc7d406b636,Mn-Fe-Co-Ni-Cu-Ta|Fe0.7Co0.3,Mn-Fe-Co-Ni-Cu-Ta,Fe0.7Co0.3,2,0,0.7,0.3,0,0,0,0,0,0,0,0
sample_f53de8f2c8facb39,Mn-Fe-Co-Ni-La-Ce|Mn0.3Co0.6La0.1,Mn-Fe-Co-Ni-La-Ce,Mn0.3Co0.6La0.1,3,0.3,0,0.6,0,0.1,0,0,0,0,0,0
sample_f5559c41f730c204,Mn-Fe-Co-Ni-Cu-Ta|Mn0.2Co0.2Ta0.6,Mn-Fe-Co-Ni-Cu-Ta,Mn0.2Co0.2Ta0.6,3,0.2,0,0.2,0,0,0,0,0.6,0,0,0
sample_f57a5762c490a4f5,Ca-Mn-Co-Ni-Sn-Sb|Mn0.7Co0.1Ni0.2,Ca-Mn-Co-Ni-Sn-Sb,Mn0.7Co0.1Ni0.2,3,0.7,0,0.1,0.2,0,0,0,0,0,0,0
sample_f57ffec49d80df41,Mn-Fe-Co-Ni-Cu-Ta|Fe0.9Cu0.1,Mn-Fe-Co-Ni-Cu-Ta,Fe0.9Cu0.1,2,0,0.9,0,0,0,0,0.1,0,0,0,0
sample_f587233684a70cb5,Mn-Fe-Co-Ni-La-Ce|Mn0.2La0.2Ce0.6,Mn-Fe-Co-Ni-La-Ce,Mn0.2La0.2Ce0.6,3,0.2,0,0,0,0.2,0.6,0,0,0,0,0
sample_f5b982a40bdcefdd,Mn-Fe-Co-Cu-Sn-Ta|Co0.1Cu0.5Ta0.4,Mn-Fe-Co-Cu-Sn-Ta,Co0.1Cu0.5Ta0.4,3,0,0,0.1,0,0,0,0.5,0.4,0,0,0
sample_f5bf6b5a1988b6fa,Mn-Fe-Co-Ni-Cu-Ta|Mn0.3Fe0.4Ta0.3,Mn-Fe-Co-Ni-Cu-Ta,Mn0.3Fe0.4Ta0.3,3,0.3,0.4,0,0,0,0,0,0.3,0,0,0
sample_f5cf5286b5d0784b,Ca-Mn-Co-Ni-Sn-Sb|Ca0.2Mn0.2Co0.6,Ca-Mn-Co-Ni-Sn-Sb,Ca0.2Mn0.2Co0.6,3,0.2,0,0.6,0,0,0,0,0,0,0.2,0
sample_f5dcec23c20dea1d,Mn-Fe-Co-Cu-Sn-Ta|Co0.4Cu0.4Sn0.2,Mn-Fe-Co-Cu-Sn-Ta,Co0.4Cu0.4Sn0.2,3,0,0,0.4,0,0,0,0.4,0,0.2,0,0
sample_f5ec1042d484e08c,Mn-Fe-Co-Cu-Sn-Ta|Sn0.4Ta0.6,Mn-Fe-Co-Cu-Sn-Ta,Sn0.4Ta0.6,2,0,0,0,0,0,0,0,0.6,0.4,0,0
sample_f5fb1effe6e89e9d,Mn-Fe-Co-Ni-La-Ce|Mn0.2Fe0.7Co0.1,Mn-Fe-Co-Ni-La-Ce,Mn0.2Fe0.7Co0.1,3,0.2,0.7,0.1,0,0,0,0,0,0,0,0
sample_f619a1ddca528f23,Mn-Fe-Co-Ni-Cu-Ta|Mn0.3Ni0.6Cu0.1,Mn-Fe-Co-Ni-Cu-Ta,Mn0.3Ni0.6Cu0.1,3,0.3,0,0,0.6,0,0,0.1,0,0,0,0
sample_f62809337d5bc30a,Mn-Fe-Co-Ni-La-Ce|Co0.5Ni0.5,Mn-Fe-Co-Ni-La-Ce,Co0.5Ni0.5,2,0,0,0.5,0.5,0,0,0,0,0,0,0
sample_f62dfef074e85415,Mn-Fe-Co-Ni-Cu-Ta|Mn0.2Fe0.3Ni0.5,Mn-Fe-Co-Ni-Cu-Ta,Mn0.2Fe0.3Ni0.5,3,0.2,0.3,0,0.5,0,0,0,0,0,0,0
sample_f632c51b8fa34c09,Mn-Fe-Co-Ni-Cu-Ta|Mn0.3Ni0.2Ta0.5,Mn-Fe-Co-Ni-Cu-Ta,Mn0.3Ni0.2Ta0.5,3,0.3,0,0,0.2,0,0,0,0.5,0,0,0
sample_f64608aa8dab9622,Ca-Mn-Co-Ni-Sn-Sb|Co0.2Ni0.1Sn0.7,Ca-Mn-Co-Ni-Sn-Sb,Co0.2Ni0.1Sn0.7,3,0,0,0.2,0.1,0,0,0,0,0.7,0,0
sample_f64f910bd83592d5,Mn-Fe-Co-Cu-Sn-Ta|Mn0.1Fe0.7Ta0.2,Mn-Fe-Co-Cu-Sn-Ta,Mn0.1Fe0.7Ta0.2,3,0.1,0.7,0,0,0,0,0,0.2,0,0,0
sample_f6513284eee0535f,Mn-Fe-Co-Ni-La-Ce|Fe0.7Ni0.3,Mn-Fe-Co-Ni-La-Ce,Fe0.7Ni0.3,2,0,0.7,0,0.3,0,0,0,0,0,0,0
sample_f6668e736c0394eb,Mn-Fe-Co-Ni-La-Ce|Mn0.3Fe0.2Ce0.5,Mn-Fe-Co-Ni-La-Ce,Mn0.3Fe0.2Ce0.5,3,0.3,0.2,0,0,0,0.5,0,0,0,0,0
sample_f66d5646773895b6,Mn-Fe-Co-Cu-Sn-Ta|Mn0.3Sn0.1Ta0.6,Mn-Fe-Co-Cu-Sn-Ta,Mn0.3Sn0.1Ta0.6,3,0.3,0,0,0,0,0,0,0.6,0.1,0,0
sample_f687f7e8f45bb9be,Ca-Mn-Co-Ni-Sn-Sb|Ca0.2Mn0.7Co0.1,Ca-Mn-Co-Ni-Sn-Sb,Ca0.2Mn0.7Co0.1,3,0.7,0,0.1,0,0,0,0,0,0,0.2,0
sample_f688e5ebe35927e9,Mn-Fe-Co-Ni-Cu-Ta|Fe0.1Cu0.2Ta0.7,Mn-Fe-Co-Ni-Cu-Ta,Fe0.1Cu0.2Ta0.7,3,0,0.1,0,0,0,0,0.2,0.7,0,0,0
sample_f6922abe199564dd,Mn-Fe-Co-Ni-La-Ce|Co0.2Ni0.8,Mn-Fe-Co-Ni-La-Ce,Co0.2Ni0.8,2,0,0,0.2,0.8,0,0,0,0,0,0,0
sample_f6d5ee0ffe8c1ecc,Mn-Fe-Co-Ni-Cu-Ta|Co0.4Ni0.2Cu0.4,Mn-Fe-Co-Ni-Cu-Ta,Co0.4Ni0.2Cu0.4,3,0,0,0.4,0.2,0,0,0.4,0,0,0,0
sample_f6db1db089dd91b5,Mn-Fe-Co-Ni-La-Ce|Mn0.2Fe0.4Ce0.4,Mn-Fe-Co-Ni-La-Ce,Mn0.2Fe0.4Ce0.4,3,0.2,0.4,0,0,0,0.4,0,0,0,0,0
sample_f6db84f8b9a76490,Mn-Fe-Co-Cu-Sn-Ta|Co0.3Cu0.4Ta0.3,Mn-Fe-Co-Cu-Sn-Ta,Co0.3Cu0.4Ta0.3,3,0,0,0.3,0,0,0,0.4,0.3,0,0,0
sample_f6e5de7a462778db,Mn-Fe-Co-Ni-Cu-Ta|Fe0.1Co0.4Ni0.5,Mn-Fe-Co-Ni-Cu-Ta,Fe0.1Co0.4Ni0.5,3,0,0.1,0.4,0.5,0,0,0,0,0,0,0
sample_f6ec60e7f112106d,Mn-Fe-Co-Ni-La-Ce|Mn0.7Fe0.3,Mn-Fe-Co-Ni-La-Ce,Mn0.7Fe0.3,2,0.7,0.3,0,0,0,0,0,0,0,0,0
sample_f6f6f0ede36bff68,Ca-Mn-Co-Ni-Sn-Sb|Ni0.3Sn0.1Sb0.6,Ca-Mn-Co-Ni-Sn-Sb,Ni0.3Sn0.1Sb0.6,3,0,0,0,0.3,0,0,0,0,0.1,0,0.6
sample_f6f9a03da3cdf2f9,Mn-Fe-Co-Ni-Cu-Ta|Mn0.8Co0.1Ni0.1,Mn-Fe-Co-Ni-Cu-Ta,Mn0.8Co0.1Ni0.1,3,0.8,0,0.1,0.1,0,0,0,0,0,0,0
sample_f72cc76de13fdd06,Mn-Fe-Co-Ni-Cu-Ta|Mn0.6Co0.3Ta0.1,Mn-Fe-Co-Ni-Cu-Ta,Mn0.6Co0.3Ta0.1,3,0.6,0,0.3,0,0,0,0,0.1,0,0,0
sample_f7550add3c8157e9,Mn-Fe-Co-Cu-Sn-Ta|Mn0.7Sn0.2Ta0.1,Mn-Fe-Co-Cu-Sn-Ta,Mn0.7Sn0.2Ta0.1,3,0.7,0,0,0,0,0,0,0.1,0.2,0,0
sample_f75aac8d843fb8d6,Mn-Fe-Co-Ni-Cu-Ta|Co0.2Cu0.8,Mn-Fe-Co-Ni-Cu-Ta,Co0.2Cu0.8,2,0,0,0.2,0,0,0,0.8,0,0,0,0
sample_f7721c6063f4ef94,Ca-Mn-Co-Ni-Sn-Sb|Ca0.1Mn0.6Co0.3,Ca-Mn-Co-Ni-Sn-Sb,Ca0.1Mn0.6Co0.3,3,0.6,0,0.3,0,0,0,0,0,0,0.1,0
sample_f7840e1d96567a7c,Ca-Mn-Co-Ni-Sn-Sb|Ca0.1Sn0.4Sb0.5,Ca-Mn-Co-Ni-Sn-Sb,Ca0.1Sn0.4Sb0.5,3,0,0,0,0,0,0,0,0,0.4,0.1,0.5
sample_f786cda4b4c37e24,Mn-Fe-Co-Ni-Cu-Ta|Fe0.7Co0.1Ni0.2,Mn-Fe-Co-Ni-Cu-Ta,Fe0.7Co0.1Ni0.2,3,0,0.7,0.1,0.2,0,0,0,0,0,0,0
sample_f794aa76eb5c5049,Ca-Mn-Co-Ni-Sn-Sb|Mn0.3Ni0.6Sn0.1,Ca-Mn-Co-Ni-Sn-Sb,Mn0.3Ni0.6Sn0.1,3,0.3,0,0,0.6,0,0,0,0,0.1,0,0
sample_f7963fb0eb3e20a6,Mn-Fe-Co-Ni-La-Ce|Fe0.2Co0.3Ce0.5,Mn-Fe-Co-Ni-La-Ce,Fe0.2Co0.3Ce0.5,3,0,0.2,0.3,0,0,0.5,0,0,0,0,0
sample_f7ab0d9f935c6e0d,Mn-Fe-Co-Ni-La-Ce|Ni0.3La0.5Ce0.2,Mn-Fe-Co-Ni-La-Ce,Ni0.3La0.5Ce0.2,3,0,0,0,0.3,0.5,0.2,0,0,0,0,0
sample_f7b65273a598379b,Mn-Fe-Co-Cu-Sn-Ta|Fe0.2Cu0.5Ta0.3,Mn-Fe-Co-Cu-Sn-Ta,Fe0.2Cu0.5Ta0.3,3,0,0.2,0,0,0,0,0.5,0.3,0,0,0
sample_f7b91035738018b1,Mn-Fe-Co-Ni-Cu-Ta|Mn0.1Ni0.3Cu0.6,Mn-Fe-Co-Ni-Cu-Ta,Mn0.1Ni0.3Cu0.6,3,0.1,0,0,0.3,0,0,0.6,0,0,0,0
sample_f7c07c7e1ba282d0,Mn-Fe-Co-Cu-Sn-Ta|Mn0.2Co0.2Cu0.6,Mn-Fe-Co-Cu-Sn-Ta,Mn0.2Co0.2Cu0.6,3,0.2,0,0.2,0,0,0,0.6,0,0,0,0
sample_f7dc9911b45e80f6,Mn-Fe-Co-Ni-La-Ce|Fe0.7Ni0.2La0.1,Mn-Fe-Co-Ni-La-Ce,Fe0.7Ni0.2La0.1,3,0,0.7,0,0.2,0.1,0,0,0,0,0,0
sample_f7feace5db730364,Ca-Mn-Co-Ni-Sn-Sb|Mn0.1Sb0.9,Ca-Mn-Co-Ni-Sn-Sb,Mn0.1Sb0.9,2,0.1,0,0,0,0,0,0,0,0,0,0.9
sample_f805f746850632c1,Mn-Fe-Co-Ni-Cu-Ta|Ni0.4Cu0.2Ta0.4,Mn-Fe-Co-Ni-Cu-Ta,Ni0.4Cu0.2Ta0.4,3,0,0,0,0.4,0,0,0.2,0.4,0,0,0
sample_f80980434f7035bc,Mn-Fe-Co-Cu-Sn-Ta|Mn0.2Co0.3Sn0.5,Mn-Fe-Co-Cu-Sn-Ta,Mn0.2Co0.3Sn0.5,3,0.2,0,0.3,0,0,0,0,0,0.5,0,0
sample_f8100d14ea46e125,Mn-Fe-Co-Cu-Sn-Ta|Mn0.6Fe0.1Cu0.3,Mn-Fe-Co-Cu-Sn-Ta,Mn0.6Fe0.1Cu0.3,3,0.6,0.1,0,0,0,0,0.3,0,0,0,0
sample_f81ba106ca14b59f,Ca-Mn-Co-Ni-Sn-Sb|Mn0.1Co0.2Ni0.7,Ca-Mn-Co-Ni-Sn-Sb,Mn0.1Co0.2Ni0.7,3,0.1,0,0.2,0.7,0,0,0,0,0,0,0
sample_f85511f04f70c5db,Mn-Fe-Co-Ni-Cu-Ta|Mn0.7Cu0.3,Mn-Fe-Co-Ni-Cu-Ta,Mn0.7Cu0.3,2,0.7,0,0,0,0,0,0.3,0,0,0,0
sample_f875a47e2f9efa41,Ca-Mn-Co-Ni-Sn-Sb|Ca0.1Mn0.7Co0.2,Ca-Mn-Co-Ni-Sn-Sb,Ca0.1Mn0.7Co0.2,3,0.7,0,0.2,0,0,0,0,0,0,0.1,0
sample_f883023291f9f013,Mn-Fe-Co-Cu-Sn-Ta|Mn0.4Co0.1Cu0.5,Mn-Fe-Co-Cu-Sn-Ta,Mn0.4Co0.1Cu0.5,3,0.4,0,0.1,0,0,0,0.5,0,0,0,0
sample_f898b947aee37ac2,Mn-Fe-Co-Cu-Sn-Ta|Fe0.1Co0.5Ta0.4,Mn-Fe-Co-Cu-Sn-Ta,Fe0.1Co0.5Ta0.4,3,0,0.1,0.5,0,0,0,0,0.4,0,0,0
sample_f89e4e74bdf6f3ee,Mn-Fe-Co-Ni-La-Ce|Ni0.1La0.3Ce0.6,Mn-Fe-Co-Ni-La-Ce,Ni0.1La0.3Ce0.6,3,0,0,0,0.1,0.3,0.6,0,0,0,0,0
sample_f8be91f038e27050,Mn-Fe-Co-Cu-Sn-Ta|Mn0.1Cu0.8Ta0.1,Mn-Fe-Co-Cu-Sn-Ta,Mn0.1Cu0.8Ta0.1,3,0.1,0,0,0,0,0,0.8,0.1,0,0,0
sample_f8c4fb5b23c5c7f5,Mn-Fe-Co-Ni-La-Ce|Mn0.1Ni0.6Ce0.3,Mn-Fe-Co-Ni-La-Ce,Mn0.1Ni0.6Ce0.3,3,0.1,0,0,0.6,0,0.3,0,0,0,0,0
sample_f8c9cf7b49a928e7,Ca-Mn-Co-Ni-Sn-Sb|Mn0.2Ni0.4Sb0.4,Ca-Mn-Co-Ni-Sn-Sb,Mn0.2Ni0.4Sb0.4,3,0.2,0,0,0.4,0,0,0,0,0,0,0.4
sample_f8cba6f26b2be8e7,Ca-Mn-Co-Ni-Sn-Sb|Ni0.6Sn0.2Sb0.2,Ca-Mn-Co-Ni-Sn-Sb,Ni0.6Sn0.2Sb0.2,3,0,0,0,0.6,0,0,0,0,0.2,0,0.2
sample_f8d08ebdeaa05fba,Ca-Mn-Co-Ni-Sn-Sb|Ca0.2Mn0.4Sn0.4,Ca-Mn-Co-Ni-Sn-Sb,Ca0.2Mn0.4Sn0.4,3,0.4,0,0,0,0,0,0,0,0.4,0.2,0
sample_f8df0a17d5c6932a,Mn-Fe-Co-Cu-Sn-Ta|Fe0.6Ta0.4,Mn-Fe-Co-Cu-Sn-Ta,Fe0.6Ta0.4,2,0,0.6,0,0,0,0,0,0.4,0,0,0
sample_f90cdec2bf7051dd,Mn-Fe-Co-Cu-Sn-Ta|Mn0.5Co0.4Cu0.1,Mn-Fe-Co-Cu-Sn-Ta,Mn0.5Co0.4Cu0.1,3,0.5,0,0.4,0,0,0,0.1,0,0,0,0
sample_f9352c95cdf14662,Mn-Fe-Co-Cu-Sn-Ta|Mn0.7Fe0.1Ta0.2,Mn-Fe-Co-Cu-Sn-Ta,Mn0.7Fe0.1Ta0.2,3,0.7,0.1,0,0,0,0,0,0.2,0,0,0
sample_f95e02bcc097c029,Mn-Fe-Co-Cu-Sn-Ta|Mn0.2Fe0.6Sn0.2,Mn-Fe-Co-Cu-Sn-Ta,Mn0.2Fe0.6Sn0.2,3,0.2,0.6,0,0,0,0,0,0,0.2,0,0
sample_f9631e6e5889b66b,Ca-Mn-Co-Ni-Sn-Sb|Ca0.7Ni0.2Sb0.1,Ca-Mn-Co-Ni-Sn-Sb,Ca0.7Ni0.2Sb0.1,3,0,0,0,0.2,0,0,0,0,0,0.7,0.1
sample_f96452a2b98ce4a2,Mn-Fe-Co-Ni-La-Ce|Co0.3Ni0.6La0.1,Mn-Fe-Co-Ni-La-Ce,Co0.3Ni0.6La0.1,3,0,0,0.3,0.6,0.1,0,0,0,0,0,0
sample_f969e425d4778d97,Mn-Fe-Co-Ni-La-Ce|Mn0.8Co0.2,Mn-Fe-Co-Ni-La-Ce,Mn0.8Co0.2,2,0.8,0,0.2,0,0,0,0,0,0,0,0
sample_f9bd458927dc78aa,Ca-Mn-Co-Ni-Sn-Sb|Ca0.1Mn0.6Sn0.3,Ca-Mn-Co-Ni-Sn-Sb,Ca0.1Mn0.6Sn0.3,3,0.6,0,0,0,0,0,0,0,0.3,0.1,0
sample_f9be927ee3ea5d17,Mn-Fe-Co-Ni-Cu-Ta|Mn0.4Co0.1Ta0.5,Mn-Fe-Co-Ni-Cu-Ta,Mn0.4Co0.1Ta0.5,3,0.4,0,0.1,0,0,0,0,0.5,0,0,0
sample_f9d5606102ab38f7,Mn-Fe-Co-Ni-La-Ce|La0.8Ce0.2,Mn-Fe-Co-Ni-La-Ce,La0.8Ce0.2,2,0,0,0,0,0.8,0.2,0,0,0,0,0
sample_f9db3aa984904388,Mn-Fe-Co-Ni-La-Ce|Co0.4Ni0.1Ce0.5,Mn-Fe-Co-Ni-La-Ce,Co0.4Ni0.1Ce0.5,3,0,0,0.4,0.1,0,0.5,0,0,0,0,0
sample_f9f5f8c0733afbf1,Mn-Fe-Co-Cu-Sn-Ta|Mn0.2Co0.4Ta0.4,Mn-Fe-Co-Cu-Sn-Ta,Mn0.2Co0.4Ta0.4,3,0.2,0,0.4,0,0,0,0,0.4,0,0,0
sample_f9ff8d7612c365fd,Mn-Fe-Co-Cu-Sn-Ta|Co0.5Cu0.5,Mn-Fe-Co-Cu-Sn-Ta,Co0.5Cu0.5,2,0,0,0.5,0,0,0,0.5,0,0,0,0
sample_fa02ee9472b6bdd9,Mn-Fe-Co-Ni-Cu-Ta|Ni0.5Cu0.3Ta0.2,Mn-Fe-Co-Ni-Cu-Ta,Ni0.5Cu0.3Ta0.2,3,0,0,0,0.5,0,0,0.3,0.2,0,0,0
sample_fa043b7f23626db6,Mn-Fe-Co-Cu-Sn-Ta|Mn0.1Co0.1Cu0.8,Mn-Fe-Co-Cu-Sn-Ta,Mn0.1Co0.1Cu0.8,3,0.1,0,0.1,0,0,0,0.8,0,0,0,0
sample_fa1fee8f0716eb0a,Mn-Fe-Co-Cu-Sn-Ta|Mn0.4Co0.3Sn0.3,Mn-Fe-Co-Cu-Sn-Ta,Mn0.4Co0.3Sn0.3,3,0.4,0,0.3,0,0,0,0,0,0.3,0,0
sample_fa5e67d6675da650,Ca-Mn-Co-Ni-Sn-Sb|Mn0.2Ni0.1Sb0.7,Ca-Mn-Co-Ni-Sn-Sb,Mn0.2Ni0.1Sb0.7,3,0.2,0,0,0.1,0,0,0,0,0,0,0.7
sample_fa68d1827da8bb33,Mn-Fe-Co-Cu-Sn-Ta|Mn0.5Fe0.1Co0.4,Mn-Fe-Co-Cu-Sn-Ta,Mn0.5Fe0.1Co0.4,3,0.5,0.1,0.4,0,0,0,0,0,0,0,0
sample_fa6d29c15f9f89a9,Mn-Fe-Co-Cu-Sn-Ta|Fe0.1Cu0.9,Mn-Fe-Co-Cu-Sn-Ta,Fe0.1Cu0.9,2,0,0.1,0,0,0,0,0.9,0,0,0,0
sample_fa71153d689c3c7b,Mn-Fe-Co-Cu-Sn-Ta|Fe0.1Ta0.9,Mn-Fe-Co-Cu-Sn-Ta,Fe0.1Ta0.9,2,0,0.1,0,0,0,0,0,0.9,0,0,0
sample_fa7acb0370688258,Ca-Mn-Co-Ni-Sn-Sb|Ca0.7Co0.3,Ca-Mn-Co-Ni-Sn-Sb,Ca0.7Co0.3,2,0,0,0.3,0,0,0,0,0,0,0.7,0
sample_fa874bed14bfa9eb,Mn-Fe-Co-Ni-Cu-Ta|Co0.7Ni0.3,Mn-Fe-Co-Ni-Cu-Ta,Co0.7Ni0.3,2,0,0,0.7,0.3,0,0,0,0,0,0,0
sample_facd4158f86e5149,Mn-Fe-Co-Ni-La-Ce|Mn0.3Ce0.7,Mn-Fe-Co-Ni-La-Ce,Mn0.3Ce0.7,2,0.3,0,0,0,0,0.7,0,0,0,0,0
sample_fad4b8cfbcdeb67d,Mn-Fe-Co-Cu-Sn-Ta|Mn0.8Cu0.2,Mn-Fe-Co-Cu-Sn-Ta,Mn0.8Cu0.2,2,0.8,0,0,0,0,0,0.2,0,0,0,0
sample_faf07d7abb9d58c2,Mn-Fe-Co-Ni-Cu-Ta|Fe0.4Co0.2Cu0.4,Mn-Fe-Co-Ni-Cu-Ta,Fe0.4Co0.2Cu0.4,3,0,0.4,0.2,0,0,0,0.4,0,0,0,0
sample_fafb78a1695b7e92,Mn-Fe-Co-Ni-La-Ce|Mn0.8Fe0.1La0.1,Mn-Fe-Co-Ni-La-Ce,Mn0.8Fe0.1La0.1,3,0.8,0.1,0,0,0.1,0,0,0,0,0,0
sample_fb0aa7e5ed5860ad,Mn-Fe-Co-Ni-La-Ce|Mn0.4Ni0.3La0.3,Mn-Fe-Co-Ni-La-Ce,Mn0.4Ni0.3La0.3,3,0.4,0,0,0.3,0.3,0,0,0,0,0,0
sample_fb145beb3bcc1764,Mn-Fe-Co-Cu-Sn-Ta|Mn0.3Cu0.1Ta0.6,Mn-Fe-Co-Cu-Sn-Ta,Mn0.3Cu0.1Ta0.6,3,0.3,0,0,0,0,0,0.1,0.6,0,0,0
sample_fb2dba7e069b8e46,Mn-Fe-Co-Ni-Cu-Ta|Mn0.2Ni0.7Cu0.1,Mn-Fe-Co-Ni-Cu-Ta,Mn0.2Ni0.7Cu0.1,3,0.2,0,0,0.7,0,0,0.1,0,0,0,0
sample_fb36137c9a765531,Ca-Mn-Co-Ni-Sn-Sb|Mn0.4Sn0.3Sb0.3,Ca-Mn-Co-Ni-Sn-Sb,Mn0.4Sn0.3Sb0.3,3,0.4,0,0,0,0,0,0,0,0.3,0,0.3
sample_fb45b6dc3622c76a,Mn-Fe-Co-Cu-Sn-Ta|Fe0.4Co0.1Ta0.5,Mn-Fe-Co-Cu-Sn-Ta,Fe0.4Co0.1Ta0.5,3,0,0.4,0.1,0,0,0,0,0.5,0,0,0
sample_fb9fa7ecf81154ee,Mn-Fe-Co-Cu-Sn-Ta|Mn0.3Fe0.2Sn0.5,Mn-Fe-Co-Cu-Sn-Ta,Mn0.3Fe0.2Sn0.5,3,0.3,0.2,0,0,0,0,0,0,0.5,0,0
sample_fbcb2741095a8007,Ca-Mn-Co-Ni-Sn-Sb|Ca0.3Co0.6Sn0.1,Ca-Mn-Co-Ni-Sn-Sb,Ca0.3Co0.6Sn0.1,3,0,0,0.6,0,0,0,0,0,0.1,0.3,0
sample_fbdba26a7f20ee63,Ca-Mn-Co-Ni-Sn-Sb|Mn0.5Co0.2Ni0.3,Ca-Mn-Co-Ni-Sn-Sb,Mn0.5Co0.2Ni0.3,3,0.5,0,0.2,0.3,0,0,0,0,0,0,0
sample_fc0a33d9d85c7ea9,Ca-Mn-Co-Ni-Sn-Sb|Ca0.4Ni0.5Sn0.1,Ca-Mn-Co-Ni-Sn-Sb,Ca0.4Ni0.5Sn0.1,3,0,0,0,0.5,0,0,0,0,0.1,0.4,0
sample_fc0b032a36cdd764,Mn-Fe-Co-Ni-La-Ce|Ni0.5La0.3Ce0.2,Mn-Fe-Co-Ni-La-Ce,Ni0.5La0.3Ce0.2,3,0,0,0,0.5,0.3,0.2,0,0,0,0,0
sample_fc3ea9eba47493fa,Mn-Fe-Co-Ni-Cu-Ta|Fe0.3Co0.5Ta0.2,Mn-Fe-Co-Ni-Cu-Ta,Fe0.3Co0.5Ta0.2,3,0,0.3,0.5,0,0,0,0,0.2,0,0,0
sample_fc426652a4ddc48b,Ca-Mn-Co-Ni-Sn-Sb|Sn0.4Sb0.6,Ca-Mn-Co-Ni-Sn-Sb,Sn0.4Sb0.6,2,0,0,0,0,0,0,0,0,0.4,0,0.6
sample_fc4f1fd597fab2e2,Mn-Fe-Co-Ni-La-Ce|Mn0.3Fe0.3Co0.4,Mn-Fe-Co-Ni-La-Ce,Mn0.3Fe0.3Co0.4,3,0.3,0.3,0.4,0,0,0,0,0,0,0,0
sample_fc5bda2c28dfe08e,Ca-Mn-Co-Ni-Sn-Sb|Mn0.7Ni0.2Sn0.1,Ca-Mn-Co-Ni-Sn-Sb,Mn0.7Ni0.2Sn0.1,3,0.7,0,0,0.2,0,0,0,0,0.1,0,0
sample_fc705ce07f29e251,Mn-Fe-Co-Cu-Sn-Ta|Mn0.3Fe0.6Co0.1,Mn-Fe-Co-Cu-Sn-Ta,Mn0.3Fe0.6Co0.1,3,0.3,0.6,0.1,0,0,0,0,0,0,0,0
sample_fc885aff39f7e9b3,Mn-Fe-Co-Cu-Sn-Ta|Mn0.8Fe0.1Co0.1,Mn-Fe-Co-Cu-Sn-Ta,Mn0.8Fe0.1Co0.1,3,0.8,0.1,0.1,0,0,0,0,0,0,0,0
sample_fccdb285dcfc1892,Mn-Fe-Co-Ni-La-Ce|Mn0.7La0.2Ce0.1,Mn-Fe-Co-Ni-La-Ce,Mn0.7La0.2Ce0.1,3,0.7,0,0,0,0.2,0.1,0,0,0,0,0
sample_fcecb25c9eddd0f4,Mn-Fe-Co-Ni-Cu-Ta|Mn0.4Ni0.4Cu0.2,Mn-Fe-Co-Ni-Cu-Ta,Mn0.4Ni0.4Cu0.2,3,0.4,0,0,0.4,0,0,0.2,0,0,0,0
sample_fcf74e212349b2aa,Mn-Fe-Co-Ni-Cu-Ta|Mn0.3Fe0.6Ni0.1,Mn-Fe-Co-Ni-Cu-Ta,Mn0.3Fe0.6Ni0.1,3,0.3,0.6,0,0.1,0,0,0,0,0,0,0
sample_fd1a913bcab3fba1,Mn-Fe-Co-Ni-La-Ce|Mn0.4Ni0.4La0.2,Mn-Fe-Co-Ni-La-Ce,Mn0.4Ni0.4La0.2,3,0.4,0,0,0.4,0.2,0,0,0,0,0,0
sample_fd40b38b5b95b3cc,Mn-Fe-Co-Cu-Sn-Ta|Mn0.7Ta0.3,Mn-Fe-Co-Cu-Sn-Ta,Mn0.7Ta0.3,2,0.7,0,0,0,0,0,0,0.3,0,0,0
sample_fd56143bd3478ee4,Mn-Fe-Co-Ni-Cu-Ta|Cu0.9Ta0.1,Mn-Fe-Co-Ni-Cu-Ta,Cu0.9Ta0.1,2,0,0,0,0,0,0,0.9,0.1,0,0,0
sample_fd77609f2db2bd73,Mn-Fe-Co-Ni-La-Ce|Fe0.5Co0.4Ce0.1,Mn-Fe-Co-Ni-La-Ce,Fe0.5Co0.4Ce0.1,3,0,0.5,0.4,0,0,0.1,0,0,0,0,0
sample_fd7a95d7d56329a0,Ca-Mn-Co-Ni-Sn-Sb|Ca0.1Ni0.8Sn0.1,Ca-Mn-Co-Ni-Sn-Sb,Ca0.1Ni0.8Sn0.1,3,0,0,0,0.8,0,0,0,0,0.1,0.1,0
sample_fd95596eba09e535,Mn-Fe-Co-Ni-Cu-Ta|Co0.4Cu0.6,Mn-Fe-Co-Ni-Cu-Ta,Co0.4Cu0.6,2,0,0,0.4,0,0,0,0.6,0,0,0,0
sample_fd9f9901aad50642,Mn-Fe-Co-Cu-Sn-Ta|Fe0.4Co0.6,Mn-Fe-Co-Cu-Sn-Ta,Fe0.4Co0.6,2,0,0.4,0.6,0,0,0,0,0,0,0,0
sample_fdb495eb52c076e8,Mn-Fe-Co-Ni-Cu-Ta|Co0.1Ta0.9,Mn-Fe-Co-Ni-Cu-Ta,Co0.1Ta0.9,2,0,0,0.1,0,0,0,0,0.9,0,0,0
sample_fdc6498f9429cca3,Mn-Fe-Co-Cu-Sn-Ta|Co0.4Cu0.3Sn0.3,Mn-Fe-Co-Cu-Sn-Ta,Co0.4Cu0.3Sn0.3,3,0,0,0.4,0,0,0,0.3,0,0.3,0,0
sample_fe0766b363dddc03,Mn-Fe-Co-Ni-Cu-Ta|Mn0.1Co0.9,Mn-Fe-Co-Ni-Cu-Ta,Mn0.1Co0.9,2,0.1,0,0.9,0,0,0,0,0,0,0,0
sample_fe0d4478e407c5ac,Mn-Fe-Co-Cu-Sn-Ta|Fe0.6Co0.2Cu0.2,Mn-Fe-Co-Cu-Sn-Ta,Fe0.6Co0.2Cu0.2,3,0,0.6,0.2,0,0,0,0.2,0,0,0,0
sample_fe3048844f3ce1fb,Mn-Fe-Co-Ni-La-Ce|Mn0.3Co0.5Ce0.2,Mn-Fe-Co-Ni-La-Ce,Mn0.3Co0.5Ce0.2,3,0.3,0,0.5,0,0,0.2,0,0,0,0,0
sample_fe397c486f09aaca,Mn-Fe-Co-Ni-La-Ce|Mn0.5Fe0.4Ce0.1,Mn-Fe-Co-Ni-La-Ce,Mn0.5Fe0.4Ce0.1,3,0.5,0.4,0,0,0,0.1,0,0,0,0,0
sample_fe78fe783903b807,Ca-Mn-Co-Ni-Sn-Sb|Co0.2Ni0.3Sb0.5,Ca-Mn-Co-Ni-Sn-Sb,Co0.2Ni0.3Sb0.5,3,0,0,0.2,0.3,0,0,0,0,0,0,0.5
sample_fe7ca6e1bf73f199,Mn-Fe-Co-Cu-Sn-Ta|Fe0.4Co0.3Cu0.3,Mn-Fe-Co-Cu-Sn-Ta,Fe0.4Co0.3Cu0.3,3,0,0.4,0.3,0,0,0,0.3,0,0,0,0
sample_feaa373f07f70512,Mn-Fe-Co-Cu-Sn-Ta|Mn0.7Fe0.2Sn0.1,Mn-Fe-Co-Cu-Sn-Ta,Mn0.7Fe0.2Sn0.1,3,0.7,0.2,0,0,0,0,0,0,0.1,0,0
sample_feadf9b3cf12b568,Mn-Fe-Co-Cu-Sn-Ta|Co0.6Sn0.3Ta0.1,Mn-Fe-Co-Cu-Sn-Ta,Co0.6Sn0.3Ta0.1,3,0,0,0.6,0,0,0,0,0.1,0.3,0,0
sample_feb17b78395cab7c,Ca-Mn-Co-Ni-Sn-Sb|Co0.4Sn0.3Sb0.3,Ca-Mn-Co-Ni-Sn-Sb,Co0.4Sn0.3Sb0.3,3,0,0,0.4,0,0,0,0,0,0.3,0,0.3
sample_feb5133101cc17be,Mn-Fe-Co-Ni-La-Ce|Fe0.3Ni0.4Ce0.3,Mn-Fe-Co-Ni-La-Ce,Fe0.3Ni0.4Ce0.3,3,0,0.3,0,0.4,0,0.3,0,0,0,0,0
sample_fed6e6a74b4e59fe,Ca-Mn-Co-Ni-Sn-Sb|Ca0.1Ni0.1Sb0.8,Ca-Mn-Co-Ni-Sn-Sb,Ca0.1Ni0.1Sb0.8,3,0,0,0,0.1,0,0,0,0,0,0.1,0.8
sample_fed8b0efd3512eda,Mn-Fe-Co-Ni-La-Ce|Fe0.3Co0.5Ce0.2,Mn-Fe-Co-Ni-La-Ce,Fe0.3Co0.5Ce0.2,3,0,0.3,0.5,0,0,0.2,0,0,0,0,0
sample_feddcc1420becf17,Mn-Fe-Co-Ni-Cu-Ta|Mn0.4Co0.1Ni0.5,Mn-Fe-Co-Ni-Cu-Ta,Mn0.4Co0.1Ni0.5,3,0.4,0,0.1,0.5,0,0,0,0,0,0,0
sample_ff0a2ef6ee61977d,Mn-Fe-Co-Ni-Cu-Ta|Mn0.5Co0.2Cu0.3,Mn-Fe-Co-Ni-Cu-Ta,Mn0.5Co0.2Cu0.3,3,0.5,0,0.2,0,0,0,0.3,0,0,0,0
sample_ff31e9c5e2db2571,Ca-Mn-Co-Ni-Sn-Sb|Ca0.6Co0.2Ni0.2,Ca-Mn-Co-Ni-Sn-Sb,Ca0.6Co0.2Ni0.2,3,0,0,0.2,0.2,0,0,0,0,0,0.6,0
sample_ff4ff9e80df79146,Mn-Fe-Co-Ni-Cu-Ta|Co0.2Cu0.7Ta0.1,Mn-Fe-Co-Ni-Cu-Ta,Co0.2Cu0.7Ta0.1,3,0,0,0.2,0,0,0,0.7,0.1,0,0,0
sample_ff5c2937f3e6c689,Ca-Mn-Co-Ni-Sn-Sb|Co0.3Ni0.3Sb0.4,Ca-Mn-Co-Ni-Sn-Sb,Co0.3Ni0.3Sb0.4,3,0,0,0.3,0.3,0,0,0,0,0,0,0.4
sample_ff5d9c2f14e848bb,Mn-Fe-Co-Ni-La-Ce|Mn0.6Fe0.3La0.1,Mn-Fe-Co-Ni-La-Ce,Mn0.6Fe0.3La0.1,3,0.6,0.3,0,0,0.1,0,0,0,0,0,0
sample_ff6d03c33e5a466a,Mn-Fe-Co-Cu-Sn-Ta|Fe0.1Co0.1Cu0.8,Mn-Fe-Co-Cu-Sn-Ta,Fe0.1Co0.1Cu0.8,3,0,0.1,0.1,0,0,0,0.8,0,0,0,0
sample_ff7088a46ba841f8,Mn-Fe-Co-Ni-La-Ce|Fe0.4Ni0.4Ce0.2,Mn-Fe-Co-Ni-La-Ce,Fe0.4Ni0.4Ce0.2,3,0,0.4,0,0.4,0,0.2,0,0,0,0,0
sample_ff83711d5c5bed79,Mn-Fe-Co-Ni-La-Ce|Co0.4Ni0.2La0.4,Mn-Fe-Co-Ni-La-Ce,Co0.4Ni0.2La0.4,3,0,0,0.4,0.2,0.4,0,0,0,0,0,0
sample_ff94c0050e6a8a41,Mn-Fe-Co-Ni-Cu-Ta|Fe0.6Co0.2Ta0.2,Mn-Fe-Co-Ni-Cu-Ta,Fe0.6Co0.2Ta0.2,3,0,0.6,0.2,0,0,0,0,0.2,0,0,0
sample_ffa075c7e1ca2769,Mn-Fe-Co-Ni-La-Ce|Fe0.5Co0.5,Mn-Fe-Co-Ni-La-Ce,Fe0.5Co0.5,2,0,0.5,0.5,0,0,0,0,0,0,0,0
sample_ffa0f408cb655a35,Ca-Mn-Co-Ni-Sn-Sb|Mn0.1Co0.6Sb0.3,Ca-Mn-Co-Ni-Sn-Sb,Mn0.1Co0.6Sb0.3,3,0.1,0,0.6,0,0,0,0,0,0,0,0.3
sample_ffaa4921453e9be6,Mn-Fe-Co-Cu-Sn-Ta|Mn0.6Co0.3Cu0.1,Mn-Fe-Co-Cu-Sn-Ta,Mn0.6Co0.3Cu0.1,3,0.6,0,0.3,0,0,0,0.1,0,0,0,0
sample_ffb3e0ebca185c5a,Mn-Fe-Co-Cu-Sn-Ta|Mn0.2Co0.3Ta0.5,Mn-Fe-Co-Cu-Sn-Ta,Mn0.2Co0.3Ta0.5,3,0.2,0,0.3,0,0,0,0,0.5,0,0,0
sample_ffb8c52859991be9,Ca-Mn-Co-Ni-Sn-Sb|Ca0.2Mn0.6Ni0.2,Ca-Mn-Co-Ni-Sn-Sb,Ca0.2Mn0.6Ni0.2,3,0.6,0,0,0.2,0,0,0,0,0,0.2,0
