composition,current_density,n_replicates,j_c3h6,j_c3h6_sd,fe_h2_mean,fe_h2_sd,fe_co_mean,fe_co_sd,fe_ch4_mean,fe_ch4_sd,fe_c2h4_mean,fe_c2h4_sd,fe_c2h6_mean,fe_c2h6_sd,fe_c2h2_mean,fe_c2h2_sd,fe_c3h6_mean,fe_c3h6_sd,fe_c3h8_mean,fe_c3h8_sd,fe_c3h4_mean,fe_c3h4_sd
Ag-0.50-Au-0.50,100,3,0.00177974923791381,0.000324941882251604,35.9445118935204,0.632120682508429,55.8431818181818,3.89324948197847,0.0185164403546179,0.0161555157096712,0,0,0.00295610188697837,0.00256005933029838,0,0,0.00177974923791381,0.000324941882251604,0.00490109302601179,0.00075789104457074,0,0
Ag-0.50-Au-0.50,200,3,0.00420378923831866,0.000830020996190875,63.3013794715922,2.53668802810251,31.3488636363636,4.53097081642071,0.0331986683125725,0.00106215320873083,0.000999312972331522,0.000885481661280234,0.00566586195004188,0.00107377911601238,0,0,0.00210189461915933,0.000415010498095438,0.00438737944610139,0.000201966447723799,0,0
Ag-0.50-Au-0.50,300,3,0.0052740091579958,0.000465047961967273,87.0584056175134,3.42083412293611,13.0136363636364,4.20145771141713,0.0267459694011147,0.00293948184743607,0.00137405533695584,0.00012491412154144,0.00481735122322401,0.000474085061166367,0,0,0.00175800305266527,0.000155015987322424,0.00328389717709023,0.000389750083002408,0,0
Ag-0.50-Cd-0.50,100,3,0.000439846042566547,0.000761835693233363,10.8759386663069,2.74533418774016,59.6045454545455,0.716298595339929,0,0,0,0,0.00131382306087928,0.00227560829359856,0,0,0.000439846042566547,0.000761835693233363,0.00151668390859063,0.00262697358870112,0,0
Ag-0.50-Cd-0.50,200,3,0.0044908195668231,0.00165023322268491,27.1650689735796,3.87097495989996,38.5738636363636,4.13802975934879,0.035349567949725,0.00981932443047918,0.00168634064080944,0.000816732048630443,0.00673334318700629,0.00243035072292272,0,0,0.00224540978341155,0.000825116611342455,0.00448560455913823,0.00139382983108262,0,0
Ag-0.50-Cd-0.50,300,3,0.00908995179183415,0.00183036061548991,67.7434944237918,5.60097680141992,15.4,2.82416245903831,0.059726430504121,0.0147891552431202,0.00303957695750838,0.000831719207854524,0.00963470244644802,0.00198663703028078,0,0,0.00302998393061138,0.000610120205163303,0.00523771280813312,0.00111582709984963,0,0
Ag-0.50-In-0.50,100,3,0.00229302681597911,0.000695333574940829,41.70533747021,4.83350621554148,5.51136363636364,0.563329278515735,0.0362847417050088,0.0108994892337811,0,0,0.00558374800873692,0.0012398933233599,0,0,0.00229302681597911,0.000695333574940829,0.00518314892557262,0.00186733201222201,0,0
Ag-0.50-In-0.50,200,3,0.00459294937977589,0.00114061556056342,58.2680617255085,13.836429221168,3.13068181818182,0.656463218018778,0.0582613249541765,0.0123134367776554,0.00199862594466304,0.000471540468132581,0.00788293836527566,0.00153840419727014,0,0,0.00229647468988794,0.00057030778028171,0.00451415185083296,0.000285553152109335,0,0
Ag-0.50-In-0.50,300,3,0.0044973825896717,5.46794037340093e-05,81.949111937216,13.6660394454682,1.28030303030303,0.601952459157199,0.0461975835110163,0.006372919252385,0.00141569337746966,0.000314360312088387,0.00541952012612701,0.000752586703282232,0,0,0.00149912752989057,1.82264679113364e-05,0.00298755910439326,0.000678905493463139,0,0
Ag-0.50-Pb-0.50,100,3,0.00595806442276437,0.00192183182087178,42.0992400737443,2.04902303624654,22.3659090909091,3.9478175527438,0.125126248456963,0.0462562312771293,0.00624570607707201,0.0027622689885074,0.0174081555566504,0.00712832254822903,0,0,0.00595806442276437,0.00192183182087178,0.010861046686412,0.00268675085988887,0,0
Ag-0.50-Pb-0.50,200,3,0.0135318931331601,0.00654685056526973,39.0571662380173,11.5911113820204,21.3784090909091,7.11856957538428,0.138218681030936,0.07180015374928,0.0080569608394229,0.00294476927965181,0.0183114089110049,0.00782628142578959,0,0,0.00676594656658005,0.00327342528263486,0.0101905380403695,0.00356403654928483,0,0
Ag-0.50-Pb-0.50,300,3,0.0155879800259835,0.00311041828509259,50.6825278810409,31.0263993690534,17.25,10.4541815648133,0.125437973042058,0.0566614464918963,0.00616242999604439,0.000144238403395072,0.0147257668073552,0.00265487634253166,0,0,0.00519599334199451,0.00103680609503087,0.00767477379672745,0.000676752138257625,0,0
Ag-0.50-Sn-0.50,100,3,0,0,4.57282251899816,2.54717274598039,53.5272727272727,4.99718464125982,0,0,0,0,0,0,0,0,0,0,0,0,0,0
Ag-0.50-Sn-0.50,200,3,0.000592638205555512,0.0010264794825286,7.59060088847323,4.28427236446276,40.8238636363636,7.79838170593136,0,0,0,0,0.000656911530439638,0.00113780414679928,0,0,0.000296319102777756,0.000513239741264298,0.000659028498819194,0.00114147084359069,0,0
Ag-0.50-Sn-0.50,300,3,0.00420498048867977,0.000100176397697261,35.5392812887237,8.43818638790744,26.1863636363636,4.34810980591538,0.0263718998990012,0.00265167524758871,0.00104095101284534,0.000144238403395072,0.00394146918263783,0.00016422788260991,0,0,0.00140166016289326,3.33921325657535e-05,0.00286111629605781,0.000148760986221519,0,0
Ag-1.00,100,3,0.0020290682812652,0.000648537785688342,10.8101983002833,2.76102135530718,85.6261363636364,3.17461420672974,0,0,0,0,0,0,0,0,0.0020290682812652,0.000648537785688342,0.00415928792067157,0.000314804568970135,0,0
Ag-1.00,200,3,0.00555480826177377,0.00128854298588134,23.2474865559972,1.74201031450858,68.3322727272727,2.26116098909278,0.0308607339243631,0.00312409626463361,0.00180500905627381,0.000844279938019765,0.00596147213873972,0.00146402502420098,0,0,0.00277740413088688,0.00064427149294067,0.00523696865688579,0.00105226554881113,0,0
Ag-1.00,300,3,0.0164383075462745,0.00427150085745776,71.1078232135481,8.51326706942715,26.6165151515151,7.80968440613422,0.0844274866270153,0.0304511185717755,0.00598338642183499,0.00133564683661307,0.0128371461573413,0.00280191891702341,0,0,0.00547943584875817,0.00142383361915259,0.0077366564287487,0.000459081390133421,0,0
Au-0.50-Pb-0.50,100,3,0.00238321619176792,0.000338529234731549,36.6201268042628,3.05134006233835,2.24318181818182,1.95167998198119,0.036097706953952,0.000323953691611283,0.000499656486165761,0.000865430420370434,0.00574797589134683,0.000284451036699821,0,0,0.00238321619176792,0.000338529234731549,0.00506590444939529,0.000490867998289566,0,0
Au-0.50-Pb-0.50,200,3,0.00205422831186924,0.000764774046984164,48.2362637362637,19.6094994409314,1.71022727272727,1.69454223870647,0.0231923091310366,0.00877071341614735,0.000562113546936481,0.000495737551258121,0.00295610188697837,0.000492683647829729,0,0,0.00102711415593462,0.000382387023492082,0.00246199912176109,9.93836302434327e-05,0,0
Au-0.50-Pb-0.50,300,3,0.000882397727409076,0.00152835769635583,86.0165220983065,9.80750761669342,0,0,0.0202620980311475,0.0106991942901598,0.000208190202569067,0.000360596008487681,0.00202547721885555,0.000904496649305497,0,0,0.000294132575803025,0.000509452565451944,0.000693514509235495,0.00120120236578207,0,0
Au-1.00,100,2,0.000889310977994641,0.0012576756462473,52.1786051531094,8.33399696105067,42.2863636363636,3.81837661840736,0,0,0,0,0,0,0,0,0.000889310977994641,0.0012576756462473,0.00197662573261262,0.00279537091879643,0,0
Au-1.00,200,2,0.00246521003511992,0.000590622528903689,89.5067220014028,9.50576690308448,13.0193181818182,6.93286057736083,0.0144484345191337,0.000595140933553934,0,0,0.00123170911957432,0.00174189974180063,0,0,0.00123260501755996,0.000295311264451845,0.00209993420253786,0.000786655889740157,0,0
Au-1.00,300,2,0.00282568515662604,0.00117313376130678,99.7814126394052,2.01284473078283,2.99545454545455,2.92806489845884,0.0154303669621816,0.00515788809080076,0.000374742364624321,0.000529965734447478,0.00139593700218423,0.00197415304070738,0,0,0.000941895052208681,0.00039104458710226,0.00190826743450297,0.000431415450999935,0,0
Cd-0.50-Au-0.50,100,3,0.000886932895759454,0.00153621283835957,39.0075992625568,4.55452662618513,43.6181818181818,5.4720627805591,0,0,0,0,0,0,0,0,0.000886932895759454,0.00153621283835957,0.000935479487893489,0.00162029800247004,0,0
Cd-0.50-Au-0.50,200,3,0.00298748308153682,0.000872658480035958,48.9368716389993,10.4915872483523,29.2806818181818,5.20633814401588,0.0198256836120151,0.00398080960868454,0.0021859971269752,0.00315948781960945,0.00287398794567342,0.000512801399090046,0,0,0.00149374154076841,0.000436329240017979,0.00289963008740434,0.000362096018776013,0,0
Cd-0.50-Au-0.50,300,3,0.00591983458799789,0.00121417127228953,64.3609252375052,9.60224448941212,17.7477272727273,4.80341272017412,0.0352248781156872,0.00407346630853742,0.00220681614723211,0.00101736653741141,0.00541952012612701,0.00086901227145706,0,0,0.0019732781959993,0.000404723757429843,0.00338376638035431,0.000613418433264449,0,0
Cd-0.50-In-0.50,100,2,0.00132964701913619,0.00188040484763136,12.3199109672197,6.68904128297675,7.03636363636364,0.0867812867819856,0,0,0,0,0,0,0,0,0.00132964701913619,0.00188040484763136,0.00140419723941038,0.00198583478022102,0,0
Cd-0.50-In-0.50,200,2,0.00303308816627528,0.00232305090636909,33.178863689502,10.2053512717052,3.09375,0.648449059565391,0.027073280215464,0.00813359275857043,0.000468427955780401,0.000662457168059348,0.00357195644676553,0.000870949870900314,0,0,0.00151654408313764,0.00116152545318454,0.00372436352055374,0.000704447330707289,0,0
Cd-0.50-In-0.50,300,2,0.00725032347883054,0.000795515596180453,72.543990086741,15.2314480777224,1.88068181818182,0.69264323338955,0.0632177458571803,0.0283022577290093,0.00206108300543376,0.00114825909130287,0.00730814077614097,0.00336767283414788,0,0,0.00241677449294351,0.000265171865393484,0.00388311088794679,0.00234032729473737,0,0
Cd-0.50-Pb-0.50,100,3,0.000409795756248945,0.000709787070549283,14.8887090246864,1.98709797109867,38.2,1.46121340949882,0.0170201623461639,0.0147639029453229,0,0,0.00279187400436846,0.00243035072292272,0,0,0.000409795756248945,0.000709787070549283,0.00174561011144171,0.00302348540322301,0,0
Cd-0.50-Pb-0.50,200,3,0.00255496231285186,0.00132518442274592,19.9798924479776,1.21020838625002,29.1272727272727,2.16792451303427,0.0261848651479445,0.00438535670807368,0.000562113546936481,0.000495737551258121,0.00394146918263783,0.000985367295659457,0,0,0.00127748115642593,0.000662592211372958,0.00327569518168818,0.000423884892984266,0,0
Cd-0.50-Pb-0.50,300,3,0.00740622774349263,0.000595575903367854,28.2627839735646,3.01667503752294,18.2643939393939,2.10564144509857,0.0458858589259218,0.00827474657940227,0.0021651781067183,0.000381618944888376,0.00788293836527566,0.000914382152178487,0,0,0.00246874258116421,0.000198525301122618,0.00438513756346471,0.000570042188800107,0,0
Cd-0.50-Sn-0.50,100,3,0,0,3.34070776563694,0.827387786393763,27.66,3.29037373219527,0,0,0,0,0,0,0,0,0,0,0,0,0,0
Cd-0.50-Sn-0.50,200,3,0.00471896557330063,0.000396515553604369,21.9780453588964,0.461563620166054,7.43568181818182,0.738335847958208,0.0505648449481914,0.000820984560419283,0.00238585972144151,0.000937105706502332,0.0101821287218144,0.000995578628449372,0,0,0.00235948278665032,0.000198257776802184,0.0068244961761544,0.000989238951732603,0,0
Cd-0.50-Sn-0.50,300,3,0.00914656051915597,0.00454762919024666,60.2733002891367,31.4631142581416,5.55340909090909,1.09229374719683,0.0827878153094178,0.0504065432182484,0.00338933649782441,0.00268566329638875,0.0110032681348639,0.00681694095367698,0,0,0.00304885350638532,0.00151587639674889,0.00582706791502682,0.00300660574362536,0,0
Cd-1.00,100,3,0.00213419527089498,0.000797104623650779,9.16947704483115,1.77726988320001,56.1545454545455,1.12260074737928,0,0,0,0,0.00114959517826937,0.00199115725689874,0,0,0.00213419527089498,0.000797104623650779,0.00425045851152117,0.00141873121939616,0,0
Cd-1.00,200,3,0.00342042057797225,0.00186310442446227,18.0566986205284,6.30759448759685,39.5409090909091,6.34631398435474,0.0274941084053417,0.00864264493364907,0.000999312972331522,0.000286214208666282,0.00410569706524774,0.00140075890601501,0,0,0.00171021028898612,0.000931552212231135,0.00394725463286728,0.000835736315588292,0,0
Cd-1.00,300,3,0.0098572839127552,0.00183129845029118,31.4950020652623,6.03740957831666,24.5454545454546,1.4277376920693,0.0636541602763127,0.0119414523795595,0.00316449107904982,0.000970264626213732,0.00925150405369157,0.00166132826476748,0,0,0.00328576130425173,0.000610432816763726,0.00541150414843143,0.000534495642979112,0,0
Co-0.50-Ag-0.50,100,2,0.0316431476177007,0.00731089578546605,98.5653581545933,3.91279106492273,0.981818181818182,1.38850058851177,0.111098642127707,0.0119028186710787,0.0125538692149147,0.00291481153946113,0.0532098339656107,0.00766435886392277,0,0,0.0316431476177007,0.00731089578546605,0.0807555284339477,0.0146613854510143,0,0
Co-0.50-Ag-0.50,200,2,0.0212129796769513,0.00965468139575213,98.3385550619593,2.53298643782069,0.4875,0.689429111656884,0.0566715295701941,0.0174574673842487,0.00459059396664793,0.00225235437140178,0.0205695422968912,0.00818692878646296,0,0,0.0106064898384757,0.00482734069787606,0.0286457877493748,0.0114458502673755,0,0
Co-0.50-Ag-0.50,300,2,0.00996130653946263,0.00339992940665698,102.137670384139,3.90985362950509,0.522727272727273,0.0482118259899918,0.0241274828863203,0.00634816995790863,0.000499656486165761,0.000706620979263304,0.0068975710696162,0.00232253298906751,0,0,0.00332043551315421,0.00113330980221899,0.00916365635873041,0.00309129643906382,0,0
Co-0.50-Au-0.50,100,3,0.0216719226111266,0.00235145988450641,100.736094248842,1.08674765252509,1.95454545454545,0.592685267613664,0.0927692365241462,0.00732307333649494,0.00911873087252514,0.00228971366933026,0.0440130725394558,0.00704267679702799,0,0,0.0216719226111266,0.00235145988450641,0.0608719092237736,0.0104368450018287,0,0
Co-0.50-Au-0.50,200,3,0.0100330521690864,0.00254724556379301,101.992167407061,1.56743796718853,0.598863636363636,0.534154976814967,0.0304866644222497,0.00611019946280613,0.00199862594466304,0.000540894012731521,0.0106748123696441,0.00271348994791649,0,0,0.0050165260845432,0.00127362278189651,0.0143633654640464,0.00347484410281807,0,0
Co-0.50-Au-0.50,300,3,0.00486624864497888,0.00147161110600849,103.589508467575,1.76978349759403,0,0,0.0125936732378209,0.00145278372519995,0.000499656486165761,0.00012491412154144,0.00317507239712492,0.000683735198786728,0,0,0.00162208288165963,0.000490537035336164,0.00434661069095814,0.000548021186917167,0,0
Co-0.50-Cd-0.50,100,3,0.0357690665020538,0.00249676779340381,97.3791537389271,0.903167389474784,1.99090909090909,0.303006627863032,0.199192009875435,0.0136060550476738,0.0174879770158016,0.00151450323564826,0.0888472844919611,0.00553767069027849,0,0,0.0357690665020538,0.00249676779340381,0.123616708118556,0.00610306271243405,0,0
Co-0.50-Cd-0.50,200,3,0.0218500754435786,0.00825463938772549,97.527706336217,0.955677026329984,3.95681818181818,1.34576787276089,0.0940784797815434,0.0329840701930257,0.00643307725938417,0.00335354287893543,0.029068335221954,0.0125803274718468,0,0,0.0109250377217893,0.00412731969386274,0.0358261375961474,0.0154591574880041,0,0
Co-0.50-Cd-0.50,300,3,0.00751351993193176,0.00216641608963482,100.949772821148,0.714683510863357,2.01515151515152,0.385670054819626,0.0296761805010037,0.00713270537086675,0.00145733141798347,0.000590321107520156,0.00706179895222611,0.00189396833598903,0,0,0.00250450664397725,0.000722138696544939,0.00845230865300064,0.00213274080037996,0,0
Co-0.50-Cu-0.50,100,3,0.0364722303839844,0.00822959698786763,103.166059624983,3.06625991866661,0.797727272727273,1.38170416694699,0.132046534246063,0.0128483481057836,0.0177378052588845,0.00312035375599195,0.0686472549309422,0.00726325545236438,0,0,0.0364722303839844,0.00822959698786763,0.097451042065855,0.0167981371108348,0,0
Co-0.50-Cu-0.50,200,3,0.0348992958193211,0.00443562310318214,104.375847556699,3.6396590961139,0.281818181818182,0.488123409405775,0.0750944525492837,0.00228496459859922,0.0086815314471301,0.000709375847329994,0.0323528928741522,0.00135674497395824,0,0,0.0174496479096606,0.00221781155159107,0.0455709627420835,0.00304685576818623,0,0
Co-0.50-Cu-0.50,300,3,0.0211317627156627,0.00458321341261729,106.455762081784,2.71255156008516,0,0,0.0351625331986683,0.00364117800731901,0.00333104324110507,0.000590321107520156,0.0128645174711096,0.00180899329861099,0,0,0.0070439209052209,0.00152773780420576,0.0179299297946875,0.00226378955514483,0,0
Co-0.50-In-0.50,100,3,0.0123557232663129,0.00262932473464915,103.545797922568,14.5783712356415,3.05,0.519719608129596,0.0908988890135787,0.0179290150473241,0.00349759540316033,0.00323090803981702,0.0517317830221215,0.010000385835436,0,0,0.0123557232663128,0.00262932473464915,0.0515284531603485,0.0080918616072033,0,0
Co-0.50-In-0.50,200,3,0.0127951378121009,0.00488532922872191,105.181435585691,13.7718725092638,1.65,0.661758902502507,0.0506864175363783,0.0113695746837597,0.00206108300543376,0.00216086988845246,0.0238130429784369,0.00834052931548043,0,0,0.00639756890605043,0.00244266461436096,0.025288749895628,0.00856358881401714,0,0
Co-0.50-In-0.50,300,3,0.00997241894833318,0.00427437934921552,106.79083023544,13.6127148504063,0.931818181818182,0.333332472450679,0.0285539719946633,0.00841102020149847,0.00112422709387296,0.00126773987447283,0.0117149222928402,0.0047861463915071,0,0,0.00332413964944439,0.00142479311640517,0.0131459304766004,0.00492189648142088,0,0
Co-0.50-Ni-0.50,100,3,0.00431315293639678,0.00019727081938837,103.155784882414,1.70342718934773,0,0,0.0639658848614073,0.0034130639267749,0.00177378052588845,0.00153659602170326,0.0161436008605541,0.00173934307924985,0,0,0.00431315293639678,0.00019727081938837,0.0140056658144088,0.00152291290790696,0,0
Co-0.50-Ni-0.50,200,3,0.00403502806711219,0.000847215657148266,102.138391395838,0.725438164949393,0,0,0.0276063292559758,0.00796234416624618,0.000824433202173506,0.000722776897957126,0.00611748862721913,0.00233158773291631,0,0,0.0020175140335561,0.000423607828574133,0.00520905285973826,0.00109055093469924,0,0
Co-0.50-Ni-0.50,300,3,0.0028183989804906,0.000114880165749104,102.599248244527,0.617451938658502,0,0,0.0134602675843838,0.00364167435219766,0.00018737118231216,0.000324536407638913,0.00277545121610747,0.000731321347266831,0,0,0.0009394663268302,3.82933885830346e-05,0.00273415746981715,0.00062339431071598,0,0
Co-0.50-Pb-0.50,100,3,0.0403335671880157,0.00338656056871985,102.324744817663,0.793017098939172,0,0,0.14887966184117,0.000323953691611283,0.0177378052588845,0.000432715210185215,0.0734098635266296,0.00214755823202478,0,0,0.0403335671880157,0.00338656056871985,0.103063615998416,0.00659764432489383,0,0
Co-0.50-Pb-0.50,200,3,0.0188108265348557,0.00573231150068722,103.853518821604,0.96347493530561,0,0,0.0489095874013392,0.0117909798558172,0.00405970895009681,0.00132932338103759,0.0183935228523099,0.00470205393316595,0,0,0.00940541326742783,0.00286615575034361,0.0253656987579118,0.00615955792935573,0,0
Co-0.50-Pb-0.50,300,3,0.00641672130827271,0.00340891819208129,104.859231722429,0.951438297197474,0,0,0.0152121597526154,0.00498135496837571,0.000624570607707201,0.000544488032420295,0.00443415283046756,0.00193621818044565,0,0,0.00213890710275757,0.0011363060640271,0.00601637296387928,0.00226394258734196,0,0
Co-0.50-Pd-0.50,100,3,0.0244385970637849,0.000847361286980631,97.8659112370161,1.13709140262136,3.17727272727273,0.444438776938153,0.0908988890135787,0.00404618031137245,0.0103678720879395,0.000943080936265161,0.0476260859568738,0.00271348994791649,0,0,0.0244385970637849,0.000847361286980631,0.0718946128544265,0.00434084616525774,0,0
Co-0.50-Pd-0.50,200,3,0.0144221202643154,0.00241277086643355,100.331540799626,0.343810730313861,1.05568181818182,0.00857935731280758,0.0426439232409382,0.00737483976438947,0.00337268128161889,0.000649072815277825,0.0153553070240265,0.00246752052049017,0,0,0.00721106013215772,0.00120638543321678,0.0204339987232041,0.00325564358776081,0,0
Co-0.50-Pd-0.50,300,3,0.00578633686559344,0.000843757869208591,102.017926476662,0.937123537442216,0,0,0.0143393309143506,0.00155737552797376,0.000749484729248642,0.00024982824308288,0.00394146918263783,0.000752586703282232,0,0,0.00192877895519781,0.00028125262306953,0.00502379289167025,0.000653282103175218,0,0
Co-0.50-Ru-0.50,100,3,0.00343608903572015,0.000302624450477523,97.679077296641,5.23020693675274,0,0,0.0407735757303707,0.00226767584127897,0,0,0.00952521719137475,0.00028445103669982,0,0,0.00343608903572015,0.000302624450477523,0.00863358617285439,0.000207175467060816,0,0
Co-0.50-Ru-0.50,200,3,0.00210130300251667,0.000159489261192128,97.218611176058,6.59470657867328,0,0,0.0224441701268096,0.00292905019327532,0,0,0.00500895041960224,0.00102560279818009,0,0,0.00105065150125833,7.97446305960642e-05,0.00461480713326071,0.000856669679344729,0,0
Co-0.50-Ru-0.50,300,3,0.00178006494733443,0.000627251820893092,97.4493184634449,7.47481267705888,0,0,0.0119702240676318,0.000494847437823026,0,0,0.00251816086668528,0.000341867599393364,0,0,0.000593354982444809,0.000209083940297697,0.0025828678758054,0.000332220677723958,0,0
Co-0.50-Sn-0.50,100,3,0.00206161765613076,0.000363235909014163,98.481496470165,2.91999540079891,5.20227272727273,0.547453722713068,0.0173942318482774,0.0151913212553932,0,0,0.00640488742178647,0.000985367295659457,0,0,0.00206161765613076,0.000363235909014163,0.00757245185275729,0.00131469414703853,0,0
Co-0.50-Sn-0.50,200,3,0.00229903788500491,0.000460764697512317,95.5605564648118,9.35752138765766,2.97159090909091,1.00957643417736,0.0203867878651854,0.00225025425794261,0,0,0.00385935524133287,0.000568902073399641,0,0,0.00114951894250245,0.000230382348756159,0.00372683573204588,0.000522641673863219,0,0
Co-0.50-Sn-0.50,300,3,0.00290654066649689,0.000649449668742814,102.871871127633,3.12913006165182,1.11439393939394,0.204562288869547,0.0112844299804237,0.00280759866063111,0,0,0.00240867561161201,0.000810116907640907,0,0,0.000968846888832295,0.000216483222914271,0.0024744583289979,0.000554454228209747,0,0
Co-0.50-Zn-0.50,100,3,0.000430878511978395,0.000746303474636256,102.553172354872,2.88460625788797,0,0,0,0,0,0,0,0,0,0,0.000430878511978395,0.000746303474636256,0.00152834152809643,0.00264716517798048,0,0
Co-0.50-Zn-0.50,200,3,0.00178482642085325,0.000520469566399916,100.307458498948,4.64979841249616,0,0,0,0,0,0,0.000656911530439638,0.00113780414679928,0,0,0.000892413210426627,0.000260234783199958,0.00263710779347045,0.000147885080487314,0,0
Co-0.50-Zn-0.50,300,3,0.00194921181460291,0.000213383663356566,105.252209830648,3.549201308367,0,0,0.00261848651479445,0.00453535168255794,0,0,0.00147805094348919,0.00016422788260991,0,0,0.000649737271534304,7.11278877855219e-05,0.00212984916811682,0.00019800507127238,0,0
Co-1.00,100,3,0.0629448159242838,0.0065434739927519,97.9187463465084,2.96060743264366,0,0,0.183855160288782,0.0112407729782042,0.0277309349821997,0.00208647718299795,0.0952521719137475,0.00838045085294909,0,0,0.0629448159242838,0.0065434739927519,0.143348556173614,0.0155927373639517,0,0
Co-1.00,200,3,0.076163901862459,0.0127528981735514,99.5734159457564,3.96033511278929,0,0,0.131953016870535,0.0263514972599524,0.0179251764411967,0.00400699892132795,0.0637204184526449,0.0139359237070643,0,0,0.0380819509312295,0.00637644908677572,0.0932699605038677,0.0168683081214766,0,0
Co-1.00,300,3,0.0269044376157419,0.0124654725090353,103.521354812061,2.41739578382197,0,0,0.0341650145263657,0.0120942711534878,0.00333104324110507,0.00169595168774936,0.0135761716290859,0.00588553261493629,0,0,0.00896814587191396,0.00415515750301176,0.0206180188370998,0.00958412817040695,0,0
Cr-0.50-Ag-0.50,100,3,0.0063350273127181,0.00162302938850349,67.6289401501866,7.87993655996348,35.5840909090909,2.98209533080072,0.105487599596005,0.0128565135645714,0.00324776716007745,0.000432715210185217,0.0262764612175855,0.00455121658719713,0,0,0.0063350273127181,0.00162302938850349,0.0172060125289195,0.00428193716733914,0,0
Cr-0.50-Ag-0.50,200,3,0.0048305420202911,0.000823212973275334,94.3919803600655,3.21552814276918,8.32045454545455,0.824170789138648,0.0538660083043429,0.00885851947247612,0.001561426519268,0.000286214208666282,0.0133845724327076,0.00274683100682822,0,0,0.00241527101014555,0.000411606486637667,0.00853666971587875,0.00221136045281929,0,0
Cr-0.50-Ag-0.50,300,3,0.00296346807244451,0.000588635582561587,101.333911606774,4.66886541501798,2.70909090909091,0.403260215807228,0.0267459694011147,0.00269745354091497,0.000624570607707201,0.00012491412154144,0.00585746114642011,0.000810116907640906,0,0,0.000987822690814835,0.000196211860853862,0.0037155328212121,0.000579482033197566,0,0
Cr-0.50-Au-0.50,100,3,0.00537882636281888,0.00150591114746753,95.4388686541661,0.879902688594457,7.02045454545455,1.65135650475151,0.141772341301014,0.0277183986610536,0.00424708013240897,0.000943080936265162,0.030874841930663,0.00656089877171936,0,0,0.00537882636281888,0.00150591114746753,0.019398362615109,0.00429326611654036,0,0
Cr-0.50-Au-0.50,200,3,0.00449755463097137,0.00119466933905177,102.38379705401,0.999726814539489,1.59886363636364,0.541251562706503,0.0623760894774249,0.0158737308889528,0.0018737118231216,0.000858642625998846,0.014452053669672,0.00373866497112289,0,0,0.00224877731548569,0.000597334669525885,0.0089429697590411,0.00216178702949822,0,0
Cr-0.50-Au-0.50,300,3,0.00275792892650245,0.000283557133190443,104.643948781495,1.46004976912973,0.309090909090909,0.267719169502313,0.0229429294629609,0.00295924993735728,0.000208190202569067,0.000360596008487681,0.00487209385076065,0.000683735198786728,0,0,0.000919309642167484,9.45190443968143e-05,0.00298186574522104,0.000394094558097424,0,0
Cr-0.50-Cd-0.50,100,3,0.00181776027978039,0.000416336424595266,45.9161832816224,1.71757139444462,30.6763636363636,1.7631311952235,0.0617027643736206,0.00535563158782204,0,0,0.00729171798787998,0.000521407362874235,0,0,0.00181776027978039,0.000416336424595266,0.00676927954515733,0.00046227757438132,0,0
Cr-0.50-Cd-0.50,200,3,0.00233320195901819,0.000473172680073191,77.1432429272855,2.21518606976218,12.0689772727273,1.35989471042813,0.0414936595219392,0.00926472160294089,0.00024982824308288,0.000432715210185217,0.00550163406743197,0.00140075890601501,0,0,0.00116660097950909,0.000236586340036595,0.00385651852920091,0.000494571874116036,0,0
Cr-0.50-Cd-0.50,300,3,0.00313584865387604,0.000750296303127819,91.1998017348203,5.03731165350368,5.44977272727273,2.34476384958711,0.0283731717353084,0.00457784508294894,0.000353923344367414,0.00030809336470653,0.00382103540205723,0.000887641197493195,0,0,0.00104528288462535,0.000250098767709273,0.00241939397929946,0.000271049014302288,0,0
Cr-0.50-Co-0.50,100,3,0.00694415260442634,0.00136592757195924,99.9649264805072,1.05317947057701,0,0,0.0658362323719747,0.00141208140412052,0.00299793891699457,0,0.0206927132088486,0.00130351840718559,0,0,0.00694415260442634,0.00136592757195924,0.0213505576452426,0.00285360678260647,0,0
Cr-0.50-Co-0.50,200,3,0.00479631611368546,0.00112784530267642,101.277881692775,1.35851377455304,0,0,0.0297385254180227,0.00728895806125383,0.000936855911560802,0.000374742364624321,0.00771871048266575,0.00285515735506293,0,0,0.00239815805684273,0.00056392265133821,0.00770453992496635,0.00232777021803157,0,0
Cr-0.50-Co-0.50,300,3,0.00378034590803444,0.00169534958864455,101.761668731929,1.21779823117286,0,0,0.0129053978229155,0.00317959076796469,0.000166552162055254,0.000288476806790145,0.0028466166319051,0.00100344893770964,0,0,0.00126011530267815,0.000565116529548182,0.00304512192694691,0.000804681095672839,0,0
Cr-0.50-Cu-0.50,100,3,0.00182863681889506,0.0015926201396796,93.2586896892846,1.10425824584711,4.39090909090909,1.16111454364807,0.0417087494856544,0.00657554177654844,0.0296046468053213,0.0084462639457258,0.00755448260005584,0.0014222551834991,0,0,0.00182863681889506,0.0015926201396796,0.00483754009892263,0.00426309355711603,0,0
Cr-0.50-Cu-0.50,200,3,0.00276230312225108,0.000594753516739078,104.069090483984,0.939501810995839,0.776136363636364,0.68014852382609,0.032076459806232,0.00988855045985087,0.0257947660983074,0.0146585271297968,0.00591220377395674,0.0034487855348081,0,0,0.00138115156112554,0.000297376758369539,0.00522940103682806,0.00195482061919164,0,0
Cr-0.50-Cu-0.50,300,3,0.0029726229120413,0.00163267585756066,107.753985956216,1.66460718300295,0.165909090909091,0.287362974892109,0.0157732640057856,0.00657642838637874,0.00761976141402786,0.00729545524974022,0.00109485255073273,0.00189634024466547,0,0,0.000990874304013766,0.000544225285853555,0.0020661003051233,0.000593100550232153,0,0
Cr-0.50-Fe-0.50,100,3,0.0034284568699406,0.000638140591259627,103.834030307118,1.11294129705516,0,0,0.113530093891445,0.0113522544461852,0.00162388358003872,0.00281264886620391,0.0208569410914585,0.0034604962154843,0,0,0.0034284568699406,0.000638140591259627,0.0124407358670053,0.00209335322162496,0,0
Cr-0.50-Fe-0.50,200,3,0.00310155736030611,0.000701779633732658,92.5447743745616,4.64912796033346,0,0,0.0537724909288146,0.00922130640899242,0.00193616888389232,0.000602314081630939,0.0094431032500698,0.00215226263685621,0,0,0.00155077868015306,0.000350889816866329,0.00595819600854224,0.00130134662778458,0,0
Cr-0.50-Fe-0.50,300,3,0.00245235941068867,0.000600487919877509,100.326807104502,6.01926635774264,0,0,0.0213219616204691,0.00402450805957992,0.000541294526679575,0.000190809472444188,0.00322981502466155,0.00104298713456601,0,0,0.000817453136896222,0.00020016263995917,0.00229154452977752,0.000329439896205313,0,0
Cr-0.50-In-0.50,100,3,0.00253757822083513,5.89678019263098e-05,86.5861774360358,1.48764840527243,1.10681818181818,0.962314165810214,0.0733176224142446,0.0118276375668742,0.00174879770158016,0.000780088438997989,0.0105105844870342,0.00373054037266609,0,0,0.00253757822083513,5.89678019263098e-05,0.00790301916118128,0.00209908021528824,0,0
Cr-0.50-In-0.50,200,3,0.00282648952100941,0.000855142969498733,94.0323825111059,2.06275756965086,0.605681818181818,0.551012169699567,0.0464781356376015,0.00958131037600953,0.00112422709387296,0.000495737551258121,0.00648700136309143,0.0023926035513185,0,0,0.00141324476050471,0.000427571484749366,0.0046180962834297,0.00188082053896708,0,0
Cr-0.50-In-0.50,300,3,0.00153186057481442,0.000923544120121845,98.2731102850062,3.83051161250581,0.153030303030303,0.265056259946146,0.0176436115163531,0.00216777499104898,0,0,0.00229919035653873,0.00043450613572853,0,0,0.000510620191604807,0.000307848040040615,0.00243727299818022,0.000738224938533718,0,0
Cr-0.50-Mn-0.50,100,3,0.00412963883771744,0.00465487298153996,94.7497639282342,6.52890112553913,0,0,0.122133692440055,0.115816503014735,0.00437199425395041,0.0075725161782413,0.0190504343827495,0.0223307651821247,0,0,0.00412963883771744,0.00465487298153996,0.0115292126216344,0.00991785439658769,0,0
Cr-0.50-Mn-0.50,200,3,0.00224258904410394,0.000709794210202457,103.279284545242,2.34585104551296,0,0,0.039838401975087,0.0163804966636685,0.000624570607707201,0.00108178802546304,0.00476260859568738,0.00312896140369803,0,0,0.00112129452205197,0.000354897105101229,0.00338380414040443,0.00127300410672244,0,0
Cr-0.50-Mn-0.50,300,3,0.00206102744280846,0.0006368950094503,95.8627839735646,9.36719678027927,0,0,0.0204491327822043,0.00403029872165339,0.000208190202569067,0.000360596008487681,0.00218970510146546,0.000527918781702439,0,0,0.000687009147602821,0.000212298336483433,0.00170167363452252,0.000417024649698158,0,0
Cr-0.50-Ni-0.50,100,3,0.00424474604299714,0.000387958627814922,99.2333288367283,1.91763622348984,1.86818181818182,0.190054907246814,0.0938914450304867,0.021427522607619,0.00474673661857473,0.00108178802546304,0.016258560378381,0.00532918846449819,0,0,0.00424474604299714,0.000387958627814922,0.0087215158237324,0.00296030760583192,0,0
Cr-0.50-Ni-0.50,200,3,0.00755488526196935,0.00242980451710603,101.686345569324,2.0411830699758,0.602272727272727,0.533578090360161,0.0764972131822093,0.0140509662227553,0.00418462307163825,0.000844903457527242,0.0134666863740126,0.00283382337730328,0,0,0.00377744263098468,0.00121490225855302,0.00695573387234628,0.000784229387369498,0,0
Cr-0.50-Ni-0.50,300,3,0.00354007365052157,0.000869423082434541,103.228170177613,2.11127187137505,0,0,0.0208232022843178,0.00374692432606809,0.000791122769762455,0.000190809472444188,0.0034487855348081,0.000998959210769772,0,0,0.00118002455017386,0.000289807694144847,0.00238979277987968,0.000237772085329911,0,0
Cr-0.50-Pb-0.50,100,3,0.000380425862303194,0.000658916922022333,78.7663564009173,7.38346377380455,0,0,0.0372199154602925,0.00180369781936052,0,0,0.00410569706524774,0.00028445103669982,0,0,0.000380425862303194,0.000658916922022333,0.00159392901477312,0.00276076603724525,0,0
Cr-0.50-Pb-0.50,200,3,0.000599011196455097,0.00103751782656285,94.9788403086275,3.19977496278734,0,0,0.0204803052407137,0.00816498272407993,0,0,0.00172439276740405,0.00161537136628615,0,0,0.000299505598227548,0.000518758913281425,0.000939678216999426,0.00162757041460874,0,0
Cr-0.50-Pb-0.50,300,3,0.000297740780484222,0.000515702159283884,99.6486575795126,2.76588313523232,0,0,0.00972580705495081,0.00159802561353337,0,0,0.000492683647829729,0.000853353110099462,0,0,9.9246926828074e-05,0.000171900719761295,0.000567139350422411,0.000982314169903226,0,0
Cr-0.50-Pd-0.50,100,3,0,0,103.206529070552,2.50823416602756,2.11818181818182,0.232851972983512,0,0,0,0,0,0,0,0,0,0,0,0,0,0
Cr-0.50-Pd-0.50,200,3,0,0,102.943652092588,2.54947653491719,1.32386363636364,0.307807747635001,0,0,0,0,0.000574797589134683,0.000995578628449372,0,0,0,0,0,0,0,0
Cr-0.50-Pd-0.50,300,3,0.00140021252950644,0.00123244499474956,103.985543163982,2.24738607612644,0.334090909090909,0.289832881456804,0,0,0,0,0,0,0,0,0.000466737509835481,0.000410814998249854,0.000785567040723332,0.000686978031436052,0,0
Cr-0.50-Ru-0.50,100,3,0.000401199949371725,0.00069489869630589,99.2926840235622,2.42724853486885,0,0,0.0317959076796469,0.00253015921491578,0,0,0,0,0,0,0.000401199949371725,0.00069489869630589,0.00156692309600376,0.00271399041383163,0,0
Cr-0.50-Ru-0.50,200,3,0.00200775559428763,0.000190970290227074,103.973579611877,1.91783260925913,0,0,0.0259978303968877,0.00701567326282537,0,0,0.00221707641523378,0.000426676555049731,0,0,0.00100387779714382,9.54851451135371e-05,0.00230234454584323,0.000539144198295969,0,0
Cr-0.50-Ru-0.50,300,3,0.00153849603162518,0.0013618757739755,100.591243287898,5.57885876330969,0,0,0.0106609808102345,0.00947991313917195,0,0,0.00104010992319609,0.000904496649305497,0,0,0.000512832010541726,0.000453958591325168,0.000915506466139003,0.00082203632285447,0,0
Cr-0.50-Sn-0.50,100,3,0.00549950767550182,0.000426566684853775,102.359593506902,1.22237179578635,0,0,0.171136797216923,0.00759047764474734,0.00687027668477921,0.000943080936265162,0.0356374505263504,0.00150517340656446,0,0,0.00549950767550182,0.000426566684853775,0.0163935581822364,0.00135414312403994,0,0
Cr-0.50-Sn-0.50,200,3,0.00741376617511397,0.000940810368680143,102.304769698387,2.64794590429499,0,0,0.113062507013803,0.0200295356846611,0.00412216601086753,0.000858642625998846,0.0223349920349477,0.00357266425544121,0,0,0.00370688308755699,0.000470405184340071,0.0106548265615146,0.00189410814415317,0,0
Cr-0.50-Sn-0.50,300,3,0.00466047433923138,0.000451973116339343,98.6655927302767,7.08132833310929,0,0,0.057544358408459,0.0150389586873898,0.00166552162055254,0.000520058959331992,0.0108937828797907,0.00265487634253166,0,0,0.00155349144641046,0.000150657705446448,0.00506864959175259,0.000956884130945258,0,0
Cr-0.50-Zn-0.50,100,3,0.00281869872604377,0.0006549868404913,87.9913665182787,0.887644446483728,12.025,1.64348356339225,0.088467437249841,0.00470569918281118,0,0,0.0137951421392324,0.00170670622019892,0,0,0.00281869872604377,0.0006549868404913,0.00829701344651191,0.000851470456966761,0,0
Cr-0.50-Zn-0.50,200,3,0.00402522233122587,0.00160256106939252,96.4463408931494,0.894061312614974,5.71136363636364,0.635384799137662,0.0804249429544009,0.0260993910380759,0.00131159827618512,0.000374742364624321,0.0134666863740126,0.00468265504898368,0,0,0.00201261116561294,0.000801280534696261,0.0068767137552778,0.00195036872709897,0,0
Cr-0.50-Zn-0.50,300,3,0.00212215818727852,0.000977995956387057,101.95150764147,1.77271382261407,0.710606060606061,0.662547103164632,0.0282422474095687,0.0102920109918061,0,0,0.00202547721885555,0.00190343823670862,0,0,0.000707386062426173,0.000325998652129019,0.00256120390429112,0.000585918509154465,0,0
Cr-1.00,100,3,0.00184705347393402,0.000190568640069001,98.3670578713072,4.77243795375783,0.934090909090909,1.61789291343366,0.0484420005236973,0.00962638628845081,0,0,0.00476260859568738,0.00113780414679928,0,0,0.00184705347393402,0.000190568640069001,0.00481359879703318,0.00111109725819058,0,0
Cr-1.00,200,3,0.00129640412072811,0.00128035954572786,99.9134907645546,2.70904002088611,0.379545454545455,0.657392011054551,0.0353495679497251,0.0114271192090766,0.000687027668477921,0.00075725161782413,0.00328455765219819,0.000752586703282232,0,0,0.000648202060364054,0.000640179772863929,0.00210020134662755,0.00184538032449662,0,0
Cr-1.00,300,3,0.000862414331322159,0.00149374543902552,102.312763320942,1.64046639645449,0,0,0.00972580705495081,0.000857100904304763,0,0,0.000383198392756456,0.000663719085632915,0,0,0.000287471443774053,0.000497915146341839,0.000385738185775404,0.000668118136182443,0,0
Cu-0.50-Ag-0.50,100,3,0.383360727443907,0.0882163166378232,17.6376185979585,4.36460168947313,56.1797727272727,9.55684353850274,0.0363782590805372,0.0118840679836817,6.49068765223909,1.3966136372218,0.0241743443201787,0.0106448555952651,0,0,0.383360727443907,0.0882163166378232,0.00469510142235936,0.000403856399262225,0,0
Cu-0.50-Ag-0.50,200,3,1.15058124166387,0.580262193535957,41.6461421557166,25.6378451926183,22.8227272727273,13.2564113503805,1.13308457711443,0.34490533072174,12.7902941727562,4.28428657188473,0.016324251531425,0.00688442030251641,0,0,0.575290620831935,0.290131096767979,0.00651891383401127,0.00222649976125581,0,0
Cu-0.50-Ag-0.50,300,3,0.434470163192012,0.28316777441336,74.2518876497315,17.9286193297706,10.1338636363636,7.0876371858398,2.74024613773239,2.15499066102055,5.5808506651677,3.28671473873055,0.00633372200598884,0.0031965991640609,0.00465445428444337,0.00369703193750606,0.144823387730671,0.0943892581377867,0.00263798447087474,0.00106011033957872,0,0
Cu-0.50-Au-0.50,100,3,0.0195065222418391,0.00250543896934395,102.577004361707,1.62319397581902,0.981818181818182,0.850525481711937,0.178057083006022,0.0109714655115868,0.0152395228280557,0.000572428417332564,0.0758732817657782,0.00819989012026075,0,0,0.0195065222418391,0.00250543896934395,0.0817237217030809,0.0127829435675734,0,0
Cu-0.50-Au-0.50,200,3,0.019572478635416,0.0067870492771769,96.7741407528642,14.9742387023131,0.653409090909091,0.571043927693283,0.101092282946171,0.029253305353254,0.0105552432702517,0.00377232374506065,0.0390041221198535,0.0129425221698418,0,0,0.00978623931770802,0.00339352463858845,0.0401544749177241,0.0138216639654084,0,0
Cu-0.50-Au-0.50,300,3,0.011069190938317,0.0037542049589971,102.710119785213,7.43799049256084,0.264393939393939,0.45794373624359,0.0415217147345977,0.0103783222227248,0.00478837465908854,0.00345344813603047,0.0145067962972087,0.00375336469350631,0,0,0.00368973031277232,0.00125140165299903,0.0147591449683782,0.00398406238640304,0,0
Cu-0.50-Cd-0.50,100,3,0.00148233270561296,0.00256747555984269,9.65645937317325,1.93565326347119,67.225,2.74777238853104,0.0288033516627389,0.0249696646390627,0.271563300231091,0.171454494969381,0,0,0,0,0.00148233270561296,0.00256747555984269,0.00111077804531385,0.00192392401041563,0,0
Cu-0.50-Cd-0.50,200,3,0.00516407622040034,0.00237178445052061,27.1810848725742,21.2578879540766,47.2363636363636,16.1541494889954,0.0518086260427187,0.0421261264212539,0.142714383861096,0.0672269245796665,0.00312032976958828,0.00113780414679928,0.000181972582797525,0.000315185758989848,0.00258203811020017,0.00118589222526031,0.00290882571852276,0.000838760729307318,0,0
Cu-0.50-Cd-0.50,300,3,0.00615064596162847,0.00155099570410595,69.369434118133,20.8651655530501,17.4060606060606,9.48849627913287,0.123692315365528,0.0883014678123319,0.0672870734703225,0.0757140683497707,0.00328455765219819,0.00301034681312893,0.0002426301103967,0.00042024767865313,0.00205021532054282,0.000516998568035317,0.00360018524781531,0.000439565685819524,0,0
Cu-0.50-In-0.50,100,3,0.00114123304328699,0.00197667361424951,27.5079814739871,5.67309564092341,34.6090909090909,1.83682628060575,0,0,0.106426831553307,0.0406642953236101,0,0,0,0,0.00114123304328699,0.00197667361424951,0.000794755525463068,0.00137655694969813,0,0
Cu-0.50-In-0.50,200,3,0.00129597017177749,0.00224468618261238,36.034019172317,3.82104625272623,10.0113636363636,1.50634505118288,0.0187034751056746,0.00588713976565935,0.037724064705515,0.00804242282534232,0,0,0,0,0.000647985085888747,0.00112234309130619,0.00105624570285167,0.00182947122261539,0,0
Cu-0.50-In-0.50,300,3,0.00508689219407701,0.000812293326258627,74.8370921106981,12.5422142981886,1.79469696969697,0.670367225952205,0.155301188294118,0.0322879263212944,0.0291466283596694,0.0182024921915947,0.00158753619856246,0.00274969335476493,0,0,0.001695630731359,0.000270764442086209,0.00279539580704732,0.000439565303436077,0,0
Cu-0.50-Pb-0.50,100,3,0.0050444241173095,0.00105930593672695,48.9138450469895,9.04915531033163,7.03181818181818,0.98475728015915,0.161785059664086,0.0592764441869237,0.436824683030417,0.105191412193674,0.00443415283046756,0.0040327894624193,0,0,0.0050444241173095,0.00105930593672695,0.00597319689933203,0.00159454856632997,0,0
Cu-0.50-Pb-0.50,200,3,0.00719093013377744,0.00132366920272507,65.0917699321955,15.0270104486639,2.86704545454546,0.505615419542698,0.139901993790446,0.0310138078013115,0.126100805696084,0.029485223630077,0.00895041960224007,0.00215226263685621,0,0,0.00359546506688872,0.000661834601362533,0.00614806354414522,0.000879309644479294,0,0
Cu-0.50-Pb-0.50,300,3,0.00861852758252283,0.00214760953312095,74.9980999586948,24.9404463161328,1.97954545454545,0.942803867318863,0.161972094415142,0.0659745035142231,0.0693273374554993,0.0344507168673543,0.00733551208990929,0.00166132826476748,0,0,0.00287284252750761,0.000715869844373651,0.00474583517767648,0.00130277957693788,0,0
Cu-0.50-Pd-0.50,100,3,0.130370936822788,0.0471930313343124,17.5264175547462,2.11228552910221,66.5,3.91960860438517,0,0,2.51464618075073,0.619329341653392,0.00262764612175855,0.00232833208171287,0,0,0.130370936822788,0.0471930313343124,0.00196510263420736,0.000579465979575142,0,0
Cu-0.50-Pd-0.50,200,3,1.21222599262468,0.167968830178428,41.3913958382044,12.1218931936137,21.0829545454545,15.8247100312238,0.814255788725545,0.702677866839531,13.2098557241896,3.85017647271609,0.0178187252631752,0.00258756651337451,0,0,0.60611299631234,0.083984415089214,0.00530554665832706,0.00112048123212141,0,0
Cu-0.50-Pd-0.50,300,3,0.710919762233501,0.403883008069525,75.2600578273441,11.8938497216317,3.88257575757576,2.5947383318977,1.51442037930647,0.231200448760607,9.06635021755876,3.56694507533373,0.010839040252254,0.0048966354685834,0,0,0.236973254077834,0.134627669356508,0.00318539256928134,0.00166026675020539,0,0
Cu-0.50-Ru-0.50,100,3,0,0,94.8857862313953,7.12908611414021,0,0,0,0,0,0,0,0,0,0,0,0,0,0,0,0
Cu-0.50-Ru-0.50,200,3,0,0,95.8296703296703,7.65449954124281,0,0,0,0,0.000312285303853601,0.000540894012731521,0,0,0,0,0,0,0,0,0,0
Cu-0.50-Ru-0.50,300,3,0.00130764703536999,0.0011911591266109,104.704254440314,1.57476934580481,0,0,0.0102245663911021,0.00131368891792326,0.00024982824308288,0.000432715210185217,0,0,0,0,0.00043588234512333,0.000397053042203633,0.000888965302754361,0.000810990030807444,0,0
Cu-0.50-Sn-0.50,100,3,0.0518877136042881,0.00557305554762738,9.82350825127029,2.35942944687975,70.4727272727273,1.74253573424592,0,0,1.48572856161389,0.0180746029027184,0.0596147213873972,0.00605419802307952,0,0,0.0518877136042881,0.00557305554762738,0.00336526010089978,0.000457693870523747,0,0
Cu-0.50-Sn-0.50,200,3,0.413541513470818,0.0274809934882822,18.5526069675006,8.67446570219246,32.8068181818182,8.02973305045505,0.242116485242958,0.197957707752944,5.22259696458685,0.04898278362546,0.0291504491632589,0.0139359237070643,0.00157709571757855,0.00137787415887426,0.206770756735409,0.0137404967441411,0.00849451844174209,0.00216462917104905,0,0
Cu-0.50-Sn-0.50,300,3,0.217371355075416,0.0606795397619433,55.1109458901281,19.6121608343256,20.75,7.23277127883226,1.20363096796718,0.18854154329175,1.91326796160973,0.889610102915521,0.00870407777832521,0.00166673097257267,0.00638925957377977,0.000370623615589456,0.0724571183584719,0.0202265132539811,0.00383889195611849,0.000195174865643747,0,0
Cu-0.50-Zn-0.50,100,3,0.0100167106057358,0.00884546660568757,17.3951166869014,1.4100811286964,80.9931818181818,0.610941050300402,0.0267459694011147,0.024550047766026,0.747860845668603,0.15277191124472,0.00114959517826937,0.00199115725689874,0,0,0.0100167106057358,0.00884546660568757,0.00159779428185431,0.00140700569618294,0,0
Cu-0.50-Zn-0.50,200,3,0.0294500931592472,0.0102814105207757,33.7689969604863,2.01426607529759,67.6409090909091,4.00021968017625,0.311319343133954,0.1788280129725,0.862344638061333,0.205494540987473,0.00451626677177251,0.00014222551834991,0.000909862913987626,0.00036394516559505,0.0147250465796236,0.00514070526038784,0.00335629505777806,0.00102648672218361,0,0
Cu-0.50-Zn-0.50,300,3,0.0044949353337859,0.00395966903303262,78.0142090045436,8.9924609957656,27.2386363636364,6.52645126509824,0.543460641653886,0.502401812859109,0.26477629962734,0.0538917701658704,0.00147805094348919,0.00134426315413977,0.00105139714505237,0.000731252429132805,0.00149831177792863,0.00131988967767754,0.00109000555468438,0.000994879820517225,0,0
Cu-1.00,100,3,0.188374622099002,0.0821925337568644,13.2403435406268,3.75115726752068,55.8831818181818,9.57573651225148,0,0,10.3294235213291,2.242196313539,0.00627350511569854,0.00620885659181253,0,0,0.188374622099002,0.0821925337568644,0.00184145860796079,0.00163273121174906,0,0
Cu-1.00,200,3,1.62870121006077,0.358742155099914,28.9881926584054,14.9798042913771,17.1543181818182,15.1270104752863,0.174989713088692,0.115840857503802,26.7932109174942,3.90589593117649,0.0131957103677062,0.00130499179173853,0,0,0.814350605030384,0.179371077549957,0.00710867806283588,0.00144989549552876,0,0
Cu-1.00,300,3,0.77304724918436,0.50444804595778,69.0689136720363,18.4518741699221,1.92295454545455,1.00332847405997,0.608068679160588,0.26746785736488,15.363291903483,9.43595543219323,0.00661838366917935,0.00353936806233858,0,0,0.257682416394787,0.168149348652593,0.00395199574929983,0.00308236059434885,0,0
Fe-0.50-Ag-0.50,100,3,0.0163090626858728,0.00270735630447966,100.832996087954,1.10180063001257,0,0,0.109602364119253,0.0158737308889528,0.00861907438635938,0.0018737118231216,0.0535382897308305,0.00616018765778557,0,0,0.0163090626858728,0.00270735630447966,0.0613882376665708,0.00695059394021065,0,0
Fe-0.50-Ag-0.50,200,3,0.0203548349214463,0.00246122513450833,101.011222819734,0.503088930040527,1.47272727272727,0.149883735933959,0.0768712826843228,0.00917281041649188,0.00699519080632066,0.00124757881178179,0.0322707789328472,0.00384008899544758,0,0,0.0101774174607231,0.00123061256725416,0.0361335148369904,0.00454394637118917,0,0
Fe-0.50-Ag-0.50,300,3,0.0102043652132839,0.00141322035968915,102.10565881867,0.531860106307093,0.581818181818182,0.0334793633242187,0.0300502500031173,0.00325211071353632,0.00220681614723211,0.000190809472444188,0.0109485255073273,0.00109348312861989,0,0,0.00340145507109463,0.000471073453229718,0.0122226891579422,0.00150601395140893,0,0
Fe-0.50-Au-0.50,100,3,0.0112928566136706,0.00111273429215262,102.991816178785,1.57488397565964,0,0,0.130363221486552,0.00605195439620074,0.00524639310474049,0.00037474236462432,0.0541952012612701,0.0022577601098467,0,0,0.0112928566136706,0.00111273429215262,0.0447461193784312,0.00329686693966396,0,0
Fe-0.50-Au-0.50,200,3,0.0125336745657397,0.00420089394794451,104.775309796586,2.00217539551485,0,0,0.0842591553510642,0.0307666480488985,0.00362250952470177,0.00159357327114772,0.0264406891001954,0.00861257427383507,0,0,0.00626683728286986,0.00210044697397225,0.0211868169971881,0.00775073874910049,0,0
Fe-0.50-Au-0.50,300,3,0.00528764523774383,0.000844321271108498,105.026765799256,1.29952633258746,0,0,0.0284916270776444,0.00199990211004444,0.000916036891303895,7.21192016975362e-05,0.00848510726817866,0.000904496649305497,0,0,0.00176254841258127,0.000281440423702833,0.00669549351668678,0.00115042157518734,0,0
Fe-0.50-Cd-0.50,100,3,0.12571849848113,0.0225597678032822,85.822204235802,3.69786450922366,12.5522727272727,2.227897639606,0.484420005236973,0.061502589155775,0.0884391980513397,0.0155912640529996,0.233860504836511,0.0370409426970376,0,0,0.12571849848113,0.0225597678032822,0.32318311010057,0.0557265831516244,0,0
Fe-0.50-Cd-0.50,200,3,0.0892047828185503,0.0604349529920869,95.4672667757774,2.98499439366267,7.06704545454545,4.0071728366221,0.200781805259417,0.124725011091803,0.0352257822746862,0.0258782599155577,0.0897505378463156,0.0574733654010322,0,0,0.0446023914092751,0.0302174764960435,0.116500365676987,0.0747983263478457,0,0
Fe-0.50-Cd-0.50,300,3,0.0377505795647145,0.0277847504529427,102.768690623709,1.31484868292115,2.63409090909091,1.37956791954151,0.0665843713762017,0.0408905192351767,0.0089938167509837,0.00780488381828159,0.0258932628248291,0.0171382897116593,0,0,0.0125835265215715,0.00926158348431422,0.0323094602696284,0.0219713294125488,0,0
Fe-0.50-Co-0.50,100,3,0.0187378405654181,0.00135758734959585,101.957462116102,0.853283289659301,0,0,0.183350166460928,0.00328920697939051,0.0101055524327025,0.000638529906645784,0.0776797884744872,0.00288686272704455,0,0,0.0187378405654181,0.00135758734959585,0.07317296480892,0.00393054917304891,0,0
Fe-0.50-Co-0.50,200,3,0.0219189612913894,0.00140340476295293,103.088859013327,1.10426121206259,0,0,0.0985766655444582,0.00249838455336412,0.00590843794891012,0.000240925632652376,0.0366720861867928,0.000296975600992349,0,0,0.0109594806456947,0.000701702381476463,0.0374426497093086,0.000305219175391862,0,0
Fe-0.50-Co-0.50,300,3,0.0105480788600929,0.0016564747664949,103.484997934738,0.904868557422465,0,0,0.0357049339767329,0.00444234111587189,0.00165303020839839,0.00020764820252396,0.0118025104968988,0.00130407004428484,0,0,0.00351602628669762,0.000552158255498301,0.0122382953006103,0.00138599816127919,0,0
Fe-0.50-Cu-0.50,100,3,0.0162424975647945,0.0054060600849451,106.095080714061,6.88871293178562,0.959318181818182,1.66158783153369,0.138742378333894,0.0294363940462817,0.0136905877209419,0.0143348302312304,0.0492683647829729,0.00735733582453963,0,0,0.0162424975647945,0.0054060600849451,0.0540132179938963,0.00958184050820352,0,0
Fe-0.50-Cu-0.50,200,3,0.0158821587179741,0.00854518523816768,108.920107552022,5.83457443034688,0,0,0.0819212209628549,0.0367480450944563,0.00758228717756542,0.0037504827935788,0.0246998735445304,0.00782891731184599,0,0,0.00794107935898707,0.00427259261908384,0.0252188019041229,0.00940205102770863,0,0
Fe-0.50-Cu-0.50,300,3,0.00970423833995328,0.00694725581261032,110.354308137133,8.82281625871688,0,0,0.037307198344119,0.0268775206395506,0.00226927320800283,0.00144373563571593,0.0108116689384857,0.00664176081755049,0,0,0.00323474611331776,0.00231575193753677,0.0103003025179634,0.00781968579771512,0,0
Fe-0.50-In-0.50,100,3,0.0543828163451793,0.00377737834629248,100.300148387967,3.41150671834216,0,0,0.390715594957543,0.019293611424835,0.0438448566610455,0.00297442530754872,0.159465274014222,0.00700812543507312,0,0,0.0543828163451793,0.00377737834629248,0.153529686061241,0.00601416373949206,0,0
Fe-0.50-In-0.50,200,3,0.0884029354795355,0.0135936728641713,99.372924947393,2.88742791239394,1.04090909090909,0.150978215274931,0.349567949725059,0.0639000196405255,0.0394728624070951,0.0072237200357884,0.123335139840042,0.0209815180169417,0,0,0.0442014677397677,0.00679683643208567,0.11531280622476,0.0164635102675686,0,0
Fe-0.50-In-0.50,300,3,0.0529760302569509,0.0203533173320752,102.995125981,3.28019798406082,0.568181818181818,0.140026561824994,0.146198830409357,0.0622239440303367,0.0151562467470281,0.00694856438483136,0.0491588795278996,0.0191185050929773,0,0,0.017658676752317,0.00678443911069173,0.0459004569856754,0.0158790610571239,0,0
Fe-0.50-Ni-0.50,100,3,0.0202619928896301,0.00139561181044027,100.174917936958,2.04738437916698,0,0,0.139340889537276,0.00997966675790529,0.0123664980326026,0.00112422709387296,0.0719318125831404,0.00532918846449818,0,0,0.0202619928896301,0.00139561181044027,0.0792227329950071,0.00674073372567041,0,0
Fe-0.50-Ni-0.50,200,3,0.0104407405755699,0.00172893279189242,100.246434416647,1.47577566640769,0,0,0.0421763363632963,0.00315335265403945,0.00193616888389232,0.00170016333630831,0.016340674319686,0.00140075890601501,0,0,0.00522037028778496,0.000864466395946209,0.0168513621871153,0.00194785598865091,0,0
Fe-0.50-Ni-0.50,300,3,0.00525166006257163,0.00131347852477427,101.574721189591,1.55296060843225,0,0,0.0185787852716368,0.00155737552797376,0.000957674931817709,0.000190809472444188,0.00607643165656665,0.000568902073399641,0,0,0.00175055335419054,0.000437826174924755,0.00550863132406632,0.000483690246607926,0,0
Fe-0.50-Pb-0.50,100,3,0.0180994458447255,0.00243805672289193,92.945051486128,7.01273671470753,0,0,0.236785994837841,0.0178409977506281,0.0146149522203485,0.00171728525199769,0.063556190570035,0.00580865454133694,0,0,0.0180994458447255,0.00243805672289193,0.0524156245113279,0.00609071677885396,0,0
Fe-0.50-Pb-0.50,200,3,0.016435185354593,0.00233652695745253,94.9897124152443,8.97586678609016,0,0,0.137002955149067,0.00866689652795994,0.0074323902317157,0.000709375847329995,0.0298073606936986,0.0023499512278094,0,0,0.00821759267729648,0.00116826347872627,0.0225430307458802,0.00206848303303675,0,0
Fe-0.50-Pb-0.50,300,3,0.00539728768665471,0.000834363515792134,98.7142503097893,9.114276864567,0,0,0.037593984962406,0.00631778915724181,0.00162388358003872,0.000330491700838747,0.00793768099281229,0.00136747039757346,0,0,0.00179909589555157,0.000278121171930711,0.00563538834310962,0.000845536326752242,0,0
Fe-0.50-Pd-0.50,100,3,0.00461075139721107,0.00209335274719409,99.4068977921669,3.79852508555106,0,0,0.0177683013503909,0.0153903576681784,0.000874398850790082,0.00151450323564826,0.021842308387118,0.010853959791666,0,0,0.00461075139721107,0.00209335274719409,0.0196373998829116,0.00928511821659327,0,0
Fe-0.50-Pd-0.50,200,3,0.0167845854695742,0.00527010461792192,101.530745849895,2.56028816795098,0,0,0.0620020199753114,0.0164140977177759,0.00331022422084817,0.000709375847329995,0.0377724130002792,0.00860905054742485,0,0,0.00839229273478709,0.00263505230896096,0.0448145000275133,0.012952500454129,0,0
Fe-0.50-Pd-0.50,300,3,0.00915567534225418,0.00133139902533096,102.267740603057,2.25128461399921,0,0,0.0251873464756418,0.00194671940996721,0.0021651781067183,0.00094583446310666,0.0140688552769156,0.001068533461209,0,0,0.00305189178075139,0.000443799675110319,0.0151453130138336,0.0011432869809793,0,0
Fe-0.50-Ru-0.50,100,2,0.00118406074276855,0.00167451476109684,102.644341022528,0.38393427684823,0,0,0,0,0,0,0.00468049465438242,0.00104513984508038,0,0,0.00118406074276855,0.00167451476109684,0.0021630408380983,0.00305900168920548,0,0
Fe-0.50-Ru-0.50,200,2,0.0042893820995836,0.00176120625941927,98.9608954874912,9.85741902456771,0,0,0.0538660083043429,0.0130931005381865,0.000562113546936481,0.000794948601671217,0.0134256294033601,0.00365798945778132,0,0,0.0021446910497918,0.000880603129709635,0.010454775086781,0.00348693645753067,0,0
Fe-0.50-Ru-0.50,300,2,0.00929978273921402,0.00280269232427317,104.844981412639,3.32909727935585,0,0,0.0723824486589608,0.0126963399158173,0.00199862594466304,0.000529965734447478,0.018147181028395,0.00313541953524113,0,0,0.00309992757973801,0.000934230774757723,0.0146715010179483,0.00294733854224736,0,0
Fe-0.50-Sn-0.50,100,3,0.0243965523780141,0.00209447122054069,98.1444759206799,2.35897499804014,3.54545454545454,0.34919476438096,0.0953877230389406,0.00459283625399643,0.01561426519268,0.00168980691505449,0.0724244962309701,0.00677328032954009,0,0,0.0243965523780141,0.00209447122054069,0.0924543014747934,0.010999678925631,0,0
Fe-0.50-Sn-0.50,200,3,0.0208336459577788,0.00785741272684837,95.5900163666121,3.18621777873657,2.19204545454545,0.0468672514256847,0.0467586877641866,0.014592306961276,0.00693273374554993,0.00318531009930673,0.0250447520980112,0.00936531009796735,0,0,0.0104168229788894,0.00392870636342418,0.0306011036763896,0.0123002244312022,0,0
Fe-0.50-Sn-0.50,300,3,0.0148590335853998,0.00455064375562201,93.7653035935564,8.57363125707471,1.22121212121212,0.284193920717884,0.0264342448160201,0.00492130098177431,0.00312285303853601,0.00108897606484059,0.0118244075479135,0.0034487855348081,0,0,0.00495301119513325,0.001516881251874,0.0139396365445711,0.00466127233592525,0,0
Fe-0.50-Zn-0.50,100,3,0.00214054654505587,4.25232968444994e-05,101.612482575655,0.59258776435612,0,0,0.00935173755283732,0.0161976845805641,0,0,0.00624065953917656,0.000752586703282232,0,0,0.00214054654505587,4.25232968444994e-05,0.00822929140041815,0.00115518484795429,0,0
Fe-0.50-Zn-0.50,200,3,0.00253555939683112,0.000181787350474312,103.217909749825,0.303250730223157,0,0,0.0100998765570643,0.00890725388081447,0,0,0.00328455765219819,0.000932635093166523,0,0,0.00126777969841556,9.08936752371561e-05,0.00452240600055983,0.00112496250190644,0,0
Fe-0.50-Zn-0.50,300,3,0.00309063852437619,0.00046911338092801,105.113093762908,0.482311144239655,0,0,0.00598511203381588,0.0051832590657805,0,0,0.00191599196378228,0.000379268048933094,0,0,0.00103021284145873,0.000156371126976003,0.00239468375568611,0.000464759401136117,0,0
Fe-1.00,100,3,0.00285808770545021,0.000950642026058161,101.259723908449,4.2697404815658,0,0,0.0351625331986683,0.0108994892337811,0.00174879770158016,0.00302900647129652,0.0119886354305234,0.00419022542647454,0,0,0.00285808770545021,0.000950642026058161,0.0101444225328996,0.00352015770572395,0,0
Fe-1.00,200,3,0.00710044886338722,0.00267747218649457,100.808159925181,5.17987252743294,0,0,0.047600344143942,0.0187976903591101,0.00149896945849728,0.00131159827618512,0.0132203445500977,0.0117944321790711,0,0,0.00355022443169361,0.00133873609324728,0.0141810543603937,0.00693583797004311,0,0
Fe-1.00,300,3,0.00258556773038794,0.000875901491262992,103.485667079719,3.36234759380948,0,0,0.00997518672302647,0.00873741269063519,0.000208190202569067,0.000360596008487681,0.00426992494785765,0.00166673097257267,0,0,0.000861855910129312,0.000291967163754331,0.00368942584330319,0.00144512036010029,0,0
In-0.50-Au-0.50,100,3,0,0,86.5167048878097,1.40003946915259,10.8704545454545,1.24655931425943,0,0,0,0,0,0,0,0,0,0,0,0,0,0
In-0.50-Au-0.50,200,3,0.00195588140429666,0.000834647812337482,90.0835866261398,1.47562602534431,1.50795454545455,0.515171428982304,0.0325440466838739,0.00950156784977899,0.000312285303853601,0.000540894012731521,0.00353089947611305,0.000619946661679948,0,0,0.000977940702148329,0.000417323906168741,0.00328536928277774,0.000316862223470065,0,0
In-0.50-Au-0.50,300,3,0.00259232171928214,0.00097953526809682,97.9349029326724,1.32847033860873,0,0,0.0290527313308146,0.00530444974910056,0.000749484729248642,0.000216357605092609,0.00312032976958828,0.000715852744008256,0,0,0.000864107239760714,0.000326511756032273,0.00229418221556073,0.000656913734385928,0,0
In-0.50-Pb-0.50,100,3,0.000932772398170053,0.000853817134834681,23.0516210261253,2.15809348491897,2.93409090909091,0.108735215580961,0,0,0,0,0.00114959517826937,0.00199115725689874,0,0,0.000932772398170053,0.000853817134834681,0.00296436441802347,0.0025922573601051,0,0
In-0.50-Pb-0.50,200,3,0.00370009505327579,0.00125800850876115,44.9345335515548,3.55843921058229,1.47727272727273,0.48296524052329,0.0394643324729735,0.00705483081305588,0.000811941790019362,0.000709375847329995,0.00426992494785765,0.000512801399090047,0,0,0.0018500475266379,0.000629004254380576,0.00319588467535794,0.00083314749722736,0,0
In-0.50-Pb-0.50,300,3,0.0026663411476845,0.000582489193601163,59.0646840148699,15.1042603398035,0.696969696969697,0.183800744009981,0.0253743812266986,0.00433554998209796,0.000707846688734828,7.21192016975361e-05,0.00333930027973483,0.000663719085632914,0,0,0.000888780382561499,0.000194163064533721,0.0024519689995446,0.000482588681420737,0,0
In-0.50-Sn-0.50,100,3,0.000347824084679192,0.000602448986760501,15.6461621475786,1.57772125924219,4.78181818181818,0.436168280133989,0,0,0,0,0.00114959517826937,0.00199115725689874,0,0,0.000347824084679192,0.000602448986760501,0.0016363107067024,0.0028341732809775,0,0
In-0.50-Sn-0.50,200,3,0.00521081757114495,0.0021368237520674,41.8744447042319,12.0453969093449,2.07613636363636,0.614100203482587,0.0567650469457225,0.0254365542361963,0.00268565361314097,0.00159357327114772,0.0103463566044243,0.00494527760257297,0,0,0.00260540878557248,0.0010684118760337,0.0050618503977948,0.00182136261717466,0,0
In-0.50-Sn-0.50,300,3,0.00861460196065047,0.0016634940123644,79.6555142503098,0.962626036137261,0.653030303030303,0.196907041316735,0.0776194216885497,0.0122775172500477,0.00345595736264651,0.00131209387351102,0.0129192600986462,0.00275459331710962,0,0,0.00287153398688349,0.000554498004121467,0.00607656606388368,0.00156148116153278,0,0
In-1.00,100,3,0.00240472059890984,0.000792748358993131,48.6235891901614,6.63610427066753,3.00454545454545,2.61847772948992,0.0357236374518386,0.00821463780944816,0.000374742364624321,0.000649072815277825,0.00574797589134683,0.0012398933233599,0,0,0.00240472059890984,0.000792748358993131,0.00522781052957363,0.00163112961098964,0,0
In-1.00,200,3,0.0030535881488919,0.000688827976741491,45.2321720832359,9.7823239534407,2.2875,0.491796073692311,0.0372199154602925,0.0115753962452037,0.000874398850790082,0.000844903457527243,0.00492683647829729,0.00153840419727014,0,0,0.00152679407444595,0.000344413988370746,0.00361610802587213,0.000427480757664454,0,0
In-1.00,300,3,0.0032394477790487,0.000701198948672156,71.7433292028088,28.8753624628117,1.09545454545455,1.17898918394859,0.0296138355839848,0.00658705839609605,0.000916036891303895,0.000401542721087292,0.00333930027973483,0.00149016631782652,0,0,0.00107981592634957,0.000233732982890719,0.00233020068709914,0.000670444954367921,0,0
Mn-0.50-Ag-0.50,100,3,0.0244646451238896,0.00841594963279164,63.7524169252215,0.901754626895761,39.7136363636364,5.86724386912925,0.379867579396252,0.034991497761573,0.0282305914683655,0.00779187817063304,0.0681545712831124,0.0167609017058982,0,0,0.0244646451238896,0.00841594963279164,0.0473686301189915,0.0127685229626514,0,0
Mn-0.50-Ag-0.50,200,3,0.0989307671622645,0.00798884374136519,85.7096095393968,3.45936585165283,20.4772727272727,4.10134511673048,0.54034339580294,0.0713479967233169,0.06070826306914,0.0075578205096866,0.121610747072638,0.0129425221698418,0,0,0.0494653835811322,0.0039944218706826,0.0849270018264641,0.00704910515374614,0,0
Mn-0.50-Ag-0.50,300,3,0.0843251356124299,0.0246368639174738,98.0223874432053,4.46095644590164,8.75454545454546,2.21981939366604,0.339094003665881,0.086658066645517,0.0353090583557138,0.0109307588854192,0.0697421074816749,0.0186738970274946,0,0,0.0281083785374766,0.00821228797249128,0.0459860639492241,0.0102548770884438,0,0
Mn-0.50-Au-0.50,100,3,0.00308920506036571,0.000575470207303065,104.090786456226,0.712480970813751,0,0,0.0673325103804287,0.00561104253170239,0.00112422709387296,0.000991475102516241,0.0110032681348639,0.00186527018633305,0,0,0.00308920506036571,0.000575470207303065,0.00737577614423314,0.00119905697096833,0,0
Mn-0.50-Au-0.50,200,3,0.00173951404247407,0.00045806939497086,103.338905775076,1.69739472231607,0,0,0.0213219616204691,0.00148454231346908,0,0,0.00262764612175855,0.00014222551834991,0,0,0.000869757021237033,0.00022903469748543,0.00266656040926334,0.000444868261719484,0,0
Mn-0.50-Au-0.50,300,3,0.00199844231506287,0.00038606401333539,104.634200743494,0.429340903316735,0,0,0.011097395229367,0.00161255341792012,0,0,0.00131382306087928,0.00016422788260991,0,0,0.00066614743835429,0.00012868800444513,0.001349070658108,5.87897236427837e-05,0,0
Mn-0.50-Cd-0.50,100,3,0.0317159587252679,0.00311844301249071,44.6456675210216,9.8042314298574,38.8136363636364,4.50367790471538,0.380989787902592,0.0408335885953546,0.033476984573106,0.00120462816326188,0.076201737530998,0.0014222551834991,0,0,0.0317159587252679,0.00311844301249071,0.0571180616305469,0.00236572005032318,0,0
Mn-0.50-Cd-0.50,200,3,0.0968422310819058,0.042840251385315,82.406359597849,8.14323651685359,12.3022727272727,5.42409218991628,0.434949313582464,0.159353937186541,0.0539004434451315,0.0237350801175905,0.103545679985548,0.0431557784936597,0,0,0.0484211155409529,0.0214201256926575,0.075462430584981,0.0321403844405051,0,0
Mn-0.50-Cd-0.50,300,3,0.0549602967636283,0.0311272185616356,98.170673275506,0.507187117809166,4.6780303030303,1.57219896101058,0.199441389543511,0.0786463521673368,0.020985572418962,0.0118944220908028,0.0428087347336498,0.022003063515613,0,0,0.0183200989212094,0.0103757395205452,0.0302947185658779,0.016784774657174,0,0
Mn-0.50-Co-0.50,100,3,0.00263367177102276,0.000409832617008109,103.545123431809,2.32030144577987,0,0,0.0809860472075712,0.00710485913037166,0,0,0.0139593700218423,0.00222163361719609,0,0,0.00263367177102276,0.000409832617008109,0.0111956045915715,0.00240738705024991,0,0
Mn-0.50-Co-0.50,200,3,0.00195951072751056,0.000957800012716085,103.147533317746,2.50881992499764,0,0,0.0282422474095687,0.0137737475369389,0,0,0.00459838071307747,0.00220793379313014,0,0,0.000979755363755279,0.000478900006358042,0.00423231726302783,0.00090185720856775,0,0
Mn-0.50-Co-0.50,300,3,0.00188088671845586,0.000968531509063557,103.491862866584,1.94023170463965,0,0,0.0127183630718587,0.0055577967149604,0,0,0.00197073459131891,0.000869012271457059,0,0,0.000626962239485288,0.000322843836354519,0.00209616914364487,0.000511871929464292,0,0
Mn-0.50-Cu-0.50,100,3,0.000630619028914,0.0010922641982988,100.254507846576,2.04427081700891,2.075,0.235630418696051,0.040586540979314,0.00405912812146238,0.00512147898319905,0.00400699892132795,0,0,0,0,0.000630619028914,0.0010922641982988,0.00164840545073587,0.002855121992148,0,0
Mn-0.50-Cu-0.50,200,3,0.00174415256383416,0.00152443646395435,101.457680617255,5.42533404666818,0,0,0.0603187072158007,0.0121773843643871,0.00412216601086753,0.00279804843977292,0.00336667159350314,0.000711127591749551,0,0,0.000872076281917078,0.000762218231977174,0.00218889191147024,0.00189565562388376,0,0
Mn-0.50-Cu-0.50,300,3,0,0,104.665097067328,2.54183519303967,0,0,0.0365341213730844,0.00926215525751133,0.0015406074990111,0.00093754962206797,0.00114959517826937,0.000998959210769772,0,0,0,0,0,0,0,0
Mn-0.50-Fe-0.50,100,2,0.00404642189923694,0.00258526732203993,103.010926750303,2.821559232092,0,0,0.0883739198743126,0.0416598653487754,0.00112422709387296,0.00158989720334243,0.0174902694979554,0.0114965382958841,0,0,0.00404642189923694,0.00258526732203993,0.0163839280911191,0.00952742085435753,0,0
Mn-0.50-Fe-0.50,200,2,0.0201665089824664,0.00639352596503012,102.905015197568,2.59126446923716,0,0,0.232717989002357,0.0549513461981466,0.00730747611017426,0.00238484580501365,0.0480366556633985,0.0125416781409645,0,0,0.0100832544912332,0.00319676298251506,0.040432875735433,0.0123572997806464,0,0
Mn-0.50-Fe-0.50,300,2,0.0266496308345499,0.0196468311489514,104.776208178439,3.70289127297936,0,0,0.195077245352187,0.142040302808206,0.00662044844169633,0.00582962307892226,0.0396610336502932,0.0277542692193567,0,0,0.0088832102781833,0.00654894371631712,0.033449147375219,0.0237070457298553,0,0
Mn-0.50-In-0.50,100,2,0.0108504293981065,0.00154576968778569,83.7339808444624,2.14526258045131,0,0,0.274660531926832,0.017854228006618,0.0119917556679783,0.00211986293778991,0.0445878701285904,0.00383217943196139,0,0,0.0108504293981065,0.00154576968778569,0.0274742946480282,0.00201809728181655,0,0
Mn-0.50-In-0.50,200,2,0.0282651251185213,0.00790800070979584,91.3328851999065,5.38117022853644,0.460227272727273,0.65085965086489,0.294720008977668,0.066457404246856,0.0178002623196552,0.00582962307892226,0.04988421934276,0.0144577678569452,0,0,0.0141325625592607,0.00395400035489792,0.0326057232118363,0.00976187816246831,0,0
Mn-0.50-In-0.50,300,2,0.0190123097953983,0.0104277164164204,99.3648079306072,3.39411254969542,0,0,0.119421688549732,0.0413953582671959,0.00761976141402786,0.00423972587557982,0.0202000295610189,0.00952238525517677,0,0,0.00633743659846609,0.00347590547214012,0.0123614147731731,0.00528180563107549,0,0
Mn-0.50-Ni-0.50,100,3,0.00304476510491211,0.000834888368369543,100.914834300103,3.34968228281432,0,0,0.066397336625145,0.00630670530807891,0.00262319655237025,0.000374742364624321,0.0110032681348639,0.00150517340656446,0,0,0.00304476510491211,0.000834888368369543,0.00762340864375673,0.000425461110305004,0,0
Mn-0.50-Ni-0.50,200,3,0.00805331397212162,0.00397288424498061,101.986789805939,2.71898868989013,0,0,0.0700445142707515,0.0233959840531438,0.00430953719317969,0.00211156598643145,0.0135488003153175,0.00621738654191455,0,0,0.00402665698606081,0.0019864421224903,0.00767599764884025,0.00312816742908559,0,0
Mn-0.50-Ni-0.50,300,3,0.00571442367043154,0.00098832557894615,104.049318463445,2.26575223445117,0,0,0.0478185513535081,0.0197977263192132,0.0018737118231216,0.000544488032420295,0.00624065953917656,0.00156663415187293,0,0,0.00190480789014385,0.000329441859648717,0.00340948934425386,0.00101140216445118,0,0
Mn-0.50-Pb-0.50,100,3,0.0321084923714177,0.00382650235698263,83.3580871442061,1.70463231380488,0,0,0.416900460105488,0.0423215463430211,0.0633939166822809,0.0664416028415676,0.0776797884744872,0.00960838381784505,0,0,0.0321084923714177,0.00382650235698263,0.0566647337636041,0.00700848599112056,0,0
Mn-0.50-Pb-0.50,200,3,0.0349568403968946,0.0176195497956737,92.5312485386954,1.54946334841541,0,0,0.243818501477575,0.0817325020256925,0.0604959090625195,0.0797736309289073,0.0438242104744544,0.0183745737309447,0,0,0.0174784201984473,0.00880977489783683,0.0285409639075814,0.0122938878417669,0,0
Mn-0.50-Pb-0.50,300,3,0.010796709968536,0.0062058806380122,99.6020156959934,0.299515575216349,0,0,0.063866132994177,0.0262664011370186,0.00932692107509421,0.0123950649037768,0.00742857455672158,0.00237343857160113,0,0,0.00359890332284532,0.0020686268793374,0.00560565324001228,0.00287887429169815,0,0
Mn-0.50-Pd-0.50,100,3,0,0,94.8120419083592,9.88637499863428,8.41136363636364,1.92811543540095,0,0,0,0,0,0,0,0,0,0,0,0,0,0
Mn-0.50-Pd-0.50,200,3,0.0012046383474341,0.00208649482250168,105.09621229834,11.4997779632128,1.19204545454546,0.364267917476243,0,0,0,0,0,0,0,0,0.000602319173717052,0.00104324741125084,0.000356164916946903,0.000616895732025586,0,0
Mn-0.50-Pd-0.50,300,3,0.00085940187195482,0.00148852770634555,107.418174308137,10.6722802835438,0,0,0,0,0,0,0,0,0,0,0.000286467290651607,0.000496175902115184,0.000387043565769593,0.000670379120655561,0,0
Mn-0.50-Ru-0.50,100,3,0,0,103.193264085615,2.95614197958172,0,0,0.00935173755283732,0.0161976845805641,0,0,0,0,0,0,0,0,0,0,0,0
Mn-0.50-Ru-0.50,200,3,0,0,92.2112462006079,14.9057382806433,0,0,0.00841656379755359,0.00728895806125383,0,0,0,0,0,0,0,0,0,0,0,0
Mn-0.50-Ru-0.50,300,3,0,0,98.7138372573317,1.79769415328965,0,0,0.00529931794660781,0.00459029667058192,0,0,0,0,0,0,0,0,0,0,0,0
Mn-0.50-Sn-0.50,100,3,0.0611404206575597,0.0024408236419488,92.4178245424704,2.47241452151981,1.91818181818182,0.191071359608943,0.665469644259904,0.0117564397036005,0.0746986446817813,0.0029107938786412,0.21760194445813,0.00376293351641116,0,0,0.0611404206575597,0.0024408236419488,0.140757839331249,0.00256659027054937,0,0
Mn-0.50-Sn-0.50,200,3,0.0626240934169653,0.0200958967565231,90.5934065934066,1.55635492359012,1.43863636363636,0.422768509718874,0.297852841057869,0.0683398337371323,0.0394728624070951,0.0119394313137273,0.0966481089159317,0.026536781607939,0,0,0.0313120467084826,0.0100479483782615,0.0596366842959975,0.0162678866317056,0,0
Mn-0.50-Sn-0.50,300,3,0.0202200150627333,0.00719613029085924,100.476910367617,1.10451796890613,0,0,0.11727078891258,0.0364103389451959,0.00907709283201133,0.00387300929085703,0.0243057266262666,0.00848122141773028,0,0,0.00674000502091111,0.00239871009695308,0.0121228755689807,0.00410353048419793,0,0
Mn-0.50-Zn-0.50,100,3,0.00666281896354878,0.000115850249482484,97.3047349251315,2.08815509149743,3.12272727272727,2.72491943925196,0.181423708525044,0.0126507960745789,0.00624570607707201,0.000216357605092609,0.0211853968566783,0.00177639615483273,0,0,0.00666281896354878,0.000115850249482484,0.0146914141933893,0.00120880626468793,0,0
Mn-0.50-Zn-0.50,200,3,0.0195415738468378,0.00664291814139353,100.663432312368,1.58451037246568,3.67159090909091,0.615687858623344,0.224815770770209,0.0519016379164582,0.0123040409718319,0.00422451728763621,0.0339951717002513,0.0107179927663236,0,0,0.00977078692341891,0.00332145907069676,0.0219478682239132,0.00715894601783751,0,0
Mn-0.50-Zn-0.50,300,3,0.0245697870575926,0.00655893126051287,104.13209417596,0.829763908339338,0.771212121212121,0.403243137013154,0.186037232384444,0.0475117355633893,0.01070097641205,0.00316339515137053,0.0282471958089044,0.0080722640307727,0,0,0.00818992901919754,0.00218631042017096,0.0179590322142056,0.0047067049469596,0,0
Mn-1.00,100,3,0.000438181116396022,0.000758951956515161,100.740096227348,2.32792001955534,0,0,0.0435229865709049,0.0080877554854603,0.00142402098557242,0.00123835200613515,0.00147805094348919,0.00256005933029838,0,0,0.000438181116396022,0.000758951956515161,0.00165175126182579,0.00286091710694827,0,0
Mn-1.00,200,3,0.00219890249872873,0.00113029759150111,100.966822539163,2.7424914045618,0,0,0.0381363857404706,0.000253015921491579,0.00695771656985822,0.010363597036618,0.00155195349066364,0.00134859493453919,0,0,0.00109945124936437,0.000565148795750554,0.00224455236293947,0.000241846771652697,0,0
Mn-1.00,300,3,0.00100705782359817,0.000872344760109207,100.960123915737,1.52813017322021,0,0,0.0152745046696343,0.00281382164276282,0.00263985176857577,0.00400242727024224,0.00102916139768877,0.000920457847935216,0,0,0.000335685941199391,0.000290781586703069,0.00112680685284623,0.000984683213828482,0,0
Ni-0.50-Ag-0.50,100,3,0.00662207017791148,0.000660622078450338,63.6330320607941,1.62436145442822,35.1136363636364,2.22724025950361,0.0841656379755358,0.00112220850634048,0.00412216601086753,0.00357481432046822,0.0182292949697,0.000492683647829732,0,0,0.00662207017791148,0.000660622078450338,0.00999785181162711,0.00116422831110719,0,0
Ni-0.50-Ag-0.50,200,3,0.0182077762513053,0.000364644806003303,58.3973579611877,3.44456719210285,39.9056818181818,1.97729721771667,0.0912729585156922,0.00348532621733143,0.010929985634876,0.00075725161782413,0.0225813338588626,0.000791878172553657,0,0,0.00910388812565264,0.000182322403001651,0.0131318925391411,0.000964274232723661,0,0
Ni-0.50-Ag-0.50,300,3,0.0214573462115418,0.00530332318680293,81.3732342007435,8.61330818975571,19.8136363636364,6.99255027136171,0.0732552774972257,0.0138232895616004,0.00953511127766327,0.00182020635766197,0.0180103244595534,0.00338298808373003,0,0,0.0071524487371806,0.00176777439560098,0.0102576767603046,0.00186784358669516,0,0
Ni-0.50-Au-0.50,100,3,0.00340751205007979,0.00120075524183199,102.992962813076,2.9858694628379,0,0,0.051733812142296,0.0143835439075409,0.00227343701205421,0.0010064699058639,0.00939383488528682,0.00279631428668181,0,0,0.00340751205007979,0.00120075524183199,0.00559498101255053,0.00228711881635928,0,0
Ni-0.50-Au-0.50,200,3,0.00436573715224497,0.00240588250490846,102.186006546645,2.74220361615271,0,0,0.0394736842105263,0.0190564296267904,0.00257947660983074,0.00173217876814292,0.0087040777783252,0.00596499995850421,0,0,0.00218286857612248,0.00120294125245423,0.00490865746331675,0.00168474271704944,0,0
Ni-0.50-Au-0.50,300,3,0.00404108834238443,0.00130560219056637,101.660603056588,2.46693779545135,0,0,0.0209478921183556,0.00598511203381588,0.00130327066808236,0.000582739215653414,0.00467502039162876,0.00195323045200543,0,0,0.00134702944746148,0.00043520073018879,0.00283720448830414,0.000695022341861778,0,0
Ni-0.50-Cd-0.50,100,3,0.0110606193052054,0.000813153540602333,48.6793695759701,21.3384466043537,36.5165909090909,16.5111420822901,0.117757079265327,0.047330909298986,0.0132408968833927,0.00300573591044056,0.0303985810710942,0.00859828249999939,0,0,0.0110606193052054,0.000813153540602333,0.0132272526328571,0.00308636089257792,0,0
Ni-0.50-Cd-0.50,200,3,0.0175099240665562,0.00137843905412158,69.6541968669628,1.22091720504614,20.59875,1.63866411447312,0.0910765720270826,0.0278039802292837,0.013615639248017,0.00150286795522028,0.020947266426894,0.00554462494021153,0,0,0.00875496203327811,0.000689219527060791,0.0109084440778706,0.00125832523323798,0,0
Ni-0.50-Cd-0.50,300,3,0.0129313585483822,0.00253068656444658,88.8508137133416,4.3104468524381,9.73022727272727,2.43201631520802,0.0472886195588474,0.0115842073483288,0.00715757916432453,0.00128891763327111,0.01022044856109,0.00249422814454943,0,0,0.00431045284946075,0.00084356218814886,0.00538946826271923,0.000850967011804041,0,0
Ni-0.50-Cu-0.50,100,3,0,0,100.107581276137,2.62000921718443,0,0,0,0,0.00238585972144151,0.00213646972856397,0,0,0,0,0,0,0,0,0,0
Ni-0.50-Cu-0.50,200,3,0.000902927958710192,0.00156391710006051,102.26359597849,4.48232066610678,0.627272727272727,1.08646823383866,0.00392772977219167,0.00680302752383691,0.00713884204609331,0.00912197506807049,0,0,0,0,0.000451463979355096,0.000781958550030253,0.000931996607813869,0.00161426547721547,0,0
Ni-0.50-Cu-0.50,300,3,0.0018463328505926,0.00159975871118058,103.883857909955,2.94711965792937,0,0,0.00317959076796469,0.00550721275739178,0.000916036891303895,0.000260029479665996,0.00142878257870621,0.00033936014057532,0,0,0.000615444283530868,0.000533252903726861,0.000896029300170395,0.000931545586777899,0,0
Ni-0.50-In-0.50,100,3,0.00867457145174103,0.000717947641099971,71.1500067449076,4.61369463409473,4.90227272727273,1.31038643281506,0.0845397074776493,0.0090184890968026,0.00824433202173506,0.00163346409726089,0.0183935228523099,0.00199115725689874,0,0,0.00867457145174103,0.000717947641099971,0.0116964513517997,0.000929973956470846,0,0
Ni-0.50-In-0.50,200,3,0.0101738957177209,0.0031274485397067,76.8016132803367,12.9435845213258,2.19886363636364,1.13378799015141,0.0540530430553997,0.0142567231325132,0.00555867840859409,0.00206392001022526,0.0112496099587788,0.0038189604224708,0,0,0.00508694785886043,0.00156372426985335,0.00686722384856324,0.00226118617336642,0,0
Ni-0.50-In-0.50,300,3,0.00670385882801063,0.00312960929469799,94.1893432465923,3.40984433415491,0.742424242424242,0.0206222084679033,0.0263718998990012,0.00845595672424144,0.00224845418774593,0.00129814563055565,0.0046531233406141,0.00198663703028078,0,0,0.00223461960933688,0.00104320309823266,0.00310731463860585,0.000869470821716278,0,0
Ni-0.50-Pb-0.50,100,3,0.0460071468029669,0.00344553314447019,91.4072125545213,2.44501517212658,2.37727272727273,0.903925667060211,0.284292821606255,0.0519266543479385,0.0480919367934545,0.00980317239809303,0.0714391289353106,0.0129511153649258,0,0,0.0460071468029669,0.00344553314447019,0.0495517497323115,0.00540319895901493,0,0
Ni-0.50-Pb-0.50,200,3,0.0590392571700052,0.0368122657578037,94.7354454056582,2.76725595650137,1.01477272727273,0.334670184258181,0.21209740769835,0.146363536250421,0.0386609206170758,0.0267030779024139,0.0515675551395116,0.0353518398821429,0,0,0.0295196285850026,0.0184061328789018,0.0317788310382546,0.0203890834687009,0,0
Ni-0.50-Pb-0.50,300,3,0.0263249015782395,0.0178929619778981,100.850805452292,4.31434358726337,0.495454545454545,0.450917338634246,0.0633424356912181,0.0418750438515585,0.0104511481689672,0.0074293279802439,0.0146162815522819,0.00957182317314401,0,0,0.00877496719274651,0.00596432065929938,0.00947746338167164,0.00590385641663362,0,0
Ni-0.50-Pd-0.50,100,3,0,0,101.929718062863,1.4401726633166,0.659090909090909,1.14157894135222,0,0,0,0,0,0,0,0,0,0,0,0,0,0
Ni-0.50-Pd-0.50,200,3,0.00486876554752577,0.00205420586529017,101.640869768529,1.64156027604782,0,0,0.00617214678487263,0.0106904718231723,0.00237336830928737,0.00151450323564826,0.00583008983265179,0.00306032831676015,0,0,0.00243438277376289,0.00102710293264508,0.00405008185837203,0.000883695799487382,0,0
Ni-0.50-Pd-0.50,300,3,0.00431308900946308,0.000140163975627519,103.183643122677,1.67138229987975,0,0,0.00910235788476166,0.00131368891792326,0.00137405533695584,0.000450384270247204,0.00290135925944174,0.000621756728777682,0,0,0.00143769633648769,4.67213252091731e-05,0.0023712600184929,0.000230991332502792,0,0
Ni-0.50-Ru-0.50,100,3,0,0,101.508835828949,4.08177399523428,0,0,0,0,0,0,0,0,0,0,0,0,0,0,0,0
Ni-0.50-Ru-0.50,200,3,0.00392931712335956,0.00103053690893587,102.676759410802,3.6866336648936,0,0,0.040586540979314,0.0139413048693257,0.0018737118231216,0.000675576405370806,0.00369512735872296,0.000888198077416365,0,0,0.00196465856167978,0.000515268454467934,0.00266716970347038,0.00032235597849029,0,0
Ni-0.50-Ru-0.50,300,3,0.00393670100984504,0.000995363565212549,100.706650144568,1.87700841592806,0,0,0.0382797790496141,0.0188824835583239,0.00170715966106635,0.000903651007191336,0.00328455765219819,0.00143170548801651,0,0,0.00131223366994835,0.00033178785507085,0.00164833923078229,0.000464246758230104,0,0
Ni-0.50-Sn-0.50,100,3,0,0,90.1577184225909,1.31620543708528,6.46272727272727,0.421728291754436,0,0,0,0,0,0,0,0,0,0,0,0,0,0
Ni-0.50-Sn-0.50,200,3,0,0,96.0249006312836,2.94411993057262,2.23875,0.00384185034190383,0,0,0,0,0,0,0,0,0,0,0,0,0,0
Ni-0.50-Sn-0.50,300,3,0,0,100.46077653862,1.56350041997132,1.22810606060606,0.308580823538417,0,0,0,0,0,0,0,0,0,0,0,0,0,0
Ni-0.50-Zn-0.50,100,3,0.00303829441039285,0.00263680551812956,95.0786905886056,3.8373784902891,5.69090909090909,1.45884131255137,0.0194516141099016,0.0169294864203473,0.00162388358003872,0.00141875169465999,0.0034487855348081,0.00299687763230932,0,0,0.00303829441039285,0.00263680551812956,0.00250556259199547,0.00218126797835978,0,0
Ni-0.50-Zn-0.50,200,3,0.0263405964006839,0.0142179164783075,99.7847790507365,4.02126323420323,3.84204545454546,1.46892264239437,0.101933939325927,0.0271401860265055,0.0189244894135282,0.00568015978685558,0.0206927132088486,0.00618803600880941,0,0,0.013170298200342,0.00710895823915376,0.0118327260721964,0.00586687938959293,0,0
Ni-0.50-Zn-0.50,300,3,0.00890305049726768,0.00117974488037556,102.56117306898,3.17578494873378,0.838636363636364,0.103427820481661,0.0321699771817604,0.00865831519029118,0.00616242999604439,0.00200382394029371,0.00607643165656665,0.00189396833598903,0,0,0.00296768349908923,0.00039324829345852,0.00285050397096438,0.000444471359068461,0,0
Ni-1.00,100,3,0.0431880664390938,0.00944250034402991,97.3742074733576,0.799495495073941,1.98409090909091,0.233317344985482,0.289903864137957,0.029543795197375,0.0514646180750734,0.00795242972576204,0.0704537616396512,0.00837562201310539,0,0,0.0431880664390938,0.00944250034402991,0.0450524604312748,0.006575200609375,0,0
Ni-1.00,200,3,0.0616909677882922,0.0169068080532531,99.5536591068506,1.50194706507201,0.629545454545455,0.563690200874544,0.258575543335952,0.0554062630847445,0.0414714883517582,0.00985496422650045,0.0556732522047593,0.0115990120382259,0,0,0.0308454838941461,0.00845340402662653,0.0327133039257227,0.00620761825775785,0,0
Ni-1.00,300,3,0.0297269273289188,0.0112750302484358,100.256257744734,1.53279415400549,0.185606060606061,0.321479127162405,0.0856619159839898,0.0246119539888467,0.0117419274248954,0.00514882614340764,0.0168059866537474,0.00574171618255672,0,0,0.00990897577630627,0.00375834341614528,0.0111676304397755,0.00306672150956662,0,0
Pb-1.00,100,3,0.00252803219949137,0.000925678988350514,31.478933405279,6.73752936302266,0,0,0.0370328807092358,0.0072943552912131,0.000499656486165761,0.000865430420370434,0.00541952012612701,0.00130351840718559,0,0,0.00252803219949137,0.000925678988350514,0.00582695339473752,0.00116358364413125,0,0
Pb-1.00,200,3,0.0028328421959565,0.000765360979356156,47.0577507598784,10.4177030738926,0.305681818181818,0.529456440040941,0.0380615718400479,0.00521354126538973,0.000624570607707201,0.000540894012731521,0.00402358312394278,0.00014222551834991,0,0,0.00141642109797825,0.000382680489678078,0.00347479869795764,0.000371164396034843,0,0
Pb-1.00,300,3,0.0029583311702681,0.00217976582619961,72.2551838083437,27.5909954399745,0.184090909090909,0.318854807756998,0.0271200389032282,0.00921608872536185,0.000374742364624321,0.000649072815277825,0.00268238874929519,0.00123262115903256,0,0,0.000986110390089366,0.000726588608733202,0.00213558043650239,0.000234251253841077,0,0
Pd-0.50-Ag-0.50,100,3,0,0,5.72080579162732,0.981174809251706,85.7863636363636,0.477856785489139,0,0,0,0,0,0,0,0,0,0,0,0,0,0
Pd-0.50-Ag-0.50,200,3,0.00182467936943585,0.00159008775657626,18.7014262333411,7.41505487094014,68.3295454545455,6.82858382656655,0.0111285676878764,0.0104609959165114,0.00012491412154144,0.000216357605092609,0.000985367295659457,0.00170670622019892,0,0,0.000912339684717925,0.00079504387828813,0.00118724324639005,0.00116236765717035,0,0
Pd-0.50-Ag-0.50,300,3,0.00302211274729967,0.000441863498981743,71.8791408508881,6.20012745270692,23.5416666666667,5.48806760338133,0.0242521727203581,0.00313713278854079,0.00204026398517686,0.000314360312088387,0.00317507239712492,0.000527918781702438,0.0002426301103967,0.000210123839326565,0.00100737091576656,0.000147287832993914,0.0022978035579545,0.000312500327808993,0,0
Pd-0.50-Au-0.50,100,2,0,0,40.8960609739647,1.61443171072202,50.6488636363636,3.07109331556248,0.011783189316575,0.0166639461395102,0,0,0.00197073459131891,0.00278703958688101,0,0,0,0,0,0,0,0
Pd-0.50-Au-0.50,200,2,0.00259715306731655,0.000541720695155599,88.3686579378069,0.792333235640988,9.55738636363636,0.272396816843454,0.0345079115699697,0.00119028186710787,0.000936855911560802,0.00132491433611869,0.00455732374242499,0.000174189974180063,0,0,0.00129857653365827,0.000270860347577799,0.00315334089121735,5.06435435151788e-05,0,0
Pd-0.50-Au-0.50,300,2,0.00233346885192266,0.000562953489977188,97.6883519206939,1.48413564556847,2.62954545454545,0.536758329355243,0.021789548498111,0.00198380311184645,0.000936855911560802,8.83276224079131e-05,0.00279187400436846,0.000232253298906751,0,0,0.000777822950640887,0.000187651163325729,0.00193169665026805,0.000109690665294233,0,0
Pd-0.50-Cd-0.50,100,2,0,0,33.3215297450425,5.04170091995346,55.5818181818182,3.13376868934947,0,0,0,0,0,0,0,0,0,0,0,0,0,0
Pd-0.50-Cd-0.50,200,2,0.00441734369204243,0.00157294738253965,54.3454524199205,3.39202942006182,27.1721590909091,2.62513392515506,0.0367523285826507,0.00357084560132361,0.00402848041971145,0.0017223886369543,0.00517317830221215,0.0013935197934405,0.000636904039791338,0.00012867404728616,0.00220867184602122,0.000786473691269826,0.00353659082405405,0.000387248118157251,0,0
Pd-0.50-Cd-0.50,300,2,0.00428498851629407,0.00142284401714757,82.6363073110285,2.78409056572755,10.6181818181818,1.70991276177838,0.0257172782703026,0.00489338100922123,0.00256073949159952,0.00114825909130287,0.00361301341741801,0.0013935197934405,0.00012131505519835,0.000171565396381547,0.00142832950543136,0.00047428133904919,0.00260494168906616,0.000591713822329431,0,0
Pd-0.50-In-0.50,100,3,0,0,76.2831062547776,1.36709382725736,22.3068181818182,0.782230995664653,0,0,0,0,0,0,0,0,0,0,0,0,0,0
Pd-0.50-In-0.50,200,3,0,0,86.1883329436521,3.68029971628022,10.9761363636364,9.57295935842721,0,0,0,0,0,0,0,0,0,0,0,0,0,0
Pd-0.50-In-0.50,300,3,0.000777980533206726,0.00134750181081358,98.5035935563817,1.58079870913703,5.27954545454545,1.9846687693333,0,0,0.000957674931817709,0.000190809472444188,0,0,0,0,0.000259326844402242,0.000449167270271192,0.000422325630601451,0.000731489449540279,0,0
Pd-0.50-Pb-0.50,100,3,0,0,16.546337515176,1.25313479736392,9.50613636363636,0.315525191853542,0,0,0,0,0,0,0,0,0,0,0,0,0,0
Pd-0.50-Pb-0.50,200,3,0.00275050237834608,0.00163758809796501,44.7896305821838,15.9145951733185,3.04670454545455,1.61610891313413,0.0290558485766655,0.0128180804461714,0.000655799138092561,0.000585066329248492,0.00346520832306909,0.00131310436732132,0,0,0.00137525118917304,0.000818794048982505,0.00275938012297934,0.000442829228340192,0,0
Pd-0.50-Pb-0.50,300,3,0.0032734927870528,0.00108066079662531,70.9756629491945,17.8495665046831,1.24227272727273,1.08088548410647,0.0259791269217821,0.00990265552979995,0.000749484729248642,0.000649072815277825,0.00286851368291975,0.00102103438883988,0,0,0.00109116426235093,0.000360220265541769,0.00198002625701218,0.000506782226419353,0,0
Pd-0.50-Sn-0.50,100,3,0,0,71.7141058500832,2.63669423216769,23.125,3.97403699546473,0,0,0,0,0,0,0,0,0,0,0,0,0,0
Pd-0.50-Sn-0.50,200,3,0,0,89.9541734860884,3.61576505245629,6.08522727272727,3.61232877285874,0,0,0.00106177003310224,0.000924280094119589,0,0,0,0,0,0,0,0,0,0
Pd-0.50-Sn-0.50,300,3,0,0,96.2194134655101,0.665163072410548,2.21515151515151,0.714895867891523,0,0,0.00220681614723211,0.000144238403395073,0,0,0,0,0,0,0,0,0,0
Pd-1.00,100,3,0.00139659802192696,0.00138336011394213,11.6947704483115,2.53188282965326,88.2954545454545,1.60253382785559,0,0,0,0,0,0,0,0,0.00139659802192696,0.00138336011394213,0.00274112271575205,0.00252926471528634,0,0
Pd-1.00,200,3,0.00528786987117065,0.000424370677416133,57.0493336450783,11.9737711627853,46.7477272727273,11.3927719106393,0.0608798114689709,0.00491567037031064,0.00455936543626257,0.000658025966701189,0.0078008244239707,0.000932635093166523,0.000667232803590926,0.000210123839326565,0.00264393493558533,0.000212185338708067,0.00491683643365241,0.000302222248120762,0,0
Pd-1.00,300,3,0.00749343160598739,0.000184158610580942,86.9432465923172,7.09649736968094,16.9666666666667,6.84750525140683,0.0549258718936645,0.0067470912397754,0.00516311702371286,0.00106238218076515,0.00739025471744593,0.000328455765219819,0.000768328682922884,0.000185311807794728,0.00249781053532913,6.13862035269807e-05,0.00384105270513285,0.000536755418464782,0,0
Ru-0.50-Ag-0.50,100,2,0.00169276415864278,0.0023939300310517,101.692297315527,4.41739040020895,0,0,0,0,0,0,0,0,0,0,0.00169276415864278,0.0023939300310517,0.00178652815754184,0.00252653234995709,0,0
Ru-0.50-Ag-0.50,200,2,0,0,101.417640869769,4.56974163792068,0,0,0,0,0,0,0.00172439276740405,0,0,0,0,0,0,0,0,0
Ru-0.50-Ag-0.50,300,2,0,0,103.687732342007,5.51490716330623,0.515909090909091,0.0449977042573257,0.0124378109452736,0.0025128172750055,0,0,0.00172439276740405,0.000116126649453375,0,0,0,0,0,0,0,0
Ru-0.50-Au-0.50,100,3,0,0,100.696524124286,2.98426927961087,0,0,0,0,0,0,0,0,0,0,0,0,0,0,0,0
Ru-0.50-Au-0.50,200,3,0,0,101.004559270517,2.60116171654029,0,0,0.0127183630718587,0.000647907383222564,0,0,0,0,0,0,0,0,0,0,0,0
Ru-0.50-Au-0.50,300,3,0,0,103.650640231309,2.33568960048928,0,0,0.01552388433771,0.000815265578786646,0,0,0.00158753619856246,9.48170122332735e-05,0,0,0,0,0,0,0,0
Ru-0.50-Cd-0.50,100,3,0.00425295061692898,0.00153543814217231,88.0226179234678,6.24346619928228,1.27954545454545,1.13424575368483,0.0828563947181386,0.0214201747685937,0.000499656486165761,0.000865430420370434,0.016258560378381,0.00769596460157329,0,0,0.00425295061692898,0.00153543814217231,0.012508078056937,0.0041596880562023,0,0
Ru-0.50-Cd-0.50,200,3,0.00256041853261448,0.000576396737599075,96.494271685761,2.03875481412273,1.35227272727273,0.616341889198005,0.0323570119328171,0.00646082573950394,0.00012491412154144,0.000216357605092609,0.00459838071307747,0.000995578628449373,0,0,0.00128020926630724,0.000288198368799537,0.00450624779829016,0.000943257360244402,0,0
Ru-0.50-Cd-0.50,300,3,0.00317725608479603,0.0003672174855356,92.9959520859149,8.63938746783279,1.04469696969697,0.614873892421257,0.0229429294629609,0.00357981451637941,0,0,0.00312032976958828,0.000568902073399641,0,0,0.00105908536159868,0.000122405828511867,0.00261029856258474,0.000355832404018333,0,0
Ru-0.50-In-0.50,100,3,0.00103396093764723,0.00179087287704655,28.9363280723054,25.0721135082744,10.2090909090909,9.37432890159994,0.0377810197134628,0.0340814064411569,0,0,0.00394146918263783,0.00682682488079569,0,0,0.00103396093764723,0.00179087287704655,0.00226323703435151,0.00392004153306833,0,0
Ru-0.50-In-0.50,200,3,0.00245819371432633,0.00213222702930578,38.0349544072948,41.0798439828835,2.44431818181818,3.27885966653194,0.0276811431563985,0.0267119414364441,0.000499656486165761,0.000865430420370434,0.00550163406743197,0.0053082709625048,0,0,0.00122909685716316,0.00106611351465289,0.00267407894797869,0.00237025609546249,0,0
Ru-0.50-In-0.50,300,3,0.00244909440358078,0.00251341118823504,56.6066914498141,49.0403557400606,0.418181818181818,0.377580651994154,0.022132445541715,0.0216220046090237,0.000333104324110507,0.000576953613580289,0.00476260859568738,0.00522182690236148,0,0,0.000816364801193592,0.000837803729411679,0.00166008800827051,0.0014628114999565,0,0
Ru-0.50-Pb-0.50,100,3,0.000213621002472776,0.000370002429846645,73.0320607941005,3.39212288860083,0,0,0.0422698537388247,0.00356349060772409,0,0,0.00640488742178647,0.000492683647829729,0,0,0.000213621002472776,0.000370002429846645,0.00181077216557222,0.00313634939170261,0,0
Ru-0.50-Pb-0.50,200,3,0.00147844387839185,0.00040207487213029,92.9440028057049,1.27585639947853,0,0,0.0216960311225826,0.00265167524758871,0,0,0.00369512735872296,0.000492683647829728,0,0,0.000739221939195925,0.000201037436065145,0.00264639213638228,0.000483785381227143,0,0
Ru-0.50-Pb-0.50,300,3,0,0,97.4446096654275,1.00919377447015,0,0,0.00941408246985623,0.000656844458961629,0,0,0.00147805094348919,0.00016422788260991,0,0,0,0,0,0,0,0
Ru-0.50-Pd-0.50,100,3,0,0,96.5092854894555,1.47239036067334,0,0,0,0,0,0,0,0,0,0,0,0,0,0,0,0
Ru-0.50-Pd-0.50,200,3,0,0,99.8036006546645,0.381687440279722,0,0,0,0,0,0,0,0,0,0,0,0,0,0,0,0
Ru-0.50-Pd-0.50,300,3,0,0,102.750020652623,0.583231731787341,0,0,0,0,0,0,0,0,0,0,0,0,0,0,0,0
Ru-0.50-Sn-0.50,100,3,0.000825146382621817,0.00142919545838266,55.0892576105041,2.05595464123313,9.2,3.04565467456411,0.0194516141099016,0.0179407180610032,0,0,0.00213496247392882,0.00369786347709767,0,0,0.000825146382621817,0.00142919545838266,0.00196510778777072,0.00340366653076817,0,0
Ru-0.50-Sn-0.50,200,3,0.00300308139950505,0.00141029679359737,53.9824643441665,24.1304470438824,6.13181818181818,3.49467625659799,0.0341338420678562,0.0169643199949982,0.000687027668477921,0.00118996682800935,0.00566586195004188,0.0034487855348081,0,0,0.00150154069975253,0.000705148396798685,0.00383879833468662,0.00111012662958813,0,0
Ru-0.50-Sn-0.50,300,3,0.00357516318159532,0.000954119420561083,83.489054109872,8.27269477834647,2.39924242424242,0.808357473156346,0.0314218381775334,0.0157242730385544,0.000791122769762455,0.00075294657090022,0.0046531233406141,0.00240431714112077,0,0,0.00119172106053177,0.000318039806853694,0.00269102320711454,0.000751150645132671,0,0
Ru-1.00,100,1,0,,104.07190071496,,0,,0,,0,,0,,0,,0,,0,,0,
Ru-1.00,200,1,0.00071564447413533,,102.87011924246,,0,,0.0199192009875435,,0,,0.00270976006306351,,0,,0.000357822237067665,,0.00266755100489798,,0,
Ru-1.00,300,1,0.00108684270492198,,104.566542750929,,0,,0.0209478921183556,,0,,0.00213496247392882,,0,,0.00036228090164066,,0.00161751711913165,,0,
Sn-0.50-Au-0.50,100,3,0,0,68.8160438868654,3.70806933116871,14.5477272727273,0.551107075135552,0,0,0,0,0,0,0,0,0,0,0,0,0,0
Sn-0.50-Au-0.50,200,3,0.00307945470669182,0.000188934306295044,86.4739303249942,6.66703467966833,2.85568181818182,0.730312362413656,0.0222571353757528,0.0213833977001428,0.00024982824308288,0.000432715210185217,0.00443415283046756,0.00456231442514956,0,0,0.00153972735334591,9.4467153147522e-05,0.0034094336076781,0.00194597654578282,0,0
Sn-0.50-Au-0.50,300,3,0.0046200348666613,0.00163991374658211,94.8498967368856,5.84177833988038,1.00681818181818,0.275843934196599,0.0347884636965548,0.0157187102715361,0.00149896945849728,0.000874398850790082,0.00645963004932311,0.00324462652121276,0,0,0.00154001162222043,0.000546637915527371,0.00350399476412695,0.00121705497108396,0,0
Sn-0.50-Pb-0.50,100,3,0,0,10.0607041683529,3.82451052740324,8.25227272727273,1.44709919299962,0,0,0,0,0,0,0,0,0,0,0,0,0,0
Sn-0.50-Pb-0.50,200,3,0.00187199022821012,0.00231723907159502,25.816927753098,19.3311390472226,3.53522727272727,2.09164883159452,0.0259043130213594,0.0320325338188152,0,0,0.00443415283046756,0.0055028595121665,0,0,0.00093599511410506,0.00115861953579751,0.00248552144555205,0.00253794470522023,0,0
Sn-0.50-Pb-0.50,300,3,0.00498085455123112,0.00456278890002729,48.5914085088806,11.853900832936,1.67272727272727,1.02103142228301,0.0423321986558436,0.0300459165895869,0.00195698790414923,0.00210632521307297,0.00722602683483602,0.00631156619223716,0,0,0.00166028485041037,0.00152092963334243,0.00398051318826153,0.00245686284879045,0,0
Sn-1.00,100,3,0,0,3.38313323440802,0.758038821504839,19.7638636363636,1.22422481376098,0,0,0,0,0,0,0,0,0,0,0,0,0,0
Sn-1.00,200,3,0.00142447185506753,0.000333183281562727,10.7512158054711,2.47813820166521,7.42545454545455,1.32359882251957,0,0,0,0,0.00140414839631473,0.00122107047656242,0,0,0.000712235927533763,0.000166591640781363,0.0022827644967109,0.000340550702752461,0,0
Sn-1.00,300,3,0.0129373988413094,0.00208483417544682,89.2585047501033,13.955174544823,0.807727272727273,0.570060892789185,0.0958428409331787,0.0182567985542534,0.00457185684841671,0.00089972859186155,0.0160176928172198,0.000872934665343108,0,0,0.00431246628043647,0.000694944725148942,0.00821578571821747,0.00136609126483261,0,0
Zn-0.50-Ag-0.50,100,3,0.00273894903997747,0.00228131392550583,31.0151085930123,10.9243282593574,70.0568181818182,5.28926139995225,0.0379680544645195,0.018561726733121,0.000499656486165761,0.000865430420370434,0.00361301341741801,0.0034604962154843,0,0,0.00273894903997747,0.00228131392550583,0.0251084898278477,0.0294155382303296,0,0
Zn-0.50-Ag-0.50,200,3,0.00924140292460736,0.00450888283993018,67.2460837035305,15.7815152728244,35.2852272727273,7.19711681468454,0.132981708001347,0.0454866630375562,0.00549622134782337,0.00294079254687241,0.0132203445500977,0.00526810692297563,0,0,0.00462070146230368,0.00225444141996509,0.018865019382496,0.0162147913524438,0,0
Zn-0.50-Ag-0.50,300,3,0.0088926503599955,0.00195435096309711,91.3178851714168,2.43275019102057,10.9856060606061,1.97915967085903,0.117520168580656,0.0132059426474897,0.00412216601086753,0.00193918864483918,0.0104558418594976,0.00245976602329419,0,0,0.00296421678666517,0.000651450321032368,0.00791798132935324,0.00443355308850501,0,0
Zn-0.50-Au-0.50,100,2,0.000504368323749309,0.000713284523877656,66.8578510724403,6.76158339913652,26.2684090909091,7.07460334577141,0,0,0,0,0,0,0,0,0.000504368323749309,0.000713284523877656,0.00421427569532722,0.00595988584391106,0,0
Zn-0.50-Au-0.50,200,2,0.00135404413707936,0.000612299290407467,88.336935936404,2.71156520557814,10.13625,0.432460079130226,0.0269470317585007,0.00795505047850425,0.000674536256323778,0.000953938322005461,0.00230329605360398,0.000818692878646296,0,0,0.000677022068539682,0.000306149645203734,0.00337752608633165,0.00119290084229174,0,0
Zn-0.50-Au-0.50,300,2,0.00252356560184852,0.000252142152315751,98.5872738537794,0.667904851334885,3.17,0.619682670058029,0.029317697228145,0.00257894404540038,0.000999312972331522,0.000176655244815826,0.00233203593306072,4.64506597813503e-05,0,0,0.000841188533949505,8.40473841052502e-05,0.00221005925727126,0.000753670968039505,0,0
Zn-0.50-Cd-0.50,100,3,0.00123066542631435,0.00138928945820339,9.6994019515266,1.61351404482459,54.8638636363636,1.3963225202576,0,0,0,0,0,0,0,0,0.00123066542631435,0.00138928945820339,0.00466558455022321,0.00479531298257796,0,0
Zn-0.50-Cd-0.50,200,3,0.00204937322076141,0.000719086062340699,19.041010053776,6.04283400347916,41.3582954545454,6.11957149703594,0.0217147345976882,0.00759192923664425,0.000749484729248642,0.000749484729248642,0.00304642722241382,0.00109900852396775,0,0,0.00102468661038071,0.000359543031170349,0.00489538081995885,0.00266265280154666,0,0
Zn-0.50-Cd-0.50,300,3,0.00707368370968051,0.00220029788924796,55.5469144981413,19.4465006375235,16.8821212121212,6.32645797610448,0.0594334093941321,0.0120073736723594,0.00288135240355589,0.000440104436923742,0.00782819573773902,0.0018015232324322,0,0,0.0023578945698935,0.000733432629749321,0.00461783986075675,0.000201317504910202,0,0
Zn-0.50-In-0.50,100,3,0,0,6.81932640856154,1.57885051890709,10.4318181818182,2.05528320422923,0,0,0,0,0,0,0,0,0,0,0,0,0,0
Zn-0.50-In-0.50,200,3,0.00201196904112883,0.000618697482684248,34.6723170446575,19.233939324026,3.52045454545455,1.89138604397816,0.0163655407174653,0.0162728295062388,0,0,0.001806506708709,0.00164022469292984,0,0,0.00100598452056442,0.000309348741342124,0.00267932864774927,0.00102023916805843,0,0
Zn-0.50-In-0.50,300,3,0.00253179333243247,0.00100809394934492,81.8451879388682,1.33446682640071,0.475,0.411489182248377,0.0276811431563985,0.00894448599200864,0.000707846688734828,0.000260029479665996,0.00257290349422192,0.000933839270676673,0,0,0.000843931110810823,0.000336031316448307,0.0019406879977745,0.000512474511434831,0,0
Zn-0.50-Pb-0.50,100,3,0.0017519164603603,0.00163258443140881,30.1043212374657,1.10467303679394,7.30909090909091,0.281781522542343,0.0200127183630719,0.0174424320982071,0,0,0.00131382306087928,0.00227560829359856,0,0,0.0017519164603603,0.00163258443140881,0.00246907689309152,0.00219571245249148,0,0
Zn-0.50-Pb-0.50,200,3,0.00362095626523752,0.00094503689081408,30.2485386953472,2.81050997972552,7.06704545454545,0.699810887973044,0.0365652938315939,0.0130760567919862,0.000999312972331522,0.000865430420370434,0.00402358312394278,0.00173024810774215,0,0,0.00181047813261876,0.00047251844540704,0.00305746273513562,0.000637159328748996,0,0
Zn-0.50-Pb-0.50,300,3,0.00493886465118997,0.00152239319918449,69.3797604295746,19.0110490275002,2.47424242424242,1.55863419850146,0.0524944201299268,0.0124013113954212,0.00158224553952491,0.000731929957789309,0.00514580698844383,0.00192457515136303,0,0,0.00164628821706332,0.000507464399728164,0.00298611440625924,0.000751643164170721,0,0
Zn-0.50-Pd-0.50,100,3,0,0,85.4858581770763,12.3326178031516,12.3045454545454,10.360833203436,0,0,0,0,0,0,0,0,0,0,0,0,0,0
Zn-0.50-Pd-0.50,200,3,0.000719880850978605,0.00124687020929086,95.2115969137246,3.83155961128557,4.97386363636364,1.70035393738971,0.00944525492836569,0.0163596614263697,0.000312285303853601,0.000540894012731521,0.000821139413049548,0.0014222551834991,0,0,0.000359940425489302,0.000623435104645432,0.000861114088983242,0.00149149335323236,0,0
Zn-0.50-Pd-0.50,300,3,0.000898662303195021,0.00155652876798064,100.024452705494,2.40098020227784,2.03257575757576,0.833525115672767,0.00504993827853215,0.0087467496735046,0,0,0.000492683647829729,0.000853353110099462,0,0,0.000299554101065007,0.000518842922660215,0.000433318094425902,0.00075052895538459,0,0
Zn-0.50-Ru-0.50,100,2,0,0,95.96388101983,1.35168712300068,2.805,0.64989541434509,0,0,0,0,0,0,0,0,0,0,0,0,0,0
Zn-0.50-Ru-0.50,200,2,0.000500795658775734,0.000708232012618212,96.5889174655132,0.826704874595566,1.93840909090909,0.677858273419286,0.00782740433172483,0.0110696213641032,0,0,0.00242646696556141,0.000644502904466233,0,0,0.000250397829387867,0.000354116006309106,0.00121236492541888,0.00171454292007283,0,0
Zn-0.50-Ru-0.50,300,2,0.00124920077001917,0.00176663667108802,100.86063197026,0.515688506814792,1.24727272727273,0.706463956840014,0.00496577264055661,0.00702266301593642,0,0,0.000812928018919052,0.00114965382958841,0,0,0.000416400256673056,0.000588878890362674,0.000569376769044917,0.000805220348883495,0,0
Zn-0.50-Sn-0.50,100,3,0,0,3.59481091775709,0.532245583119793,15.0113636363636,1.33973947448903,0,0,0,0,0,0,0,0,0,0,0,0,0,0
Zn-0.50-Sn-0.50,200,3,0,0,7.41395838204349,2.30336929935008,8.1625,1.63909691233207,0,0,0,0,0,0,0,0,0,0,0,0,0,0
Zn-0.50-Sn-0.50,300,3,0.00789573478225224,0.00500366740009917,51.2998760842627,25.6437453243431,2.825,1.55077793061503,0.0529308345490592,0.0378291366329151,0.00291466283596694,0.00281634485842414,0.00979893032905794,0.00749774180021599,0,0,0.00263191159408408,0.00166788913336639,0.00480589228187576,0.00306261587812479,0,0
Zn-1.00,100,3,0.000629630606646344,0.00109055220071188,11.7592967309681,3.72350406717457,83.825,1.11744016424199,0,0,0,0,0,0,0,0,0.000629630606646344,0.00109055220071188,0.00126996757856322,0.00219964837003671,0,0
Zn-1.00,200,3,0.0035784259996547,0.00231067859123559,28.9943885901333,17.509030081792,66.8693181818182,16.6993200315002,0.0567650469457225,0.0550013363059523,0.000874398850790082,0.000943080936265161,0.00361301341741801,0.00369786347709767,0,0,0.00178921299982735,0.00115533929561779,0.00336989910578738,0.00113862348125299,0,0
Zn-1.00,300,3,0.00799403097085805,0.00117829134927602,84.9838909541512,10.3543993022992,16.1924242424242,9.06922109940331,0.159914712153518,0.060099303541042,0.00324776716007745,0.00135115281074161,0.00875882040586184,0.00281751747274261,0,0,0.00266467699028602,0.000392763783092007,0.00425700081909593,0.00139812260893967,0,0
