well_id,partner_a,partner_b,ligand,base,solvent,condition
well_004f97576a39e145,6-I-Q,boronic-ester,dtbpf,K3PO4,MeCN,6-I-Q|boronic-ester|dtbpf|K3PO4|MeCN
well_005df40a19736cc0,6-Br-Q,boronic-acid,P(Cy)3,NaOH,THF,6-Br-Q|boronic-acid|P(Cy)3|NaOH|THF
well_0066d04e73554676,6-Br-Q,boronic-acid,P(o-Tol)3,NaHCO3,MeOH,6-Br-Q|boronic-acid|P(o-Tol)3|NaHCO3|MeOH
well_00998ccb8c60d39e,6-I-Q,boronic-ester,P(o-Tol)3,K3PO4,THF,6-I-Q|boronic-ester|P(o-Tol)3|K3PO4|THF
well_00b2bb5aff5ccb46,6-Br-Q,boronic-ester,P(Ph)3,CsF,DMF,6-Br-Q|boronic-ester|P(Ph)3|CsF|DMF
well_00cf808d29edd127,6-Br-Q,boronic-acid,P(tBu)3,K3PO4,MeOH,6-Br-Q|boronic-acid|P(tBu)3|K3PO4|MeOH
well_00e2cf3b4f3c40ef,6-BPin-Q,aryl-bromide,P(tBu)3,CsF,DMF,6-BPin-Q|aryl-bromide|P(tBu)3|CsF|DMF
well_00f5fb581a8b0bbf,6-Br-Q,trifluoroborate,dtbpf,CsF,THF,6-Br-Q|trifluoroborate|dtbpf|CsF|THF
well_01100e3414b02277,6-BPin-Q,aryl-bromide,P(Cy)3,CsF,THF,6-BPin-Q|aryl-bromide|P(Cy)3|CsF|THF
well_013709bf28b6983a,6-I-Q,trifluoroborate,dppf,Et3N,MeOH,6-I-Q|trifluoroborate|dppf|Et3N|MeOH
well_0181cd09cbb635e4,6-OTf-Q,boronic-acid,dppf,NaHCO3,MeOH,6-OTf-Q|boronic-acid|dppf|NaHCO3|MeOH
well_019783fdc03a799b,6-Br-Q,trifluoroborate,SPhos,NaHCO3,MeOH,6-Br-Q|trifluoroborate|SPhos|NaHCO3|MeOH
well_019f15337b0d2ea8,6-BOH2-Q,aryl-bromide,Xantphos,NaOH,MeCN,6-BOH2-Q|aryl-bromide|Xantphos|NaOH|MeCN
well_01a97a8c908a44fe,6-OTf-Q,trifluoroborate,CataCXium A,KOH,THF,6-OTf-Q|trifluoroborate|CataCXium A|KOH|THF
well_01b0d26a38b7815d,6-Br-Q,boronic-acid,dppf,K3PO4,THF,6-Br-Q|boronic-acid|dppf|K3PO4|THF
well_01be89d43bb51b13,6-Br-Q,trifluoroborate,CataCXium A,None,DMF,6-Br-Q|trifluoroborate|CataCXium A|None|DMF
well_01d0b09445915b6f,6-BPin-Q,aryl-bromide,XPhos,Et3N,MeCN,6-BPin-Q|aryl-bromide|XPhos|Et3N|MeCN
well_01d6b01aa659c6a5,6-BF3K-Q,aryl-bromide,dppf,K3PO4,THF,6-BF3K-Q|aryl-bromide|dppf|K3PO4|THF
well_01da52192265e251,6-I-Q,trifluoroborate,P(Ph)3,LiOtBu,MeCN,6-I-Q|trifluoroborate|P(Ph)3|LiOtBu|MeCN
well_01ddf47caf82bebc,6-BPin-Q,aryl-bromide,Xantphos,Et3N,THF,6-BPin-Q|aryl-bromide|Xantphos|Et3N|THF
well_01df2844b4ce2cdc,6-I-Q,boronic-ester,XPhos,KOH,MeCN,6-I-Q|boronic-ester|XPhos|KOH|MeCN
well_0230e3eaeb6cd325,6-Br-Q,boronic-acid,P(tBu)3,KOH,MeOH,6-Br-Q|boronic-acid|P(tBu)3|KOH|MeOH
well_024be3b6305beeaa,6-OTf-Q,boronic-acid,XPhos,CsF,MeCN,6-OTf-Q|boronic-acid|XPhos|CsF|MeCN
well_027e9534efedd0b5,6-I-Q,trifluoroborate,XPhos,CsF,MeOH,6-I-Q|trifluoroborate|XPhos|CsF|MeOH
well_02a4cef932e1b7cd,6-I-Q,boronic-acid,P(o-Tol)3,None,DMF,6-I-Q|boronic-acid|P(o-Tol)3|None|DMF
well_02af7005dcf83b11,6-BPin-Q,aryl-bromide,AmPhos,K3PO4,MeOH,6-BPin-Q|aryl-bromide|AmPhos|K3PO4|MeOH
well_02c30b786a15e454,6-Br-Q,boronic-acid,CataCXium A,NaOH,DMF,6-Br-Q|boronic-acid|CataCXium A|NaOH|DMF
well_02c3e8b2bda60cd9,6-Br-Q,boronic-acid,dppf,None,MeOH,6-Br-Q|boronic-acid|dppf|None|MeOH
well_02c6329911df5612,6-OTf-Q,trifluoroborate,P(Ph)3,K3PO4,MeCN,6-OTf-Q|trifluoroborate|P(Ph)3|K3PO4|MeCN
well_0303f60c504d4867,6-BPin-Q,aryl-bromide,AmPhos,LiOtBu,MeOH,6-BPin-Q|aryl-bromide|AmPhos|LiOtBu|MeOH
well_0322e30c6abfc0c5,6-OTf-Q,boronic-ester,P(Ph)3,KOH,THF,6-OTf-Q|boronic-ester|P(Ph)3|KOH|THF
well_037a022f8394c73e,6-I-Q,boronic-acid,P(tBu)3,NaHCO3,DMF,6-I-Q|boronic-acid|P(tBu)3|NaHCO3|DMF
well_037fc8297db5e65d,6-I-Q,trifluoroborate,dppf,K3PO4,DMF,6-I-Q|trifluoroborate|dppf|K3PO4|DMF
well_0386a10c7f5461d0,6-OTf-Q,boronic-acid,P(tBu)3,Et3N,MeOH,6-OTf-Q|boronic-acid|P(tBu)3|Et3N|MeOH
well_03a26a5344df1234,6-I-Q,boronic-acid,AmPhos,K3PO4,DMF,6-I-Q|boronic-acid|AmPhos|K3PO4|DMF
well_03fb4c13e9aa74e7,6-OTf-Q,boronic-acid,P(Cy)3,K3PO4,MeCN,6-OTf-Q|boronic-acid|P(Cy)3|K3PO4|MeCN
well_04218b468075b294,6-OTf-Q,trifluoroborate,P(tBu)3,Et3N,MeOH,6-OTf-Q|trifluoroborate|P(tBu)3|Et3N|MeOH
well_0439cd20b48b9643,6-OTf-Q,boronic-ester,dtbpf,KOH,THF,6-OTf-Q|boronic-ester|dtbpf|KOH|THF
well_044e380fc8763905,6-OTf-Q,trifluoroborate,dtbpf,Et3N,MeCN,6-OTf-Q|trifluoroborate|dtbpf|Et3N|MeCN
well_044e8538a0300d6a,6-I-Q,boronic-ester,P(o-Tol)3,None,MeOH,6-I-Q|boronic-ester|P(o-Tol)3|None|MeOH
well_04576a8b71cc8c7c,6-OTf-Q,boronic-ester,dppf,None,MeCN,6-OTf-Q|boronic-ester|dppf|None|MeCN
well_04702085209f8145,6-I-Q,trifluoroborate,CataCXium A,K3PO4,MeCN,6-I-Q|trifluoroborate|CataCXium A|K3PO4|MeCN
well_047c1727ec03f138,6-BPin-Q,aryl-bromide,XPhos,NaHCO3,THF,6-BPin-Q|aryl-bromide|XPhos|NaHCO3|THF
well_0498b9ea21b15b1d,6-BOH2-Q,aryl-bromide,XPhos,KOH,MeOH-H2O-v2,6-BOH2-Q|aryl-bromide|XPhos|KOH|MeOH-H2O-v2
well_04a4382db35bc85e,6-BOH2-Q,aryl-bromide,AmPhos,Et3N,MeCN,6-BOH2-Q|aryl-bromide|AmPhos|Et3N|MeCN
well_04ce7986494891a6,6-BOH2-Q,aryl-bromide,SPhos,CsF,THF-v2,6-BOH2-Q|aryl-bromide|SPhos|CsF|THF-v2
well_04ef2022fedaf037,6-Br-Q,boronic-acid,Xantphos,LiOtBu,MeCN,6-Br-Q|boronic-acid|Xantphos|LiOtBu|MeCN
well_04f7599730ca0e77,6-BOH2-Q,aryl-bromide,P(tBu)3,LiOtBu,DMF,6-BOH2-Q|aryl-bromide|P(tBu)3|LiOtBu|DMF
well_04fc8e67ac94ae4c,6-I-Q,boronic-ester,None,KOH,MeCN,6-I-Q|boronic-ester|None|KOH|MeCN
well_0517490db17b3bbf,6-Br-Q,boronic-ester,XPhos,K3PO4,DMF,6-Br-Q|boronic-ester|XPhos|K3PO4|DMF
well_0531a0903d8c0f10,6-OTf-Q,trifluoroborate,P(o-Tol)3,K3PO4,DMF,6-OTf-Q|trifluoroborate|P(o-Tol)3|K3PO4|DMF
well_0540f312421f7025,6-BOH2-Q,aryl-bromide,P(o-Tol)3,NaOH,MeOH-H2O-v2,6-BOH2-Q|aryl-bromide|P(o-Tol)3|NaOH|MeOH-H2O-v2
well_054cdb99c76f0d41,6-BF3K-Q,aryl-bromide,AmPhos,None,DMF,6-BF3K-Q|aryl-bromide|AmPhos|None|DMF
well_055a1c336da8e593,6-Br-Q,trifluoroborate,dppf,CsF,MeCN,6-Br-Q|trifluoroborate|dppf|CsF|MeCN
well_0581c3b283fb07dd,6-I-Q,boronic-acid,dppf,K3PO4,MeCN,6-I-Q|boronic-acid|dppf|K3PO4|MeCN
well_0590128a6d2cce38,6-I-Q,trifluoroborate,XPhos,NaHCO3,DMF,6-I-Q|trifluoroborate|XPhos|NaHCO3|DMF
well_05d666d4a8586f1d,6-I-Q,boronic-acid,SPhos,K3PO4,DMF,6-I-Q|boronic-acid|SPhos|K3PO4|DMF
well_06007ae39bca5252,6-Br-Q,boronic-acid,None,None,THF,6-Br-Q|boronic-acid|None|None|THF
well_060202bea8d5e711,6-I-Q,trifluoroborate,AmPhos,KOH,DMF,6-I-Q|trifluoroborate|AmPhos|KOH|DMF
well_0637edf846f8580e,6-OTf-Q,trifluoroborate,None,K3PO4,MeOH,6-OTf-Q|trifluoroborate|None|K3PO4|MeOH
well_063f56e4a7ed5d76,6-OTf-Q,boronic-acid,Xantphos,None,DMF,6-OTf-Q|boronic-acid|Xantphos|None|DMF
well_06655955ec23cd66,6-I-Q,boronic-acid,P(tBu)3,K3PO4,MeOH,6-I-Q|boronic-acid|P(tBu)3|K3PO4|MeOH
well_0671c776d34391ff,6-I-Q,boronic-ester,P(o-Tol)3,NaOH,MeOH,6-I-Q|boronic-ester|P(o-Tol)3|NaOH|MeOH
well_06898d3f55c1b07c,6-Br-Q,boronic-ester,P(Ph)3,NaOH,MeOH,6-Br-Q|boronic-ester|P(Ph)3|NaOH|MeOH
well_06a6538af56e7a0b,6-I-Q,boronic-ester,P(Cy)3,NaHCO3,MeOH,6-I-Q|boronic-ester|P(Cy)3|NaHCO3|MeOH
well_0734ad658ac9a8c7,6-I-Q,boronic-ester,None,NaOH,THF,6-I-Q|boronic-ester|None|NaOH|THF
well_073bcc255e4c9238,6-OTf-Q,boronic-acid,None,None,THF,6-OTf-Q|boronic-acid|None|None|THF
well_074b6dfbca8a75ae,6-BPin-Q,aryl-bromide,XPhos,NaOH,MeOH,6-BPin-Q|aryl-bromide|XPhos|NaOH|MeOH
well_0753527d70fc7a10,6-BOH2-Q,aryl-bromide,Xantphos,CsF,MeCN,6-BOH2-Q|aryl-bromide|Xantphos|CsF|MeCN
well_075dfb6c343ef9a1,6-OTf-Q,boronic-ester,P(Cy)3,KOH,DMF,6-OTf-Q|boronic-ester|P(Cy)3|KOH|DMF
well_0791dac78bbc8ae2,6-I-Q,boronic-acid,Xantphos,Et3N,MeCN,6-I-Q|boronic-acid|Xantphos|Et3N|MeCN
well_0796b8bbf74d5fdd,6-I-Q,trifluoroborate,P(tBu)3,Et3N,MeCN,6-I-Q|trifluoroborate|P(tBu)3|Et3N|MeCN
well_079e3550732ed84d,6-I-Q,trifluoroborate,Xantphos,Et3N,THF,6-I-Q|trifluoroborate|Xantphos|Et3N|THF
well_079ebcacf805f9eb,6-BOH2-Q,aryl-bromide,XPhos,None,DMF,6-BOH2-Q|aryl-bromide|XPhos|None|DMF
well_07a00be9ad844370,6-I-Q,trifluoroborate,XPhos,NaOH,DMF,6-I-Q|trifluoroborate|XPhos|NaOH|DMF
well_07a2b5bb5ed461e2,6-I-Q,boronic-ester,None,None,DMF,6-I-Q|boronic-ester|None|None|DMF
well_07a8ccf36ce79a1f,6-Br-Q,trifluoroborate,dppf,Et3N,MeCN,6-Br-Q|trifluoroborate|dppf|Et3N|MeCN
well_07f1bc419d826189,6-I-Q,boronic-acid,P(tBu)3,LiOtBu,THF,6-I-Q|boronic-acid|P(tBu)3|LiOtBu|THF
well_07f4408dbfc6fc79,6-BPin-Q,aryl-bromide,Xantphos,KOH,THF,6-BPin-Q|aryl-bromide|Xantphos|KOH|THF
well_080d65ea93e4c103,6-BF3K-Q,aryl-bromide,P(tBu)3,LiOtBu,MeCN,6-BF3K-Q|aryl-bromide|P(tBu)3|LiOtBu|MeCN
well_0826a86cc197f369,6-OTf-Q,trifluoroborate,P(Ph)3,CsF,MeOH,6-OTf-Q|trifluoroborate|P(Ph)3|CsF|MeOH
well_083b716f36987f47,6-I-Q,trifluoroborate,dtbpf,KOH,DMF,6-I-Q|trifluoroborate|dtbpf|KOH|DMF
well_08403db7f03e1967,6-I-Q,boronic-acid,dtbpf,NaOH,THF,6-I-Q|boronic-acid|dtbpf|NaOH|THF
well_0858087577698f68,6-BPin-Q,aryl-bromide,P(tBu)3,NaOH,MeCN,6-BPin-Q|aryl-bromide|P(tBu)3|NaOH|MeCN
well_088a39edfd0228f1,6-I-Q,trifluoroborate,Xantphos,CsF,MeCN,6-I-Q|trifluoroborate|Xantphos|CsF|MeCN
well_0899cb2fb2455c01,6-Br-Q,trifluoroborate,dtbpf,NaOH,THF,6-Br-Q|trifluoroborate|dtbpf|NaOH|THF
well_08bffbc31262aa95,6-I-Q,trifluoroborate,SPhos,Et3N,MeOH,6-I-Q|trifluoroborate|SPhos|Et3N|MeOH
well_08d3ceff2e6f0bda,6-Br-Q,boronic-ester,dtbpf,K3PO4,THF,6-Br-Q|boronic-ester|dtbpf|K3PO4|THF
well_08e49f301d3e5828,6-BOH2-Q,aryl-bromide,CataCXium A,NaOH,THF-v2,6-BOH2-Q|aryl-bromide|CataCXium A|NaOH|THF-v2
well_08e75669daa586f0,6-I-Q,boronic-acid,P(tBu)3,Et3N,DMF,6-I-Q|boronic-acid|P(tBu)3|Et3N|DMF
well_08ebb832e133b956,6-OTf-Q,boronic-acid,dtbpf,NaHCO3,MeOH,6-OTf-Q|boronic-acid|dtbpf|NaHCO3|MeOH
well_08eebefdefd6ceb4,6-Br-Q,boronic-acid,XPhos,Et3N,MeOH,6-Br-Q|boronic-acid|XPhos|Et3N|MeOH
well_08f316c5f5a73380,6-BOH2-Q,aryl-bromide,dtbpf,LiOtBu,MeCN,6-BOH2-Q|aryl-bromide|dtbpf|LiOtBu|MeCN
well_08fe23454064ea69,6-I-Q,boronic-ester,Xantphos,Et3N,MeOH,6-I-Q|boronic-ester|Xantphos|Et3N|MeOH
well_090c0ae4c56f3842,6-BOH2-Q,aryl-bromide,P(o-Tol)3,KOH,MeOH-H2O-v2,6-BOH2-Q|aryl-bromide|P(o-Tol)3|KOH|MeOH-H2O-v2
well_091383c84a40a279,6-BF3K-Q,aryl-bromide,CataCXium A,Et3N,THF,6-BF3K-Q|aryl-bromide|CataCXium A|Et3N|THF
well_0929c9552111c07e,6-OTf-Q,boronic-ester,P(Ph)3,CsF,MeOH,6-OTf-Q|boronic-ester|P(Ph)3|CsF|MeOH
well_09477a452e7a3db8,6-OTf-Q,boronic-ester,dtbpf,LiOtBu,DMF,6-OTf-Q|boronic-ester|dtbpf|LiOtBu|DMF
well_097781f6f19dbe87,6-I-Q,boronic-ester,P(o-Tol)3,None,DMF,6-I-Q|boronic-ester|P(o-Tol)3|None|DMF
well_099a39749f024d28,6-OTf-Q,boronic-ester,P(tBu)3,K3PO4,DMF,6-OTf-Q|boronic-ester|P(tBu)3|K3PO4|DMF
well_09b24510fad0ac0d,6-OTf-Q,trifluoroborate,P(Ph)3,None,THF,6-OTf-Q|trifluoroborate|P(Ph)3|None|THF
well_09beb5b0fb0f3dda,6-Br-Q,trifluoroborate,P(Ph)3,KOH,DMF,6-Br-Q|trifluoroborate|P(Ph)3|KOH|DMF
well_09c841714eccab0e,6-OTf-Q,boronic-ester,None,NaHCO3,DMF,6-OTf-Q|boronic-ester|None|NaHCO3|DMF
well_09f7bebb50fd0abe,6-BPin-Q,aryl-bromide,P(Cy)3,None,THF,6-BPin-Q|aryl-bromide|P(Cy)3|None|THF
well_09fcec6d84324098,6-I-Q,trifluoroborate,AmPhos,KOH,MeCN,6-I-Q|trifluoroborate|AmPhos|KOH|MeCN
well_0a12ae12cf251451,6-OTf-Q,trifluoroborate,P(o-Tol)3,Et3N,DMF,6-OTf-Q|trifluoroborate|P(o-Tol)3|Et3N|DMF
well_0a2a2e687bcdb609,6-Br-Q,trifluoroborate,P(o-Tol)3,KOH,MeOH,6-Br-Q|trifluoroborate|P(o-Tol)3|KOH|MeOH
well_0a3cee330a18dc05,6-OTf-Q,boronic-acid,Xantphos,NaOH,DMF,6-OTf-Q|boronic-acid|Xantphos|NaOH|DMF
well_0a3cfc036e9a24b6,6-BF3K-Q,aryl-bromide,dtbpf,Et3N,DMF,6-BF3K-Q|aryl-bromide|dtbpf|Et3N|DMF
well_0a5eeaced29830fb,6-I-Q,boronic-ester,None,Et3N,MeOH,6-I-Q|boronic-ester|None|Et3N|MeOH
well_0a6937e6ef5a3dfa,6-BOH2-Q,aryl-bromide,P(Cy)3,None,MeCN,6-BOH2-Q|aryl-bromide|P(Cy)3|None|MeCN
well_0a79b33abcdd2120,6-I-Q,boronic-acid,None,KOH,MeCN,6-I-Q|boronic-acid|None|KOH|MeCN
well_0a8644263f0bd12b,6-I-Q,trifluoroborate,P(o-Tol)3,K3PO4,MeCN,6-I-Q|trifluoroborate|P(o-Tol)3|K3PO4|MeCN
well_0a9da22f86cd7054,6-OTf-Q,trifluoroborate,XPhos,CsF,MeOH,6-OTf-Q|trifluoroborate|XPhos|CsF|MeOH
well_0aa70dcd4fbfc4eb,6-I-Q,boronic-acid,Xantphos,NaHCO3,MeOH,6-I-Q|boronic-acid|Xantphos|NaHCO3|MeOH
well_0ac651d8f07cd1b6,6-BF3K-Q,aryl-bromide,XPhos,NaOH,MeCN,6-BF3K-Q|aryl-bromide|XPhos|NaOH|MeCN
well_0ac95394937da186,6-I-Q,boronic-acid,P(Cy)3,KOH,THF,6-I-Q|boronic-acid|P(Cy)3|KOH|THF
well_0ad7edd6d660eebc,6-I-Q,boronic-acid,P(Cy)3,KOH,MeOH,6-I-Q|boronic-acid|P(Cy)3|KOH|MeOH
well_0af35a4afcb13f37,6-OTf-Q,boronic-ester,None,LiOtBu,DMF,6-OTf-Q|boronic-ester|None|LiOtBu|DMF
well_0afdc9b214e0ce74,6-Br-Q,boronic-acid,P(Cy)3,LiOtBu,MeOH,6-Br-Q|boronic-acid|P(Cy)3|LiOtBu|MeOH
well_0b34f62cba90a0dd,6-OTf-Q,boronic-acid,CataCXium A,K3PO4,MeOH,6-OTf-Q|boronic-acid|CataCXium A|K3PO4|MeOH
well_0b35c0a54b8f5994,6-I-Q,boronic-acid,dtbpf,KOH,MeOH,6-I-Q|boronic-acid|dtbpf|KOH|MeOH
well_0b4279f57d710e80,6-BPin-Q,aryl-bromide,Xantphos,CsF,THF,6-BPin-Q|aryl-bromide|Xantphos|CsF|THF
well_0b6b19de6794a541,6-OTf-Q,boronic-acid,SPhos,NaOH,THF,6-OTf-Q|boronic-acid|SPhos|NaOH|THF
well_0b780ee15eef0058,6-I-Q,trifluoroborate,XPhos,None,MeCN,6-I-Q|trifluoroborate|XPhos|None|MeCN
well_0b8300b1f954f10d,6-OTf-Q,trifluoroborate,SPhos,NaHCO3,MeOH,6-OTf-Q|trifluoroborate|SPhos|NaHCO3|MeOH
well_0bc4ba6dc2e92aca,6-OTf-Q,boronic-acid,None,NaHCO3,MeCN,6-OTf-Q|boronic-acid|None|NaHCO3|MeCN
well_0bd79eca3ae8b328,6-BOH2-Q,aryl-bromide,P(o-Tol)3,K3PO4,MeOH-H2O-v2,6-BOH2-Q|aryl-bromide|P(o-Tol)3|K3PO4|MeOH-H2O-v2
well_0bde5c35ba29ef69,6-Br-Q,boronic-ester,AmPhos,KOH,DMF,6-Br-Q|boronic-ester|AmPhos|KOH|DMF
well_0bea21d8fc3de506,6-OTf-Q,boronic-ester,P(o-Tol)3,KOH,MeOH,6-OTf-Q|boronic-ester|P(o-Tol)3|KOH|MeOH
well_0c00a3856d1b3c09,6-Br-Q,trifluoroborate,P(Ph)3,NaHCO3,MeCN,6-Br-Q|trifluoroborate|P(Ph)3|NaHCO3|MeCN
well_0c1e576149eff2d2,6-Br-Q,trifluoroborate,AmPhos,Et3N,DMF,6-Br-Q|trifluoroborate|AmPhos|Et3N|DMF
well_0c3bbb5e846a6bae,6-OTf-Q,trifluoroborate,None,CsF,THF,6-OTf-Q|trifluoroborate|None|CsF|THF
well_0c3f5492fafd59d1,6-I-Q,trifluoroborate,dppf,LiOtBu,DMF,6-I-Q|trifluoroborate|dppf|LiOtBu|DMF
well_0c730b54f4b23318,6-OTf-Q,trifluoroborate,P(Ph)3,LiOtBu,THF,6-OTf-Q|trifluoroborate|P(Ph)3|LiOtBu|THF
well_0c821cec03b077ff,6-BOH2-Q,aryl-bromide,P(Ph)3,KOH,DMF,6-BOH2-Q|aryl-bromide|P(Ph)3|KOH|DMF
well_0cb078d9b55ea243,6-BPin-Q,aryl-bromide,P(Cy)3,KOH,DMF,6-BPin-Q|aryl-bromide|P(Cy)3|KOH|DMF
well_0cbbb07704223f26,6-I-Q,trifluoroborate,P(o-Tol)3,NaHCO3,DMF,6-I-Q|trifluoroborate|P(o-Tol)3|NaHCO3|DMF
well_0ccdf7c1d2960e29,6-I-Q,trifluoroborate,P(Ph)3,None,MeCN,6-I-Q|trifluoroborate|P(Ph)3|None|MeCN
well_0cd866c52897b49e,6-OTf-Q,boronic-acid,AmPhos,LiOtBu,DMF,6-OTf-Q|boronic-acid|AmPhos|LiOtBu|DMF
well_0ce9042c2dbbc0f9,6-I-Q,boronic-ester,P(Ph)3,CsF,MeCN,6-I-Q|boronic-ester|P(Ph)3|CsF|MeCN
well_0cfc406f35acb6a4,6-I-Q,trifluoroborate,dppf,Et3N,MeCN,6-I-Q|trifluoroborate|dppf|Et3N|MeCN
well_0d0aaf7a2f1601cb,6-BPin-Q,aryl-bromide,AmPhos,CsF,MeOH,6-BPin-Q|aryl-bromide|AmPhos|CsF|MeOH
well_0d2fd8f33967ca8b,6-OTf-Q,boronic-ester,dtbpf,NaOH,THF,6-OTf-Q|boronic-ester|dtbpf|NaOH|THF
well_0d3237c9a461c59a,6-BPin-Q,aryl-bromide,Xantphos,Et3N,DMF,6-BPin-Q|aryl-bromide|Xantphos|Et3N|DMF
well_0d3811c44eea89f1,6-Br-Q,boronic-ester,dtbpf,Et3N,MeOH,6-Br-Q|boronic-ester|dtbpf|Et3N|MeOH
well_0d3dfc75240ed440,6-I-Q,boronic-ester,P(tBu)3,LiOtBu,THF,6-I-Q|boronic-ester|P(tBu)3|LiOtBu|THF
well_0d5a7e0dc1e232bd,6-OTf-Q,trifluoroborate,Xantphos,LiOtBu,DMF,6-OTf-Q|trifluoroborate|Xantphos|LiOtBu|DMF
well_0d621f7b29a52ff2,6-BF3K-Q,aryl-bromide,P(Cy)3,LiOtBu,THF,6-BF3K-Q|aryl-bromide|P(Cy)3|LiOtBu|THF
well_0d7d9b05a4176929,6-BOH2-Q,aryl-bromide,AmPhos,CsF,DMF,6-BOH2-Q|aryl-bromide|AmPhos|CsF|DMF
well_0da6dae1d61730c5,6-OTf-Q,boronic-acid,XPhos,Et3N,DMF,6-OTf-Q|boronic-acid|XPhos|Et3N|DMF
well_0dc7845418ab72bf,6-Br-Q,boronic-acid,P(tBu)3,None,THF,6-Br-Q|boronic-acid|P(tBu)3|None|THF
well_0e0d2f713e852c41,6-Br-Q,boronic-ester,Xantphos,NaOH,THF,6-Br-Q|boronic-ester|Xantphos|NaOH|THF
well_0e177a611d100c0e,6-Br-Q,boronic-ester,P(o-Tol)3,NaHCO3,THF,6-Br-Q|boronic-ester|P(o-Tol)3|NaHCO3|THF
well_0e1a6bf93b91180c,6-Br-Q,boronic-ester,dtbpf,NaHCO3,MeOH,6-Br-Q|boronic-ester|dtbpf|NaHCO3|MeOH
well_0e1b71a148bb6950,6-Br-Q,trifluoroborate,dtbpf,CsF,MeCN,6-Br-Q|trifluoroborate|dtbpf|CsF|MeCN
well_0e66897dc22ce583,6-Br-Q,boronic-acid,None,KOH,DMF,6-Br-Q|boronic-acid|None|KOH|DMF
well_0e671bea850c8142,6-I-Q,trifluoroborate,Xantphos,NaHCO3,MeOH,6-I-Q|trifluoroborate|Xantphos|NaHCO3|MeOH
well_0e78a43e8d05584b,6-OTf-Q,boronic-acid,P(o-Tol)3,Et3N,THF,6-OTf-Q|boronic-acid|P(o-Tol)3|Et3N|THF
well_0e8d18db5009147d,6-Br-Q,boronic-ester,None,NaOH,DMF,6-Br-Q|boronic-ester|None|NaOH|DMF
well_0e9772cbdaf882a0,6-BOH2-Q,aryl-bromide,None,KOH,MeOH-H2O-v2,6-BOH2-Q|aryl-bromide|None|KOH|MeOH-H2O-v2
well_0eb7aff0ea1427a0,6-BPin-Q,aryl-bromide,P(o-Tol)3,Et3N,DMF,6-BPin-Q|aryl-bromide|P(o-Tol)3|Et3N|DMF
well_0ee251b8649ae4c5,6-I-Q,boronic-ester,P(Cy)3,Et3N,MeOH,6-I-Q|boronic-ester|P(Cy)3|Et3N|MeOH
well_0ef9927cab6f5d67,6-I-Q,boronic-ester,AmPhos,KOH,DMF,6-I-Q|boronic-ester|AmPhos|KOH|DMF
well_0f0e94b548ff1ab4,6-BPin-Q,aryl-bromide,P(Cy)3,None,MeCN,6-BPin-Q|aryl-bromide|P(Cy)3|None|MeCN
well_0f2d59a1cc9ddfa8,6-I-Q,trifluoroborate,None,LiOtBu,DMF,6-I-Q|trifluoroborate|None|LiOtBu|DMF
well_0f352ceed8a28566,6-BOH2-Q,aryl-bromide,None,LiOtBu,MeOH-H2O-v2,6-BOH2-Q|aryl-bromide|None|LiOtBu|MeOH-H2O-v2
well_0f4376fce7696dcb,6-I-Q,trifluoroborate,CataCXium A,K3PO4,MeOH,6-I-Q|trifluoroborate|CataCXium A|K3PO4|MeOH
well_0f454d5abf6dfbe0,6-OTf-Q,trifluoroborate,dppf,Et3N,MeCN,6-OTf-Q|trifluoroborate|dppf|Et3N|MeCN
well_0f6711f5b006b648,6-I-Q,trifluoroborate,SPhos,K3PO4,MeCN,6-I-Q|trifluoroborate|SPhos|K3PO4|MeCN
well_0f6b79bda8407ac3,6-I-Q,boronic-ester,dppf,NaHCO3,MeOH,6-I-Q|boronic-ester|dppf|NaHCO3|MeOH
well_0f8d18d89d068c21,6-Br-Q,trifluoroborate,P(tBu)3,Et3N,MeOH,6-Br-Q|trifluoroborate|P(tBu)3|Et3N|MeOH
well_0f90cf499ec5e94c,6-Br-Q,boronic-acid,P(tBu)3,CsF,DMF,6-Br-Q|boronic-acid|P(tBu)3|CsF|DMF
well_0fa24b720dc2a231,6-OTf-Q,trifluoroborate,Xantphos,CsF,THF,6-OTf-Q|trifluoroborate|Xantphos|CsF|THF
well_0fab2641cba212e5,6-I-Q,trifluoroborate,SPhos,K3PO4,DMF,6-I-Q|trifluoroborate|SPhos|K3PO4|DMF
well_0fb51b8a2018fead,6-BPin-Q,aryl-bromide,P(Ph)3,K3PO4,MeOH,6-BPin-Q|aryl-bromide|P(Ph)3|K3PO4|MeOH
well_0fbeef1208f0fcfb,6-I-Q,trifluoroborate,dppf,None,MeOH,6-I-Q|trifluoroborate|dppf|None|MeOH
well_0fc943f7b196fb28,6-Br-Q,boronic-ester,P(tBu)3,None,MeCN,6-Br-Q|boronic-ester|P(tBu)3|None|MeCN
well_0fdfcdd3f8532907,6-BPin-Q,aryl-bromide,XPhos,Et3N,MeOH,6-BPin-Q|aryl-bromide|XPhos|Et3N|MeOH
well_0ff46b833bcd5f1a,6-Br-Q,boronic-ester,dtbpf,CsF,THF,6-Br-Q|boronic-ester|dtbpf|CsF|THF
well_1012f257c72aac6d,6-I-Q,boronic-acid,dppf,K3PO4,THF,6-I-Q|boronic-acid|dppf|K3PO4|THF
well_1014af16cb427bb1,6-I-Q,boronic-ester,XPhos,K3PO4,MeCN,6-I-Q|boronic-ester|XPhos|K3PO4|MeCN
well_101d070cb02f254f,6-BOH2-Q,aryl-bromide,AmPhos,CsF,THF-v2,6-BOH2-Q|aryl-bromide|AmPhos|CsF|THF-v2
well_102f6dfbad625604,6-Br-Q,boronic-acid,P(o-Tol)3,K3PO4,MeCN,6-Br-Q|boronic-acid|P(o-Tol)3|K3PO4|MeCN
well_1047e07e890d88d7,6-BPin-Q,aryl-bromide,P(Cy)3,Et3N,MeCN,6-BPin-Q|aryl-bromide|P(Cy)3|Et3N|MeCN
well_109b6e48c8cfb0b8,6-Br-Q,boronic-ester,Xantphos,NaHCO3,DMF,6-Br-Q|boronic-ester|Xantphos|NaHCO3|DMF
well_109be10a5f58ad96,6-Br-Q,boronic-acid,dppf,NaOH,MeCN,6-Br-Q|boronic-acid|dppf|NaOH|MeCN
well_10a9cadb61871032,6-Br-Q,boronic-acid,XPhos,LiOtBu,DMF,6-Br-Q|boronic-acid|XPhos|LiOtBu|DMF
well_10c165328b5f37f8,6-OTf-Q,trifluoroborate,P(o-Tol)3,NaOH,DMF,6-OTf-Q|trifluoroborate|P(o-Tol)3|NaOH|DMF
well_10ca867f0a1988a3,6-I-Q,boronic-ester,Xantphos,Et3N,DMF,6-I-Q|boronic-ester|Xantphos|Et3N|DMF
well_10eaa6ee5ab199ca,6-OTf-Q,boronic-acid,XPhos,NaOH,DMF,6-OTf-Q|boronic-acid|XPhos|NaOH|DMF
well_10f1094b2043d32d,6-OTf-Q,boronic-ester,P(Ph)3,NaHCO3,THF,6-OTf-Q|boronic-ester|P(Ph)3|NaHCO3|THF
well_11039309ea51377f,6-OTf-Q,boronic-ester,dtbpf,K3PO4,MeCN,6-OTf-Q|boronic-ester|dtbpf|K3PO4|MeCN
well_110fe51088136a48,6-OTf-Q,boronic-ester,P(Ph)3,K3PO4,MeOH,6-OTf-Q|boronic-ester|P(Ph)3|K3PO4|MeOH
well_113665ecc5714d28,6-BOH2-Q,aryl-bromide,XPhos,Et3N,DMF,6-BOH2-Q|aryl-bromide|XPhos|Et3N|DMF
well_113dea7518a09bbe,6-I-Q,boronic-acid,P(o-Tol)3,None,MeCN,6-I-Q|boronic-acid|P(o-Tol)3|None|MeCN
well_1146c9d0a31e9dc7,6-I-Q,boronic-acid,CataCXium A,KOH,MeOH,6-I-Q|boronic-acid|CataCXium A|KOH|MeOH
well_115c9117b423a93c,6-Br-Q,boronic-acid,dtbpf,KOH,DMF,6-Br-Q|boronic-acid|dtbpf|KOH|DMF
well_117325cc2be37fee,6-I-Q,boronic-acid,AmPhos,Et3N,MeCN,6-I-Q|boronic-acid|AmPhos|Et3N|MeCN
well_117c0432ddbed34b,6-OTf-Q,boronic-ester,AmPhos,NaHCO3,THF,6-OTf-Q|boronic-ester|AmPhos|NaHCO3|THF
well_11ea463d73fdbba5,6-BF3K-Q,aryl-bromide,None,K3PO4,DMF,6-BF3K-Q|aryl-bromide|None|K3PO4|DMF
well_11ffecdef828e0ac,6-OTf-Q,trifluoroborate,XPhos,Et3N,DMF,6-OTf-Q|trifluoroborate|XPhos|Et3N|DMF
well_12274d935491e638,6-I-Q,boronic-ester,P(Ph)3,NaOH,MeCN,6-I-Q|boronic-ester|P(Ph)3|NaOH|MeCN
well_123134dd6a4da6b5,6-OTf-Q,boronic-ester,P(tBu)3,CsF,DMF,6-OTf-Q|boronic-ester|P(tBu)3|CsF|DMF
well_12429c0d2a82e4a8,6-I-Q,trifluoroborate,P(Ph)3,Et3N,DMF,6-I-Q|trifluoroborate|P(Ph)3|Et3N|DMF
well_124750241ea690f4,6-BF3K-Q,aryl-bromide,P(tBu)3,LiOtBu,DMF,6-BF3K-Q|aryl-bromide|P(tBu)3|LiOtBu|DMF
well_1271bc6932b423ba,6-I-Q,trifluoroborate,None,KOH,MeCN,6-I-Q|trifluoroborate|None|KOH|MeCN
well_127a54ad7d7f85af,6-I-Q,trifluoroborate,AmPhos,NaOH,THF,6-I-Q|trifluoroborate|AmPhos|NaOH|THF
well_1284dabeff73be14,6-OTf-Q,boronic-acid,dtbpf,KOH,MeCN,6-OTf-Q|boronic-acid|dtbpf|KOH|MeCN
well_12888a61dc4a9aab,6-OTf-Q,boronic-acid,dppf,Et3N,THF,6-OTf-Q|boronic-acid|dppf|Et3N|THF
well_1293d278b3236ac2,6-OTf-Q,boronic-acid,SPhos,K3PO4,DMF,6-OTf-Q|boronic-acid|SPhos|K3PO4|DMF
well_12a8f22ff32d928b,6-OTf-Q,boronic-ester,P(Cy)3,K3PO4,MeOH,6-OTf-Q|boronic-ester|P(Cy)3|K3PO4|MeOH
well_12a9d2c401a92c90,6-I-Q,boronic-acid,XPhos,LiOtBu,THF,6-I-Q|boronic-acid|XPhos|LiOtBu|THF
well_12ac3edcb14bc2ec,6-I-Q,trifluoroborate,P(o-Tol)3,KOH,DMF,6-I-Q|trifluoroborate|P(o-Tol)3|KOH|DMF
well_12acdc26ae8508c8,6-BOH2-Q,aryl-bromide,XPhos,NaHCO3,MeCN,6-BOH2-Q|aryl-bromide|XPhos|NaHCO3|MeCN
well_12deb33c3b29e19e,6-Br-Q,boronic-ester,AmPhos,CsF,MeOH,6-Br-Q|boronic-ester|AmPhos|CsF|MeOH
well_13127a1bef6e303f,6-I-Q,boronic-ester,P(tBu)3,KOH,DMF,6-I-Q|boronic-ester|P(tBu)3|KOH|DMF
well_13227f999f5589e8,6-OTf-Q,boronic-acid,P(Cy)3,Et3N,DMF,6-OTf-Q|boronic-acid|P(Cy)3|Et3N|DMF
well_133bbb2b912cd31f,6-BF3K-Q,aryl-bromide,P(Ph)3,LiOtBu,THF,6-BF3K-Q|aryl-bromide|P(Ph)3|LiOtBu|THF
well_1345bbcb4c7c7b36,6-Br-Q,boronic-acid,CataCXium A,NaHCO3,MeCN,6-Br-Q|boronic-acid|CataCXium A|NaHCO3|MeCN
well_1359fee97d31548c,6-Br-Q,boronic-acid,P(tBu)3,NaOH,DMF,6-Br-Q|boronic-acid|P(tBu)3|NaOH|DMF
well_13968e91c83a2cbd,6-I-Q,trifluoroborate,P(Ph)3,NaHCO3,MeCN,6-I-Q|trifluoroborate|P(Ph)3|NaHCO3|MeCN
well_139819fddbec2af6,6-I-Q,boronic-acid,XPhos,NaHCO3,MeOH,6-I-Q|boronic-acid|XPhos|NaHCO3|MeOH
well_1399c3f110b8179c,6-BPin-Q,aryl-bromide,None,KOH,THF,6-BPin-Q|aryl-bromide|None|KOH|THF
well_139c698499bd7e2d,6-BPin-Q,aryl-bromide,AmPhos,NaOH,THF,6-BPin-Q|aryl-bromide|AmPhos|NaOH|THF
well_13b21f7f642b192b,6-Br-Q,trifluoroborate,P(o-Tol)3,Et3N,MeCN,6-Br-Q|trifluoroborate|P(o-Tol)3|Et3N|MeCN
well_13b328b2e46d979a,6-BF3K-Q,aryl-bromide,P(tBu)3,Et3N,DMF,6-BF3K-Q|aryl-bromide|P(tBu)3|Et3N|DMF
well_13be539a80fc433e,6-Br-Q,boronic-ester,Xantphos,NaHCO3,MeOH,6-Br-Q|boronic-ester|Xantphos|NaHCO3|MeOH
well_13d02f8cd4b5b942,6-BF3K-Q,aryl-bromide,P(Ph)3,KOH,MeOH,6-BF3K-Q|aryl-bromide|P(Ph)3|KOH|MeOH
well_13e6a22afaeea0ac,6-Br-Q,boronic-acid,AmPhos,Et3N,MeCN,6-Br-Q|boronic-acid|AmPhos|Et3N|MeCN
well_13f07f92ee61b15e,6-BF3K-Q,aryl-bromide,dtbpf,KOH,THF,6-BF3K-Q|aryl-bromide|dtbpf|KOH|THF
well_13fe6cbc34c6297f,6-OTf-Q,boronic-ester,AmPhos,K3PO4,MeOH,6-OTf-Q|boronic-ester|AmPhos|K3PO4|MeOH
well_1413dc32be55d4cf,6-OTf-Q,trifluoroborate,dtbpf,Et3N,THF,6-OTf-Q|trifluoroborate|dtbpf|Et3N|THF
well_1419ea1756127b21,6-Br-Q,boronic-ester,dtbpf,NaHCO3,DMF,6-Br-Q|boronic-ester|dtbpf|NaHCO3|DMF
well_141ec787b3c8cb05,6-Br-Q,boronic-ester,P(Ph)3,None,MeCN,6-Br-Q|boronic-ester|P(Ph)3|None|MeCN
well_143d5c1195e77ddf,6-I-Q,boronic-acid,AmPhos,CsF,THF,6-I-Q|boronic-acid|AmPhos|CsF|THF
well_146924bcddf6f58d,6-OTf-Q,boronic-acid,P(o-Tol)3,NaOH,DMF,6-OTf-Q|boronic-acid|P(o-Tol)3|NaOH|DMF
well_1479b68aa556ad23,6-Br-Q,boronic-ester,dppf,Et3N,MeOH,6-Br-Q|boronic-ester|dppf|Et3N|MeOH
well_1487dd6cb7069ff5,6-OTf-Q,trifluoroborate,P(tBu)3,KOH,DMF,6-OTf-Q|trifluoroborate|P(tBu)3|KOH|DMF
well_14ab8405b295090e,6-I-Q,trifluoroborate,dppf,NaOH,MeOH,6-I-Q|trifluoroborate|dppf|NaOH|MeOH
well_14cd9b561e209be6,6-OTf-Q,trifluoroborate,P(Cy)3,NaOH,THF,6-OTf-Q|trifluoroborate|P(Cy)3|NaOH|THF
well_14dbf0a9814355e6,6-I-Q,trifluoroborate,P(o-Tol)3,LiOtBu,DMF,6-I-Q|trifluoroborate|P(o-Tol)3|LiOtBu|DMF
well_14dc614290cdbc58,6-OTf-Q,trifluoroborate,dtbpf,None,DMF,6-OTf-Q|trifluoroborate|dtbpf|None|DMF
well_14e00eaa8a5f3705,6-OTf-Q,boronic-ester,P(tBu)3,Et3N,MeCN,6-OTf-Q|boronic-ester|P(tBu)3|Et3N|MeCN
well_14e38e67dad6752e,6-BPin-Q,aryl-bromide,P(Cy)3,NaHCO3,MeCN,6-BPin-Q|aryl-bromide|P(Cy)3|NaHCO3|MeCN
well_1512df028c9a3461,6-Br-Q,boronic-ester,dtbpf,Et3N,MeCN,6-Br-Q|boronic-ester|dtbpf|Et3N|MeCN
well_151d2355e7ad9f4a,6-Br-Q,trifluoroborate,P(Cy)3,NaHCO3,DMF,6-Br-Q|trifluoroborate|P(Cy)3|NaHCO3|DMF
well_1524262dfff8c221,6-I-Q,trifluoroborate,dppf,K3PO4,THF,6-I-Q|trifluoroborate|dppf|K3PO4|THF
well_153421d369e83afb,6-OTf-Q,boronic-ester,P(Ph)3,CsF,THF,6-OTf-Q|boronic-ester|P(Ph)3|CsF|THF
well_154ca4451ca4bf69,6-I-Q,boronic-acid,Xantphos,CsF,THF,6-I-Q|boronic-acid|Xantphos|CsF|THF
well_15587f6fe118af2b,6-I-Q,trifluoroborate,CataCXium A,K3PO4,DMF,6-I-Q|trifluoroborate|CataCXium A|K3PO4|DMF
well_156ba137a75055eb,6-Br-Q,boronic-ester,None,CsF,MeCN,6-Br-Q|boronic-ester|None|CsF|MeCN
well_15837cbffd1aab59,6-Br-Q,trifluoroborate,XPhos,K3PO4,MeCN,6-Br-Q|trifluoroborate|XPhos|K3PO4|MeCN
well_15ea17b8c9c1828e,6-I-Q,boronic-acid,dtbpf,Et3N,DMF,6-I-Q|boronic-acid|dtbpf|Et3N|DMF
well_15ec8502a49b3c60,6-BOH2-Q,aryl-bromide,P(Cy)3,NaOH,MeCN,6-BOH2-Q|aryl-bromide|P(Cy)3|NaOH|MeCN
well_161279e68ab99c39,6-Br-Q,trifluoroborate,P(Ph)3,Et3N,THF,6-Br-Q|trifluoroborate|P(Ph)3|Et3N|THF
well_161e6cae5617bb10,6-Br-Q,boronic-ester,P(Cy)3,KOH,MeCN,6-Br-Q|boronic-ester|P(Cy)3|KOH|MeCN
well_161f09eac1ddb5f3,6-BF3K-Q,aryl-bromide,P(o-Tol)3,CsF,MeOH,6-BF3K-Q|aryl-bromide|P(o-Tol)3|CsF|MeOH
well_1625adebefe6fd60,6-Br-Q,boronic-ester,None,None,DMF,6-Br-Q|boronic-ester|None|None|DMF
well_162677fbd813f6f5,6-Br-Q,boronic-ester,P(Ph)3,Et3N,MeOH,6-Br-Q|boronic-ester|P(Ph)3|Et3N|MeOH
well_164264656b642553,6-OTf-Q,boronic-acid,AmPhos,LiOtBu,THF,6-OTf-Q|boronic-acid|AmPhos|LiOtBu|THF
well_164e1068e04fe6cb,6-Br-Q,boronic-ester,P(Cy)3,NaHCO3,MeCN,6-Br-Q|boronic-ester|P(Cy)3|NaHCO3|MeCN
well_1660306d4335c90d,6-I-Q,boronic-acid,SPhos,NaHCO3,DMF,6-I-Q|boronic-acid|SPhos|NaHCO3|DMF
well_1678de8e0c4ea4d8,6-OTf-Q,trifluoroborate,P(Ph)3,KOH,DMF,6-OTf-Q|trifluoroborate|P(Ph)3|KOH|DMF
well_168d91cc002fe0ca,6-BF3K-Q,aryl-bromide,dtbpf,None,DMF,6-BF3K-Q|aryl-bromide|dtbpf|None|DMF
well_16a274ebde7b73bd,6-BPin-Q,aryl-bromide,dppf,NaOH,THF,6-BPin-Q|aryl-bromide|dppf|NaOH|THF
well_16a36584570a262e,6-BOH2-Q,aryl-bromide,XPhos,NaOH,THF-v2,6-BOH2-Q|aryl-bromide|XPhos|NaOH|THF-v2
well_16b6ef1e836b99dc,6-I-Q,trifluoroborate,P(Cy)3,CsF,MeOH,6-I-Q|trifluoroborate|P(Cy)3|CsF|MeOH
well_16d4fd139667d6ec,6-I-Q,trifluoroborate,None,Et3N,DMF,6-I-Q|trifluoroborate|None|Et3N|DMF
well_1730408427081bb0,6-OTf-Q,boronic-acid,dtbpf,KOH,THF,6-OTf-Q|boronic-acid|dtbpf|KOH|THF
well_1743ac07a94c38ce,6-Br-Q,boronic-ester,P(tBu)3,Et3N,MeOH,6-Br-Q|boronic-ester|P(tBu)3|Et3N|MeOH
well_174f48e5dc17a665,6-OTf-Q,boronic-acid,None,CsF,THF,6-OTf-Q|boronic-acid|None|CsF|THF
well_176a5765bf1a7cba,6-OTf-Q,boronic-acid,dppf,NaHCO3,DMF,6-OTf-Q|boronic-acid|dppf|NaHCO3|DMF
well_177ad6766c032160,6-Br-Q,boronic-ester,P(Cy)3,None,THF,6-Br-Q|boronic-ester|P(Cy)3|None|THF
well_17a1a1b13a33e2af,6-I-Q,trifluoroborate,SPhos,None,MeOH,6-I-Q|trifluoroborate|SPhos|None|MeOH
well_17cac20ca3c95735,6-I-Q,trifluoroborate,P(o-Tol)3,NaOH,MeCN,6-I-Q|trifluoroborate|P(o-Tol)3|NaOH|MeCN
well_17de55b2afa4761d,6-BF3K-Q,aryl-bromide,AmPhos,NaOH,MeCN,6-BF3K-Q|aryl-bromide|AmPhos|NaOH|MeCN
well_17e7c6b035c53f5c,6-I-Q,boronic-ester,P(Cy)3,NaHCO3,DMF,6-I-Q|boronic-ester|P(Cy)3|NaHCO3|DMF
well_17ef205e3b74d1cc,6-I-Q,boronic-acid,SPhos,Et3N,THF,6-I-Q|boronic-acid|SPhos|Et3N|THF
well_17fb35b0e48880e7,6-Br-Q,trifluoroborate,Xantphos,NaOH,MeOH,6-Br-Q|trifluoroborate|Xantphos|NaOH|MeOH
well_180e46fc3e20059d,6-OTf-Q,boronic-ester,P(Cy)3,K3PO4,MeCN,6-OTf-Q|boronic-ester|P(Cy)3|K3PO4|MeCN
well_181e4b271c9501f7,6-I-Q,boronic-acid,SPhos,None,MeOH,6-I-Q|boronic-acid|SPhos|None|MeOH
well_18661c31624a3a83,6-Br-Q,boronic-acid,P(o-Tol)3,LiOtBu,MeOH,6-Br-Q|boronic-acid|P(o-Tol)3|LiOtBu|MeOH
well_1868d5e7412384fc,6-I-Q,boronic-acid,Xantphos,None,DMF,6-I-Q|boronic-acid|Xantphos|None|DMF
well_187baceca1646d1a,6-Br-Q,trifluoroborate,P(o-Tol)3,None,DMF,6-Br-Q|trifluoroborate|P(o-Tol)3|None|DMF
well_18c2259d82e8caef,6-Br-Q,trifluoroborate,None,Et3N,MeCN,6-Br-Q|trifluoroborate|None|Et3N|MeCN
well_18d993fdde3ac50f,6-Br-Q,boronic-acid,None,KOH,MeOH,6-Br-Q|boronic-acid|None|KOH|MeOH
well_18ef1342ce74ace4,6-OTf-Q,boronic-acid,Xantphos,NaHCO3,MeCN,6-OTf-Q|boronic-acid|Xantphos|NaHCO3|MeCN
well_191d6979c4c57b1e,6-OTf-Q,trifluoroborate,SPhos,NaHCO3,MeCN,6-OTf-Q|trifluoroborate|SPhos|NaHCO3|MeCN
well_192c5e2a859a18c8,6-OTf-Q,boronic-acid,Xantphos,K3PO4,MeCN,6-OTf-Q|boronic-acid|Xantphos|K3PO4|MeCN
well_195251e3af4bbdfd,6-Br-Q,boronic-acid,P(o-Tol)3,KOH,DMF,6-Br-Q|boronic-acid|P(o-Tol)3|KOH|DMF
well_1956c66e63f60a14,6-OTf-Q,boronic-ester,P(tBu)3,NaOH,DMF,6-OTf-Q|boronic-ester|P(tBu)3|NaOH|DMF
well_1979ed876418ec06,6-OTf-Q,trifluoroborate,dppf,CsF,MeOH,6-OTf-Q|trifluoroborate|dppf|CsF|MeOH
well_19a5098546b21b72,6-Br-Q,trifluoroborate,P(Cy)3,None,MeOH,6-Br-Q|trifluoroborate|P(Cy)3|None|MeOH
well_19c2e1b7251e819d,6-Br-Q,boronic-ester,P(o-Tol)3,LiOtBu,DMF,6-Br-Q|boronic-ester|P(o-Tol)3|LiOtBu|DMF
well_19c8f6c9519dd0de,6-I-Q,boronic-acid,Xantphos,LiOtBu,THF,6-I-Q|boronic-acid|Xantphos|LiOtBu|THF
well_19d55f1f1e4117f3,6-I-Q,boronic-ester,SPhos,LiOtBu,DMF,6-I-Q|boronic-ester|SPhos|LiOtBu|DMF
well_19ebfef843b763e5,6-BOH2-Q,aryl-bromide,SPhos,LiOtBu,DMF,6-BOH2-Q|aryl-bromide|SPhos|LiOtBu|DMF
well_1a1577e5dc24ba5f,6-OTf-Q,boronic-ester,CataCXium A,KOH,THF,6-OTf-Q|boronic-ester|CataCXium A|KOH|THF
well_1a21e748a16eb27d,6-Br-Q,trifluoroborate,None,NaOH,MeCN,6-Br-Q|trifluoroborate|None|NaOH|MeCN
well_1a53b03d3499791f,6-Br-Q,trifluoroborate,SPhos,KOH,MeOH,6-Br-Q|trifluoroborate|SPhos|KOH|MeOH
well_1a81caea0e217a0e,6-I-Q,trifluoroborate,Xantphos,None,MeOH,6-I-Q|trifluoroborate|Xantphos|None|MeOH
well_1a836be011883c29,6-I-Q,boronic-ester,AmPhos,Et3N,THF,6-I-Q|boronic-ester|AmPhos|Et3N|THF
well_1af2f313bf70fe02,6-I-Q,trifluoroborate,dppf,KOH,MeOH,6-I-Q|trifluoroborate|dppf|KOH|MeOH
well_1af7104d97e0f9ad,6-Br-Q,trifluoroborate,P(Cy)3,Et3N,MeCN,6-Br-Q|trifluoroborate|P(Cy)3|Et3N|MeCN
well_1b14a37334875ff0,6-Br-Q,boronic-ester,P(tBu)3,K3PO4,MeOH,6-Br-Q|boronic-ester|P(tBu)3|K3PO4|MeOH
well_1b22d298407525aa,6-BOH2-Q,aryl-bromide,dtbpf,None,DMF,6-BOH2-Q|aryl-bromide|dtbpf|None|DMF
well_1b29fb74727a6a4d,6-I-Q,trifluoroborate,P(tBu)3,CsF,DMF,6-I-Q|trifluoroborate|P(tBu)3|CsF|DMF
well_1b30d3fa927d7747,6-OTf-Q,boronic-acid,XPhos,NaOH,THF,6-OTf-Q|boronic-acid|XPhos|NaOH|THF
well_1b38c99f295c6126,6-OTf-Q,trifluoroborate,CataCXium A,None,DMF,6-OTf-Q|trifluoroborate|CataCXium A|None|DMF
well_1b41079feedc76fc,6-Br-Q,boronic-ester,dtbpf,LiOtBu,THF,6-Br-Q|boronic-ester|dtbpf|LiOtBu|THF
well_1b583285e737e7a0,6-I-Q,boronic-acid,SPhos,NaOH,DMF,6-I-Q|boronic-acid|SPhos|NaOH|DMF
well_1b6319a965b0ffca,6-BF3K-Q,aryl-bromide,XPhos,Et3N,MeCN,6-BF3K-Q|aryl-bromide|XPhos|Et3N|MeCN
well_1b774f7ded12e57f,6-Br-Q,boronic-ester,P(Ph)3,KOH,MeOH,6-Br-Q|boronic-ester|P(Ph)3|KOH|MeOH
well_1b7c58c1d21891e6,6-OTf-Q,trifluoroborate,Xantphos,K3PO4,MeOH,6-OTf-Q|trifluoroborate|Xantphos|K3PO4|MeOH
well_1b885e9b25ba4f30,6-BOH2-Q,aryl-bromide,P(Ph)3,NaHCO3,THF-v2,6-BOH2-Q|aryl-bromide|P(Ph)3|NaHCO3|THF-v2
well_1b9193302e7b3ab1,6-Br-Q,boronic-ester,P(o-Tol)3,LiOtBu,THF,6-Br-Q|boronic-ester|P(o-Tol)3|LiOtBu|THF
well_1b939f56cb342893,6-Br-Q,trifluoroborate,P(o-Tol)3,NaHCO3,MeCN,6-Br-Q|trifluoroborate|P(o-Tol)3|NaHCO3|MeCN
well_1b9d59b2a7b505f2,6-I-Q,trifluoroborate,SPhos,LiOtBu,DMF,6-I-Q|trifluoroborate|SPhos|LiOtBu|DMF
well_1baab13fddb27a3b,6-BOH2-Q,aryl-bromide,dppf,None,MeCN,6-BOH2-Q|aryl-bromide|dppf|None|MeCN
well_1bbcd4bb10675b24,6-BPin-Q,aryl-bromide,SPhos,LiOtBu,MeCN,6-BPin-Q|aryl-bromide|SPhos|LiOtBu|MeCN
well_1bcc3bb1c60907db,6-OTf-Q,trifluoroborate,P(Cy)3,CsF,THF,6-OTf-Q|trifluoroborate|P(Cy)3|CsF|THF
well_1bdd8de0535aa6fb,6-I-Q,boronic-ester,P(Ph)3,K3PO4,MeOH,6-I-Q|boronic-ester|P(Ph)3|K3PO4|MeOH
well_1bdf2e52d5f3cfdc,6-BOH2-Q,aryl-bromide,P(o-Tol)3,NaHCO3,MeOH-H2O-v2,6-BOH2-Q|aryl-bromide|P(o-Tol)3|NaHCO3|MeOH-H2O-v2
well_1bfc8bea96954ba3,6-Br-Q,boronic-ester,P(Ph)3,NaOH,THF,6-Br-Q|boronic-ester|P(Ph)3|NaOH|THF
well_1c249c1671fc8b35,6-Br-Q,boronic-acid,AmPhos,Et3N,MeOH,6-Br-Q|boronic-acid|AmPhos|Et3N|MeOH
well_1c6ff93486f2d932,6-BOH2-Q,aryl-bromide,dtbpf,NaHCO3,MeOH-H2O-v2,6-BOH2-Q|aryl-bromide|dtbpf|NaHCO3|MeOH-H2O-v2
well_1c8672d79252dcb1,6-I-Q,boronic-ester,SPhos,NaHCO3,DMF,6-I-Q|boronic-ester|SPhos|NaHCO3|DMF
well_1c8d059eaa5711b9,6-OTf-Q,trifluoroborate,SPhos,NaHCO3,DMF,6-OTf-Q|trifluoroborate|SPhos|NaHCO3|DMF
well_1c8d97b6c08b8717,6-OTf-Q,boronic-ester,dppf,CsF,THF,6-OTf-Q|boronic-ester|dppf|CsF|THF
well_1cbd215f1f6de6fa,6-Br-Q,trifluoroborate,dppf,NaOH,DMF,6-Br-Q|trifluoroborate|dppf|NaOH|DMF
well_1cbdf06819926da8,6-I-Q,boronic-ester,Xantphos,None,MeCN,6-I-Q|boronic-ester|Xantphos|None|MeCN
well_1cc1abbf6d0d2243,6-OTf-Q,boronic-acid,P(Ph)3,KOH,MeCN,6-OTf-Q|boronic-acid|P(Ph)3|KOH|MeCN
well_1ccc896e956e3786,6-Br-Q,trifluoroborate,P(tBu)3,NaHCO3,THF,6-Br-Q|trifluoroborate|P(tBu)3|NaHCO3|THF
well_1d062016ae18cfa9,6-I-Q,boronic-acid,P(tBu)3,NaHCO3,MeOH,6-I-Q|boronic-acid|P(tBu)3|NaHCO3|MeOH
well_1d0f2244024e27d3,6-OTf-Q,trifluoroborate,XPhos,NaOH,DMF,6-OTf-Q|trifluoroborate|XPhos|NaOH|DMF
well_1d35612d072f8a52,6-Br-Q,boronic-ester,XPhos,Et3N,MeOH,6-Br-Q|boronic-ester|XPhos|Et3N|MeOH
well_1d56907586c579c2,6-I-Q,trifluoroborate,None,NaHCO3,DMF,6-I-Q|trifluoroborate|None|NaHCO3|DMF
well_1d5dfe4c55a726d7,6-I-Q,trifluoroborate,P(o-Tol)3,CsF,THF,6-I-Q|trifluoroborate|P(o-Tol)3|CsF|THF
well_1d680cf5c1f0a9d8,6-Br-Q,boronic-acid,AmPhos,None,THF,6-Br-Q|boronic-acid|AmPhos|None|THF
well_1d759a3e76ca7c61,6-I-Q,boronic-ester,dppf,Et3N,DMF,6-I-Q|boronic-ester|dppf|Et3N|DMF
well_1da190fde65ca6c6,6-BOH2-Q,aryl-bromide,dtbpf,K3PO4,DMF,6-BOH2-Q|aryl-bromide|dtbpf|K3PO4|DMF
well_1da7447333055063,6-I-Q,boronic-ester,P(Cy)3,K3PO4,DMF,6-I-Q|boronic-ester|P(Cy)3|K3PO4|DMF
well_1db734d7a6f560e7,6-I-Q,boronic-ester,None,LiOtBu,DMF,6-I-Q|boronic-ester|None|LiOtBu|DMF
well_1ddfe324be1f9469,6-OTf-Q,trifluoroborate,dtbpf,KOH,MeCN,6-OTf-Q|trifluoroborate|dtbpf|KOH|MeCN
well_1e25c27d95dbc482,6-BF3K-Q,aryl-bromide,P(Cy)3,CsF,MeCN,6-BF3K-Q|aryl-bromide|P(Cy)3|CsF|MeCN
well_1e2c13eb3562cc57,6-I-Q,boronic-ester,P(Cy)3,NaOH,DMF,6-I-Q|boronic-ester|P(Cy)3|NaOH|DMF
well_1e356554a87660f9,6-Br-Q,boronic-acid,P(Cy)3,None,MeOH,6-Br-Q|boronic-acid|P(Cy)3|None|MeOH
well_1e475d6b92935640,6-BF3K-Q,aryl-bromide,AmPhos,Et3N,THF,6-BF3K-Q|aryl-bromide|AmPhos|Et3N|THF
well_1e6192ca21c5af27,6-Br-Q,boronic-ester,SPhos,None,MeCN,6-Br-Q|boronic-ester|SPhos|None|MeCN
well_1e65d327e550e2f7,6-OTf-Q,boronic-acid,P(Ph)3,CsF,THF,6-OTf-Q|boronic-acid|P(Ph)3|CsF|THF
well_1e7668ab4291216a,6-Br-Q,trifluoroborate,P(o-Tol)3,NaHCO3,THF,6-Br-Q|trifluoroborate|P(o-Tol)3|NaHCO3|THF
well_1eb035643d187c9f,6-BOH2-Q,aryl-bromide,P(o-Tol)3,None,DMF,6-BOH2-Q|aryl-bromide|P(o-Tol)3|None|DMF
well_1eb45baaba212fb8,6-I-Q,boronic-acid,SPhos,LiOtBu,THF,6-I-Q|boronic-acid|SPhos|LiOtBu|THF
well_1ecaa1822a03c9db,6-BPin-Q,aryl-bromide,XPhos,KOH,DMF,6-BPin-Q|aryl-bromide|XPhos|KOH|DMF
well_1ee3e4b989614ddc,6-Br-Q,boronic-ester,None,Et3N,MeOH,6-Br-Q|boronic-ester|None|Et3N|MeOH
well_1f0a3bde51b304b5,6-BPin-Q,aryl-bromide,dppf,LiOtBu,MeCN,6-BPin-Q|aryl-bromide|dppf|LiOtBu|MeCN
well_1f248851a1d49913,6-BF3K-Q,aryl-bromide,dppf,CsF,MeCN,6-BF3K-Q|aryl-bromide|dppf|CsF|MeCN
well_1f2e1522576729b3,6-BPin-Q,aryl-bromide,XPhos,NaHCO3,MeOH,6-BPin-Q|aryl-bromide|XPhos|NaHCO3|MeOH
well_1f3e7db9ddcadcad,6-I-Q,trifluoroborate,AmPhos,Et3N,THF,6-I-Q|trifluoroborate|AmPhos|Et3N|THF
well_1f4257c3e801fcec,6-BPin-Q,aryl-bromide,dtbpf,Et3N,DMF,6-BPin-Q|aryl-bromide|dtbpf|Et3N|DMF
well_1f56f30a305988b7,6-OTf-Q,trifluoroborate,P(Ph)3,K3PO4,MeOH,6-OTf-Q|trifluoroborate|P(Ph)3|K3PO4|MeOH
well_1f6ba16eb478fcf9,6-BOH2-Q,aryl-bromide,P(Cy)3,KOH,DMF,6-BOH2-Q|aryl-bromide|P(Cy)3|KOH|DMF
well_1fa6717ac0854f54,6-I-Q,trifluoroborate,P(Ph)3,Et3N,MeOH,6-I-Q|trifluoroborate|P(Ph)3|Et3N|MeOH
well_1fb6fc347b0ebe3a,6-BOH2-Q,aryl-bromide,P(Ph)3,NaOH,DMF,6-BOH2-Q|aryl-bromide|P(Ph)3|NaOH|DMF
well_1fc84a9879f9ffe3,6-BPin-Q,aryl-bromide,SPhos,NaHCO3,THF,6-BPin-Q|aryl-bromide|SPhos|NaHCO3|THF
well_1ffa8d3bbbe1f85e,6-OTf-Q,boronic-acid,XPhos,None,DMF,6-OTf-Q|boronic-acid|XPhos|None|DMF
well_200b5605490f0f53,6-OTf-Q,boronic-acid,Xantphos,None,MeOH,6-OTf-Q|boronic-acid|Xantphos|None|MeOH
well_20a6713154b71682,6-Br-Q,trifluoroborate,None,NaHCO3,DMF,6-Br-Q|trifluoroborate|None|NaHCO3|DMF
well_20d67778269d7dea,6-BF3K-Q,aryl-bromide,AmPhos,NaOH,THF,6-BF3K-Q|aryl-bromide|AmPhos|NaOH|THF
well_20e96fa574574ba2,6-I-Q,trifluoroborate,XPhos,NaOH,MeOH,6-I-Q|trifluoroborate|XPhos|NaOH|MeOH
well_212118367f06f62f,6-BPin-Q,aryl-bromide,P(Ph)3,KOH,MeOH,6-BPin-Q|aryl-bromide|P(Ph)3|KOH|MeOH
well_212921f037f39b9a,6-I-Q,trifluoroborate,None,K3PO4,THF,6-I-Q|trifluoroborate|None|K3PO4|THF
well_212f76499db44118,6-BPin-Q,aryl-bromide,dppf,K3PO4,MeOH,6-BPin-Q|aryl-bromide|dppf|K3PO4|MeOH
well_2137929a959d93f8,6-I-Q,trifluoroborate,P(Ph)3,None,DMF,6-I-Q|trifluoroborate|P(Ph)3|None|DMF
well_2147c94dcda29a5f,6-I-Q,boronic-acid,P(o-Tol)3,NaOH,MeOH,6-I-Q|boronic-acid|P(o-Tol)3|NaOH|MeOH
well_21654450821ddf03,6-BOH2-Q,aryl-bromide,dtbpf,LiOtBu,MeOH-H2O-v2,6-BOH2-Q|aryl-bromide|dtbpf|LiOtBu|MeOH-H2O-v2
well_2189f841c851a3b5,6-BOH2-Q,aryl-bromide,P(Ph)3,KOH,MeCN,6-BOH2-Q|aryl-bromide|P(Ph)3|KOH|MeCN
well_218edb73cf0888c3,6-OTf-Q,boronic-acid,dtbpf,K3PO4,DMF,6-OTf-Q|boronic-acid|dtbpf|K3PO4|DMF
well_21a1473b9579b5f5,6-I-Q,trifluoroborate,Xantphos,KOH,MeCN,6-I-Q|trifluoroborate|Xantphos|KOH|MeCN
well_21a49aef2144e5ce,6-I-Q,boronic-ester,P(Ph)3,NaOH,MeOH,6-I-Q|boronic-ester|P(Ph)3|NaOH|MeOH
well_21e22f6326dc16f9,6-I-Q,trifluoroborate,dtbpf,KOH,MeOH,6-I-Q|trifluoroborate|dtbpf|KOH|MeOH
well_21e9df90cea4e04b,6-OTf-Q,boronic-ester,AmPhos,LiOtBu,MeCN,6-OTf-Q|boronic-ester|AmPhos|LiOtBu|MeCN
well_2204719daae907a2,6-OTf-Q,trifluoroborate,dppf,K3PO4,DMF,6-OTf-Q|trifluoroborate|dppf|K3PO4|DMF
well_221ecffe8faf0efd,6-I-Q,boronic-ester,None,None,MeOH,6-I-Q|boronic-ester|None|None|MeOH
well_22572dcb3b0c1c7b,6-Br-Q,boronic-ester,P(o-Tol)3,NaHCO3,MeOH,6-Br-Q|boronic-ester|P(o-Tol)3|NaHCO3|MeOH
well_226fd7b8a5f36fc4,6-OTf-Q,boronic-ester,CataCXium A,Et3N,MeCN,6-OTf-Q|boronic-ester|CataCXium A|Et3N|MeCN
well_227c5d8abdc033c9,6-Br-Q,trifluoroborate,Xantphos,CsF,MeOH,6-Br-Q|trifluoroborate|Xantphos|CsF|MeOH
well_2283f57dbfafda2c,6-Br-Q,trifluoroborate,SPhos,K3PO4,THF,6-Br-Q|trifluoroborate|SPhos|K3PO4|THF
well_22b37a0593116ed2,6-OTf-Q,boronic-ester,dppf,Et3N,MeOH,6-OTf-Q|boronic-ester|dppf|Et3N|MeOH
well_22b69d8e0c5fa7d0,6-OTf-Q,trifluoroborate,P(tBu)3,CsF,MeOH,6-OTf-Q|trifluoroborate|P(tBu)3|CsF|MeOH
well_22d7c0612172706a,6-BF3K-Q,aryl-bromide,AmPhos,K3PO4,MeCN,6-BF3K-Q|aryl-bromide|AmPhos|K3PO4|MeCN
well_22e71983edbe8541,6-BOH2-Q,aryl-bromide,P(Cy)3,K3PO4,THF-v2,6-BOH2-Q|aryl-bromide|P(Cy)3|K3PO4|THF-v2
well_2302407154b0fd57,6-OTf-Q,boronic-ester,P(tBu)3,LiOtBu,THF,6-OTf-Q|boronic-ester|P(tBu)3|LiOtBu|THF
well_232b92d3a83438f5,6-Br-Q,trifluoroborate,SPhos,CsF,DMF,6-Br-Q|trifluoroborate|SPhos|CsF|DMF
well_233ea91e5a1a1527,6-BOH2-Q,aryl-bromide,dppf,CsF,DMF,6-BOH2-Q|aryl-bromide|dppf|CsF|DMF
well_2344afd01b01e1d9,6-OTf-Q,boronic-ester,dppf,CsF,MeCN,6-OTf-Q|boronic-ester|dppf|CsF|MeCN
well_23627da88c1f47db,6-Br-Q,boronic-acid,P(Ph)3,NaOH,THF,6-Br-Q|boronic-acid|P(Ph)3|NaOH|THF
well_23686d39fb6a7587,6-I-Q,boronic-acid,AmPhos,LiOtBu,MeCN,6-I-Q|boronic-acid|AmPhos|LiOtBu|MeCN
well_23e4ccd1ec1a1ab3,6-I-Q,boronic-acid,XPhos,Et3N,THF,6-I-Q|boronic-acid|XPhos|Et3N|THF
well_23e9fdcf96bb9b9a,6-BF3K-Q,aryl-bromide,P(Cy)3,KOH,MeOH,6-BF3K-Q|aryl-bromide|P(Cy)3|KOH|MeOH
well_23fde5306c38a10c,6-I-Q,trifluoroborate,AmPhos,NaHCO3,THF,6-I-Q|trifluoroborate|AmPhos|NaHCO3|THF
well_23fe9f412f0d68f2,6-I-Q,trifluoroborate,SPhos,None,MeCN,6-I-Q|trifluoroborate|SPhos|None|MeCN
well_2407bd3a3be0facd,6-I-Q,boronic-acid,CataCXium A,Et3N,MeCN,6-I-Q|boronic-acid|CataCXium A|Et3N|MeCN
well_2436a1badad48391,6-Br-Q,boronic-ester,P(Cy)3,None,MeOH,6-Br-Q|boronic-ester|P(Cy)3|None|MeOH
well_2443c4750eead6ad,6-I-Q,boronic-ester,P(Cy)3,Et3N,THF,6-I-Q|boronic-ester|P(Cy)3|Et3N|THF
well_24652bd276ce0bed,6-OTf-Q,trifluoroborate,P(o-Tol)3,LiOtBu,DMF,6-OTf-Q|trifluoroborate|P(o-Tol)3|LiOtBu|DMF
well_248e45d20f27c965,6-Br-Q,boronic-acid,P(o-Tol)3,KOH,MeCN,6-Br-Q|boronic-acid|P(o-Tol)3|KOH|MeCN
well_24b50b2b556a981b,6-Br-Q,trifluoroborate,P(o-Tol)3,None,MeOH,6-Br-Q|trifluoroborate|P(o-Tol)3|None|MeOH
well_24b70c7663da8f78,6-Br-Q,boronic-ester,dtbpf,K3PO4,MeOH,6-Br-Q|boronic-ester|dtbpf|K3PO4|MeOH
well_24ec2af46ebb4f15,6-Br-Q,boronic-acid,Xantphos,None,DMF,6-Br-Q|boronic-acid|Xantphos|None|DMF
well_24fc3ae5c0f9732c,6-Br-Q,trifluoroborate,Xantphos,K3PO4,DMF,6-Br-Q|trifluoroborate|Xantphos|K3PO4|DMF
well_250811effa2109b1,6-OTf-Q,boronic-acid,P(Cy)3,None,THF,6-OTf-Q|boronic-acid|P(Cy)3|None|THF
well_250d573f0347e822,6-I-Q,boronic-acid,XPhos,K3PO4,THF,6-I-Q|boronic-acid|XPhos|K3PO4|THF
well_254f488a68a15269,6-I-Q,trifluoroborate,dtbpf,K3PO4,THF,6-I-Q|trifluoroborate|dtbpf|K3PO4|THF
well_25818ee699ec508e,6-Br-Q,boronic-ester,P(Ph)3,NaOH,MeCN,6-Br-Q|boronic-ester|P(Ph)3|NaOH|MeCN
well_25a16a8860d1c34d,6-I-Q,boronic-ester,P(o-Tol)3,NaHCO3,THF,6-I-Q|boronic-ester|P(o-Tol)3|NaHCO3|THF
well_25a9d21dbb2e346f,6-Br-Q,boronic-ester,Xantphos,None,DMF,6-Br-Q|boronic-ester|Xantphos|None|DMF
well_2608174d6e0528f4,6-BPin-Q,aryl-bromide,Xantphos,NaHCO3,MeCN,6-BPin-Q|aryl-bromide|Xantphos|NaHCO3|MeCN
well_26301d64ba020421,6-Br-Q,boronic-acid,CataCXium A,None,MeCN,6-Br-Q|boronic-acid|CataCXium A|None|MeCN
well_263d6600a26557cd,6-Br-Q,trifluoroborate,dtbpf,NaHCO3,MeOH,6-Br-Q|trifluoroborate|dtbpf|NaHCO3|MeOH
well_2645a2cfcad5cdde,6-I-Q,trifluoroborate,None,CsF,DMF,6-I-Q|trifluoroborate|None|CsF|DMF
well_267c194d6e76983c,6-OTf-Q,trifluoroborate,CataCXium A,K3PO4,DMF,6-OTf-Q|trifluoroborate|CataCXium A|K3PO4|DMF
well_269d78b9288fa701,6-Br-Q,boronic-acid,AmPhos,None,DMF,6-Br-Q|boronic-acid|AmPhos|None|DMF
well_26ab778cbc4bb2c4,6-I-Q,boronic-acid,P(o-Tol)3,KOH,DMF,6-I-Q|boronic-acid|P(o-Tol)3|KOH|DMF
well_26b0e0aff9c248e3,6-Br-Q,boronic-acid,SPhos,LiOtBu,MeCN,6-Br-Q|boronic-acid|SPhos|LiOtBu|MeCN
well_27391d1481167291,6-I-Q,boronic-ester,dtbpf,CsF,MeOH,6-I-Q|boronic-ester|dtbpf|CsF|MeOH
well_27651925787b81d3,6-BF3K-Q,aryl-bromide,SPhos,Et3N,MeOH,6-BF3K-Q|aryl-bromide|SPhos|Et3N|MeOH
well_27740727ddc39650,6-OTf-Q,boronic-acid,AmPhos,K3PO4,MeCN,6-OTf-Q|boronic-acid|AmPhos|K3PO4|MeCN
well_278253c5762c16c9,6-Br-Q,trifluoroborate,Xantphos,K3PO4,THF,6-Br-Q|trifluoroborate|Xantphos|K3PO4|THF
well_27a05fa0d948fc5f,6-BPin-Q,aryl-bromide,P(tBu)3,NaHCO3,DMF,6-BPin-Q|aryl-bromide|P(tBu)3|NaHCO3|DMF
well_27a9b8b30874989c,6-Br-Q,boronic-acid,CataCXium A,LiOtBu,DMF,6-Br-Q|boronic-acid|CataCXium A|LiOtBu|DMF
well_27b32985d9369841,6-Br-Q,boronic-acid,dppf,CsF,MeCN,6-Br-Q|boronic-acid|dppf|CsF|MeCN
well_27e13d39ff219b43,6-OTf-Q,boronic-ester,None,KOH,DMF,6-OTf-Q|boronic-ester|None|KOH|DMF
well_282c54abbc2cc3e3,6-BOH2-Q,aryl-bromide,CataCXium A,K3PO4,MeCN,6-BOH2-Q|aryl-bromide|CataCXium A|K3PO4|MeCN
well_285ab678726ff249,6-BOH2-Q,aryl-bromide,P(o-Tol)3,NaOH,THF-v2,6-BOH2-Q|aryl-bromide|P(o-Tol)3|NaOH|THF-v2
well_2865465a7bc79d2f,6-I-Q,boronic-ester,dppf,CsF,MeOH,6-I-Q|boronic-ester|dppf|CsF|MeOH
well_2869aef74fca21e6,6-Br-Q,trifluoroborate,P(tBu)3,K3PO4,MeOH,6-Br-Q|trifluoroborate|P(tBu)3|K3PO4|MeOH
well_28864ac617d8a5c0,6-Br-Q,boronic-ester,XPhos,CsF,THF,6-Br-Q|boronic-ester|XPhos|CsF|THF
well_288bf5a95fbe01f1,6-Br-Q,boronic-ester,AmPhos,CsF,DMF,6-Br-Q|boronic-ester|AmPhos|CsF|DMF
well_28b4d8f3b4a0a575,6-Br-Q,boronic-ester,P(Cy)3,NaHCO3,THF,6-Br-Q|boronic-ester|P(Cy)3|NaHCO3|THF
well_28d6feb641fb70a6,6-Br-Q,boronic-acid,Xantphos,Et3N,THF,6-Br-Q|boronic-acid|Xantphos|Et3N|THF
well_296fbc2b94b2194c,6-OTf-Q,boronic-ester,CataCXium A,LiOtBu,MeOH,6-OTf-Q|boronic-ester|CataCXium A|LiOtBu|MeOH
well_297323d238d5fb6e,6-OTf-Q,boronic-acid,P(Cy)3,LiOtBu,THF,6-OTf-Q|boronic-acid|P(Cy)3|LiOtBu|THF
well_2979381645d964b6,6-Br-Q,boronic-acid,Xantphos,LiOtBu,DMF,6-Br-Q|boronic-acid|Xantphos|LiOtBu|DMF
well_299957ac9ca062d3,6-I-Q,boronic-ester,P(Ph)3,K3PO4,MeCN,6-I-Q|boronic-ester|P(Ph)3|K3PO4|MeCN
well_29a375fbb9f4a90f,6-OTf-Q,boronic-ester,CataCXium A,None,MeOH,6-OTf-Q|boronic-ester|CataCXium A|None|MeOH
well_29b6d1b691204d6c,6-I-Q,boronic-acid,None,LiOtBu,THF,6-I-Q|boronic-acid|None|LiOtBu|THF
well_29c16c39cb36022d,6-I-Q,boronic-acid,P(o-Tol)3,CsF,MeCN,6-I-Q|boronic-acid|P(o-Tol)3|CsF|MeCN
well_29c95e2c47ef7773,6-I-Q,trifluoroborate,P(tBu)3,None,MeOH,6-I-Q|trifluoroborate|P(tBu)3|None|MeOH
well_29ca9532d0f427f9,6-I-Q,boronic-ester,P(Ph)3,K3PO4,DMF,6-I-Q|boronic-ester|P(Ph)3|K3PO4|DMF
well_29cc266c2b56d893,6-Br-Q,boronic-acid,P(o-Tol)3,NaOH,MeCN,6-Br-Q|boronic-acid|P(o-Tol)3|NaOH|MeCN
well_29f1a8cbc896d2f2,6-I-Q,boronic-ester,dppf,KOH,MeCN,6-I-Q|boronic-ester|dppf|KOH|MeCN
well_29f39cb6df189419,6-BF3K-Q,aryl-bromide,P(Cy)3,None,MeCN,6-BF3K-Q|aryl-bromide|P(Cy)3|None|MeCN
well_29fc5fc52addcb28,6-BPin-Q,aryl-bromide,AmPhos,K3PO4,THF,6-BPin-Q|aryl-bromide|AmPhos|K3PO4|THF
well_2a02e683e791e478,6-I-Q,boronic-acid,XPhos,LiOtBu,MeCN,6-I-Q|boronic-acid|XPhos|LiOtBu|MeCN
well_2a3425b6318f6fa8,6-BF3K-Q,aryl-bromide,P(Ph)3,Et3N,MeOH,6-BF3K-Q|aryl-bromide|P(Ph)3|Et3N|MeOH
well_2a392ba9070f6ba1,6-OTf-Q,boronic-ester,XPhos,K3PO4,DMF,6-OTf-Q|boronic-ester|XPhos|K3PO4|DMF
well_2a3e3793cebcee39,6-Br-Q,boronic-ester,None,K3PO4,MeCN,6-Br-Q|boronic-ester|None|K3PO4|MeCN
well_2a8a5e1b07db01e7,6-BPin-Q,aryl-bromide,None,NaOH,MeOH,6-BPin-Q|aryl-bromide|None|NaOH|MeOH
well_2a8a8db2d5af4457,6-Br-Q,boronic-ester,AmPhos,NaHCO3,MeOH,6-Br-Q|boronic-ester|AmPhos|NaHCO3|MeOH
well_2a8ecf7f374b1e89,6-I-Q,trifluoroborate,Xantphos,KOH,THF,6-I-Q|trifluoroborate|Xantphos|KOH|THF
well_2ac55fbea3312012,6-BPin-Q,aryl-bromide,dppf,None,MeCN,6-BPin-Q|aryl-bromide|dppf|None|MeCN
well_2acaf3e56a6520cd,6-BF3K-Q,aryl-bromide,P(tBu)3,Et3N,MeOH,6-BF3K-Q|aryl-bromide|P(tBu)3|Et3N|MeOH
well_2acdf84c9d9baeca,6-I-Q,trifluoroborate,None,LiOtBu,MeOH,6-I-Q|trifluoroborate|None|LiOtBu|MeOH
well_2ae4f47ca832c200,6-OTf-Q,boronic-ester,SPhos,LiOtBu,MeCN,6-OTf-Q|boronic-ester|SPhos|LiOtBu|MeCN
well_2aeaf3c94f72cf5d,6-OTf-Q,boronic-ester,AmPhos,LiOtBu,MeOH,6-OTf-Q|boronic-ester|AmPhos|LiOtBu|MeOH
well_2b09d853486fffd4,6-BPin-Q,aryl-bromide,SPhos,Et3N,MeOH,6-BPin-Q|aryl-bromide|SPhos|Et3N|MeOH
well_2b109a2fa1600752,6-OTf-Q,trifluoroborate,P(Cy)3,LiOtBu,THF,6-OTf-Q|trifluoroborate|P(Cy)3|LiOtBu|THF
well_2b5d4c368b3cfe52,6-OTf-Q,boronic-acid,P(o-Tol)3,NaOH,MeCN,6-OTf-Q|boronic-acid|P(o-Tol)3|NaOH|MeCN
well_2b72c07546b962c5,6-OTf-Q,trifluoroborate,XPhos,CsF,MeCN,6-OTf-Q|trifluoroborate|XPhos|CsF|MeCN
well_2b7d4023f2bf82bd,6-Br-Q,boronic-acid,P(Cy)3,Et3N,DMF,6-Br-Q|boronic-acid|P(Cy)3|Et3N|DMF
well_2b7d9504a96355e0,6-OTf-Q,boronic-ester,SPhos,LiOtBu,THF,6-OTf-Q|boronic-ester|SPhos|LiOtBu|THF
well_2b985d2a942fe900,6-OTf-Q,boronic-acid,P(Ph)3,None,MeCN,6-OTf-Q|boronic-acid|P(Ph)3|None|MeCN
well_2bbc263fce9d8885,6-OTf-Q,boronic-acid,XPhos,K3PO4,MeOH,6-OTf-Q|boronic-acid|XPhos|K3PO4|MeOH
well_2bd8dfea357bcf3b,6-OTf-Q,boronic-acid,XPhos,LiOtBu,DMF,6-OTf-Q|boronic-acid|XPhos|LiOtBu|DMF
well_2bd8f364932cbfee,6-BPin-Q,aryl-bromide,P(tBu)3,None,MeOH,6-BPin-Q|aryl-bromide|P(tBu)3|None|MeOH
well_2be766324182b3cf,6-BF3K-Q,aryl-bromide,SPhos,None,DMF,6-BF3K-Q|aryl-bromide|SPhos|None|DMF
well_2bfd306229e457a2,6-Br-Q,boronic-acid,P(o-Tol)3,CsF,MeOH,6-Br-Q|boronic-acid|P(o-Tol)3|CsF|MeOH
well_2c0600aeee3dcd3a,6-OTf-Q,boronic-ester,Xantphos,K3PO4,MeOH,6-OTf-Q|boronic-ester|Xantphos|K3PO4|MeOH
well_2c0b9d7455da2980,6-Br-Q,boronic-acid,dtbpf,NaHCO3,MeCN,6-Br-Q|boronic-acid|dtbpf|NaHCO3|MeCN
well_2c22b049a3ca866c,6-OTf-Q,boronic-ester,P(Ph)3,CsF,DMF,6-OTf-Q|boronic-ester|P(Ph)3|CsF|DMF
well_2c46a4ebc3dd5d6f,6-I-Q,boronic-acid,SPhos,LiOtBu,MeOH,6-I-Q|boronic-acid|SPhos|LiOtBu|MeOH
well_2c505fd24d472a22,6-Br-Q,boronic-ester,dppf,KOH,MeCN,6-Br-Q|boronic-ester|dppf|KOH|MeCN
well_2c62eb3a8057078c,6-Br-Q,boronic-ester,XPhos,KOH,MeCN,6-Br-Q|boronic-ester|XPhos|KOH|MeCN
well_2ccbe0500d400e33,6-BF3K-Q,aryl-bromide,P(Ph)3,CsF,THF,6-BF3K-Q|aryl-bromide|P(Ph)3|CsF|THF
well_2cf2edd4e227f772,6-BF3K-Q,aryl-bromide,None,None,THF,6-BF3K-Q|aryl-bromide|None|None|THF
well_2d029976057b62f4,6-Br-Q,boronic-ester,Xantphos,KOH,MeOH,6-Br-Q|boronic-ester|Xantphos|KOH|MeOH
well_2d911c9370433ab8,6-OTf-Q,boronic-acid,dppf,NaHCO3,THF,6-OTf-Q|boronic-acid|dppf|NaHCO3|THF
well_2da86af111bb17c9,6-OTf-Q,boronic-acid,Xantphos,NaOH,MeOH,6-OTf-Q|boronic-acid|Xantphos|NaOH|MeOH
well_2db92cc7606c19ca,6-BOH2-Q,aryl-bromide,Xantphos,KOH,THF-v2,6-BOH2-Q|aryl-bromide|Xantphos|KOH|THF-v2
well_2db9af5d21fd3d3b,6-BPin-Q,aryl-bromide,P(Cy)3,NaHCO3,DMF,6-BPin-Q|aryl-bromide|P(Cy)3|NaHCO3|DMF
well_2dc10b50921f54d7,6-OTf-Q,boronic-acid,AmPhos,None,THF,6-OTf-Q|boronic-acid|AmPhos|None|THF
well_2ddc6d2f90deb11d,6-BPin-Q,aryl-bromide,AmPhos,Et3N,MeCN,6-BPin-Q|aryl-bromide|AmPhos|Et3N|MeCN
well_2dfe3a24a7115656,6-BOH2-Q,aryl-bromide,CataCXium A,K3PO4,DMF,6-BOH2-Q|aryl-bromide|CataCXium A|K3PO4|DMF
well_2e11ae84ed66e5d5,6-I-Q,boronic-acid,P(tBu)3,LiOtBu,MeCN,6-I-Q|boronic-acid|P(tBu)3|LiOtBu|MeCN
well_2e2627b110486773,6-BOH2-Q,aryl-bromide,dtbpf,None,MeCN,6-BOH2-Q|aryl-bromide|dtbpf|None|MeCN
well_2e2cfd84105b4eb0,6-I-Q,boronic-ester,None,K3PO4,MeCN,6-I-Q|boronic-ester|None|K3PO4|MeCN
well_2e6d850b13afc03d,6-I-Q,boronic-acid,P(o-Tol)3,CsF,DMF,6-I-Q|boronic-acid|P(o-Tol)3|CsF|DMF
well_2e72c0e5ba205ccf,6-I-Q,trifluoroborate,AmPhos,LiOtBu,MeOH,6-I-Q|trifluoroborate|AmPhos|LiOtBu|MeOH
well_2e78e21b54ecf170,6-OTf-Q,trifluoroborate,P(o-Tol)3,Et3N,MeOH,6-OTf-Q|trifluoroborate|P(o-Tol)3|Et3N|MeOH
well_2ea1b4f230be4eb2,6-I-Q,boronic-acid,CataCXium A,K3PO4,THF,6-I-Q|boronic-acid|CataCXium A|K3PO4|THF
well_2ec23c05dc64915a,6-OTf-Q,trifluoroborate,SPhos,NaOH,DMF,6-OTf-Q|trifluoroborate|SPhos|NaOH|DMF
well_2ee41b8a48ca6152,6-OTf-Q,trifluoroborate,dtbpf,Et3N,DMF,6-OTf-Q|trifluoroborate|dtbpf|Et3N|DMF
well_2eeff1db095c9fa9,6-OTf-Q,boronic-ester,P(Cy)3,None,MeCN,6-OTf-Q|boronic-ester|P(Cy)3|None|MeCN
well_2f0c841dc3cdc81d,6-Br-Q,boronic-ester,None,NaHCO3,MeOH,6-Br-Q|boronic-ester|None|NaHCO3|MeOH
well_2f14cf1b5196234e,6-Br-Q,boronic-ester,XPhos,Et3N,MeCN,6-Br-Q|boronic-ester|XPhos|Et3N|MeCN
well_2f3deee73c1d2573,6-I-Q,trifluoroborate,dppf,Et3N,THF,6-I-Q|trifluoroborate|dppf|Et3N|THF
well_2f45468199862ea4,6-OTf-Q,boronic-ester,dtbpf,LiOtBu,MeOH,6-OTf-Q|boronic-ester|dtbpf|LiOtBu|MeOH
well_2f4cc680ca44174d,6-I-Q,boronic-acid,CataCXium A,NaHCO3,DMF,6-I-Q|boronic-acid|CataCXium A|NaHCO3|DMF
well_2f5b0ae3a4467aed,6-I-Q,boronic-acid,AmPhos,K3PO4,MeCN,6-I-Q|boronic-acid|AmPhos|K3PO4|MeCN
well_2f6c897039d9c7c1,6-OTf-Q,trifluoroborate,Xantphos,NaHCO3,MeOH,6-OTf-Q|trifluoroborate|Xantphos|NaHCO3|MeOH
well_2fafb9d927b4fb50,6-OTf-Q,trifluoroborate,P(Ph)3,K3PO4,THF,6-OTf-Q|trifluoroborate|P(Ph)3|K3PO4|THF
well_2fb8bd8596655e6f,6-Br-Q,boronic-acid,SPhos,None,THF,6-Br-Q|boronic-acid|SPhos|None|THF
well_2fdc7d44a722e9a4,6-I-Q,trifluoroborate,AmPhos,K3PO4,MeOH,6-I-Q|trifluoroborate|AmPhos|K3PO4|MeOH
well_2ffba0ba95308c1c,6-BPin-Q,aryl-bromide,Xantphos,Et3N,MeCN,6-BPin-Q|aryl-bromide|Xantphos|Et3N|MeCN
well_3005b9fcff5bad30,6-I-Q,boronic-ester,P(Ph)3,LiOtBu,MeCN,6-I-Q|boronic-ester|P(Ph)3|LiOtBu|MeCN
well_30190adc2b7f7671,6-Br-Q,boronic-ester,SPhos,NaOH,MeCN,6-Br-Q|boronic-ester|SPhos|NaOH|MeCN
well_303de08dc93f4f62,6-I-Q,boronic-ester,P(Ph)3,None,MeCN,6-I-Q|boronic-ester|P(Ph)3|None|MeCN
well_304e0ff8e6980066,6-I-Q,trifluoroborate,SPhos,Et3N,MeCN,6-I-Q|trifluoroborate|SPhos|Et3N|MeCN
well_306eefd586e33b41,6-OTf-Q,trifluoroborate,P(Cy)3,None,DMF,6-OTf-Q|trifluoroborate|P(Cy)3|None|DMF
well_309d60dc3c42cc65,6-I-Q,boronic-ester,P(Cy)3,NaHCO3,THF,6-I-Q|boronic-ester|P(Cy)3|NaHCO3|THF
well_30baaa33354320eb,6-Br-Q,boronic-ester,P(o-Tol)3,CsF,DMF,6-Br-Q|boronic-ester|P(o-Tol)3|CsF|DMF
well_30f931d39c48acd2,6-Br-Q,boronic-acid,None,LiOtBu,MeOH,6-Br-Q|boronic-acid|None|LiOtBu|MeOH
well_312d606b99fb263e,6-Br-Q,boronic-acid,dtbpf,NaHCO3,MeOH,6-Br-Q|boronic-acid|dtbpf|NaHCO3|MeOH
well_314c0f3c242bdb90,6-Br-Q,boronic-acid,SPhos,NaHCO3,MeCN,6-Br-Q|boronic-acid|SPhos|NaHCO3|MeCN
well_315a25a5ef914135,6-BOH2-Q,aryl-bromide,Xantphos,NaHCO3,DMF,6-BOH2-Q|aryl-bromide|Xantphos|NaHCO3|DMF
well_3185e9aff48de6a9,6-I-Q,trifluoroborate,dppf,NaOH,THF,6-I-Q|trifluoroborate|dppf|NaOH|THF
well_318b85303e9b8cfa,6-I-Q,boronic-acid,dtbpf,KOH,DMF,6-I-Q|boronic-acid|dtbpf|KOH|DMF
well_31a3b558483a47c4,6-OTf-Q,boronic-ester,dtbpf,Et3N,DMF,6-OTf-Q|boronic-ester|dtbpf|Et3N|DMF
well_31ba2b308a0d98ff,6-Br-Q,boronic-ester,P(tBu)3,CsF,MeCN,6-Br-Q|boronic-ester|P(tBu)3|CsF|MeCN
well_31c1e2055e869eaf,6-I-Q,trifluoroborate,dtbpf,None,MeOH,6-I-Q|trifluoroborate|dtbpf|None|MeOH
well_31e51e1e7d6d3c7c,6-Br-Q,boronic-acid,dtbpf,KOH,MeOH,6-Br-Q|boronic-acid|dtbpf|KOH|MeOH
well_31e9a4c5715d2772,6-BPin-Q,aryl-bromide,P(o-Tol)3,CsF,MeCN,6-BPin-Q|aryl-bromide|P(o-Tol)3|CsF|MeCN
well_31fbb8de815dcc60,6-BF3K-Q,aryl-bromide,P(Ph)3,K3PO4,MeOH,6-BF3K-Q|aryl-bromide|P(Ph)3|K3PO4|MeOH
well_322544a8365e4df1,6-Br-Q,boronic-ester,dppf,LiOtBu,MeOH,6-Br-Q|boronic-ester|dppf|LiOtBu|MeOH
well_32454e75f37ff7bc,6-Br-Q,boronic-ester,dppf,LiOtBu,DMF,6-Br-Q|boronic-ester|dppf|LiOtBu|DMF
well_32618454e1b8f4f3,6-OTf-Q,trifluoroborate,None,NaHCO3,THF,6-OTf-Q|trifluoroborate|None|NaHCO3|THF
well_326739a8e0759032,6-OTf-Q,boronic-acid,XPhos,LiOtBu,THF,6-OTf-Q|boronic-acid|XPhos|LiOtBu|THF
well_326bc1ccdb02d940,6-Br-Q,boronic-acid,None,CsF,MeOH,6-Br-Q|boronic-acid|None|CsF|MeOH
well_327aa93cc59181ad,6-I-Q,trifluoroborate,CataCXium A,LiOtBu,MeOH,6-I-Q|trifluoroborate|CataCXium A|LiOtBu|MeOH
well_32ca16be1e93aeef,6-Br-Q,boronic-acid,Xantphos,NaHCO3,DMF,6-Br-Q|boronic-acid|Xantphos|NaHCO3|DMF
well_32d07d8ab34cb16c,6-OTf-Q,trifluoroborate,P(Ph)3,KOH,MeCN,6-OTf-Q|trifluoroborate|P(Ph)3|KOH|MeCN
well_32ec48a4c6bb99c1,6-I-Q,boronic-ester,CataCXium A,Et3N,THF,6-I-Q|boronic-ester|CataCXium A|Et3N|THF
well_330265edd67ba9f4,6-BF3K-Q,aryl-bromide,P(o-Tol)3,CsF,DMF,6-BF3K-Q|aryl-bromide|P(o-Tol)3|CsF|DMF
well_33156d49204221b5,6-Br-Q,trifluoroborate,dtbpf,CsF,DMF,6-Br-Q|trifluoroborate|dtbpf|CsF|DMF
well_33214021ccb2c956,6-OTf-Q,boronic-ester,AmPhos,Et3N,DMF,6-OTf-Q|boronic-ester|AmPhos|Et3N|DMF
well_33244043d64a5164,6-OTf-Q,boronic-acid,Xantphos,NaHCO3,MeOH,6-OTf-Q|boronic-acid|Xantphos|NaHCO3|MeOH
well_3336e14153bfb3e4,6-I-Q,boronic-ester,XPhos,K3PO4,DMF,6-I-Q|boronic-ester|XPhos|K3PO4|DMF
well_333bdc463e9ce417,6-OTf-Q,boronic-acid,Xantphos,Et3N,MeOH,6-OTf-Q|boronic-acid|Xantphos|Et3N|MeOH
well_333d86914ebcdbdf,6-OTf-Q,trifluoroborate,dppf,LiOtBu,MeOH,6-OTf-Q|trifluoroborate|dppf|LiOtBu|MeOH
well_3353b0cd253863c4,6-I-Q,boronic-acid,P(o-Tol)3,Et3N,MeCN,6-I-Q|boronic-acid|P(o-Tol)3|Et3N|MeCN
well_339455de49c1b552,6-I-Q,trifluoroborate,dppf,NaHCO3,THF,6-I-Q|trifluoroborate|dppf|NaHCO3|THF
well_339fdf956dcf049f,6-BF3K-Q,aryl-bromide,SPhos,None,MeCN,6-BF3K-Q|aryl-bromide|SPhos|None|MeCN
well_33c99b0fe9b17ac2,6-I-Q,boronic-ester,P(tBu)3,LiOtBu,MeOH,6-I-Q|boronic-ester|P(tBu)3|LiOtBu|MeOH
well_33d23ebd10378b51,6-I-Q,boronic-acid,Xantphos,LiOtBu,MeCN,6-I-Q|boronic-acid|Xantphos|LiOtBu|MeCN
well_33d5d7a7828e7a46,6-I-Q,boronic-acid,SPhos,LiOtBu,DMF,6-I-Q|boronic-acid|SPhos|LiOtBu|DMF
well_33dbb1993d4ce155,6-I-Q,trifluoroborate,Xantphos,Et3N,MeOH,6-I-Q|trifluoroborate|Xantphos|Et3N|MeOH
well_33dc15b5f77edc88,6-OTf-Q,boronic-ester,P(tBu)3,KOH,DMF,6-OTf-Q|boronic-ester|P(tBu)3|KOH|DMF
well_33ea6f06ccdb4623,6-I-Q,trifluoroborate,P(Cy)3,CsF,DMF,6-I-Q|trifluoroborate|P(Cy)3|CsF|DMF
well_33f179bc23ac233e,6-Br-Q,trifluoroborate,dppf,LiOtBu,THF,6-Br-Q|trifluoroborate|dppf|LiOtBu|THF
well_33fb6f07d4869d5d,6-Br-Q,boronic-ester,P(Ph)3,K3PO4,MeCN,6-Br-Q|boronic-ester|P(Ph)3|K3PO4|MeCN
well_340c031b32589251,6-I-Q,trifluoroborate,SPhos,K3PO4,MeOH,6-I-Q|trifluoroborate|SPhos|K3PO4|MeOH
well_341078d16451a44d,6-BF3K-Q,aryl-bromide,P(o-Tol)3,None,THF,6-BF3K-Q|aryl-bromide|P(o-Tol)3|None|THF
well_3419dce59ff21046,6-OTf-Q,trifluoroborate,P(tBu)3,NaOH,THF,6-OTf-Q|trifluoroborate|P(tBu)3|NaOH|THF
well_34372131cac0fb6e,6-Br-Q,trifluoroborate,P(Cy)3,CsF,MeCN,6-Br-Q|trifluoroborate|P(Cy)3|CsF|MeCN
well_3446f4cfd5c4bbbe,6-Br-Q,trifluoroborate,P(Cy)3,None,DMF,6-Br-Q|trifluoroborate|P(Cy)3|None|DMF
well_344b930630a9ba00,6-OTf-Q,trifluoroborate,XPhos,None,DMF,6-OTf-Q|trifluoroborate|XPhos|None|DMF
well_3465b4246ecae243,6-I-Q,trifluoroborate,P(tBu)3,NaOH,MeCN,6-I-Q|trifluoroborate|P(tBu)3|NaOH|MeCN
well_347bdab930f83535,6-Br-Q,boronic-ester,dppf,None,THF,6-Br-Q|boronic-ester|dppf|None|THF
well_34c139efc193803b,6-Br-Q,boronic-ester,dppf,NaHCO3,MeOH,6-Br-Q|boronic-ester|dppf|NaHCO3|MeOH
well_34cbb5b346689996,6-BOH2-Q,aryl-bromide,Xantphos,K3PO4,DMF,6-BOH2-Q|aryl-bromide|Xantphos|K3PO4|DMF
well_34e058a352bcdca6,6-I-Q,boronic-acid,dtbpf,K3PO4,MeCN,6-I-Q|boronic-acid|dtbpf|K3PO4|MeCN
well_34eb786480f53bb1,6-I-Q,boronic-ester,P(Cy)3,CsF,DMF,6-I-Q|boronic-ester|P(Cy)3|CsF|DMF
well_35015525a0ad5605,6-Br-Q,boronic-ester,dtbpf,None,DMF,6-Br-Q|boronic-ester|dtbpf|None|DMF
well_35121165eaeafd8f,6-BPin-Q,aryl-bromide,Xantphos,NaOH,DMF,6-BPin-Q|aryl-bromide|Xantphos|NaOH|DMF
well_351daf65c155cf3b,6-Br-Q,boronic-ester,P(tBu)3,K3PO4,DMF,6-Br-Q|boronic-ester|P(tBu)3|K3PO4|DMF
well_35315371a1fd1afc,6-BOH2-Q,aryl-bromide,dppf,None,THF-v2,6-BOH2-Q|aryl-bromide|dppf|None|THF-v2
well_353a7200d83bf837,6-I-Q,trifluoroborate,P(tBu)3,CsF,MeOH,6-I-Q|trifluoroborate|P(tBu)3|CsF|MeOH
well_3542457abc539c0b,6-OTf-Q,boronic-acid,SPhos,Et3N,MeOH,6-OTf-Q|boronic-acid|SPhos|Et3N|MeOH
well_357e5e00ecc38959,6-I-Q,boronic-acid,dtbpf,NaOH,DMF,6-I-Q|boronic-acid|dtbpf|NaOH|DMF
well_3593c961aae7ace1,6-I-Q,trifluoroborate,P(Ph)3,CsF,DMF,6-I-Q|trifluoroborate|P(Ph)3|CsF|DMF
well_35d21276dbbc2c8a,6-Br-Q,trifluoroborate,None,None,MeCN,6-Br-Q|trifluoroborate|None|None|MeCN
well_35d316c88fcf29d7,6-I-Q,trifluoroborate,dtbpf,Et3N,DMF,6-I-Q|trifluoroborate|dtbpf|Et3N|DMF
well_35f5671e3be1fcdb,6-BPin-Q,aryl-bromide,AmPhos,None,DMF,6-BPin-Q|aryl-bromide|AmPhos|None|DMF
well_361d11f52d55eb8b,6-Br-Q,trifluoroborate,CataCXium A,None,MeCN,6-Br-Q|trifluoroborate|CataCXium A|None|MeCN
well_363dd243c4cc4942,6-I-Q,trifluoroborate,P(tBu)3,KOH,MeOH,6-I-Q|trifluoroborate|P(tBu)3|KOH|MeOH
well_3654e11139ae2155,6-BOH2-Q,aryl-bromide,P(tBu)3,NaHCO3,DMF,6-BOH2-Q|aryl-bromide|P(tBu)3|NaHCO3|DMF
well_36700fb962469f31,6-OTf-Q,boronic-acid,SPhos,KOH,THF,6-OTf-Q|boronic-acid|SPhos|KOH|THF
well_3673549ac35d3d87,6-I-Q,trifluoroborate,P(Ph)3,None,MeOH,6-I-Q|trifluoroborate|P(Ph)3|None|MeOH
well_369588d183fdef5f,6-BPin-Q,aryl-bromide,dppf,Et3N,DMF,6-BPin-Q|aryl-bromide|dppf|Et3N|DMF
well_369ecefd7a081237,6-OTf-Q,boronic-ester,P(tBu)3,NaHCO3,MeOH,6-OTf-Q|boronic-ester|P(tBu)3|NaHCO3|MeOH
well_36a59cf7b7d46518,6-OTf-Q,boronic-ester,dppf,NaHCO3,MeCN,6-OTf-Q|boronic-ester|dppf|NaHCO3|MeCN
well_36bd424478c5d824,6-OTf-Q,trifluoroborate,AmPhos,CsF,MeCN,6-OTf-Q|trifluoroborate|AmPhos|CsF|MeCN
well_36c7959d28782a87,6-OTf-Q,boronic-acid,P(Cy)3,None,MeCN,6-OTf-Q|boronic-acid|P(Cy)3|None|MeCN
well_36da9ca311f6f8c8,6-I-Q,boronic-ester,None,K3PO4,THF,6-I-Q|boronic-ester|None|K3PO4|THF
well_36e0aa2c75638487,6-BPin-Q,aryl-bromide,P(tBu)3,None,MeCN,6-BPin-Q|aryl-bromide|P(tBu)3|None|MeCN
well_3708146a7dccf67c,6-BF3K-Q,aryl-bromide,SPhos,K3PO4,MeCN,6-BF3K-Q|aryl-bromide|SPhos|K3PO4|MeCN
well_3755304d94fe00bb,6-Br-Q,boronic-acid,P(o-Tol)3,LiOtBu,MeCN,6-Br-Q|boronic-acid|P(o-Tol)3|LiOtBu|MeCN
well_3767075d054f19b8,6-BF3K-Q,aryl-bromide,XPhos,CsF,THF,6-BF3K-Q|aryl-bromide|XPhos|CsF|THF
well_37a42893a9a70b60,6-OTf-Q,boronic-acid,dppf,CsF,DMF,6-OTf-Q|boronic-acid|dppf|CsF|DMF
well_37adcbc1d5e6d108,6-OTf-Q,boronic-acid,P(Ph)3,CsF,MeOH,6-OTf-Q|boronic-acid|P(Ph)3|CsF|MeOH
well_37e4ba2f3c0dce4a,6-Br-Q,boronic-ester,Xantphos,LiOtBu,DMF,6-Br-Q|boronic-ester|Xantphos|LiOtBu|DMF
well_37f2914c962d165b,6-BPin-Q,aryl-bromide,P(o-Tol)3,LiOtBu,MeOH,6-BPin-Q|aryl-bromide|P(o-Tol)3|LiOtBu|MeOH
well_38040297dcf2eca4,6-I-Q,boronic-acid,dtbpf,NaHCO3,MeCN,6-I-Q|boronic-acid|dtbpf|NaHCO3|MeCN
well_380599dc07de635d,6-Br-Q,boronic-ester,dppf,None,MeOH,6-Br-Q|boronic-ester|dppf|None|MeOH
well_380685bc58381b2a,6-Br-Q,trifluoroborate,None,LiOtBu,MeOH,6-Br-Q|trifluoroborate|None|LiOtBu|MeOH
well_381dc3746a2548da,6-I-Q,boronic-ester,CataCXium A,NaOH,MeOH,6-I-Q|boronic-ester|CataCXium A|NaOH|MeOH
well_3834e5b6d08598b7,6-OTf-Q,boronic-acid,dppf,K3PO4,THF,6-OTf-Q|boronic-acid|dppf|K3PO4|THF
well_384a5b623fdd23c7,6-OTf-Q,trifluoroborate,P(Ph)3,LiOtBu,MeCN,6-OTf-Q|trifluoroborate|P(Ph)3|LiOtBu|MeCN
well_384f4808bc5f4f88,6-OTf-Q,boronic-ester,P(tBu)3,KOH,THF,6-OTf-Q|boronic-ester|P(tBu)3|KOH|THF
well_3879d1ff39037a27,6-Br-Q,boronic-ester,P(tBu)3,LiOtBu,THF,6-Br-Q|boronic-ester|P(tBu)3|LiOtBu|THF
well_38869d20282df83c,6-OTf-Q,boronic-ester,dtbpf,Et3N,MeOH,6-OTf-Q|boronic-ester|dtbpf|Et3N|MeOH
well_389f812e0dfd7e67,6-I-Q,trifluoroborate,SPhos,CsF,MeOH,6-I-Q|trifluoroborate|SPhos|CsF|MeOH
well_38c8797fbcdea31a,6-Br-Q,boronic-acid,P(Ph)3,Et3N,MeOH,6-Br-Q|boronic-acid|P(Ph)3|Et3N|MeOH
well_38ea93e35f55a7dd,6-BOH2-Q,aryl-bromide,P(Cy)3,Et3N,THF-v2,6-BOH2-Q|aryl-bromide|P(Cy)3|Et3N|THF-v2
well_3908c8c2a6a366eb,6-I-Q,boronic-ester,XPhos,KOH,MeOH,6-I-Q|boronic-ester|XPhos|KOH|MeOH
well_39097c8eae1c12fc,6-BPin-Q,aryl-bromide,dtbpf,Et3N,MeOH,6-BPin-Q|aryl-bromide|dtbpf|Et3N|MeOH
well_390ebae24da49fb0,6-OTf-Q,boronic-ester,dppf,K3PO4,DMF,6-OTf-Q|boronic-ester|dppf|K3PO4|DMF
well_39114e1281fd1ce3,6-OTf-Q,boronic-ester,P(tBu)3,None,THF,6-OTf-Q|boronic-ester|P(tBu)3|None|THF
well_3918a4d814193a91,6-Br-Q,boronic-acid,XPhos,CsF,MeCN,6-Br-Q|boronic-acid|XPhos|CsF|MeCN
well_391d5b880d3ee972,6-BF3K-Q,aryl-bromide,dtbpf,LiOtBu,THF,6-BF3K-Q|aryl-bromide|dtbpf|LiOtBu|THF
well_39249723add587d2,6-Br-Q,trifluoroborate,CataCXium A,LiOtBu,MeOH,6-Br-Q|trifluoroborate|CataCXium A|LiOtBu|MeOH
well_3927eec5061403b5,6-I-Q,boronic-acid,CataCXium A,NaOH,DMF,6-I-Q|boronic-acid|CataCXium A|NaOH|DMF
well_392a74953fdfb2c6,6-I-Q,boronic-ester,CataCXium A,CsF,THF,6-I-Q|boronic-ester|CataCXium A|CsF|THF
well_39318ee0e1987510,6-OTf-Q,boronic-acid,P(Ph)3,Et3N,MeCN,6-OTf-Q|boronic-acid|P(Ph)3|Et3N|MeCN
well_3935e9141e5503cc,6-BOH2-Q,aryl-bromide,P(Ph)3,K3PO4,DMF,6-BOH2-Q|aryl-bromide|P(Ph)3|K3PO4|DMF
well_393ba75b6aa7986f,6-Br-Q,trifluoroborate,AmPhos,None,MeOH,6-Br-Q|trifluoroborate|AmPhos|None|MeOH
well_39428a20006b7b7a,6-I-Q,boronic-ester,AmPhos,CsF,THF,6-I-Q|boronic-ester|AmPhos|CsF|THF
well_394ef34fe1975478,6-OTf-Q,trifluoroborate,P(Cy)3,K3PO4,THF,6-OTf-Q|trifluoroborate|P(Cy)3|K3PO4|THF
well_396cd396cf9f3980,6-BF3K-Q,aryl-bromide,SPhos,CsF,MeCN,6-BF3K-Q|aryl-bromide|SPhos|CsF|MeCN
well_399ed8c8c57e6b39,6-I-Q,boronic-ester,AmPhos,None,MeCN,6-I-Q|boronic-ester|AmPhos|None|MeCN
well_39a261fa7575d4bc,6-BOH2-Q,aryl-bromide,None,NaHCO3,THF-v2,6-BOH2-Q|aryl-bromide|None|NaHCO3|THF-v2
well_39f4fcf5e88b8cb3,6-OTf-Q,trifluoroborate,P(Cy)3,Et3N,DMF,6-OTf-Q|trifluoroborate|P(Cy)3|Et3N|DMF
well_39fbe8a9460933cc,6-OTf-Q,trifluoroborate,None,None,MeCN,6-OTf-Q|trifluoroborate|None|None|MeCN
well_3a11beaab71f2d92,6-I-Q,boronic-ester,P(Ph)3,Et3N,MeOH,6-I-Q|boronic-ester|P(Ph)3|Et3N|MeOH
well_3a2949377a3f0508,6-BPin-Q,aryl-bromide,P(Cy)3,CsF,MeCN,6-BPin-Q|aryl-bromide|P(Cy)3|CsF|MeCN
well_3a3b066299667a5a,6-I-Q,trifluoroborate,AmPhos,KOH,MeOH,6-I-Q|trifluoroborate|AmPhos|KOH|MeOH
well_3a6a60629c5b384d,6-BPin-Q,aryl-bromide,AmPhos,K3PO4,DMF,6-BPin-Q|aryl-bromide|AmPhos|K3PO4|DMF
well_3a76897f7cbd8f52,6-I-Q,boronic-acid,XPhos,K3PO4,MeOH,6-I-Q|boronic-acid|XPhos|K3PO4|MeOH
well_3a863c0d36059284,6-I-Q,boronic-ester,AmPhos,NaHCO3,MeCN,6-I-Q|boronic-ester|AmPhos|NaHCO3|MeCN
well_3a8844a770b5d177,6-BF3K-Q,aryl-bromide,P(o-Tol)3,None,MeOH,6-BF3K-Q|aryl-bromide|P(o-Tol)3|None|MeOH
well_3a8c860ac3437602,6-Br-Q,boronic-ester,Xantphos,Et3N,MeOH,6-Br-Q|boronic-ester|Xantphos|Et3N|MeOH
well_3ace7025fe31fdb2,6-Br-Q,trifluoroborate,Xantphos,None,DMF,6-Br-Q|trifluoroborate|Xantphos|None|DMF
well_3aeba941bbdae9cb,6-Br-Q,trifluoroborate,P(tBu)3,CsF,MeCN,6-Br-Q|trifluoroborate|P(tBu)3|CsF|MeCN
well_3b7b6893e1690cdf,6-OTf-Q,boronic-ester,dppf,LiOtBu,THF,6-OTf-Q|boronic-ester|dppf|LiOtBu|THF
well_3b952e999e1c23cc,6-BF3K-Q,aryl-bromide,AmPhos,NaOH,DMF,6-BF3K-Q|aryl-bromide|AmPhos|NaOH|DMF
well_3bac6bb6b7519290,6-Br-Q,boronic-ester,CataCXium A,NaHCO3,DMF,6-Br-Q|boronic-ester|CataCXium A|NaHCO3|DMF
well_3bb7d5b3e9436c0c,6-BOH2-Q,aryl-bromide,dtbpf,None,THF-v2,6-BOH2-Q|aryl-bromide|dtbpf|None|THF-v2
well_3bc6b33a29d9943b,6-BOH2-Q,aryl-bromide,dtbpf,Et3N,DMF,6-BOH2-Q|aryl-bromide|dtbpf|Et3N|DMF
well_3bc9c551e480b75b,6-Br-Q,boronic-acid,AmPhos,K3PO4,THF,6-Br-Q|boronic-acid|AmPhos|K3PO4|THF
well_3bdc522750e4016b,6-BOH2-Q,aryl-bromide,Xantphos,LiOtBu,THF-v2,6-BOH2-Q|aryl-bromide|Xantphos|LiOtBu|THF-v2
well_3be0d1f52fde93bd,6-Br-Q,trifluoroborate,SPhos,KOH,MeCN,6-Br-Q|trifluoroborate|SPhos|KOH|MeCN
well_3bf79bdb659dc0e5,6-I-Q,trifluoroborate,None,None,MeOH,6-I-Q|trifluoroborate|None|None|MeOH
well_3bf7eace1cc7fada,6-OTf-Q,boronic-ester,Xantphos,Et3N,THF,6-OTf-Q|boronic-ester|Xantphos|Et3N|THF
well_3bffcaa7b628e162,6-BPin-Q,aryl-bromide,P(Ph)3,None,MeCN,6-BPin-Q|aryl-bromide|P(Ph)3|None|MeCN
well_3c22c22ad7ada74b,6-OTf-Q,boronic-ester,P(Cy)3,NaHCO3,DMF,6-OTf-Q|boronic-ester|P(Cy)3|NaHCO3|DMF
well_3c623c6ec4e12e63,6-BOH2-Q,aryl-bromide,CataCXium A,CsF,DMF,6-BOH2-Q|aryl-bromide|CataCXium A|CsF|DMF
well_3c654aaf38809923,6-I-Q,boronic-ester,Xantphos,Et3N,MeCN,6-I-Q|boronic-ester|Xantphos|Et3N|MeCN
well_3c72d6ddb6479de7,6-I-Q,boronic-acid,AmPhos,KOH,MeCN,6-I-Q|boronic-acid|AmPhos|KOH|MeCN
well_3c7481ff11930a47,6-BF3K-Q,aryl-bromide,P(o-Tol)3,NaOH,MeCN,6-BF3K-Q|aryl-bromide|P(o-Tol)3|NaOH|MeCN
well_3c92fde90f91e5a4,6-I-Q,trifluoroborate,P(Ph)3,NaHCO3,MeOH,6-I-Q|trifluoroborate|P(Ph)3|NaHCO3|MeOH
well_3c9c01463156362f,6-BOH2-Q,aryl-bromide,Xantphos,CsF,THF-v2,6-BOH2-Q|aryl-bromide|Xantphos|CsF|THF-v2
well_3ca0aca628e4e86d,6-BF3K-Q,aryl-bromide,P(tBu)3,LiOtBu,MeOH,6-BF3K-Q|aryl-bromide|P(tBu)3|LiOtBu|MeOH
well_3caa30b6b58fdde4,6-OTf-Q,boronic-ester,CataCXium A,KOH,MeCN,6-OTf-Q|boronic-ester|CataCXium A|KOH|MeCN
well_3caa669180666bf2,6-BOH2-Q,aryl-bromide,dppf,Et3N,MeOH-H2O-v2,6-BOH2-Q|aryl-bromide|dppf|Et3N|MeOH-H2O-v2
well_3cb4fec6b8e0798e,6-Br-Q,boronic-acid,dppf,NaHCO3,DMF,6-Br-Q|boronic-acid|dppf|NaHCO3|DMF
well_3cc0c407c2484b78,6-OTf-Q,trifluoroborate,AmPhos,KOH,THF,6-OTf-Q|trifluoroborate|AmPhos|KOH|THF
well_3cd3a7c1aadcde1d,6-OTf-Q,trifluoroborate,Xantphos,Et3N,MeCN,6-OTf-Q|trifluoroborate|Xantphos|Et3N|MeCN
well_3cdd412862f6373b,6-OTf-Q,boronic-ester,P(Ph)3,K3PO4,THF,6-OTf-Q|boronic-ester|P(Ph)3|K3PO4|THF
well_3cfd143c6665759c,6-I-Q,boronic-acid,XPhos,CsF,DMF,6-I-Q|boronic-acid|XPhos|CsF|DMF
well_3cff7ec7061a42fc,6-I-Q,trifluoroborate,P(o-Tol)3,KOH,THF,6-I-Q|trifluoroborate|P(o-Tol)3|KOH|THF
well_3d0aefd80c174a8d,6-Br-Q,boronic-ester,P(o-Tol)3,K3PO4,THF,6-Br-Q|boronic-ester|P(o-Tol)3|K3PO4|THF
well_3d2c90916fe18c4b,6-BF3K-Q,aryl-bromide,P(Cy)3,Et3N,MeCN,6-BF3K-Q|aryl-bromide|P(Cy)3|Et3N|MeCN
well_3d40c18ff5ec1b5f,6-OTf-Q,boronic-acid,P(Cy)3,KOH,MeOH,6-OTf-Q|boronic-acid|P(Cy)3|KOH|MeOH
well_3d58e7ce77d1c276,6-BF3K-Q,aryl-bromide,CataCXium A,NaOH,MeCN,6-BF3K-Q|aryl-bromide|CataCXium A|NaOH|MeCN
well_3d621027f4e66b92,6-OTf-Q,boronic-acid,SPhos,None,MeCN,6-OTf-Q|boronic-acid|SPhos|None|MeCN
well_3d631fbb119d25dd,6-BPin-Q,aryl-bromide,dppf,Et3N,MeOH,6-BPin-Q|aryl-bromide|dppf|Et3N|MeOH
well_3de3ff74a17978e1,6-Br-Q,boronic-acid,dtbpf,LiOtBu,DMF,6-Br-Q|boronic-acid|dtbpf|LiOtBu|DMF
well_3e0084ea8dab9026,6-BF3K-Q,aryl-bromide,P(Ph)3,Et3N,DMF,6-BF3K-Q|aryl-bromide|P(Ph)3|Et3N|DMF
well_3e0d060886a9c9df,6-I-Q,boronic-acid,P(o-Tol)3,LiOtBu,MeCN,6-I-Q|boronic-acid|P(o-Tol)3|LiOtBu|MeCN
well_3e224299c11431b8,6-I-Q,boronic-ester,P(o-Tol)3,Et3N,DMF,6-I-Q|boronic-ester|P(o-Tol)3|Et3N|DMF
well_3e2448cc1f1c1dbf,6-I-Q,trifluoroborate,dtbpf,None,DMF,6-I-Q|trifluoroborate|dtbpf|None|DMF
well_3e3b838abc53116e,6-BPin-Q,aryl-bromide,P(o-Tol)3,None,DMF,6-BPin-Q|aryl-bromide|P(o-Tol)3|None|DMF
well_3e7156f49d74ee7a,6-OTf-Q,trifluoroborate,CataCXium A,Et3N,MeCN,6-OTf-Q|trifluoroborate|CataCXium A|Et3N|MeCN
well_3eaed7ad2bedb3ad,6-OTf-Q,trifluoroborate,P(Ph)3,NaOH,MeCN,6-OTf-Q|trifluoroborate|P(Ph)3|NaOH|MeCN
well_3eaf1a04f23ed334,6-Br-Q,trifluoroborate,Xantphos,NaHCO3,DMF,6-Br-Q|trifluoroborate|Xantphos|NaHCO3|DMF
well_3ec34047a11793e8,6-I-Q,trifluoroborate,CataCXium A,NaOH,THF,6-I-Q|trifluoroborate|CataCXium A|NaOH|THF
well_3ecb1e434af66472,6-Br-Q,boronic-acid,P(tBu)3,CsF,MeCN,6-Br-Q|boronic-acid|P(tBu)3|CsF|MeCN
well_3ee69e1d6b017fc5,6-OTf-Q,boronic-ester,Xantphos,CsF,THF,6-OTf-Q|boronic-ester|Xantphos|CsF|THF
well_3f286f5bd62fc543,6-OTf-Q,boronic-ester,AmPhos,KOH,MeCN,6-OTf-Q|boronic-ester|AmPhos|KOH|MeCN
well_3f3f1d06058bd3cb,6-I-Q,boronic-ester,XPhos,NaHCO3,MeOH,6-I-Q|boronic-ester|XPhos|NaHCO3|MeOH
well_3f615c369b6ce6d1,6-Br-Q,boronic-ester,P(tBu)3,LiOtBu,MeOH,6-Br-Q|boronic-ester|P(tBu)3|LiOtBu|MeOH
well_3f687eb9bf109a65,6-BF3K-Q,aryl-bromide,SPhos,CsF,DMF,6-BF3K-Q|aryl-bromide|SPhos|CsF|DMF
well_3f6b310cad29aa44,6-BPin-Q,aryl-bromide,P(tBu)3,NaOH,DMF,6-BPin-Q|aryl-bromide|P(tBu)3|NaOH|DMF
well_3f6b61332eaf1d8c,6-I-Q,boronic-ester,P(tBu)3,NaHCO3,MeCN,6-I-Q|boronic-ester|P(tBu)3|NaHCO3|MeCN
well_3fae750cf7b4c8d6,6-OTf-Q,trifluoroborate,SPhos,K3PO4,DMF,6-OTf-Q|trifluoroborate|SPhos|K3PO4|DMF
well_3fb360090da94cb0,6-Br-Q,trifluoroborate,P(Ph)3,KOH,MeCN,6-Br-Q|trifluoroborate|P(Ph)3|KOH|MeCN
well_3fc072bef143b7a4,6-OTf-Q,boronic-acid,AmPhos,NaOH,MeOH,6-OTf-Q|boronic-acid|AmPhos|NaOH|MeOH
well_3fcd9c5aa235d0da,6-Br-Q,boronic-acid,AmPhos,KOH,DMF,6-Br-Q|boronic-acid|AmPhos|KOH|DMF
well_3fd1501773d053de,6-BOH2-Q,aryl-bromide,CataCXium A,LiOtBu,THF-v2,6-BOH2-Q|aryl-bromide|CataCXium A|LiOtBu|THF-v2
well_3fdef9f6cee7f117,6-I-Q,boronic-ester,None,None,MeCN,6-I-Q|boronic-ester|None|None|MeCN
well_4013959b0ce6f3bf,6-I-Q,boronic-acid,SPhos,K3PO4,THF,6-I-Q|boronic-acid|SPhos|K3PO4|THF
well_402195bd9033a23e,6-Br-Q,boronic-acid,P(tBu)3,NaHCO3,MeOH,6-Br-Q|boronic-acid|P(tBu)3|NaHCO3|MeOH
well_4026f96143429905,6-I-Q,boronic-ester,dtbpf,Et3N,THF,6-I-Q|boronic-ester|dtbpf|Et3N|THF
well_40555f26321b99e6,6-OTf-Q,trifluoroborate,dtbpf,None,MeCN,6-OTf-Q|trifluoroborate|dtbpf|None|MeCN
well_4068e2ed554335b9,6-OTf-Q,boronic-ester,P(tBu)3,None,MeOH,6-OTf-Q|boronic-ester|P(tBu)3|None|MeOH
well_407d1965175892f7,6-I-Q,boronic-ester,XPhos,NaHCO3,THF,6-I-Q|boronic-ester|XPhos|NaHCO3|THF
well_40882c02dd593809,6-I-Q,boronic-acid,CataCXium A,K3PO4,DMF,6-I-Q|boronic-acid|CataCXium A|K3PO4|DMF
well_40a768a61cfc8e77,6-Br-Q,boronic-ester,CataCXium A,KOH,DMF,6-Br-Q|boronic-ester|CataCXium A|KOH|DMF
well_40bd10a16fee1e9b,6-BPin-Q,aryl-bromide,dppf,K3PO4,MeCN,6-BPin-Q|aryl-bromide|dppf|K3PO4|MeCN
well_40bd12e2de596ba1,6-I-Q,trifluoroborate,XPhos,NaOH,THF,6-I-Q|trifluoroborate|XPhos|NaOH|THF
well_40c4e137bd29d84d,6-I-Q,trifluoroborate,XPhos,K3PO4,MeOH,6-I-Q|trifluoroborate|XPhos|K3PO4|MeOH
well_40f7b9d699d3bdef,6-OTf-Q,boronic-acid,P(tBu)3,KOH,THF,6-OTf-Q|boronic-acid|P(tBu)3|KOH|THF
well_41204b5178a26974,6-Br-Q,trifluoroborate,P(Cy)3,NaOH,MeCN,6-Br-Q|trifluoroborate|P(Cy)3|NaOH|MeCN
well_41221b72f790efd0,6-Br-Q,boronic-acid,P(o-Tol)3,K3PO4,THF,6-Br-Q|boronic-acid|P(o-Tol)3|K3PO4|THF
well_4126c56966558e00,6-Br-Q,trifluoroborate,dtbpf,None,MeOH,6-Br-Q|trifluoroborate|dtbpf|None|MeOH
well_414d01488e85a78f,6-Br-Q,boronic-acid,SPhos,NaHCO3,DMF,6-Br-Q|boronic-acid|SPhos|NaHCO3|DMF
well_4160527d1ccb63a5,6-BPin-Q,aryl-bromide,P(tBu)3,Et3N,MeOH,6-BPin-Q|aryl-bromide|P(tBu)3|Et3N|MeOH
well_4181f6e27a04b6d8,6-I-Q,boronic-acid,dtbpf,Et3N,MeCN,6-I-Q|boronic-acid|dtbpf|Et3N|MeCN
well_4192bc29038d66db,6-Br-Q,trifluoroborate,P(Ph)3,Et3N,MeCN,6-Br-Q|trifluoroborate|P(Ph)3|Et3N|MeCN
well_4192ea9db80bf309,6-Br-Q,boronic-acid,P(Cy)3,K3PO4,THF,6-Br-Q|boronic-acid|P(Cy)3|K3PO4|THF
well_419d1bfafda99de5,6-BPin-Q,aryl-bromide,XPhos,NaHCO3,MeCN,6-BPin-Q|aryl-bromide|XPhos|NaHCO3|MeCN
well_41a840f249323505,6-BOH2-Q,aryl-bromide,CataCXium A,LiOtBu,DMF,6-BOH2-Q|aryl-bromide|CataCXium A|LiOtBu|DMF
well_41c1b044d22a1eb6,6-OTf-Q,boronic-acid,P(tBu)3,K3PO4,MeOH,6-OTf-Q|boronic-acid|P(tBu)3|K3PO4|MeOH
well_41c6046b59e22433,6-Br-Q,boronic-ester,P(o-Tol)3,NaOH,DMF,6-Br-Q|boronic-ester|P(o-Tol)3|NaOH|DMF
well_41c7f102dfddb58c,6-BOH2-Q,aryl-bromide,XPhos,Et3N,MeCN,6-BOH2-Q|aryl-bromide|XPhos|Et3N|MeCN
well_41d438ce59204241,6-OTf-Q,boronic-acid,CataCXium A,CsF,DMF,6-OTf-Q|boronic-acid|CataCXium A|CsF|DMF
well_41e168a61b0bef34,6-BPin-Q,aryl-bromide,None,CsF,MeCN,6-BPin-Q|aryl-bromide|None|CsF|MeCN
well_41f41089d5a4dbbe,6-BOH2-Q,aryl-bromide,dppf,LiOtBu,MeCN,6-BOH2-Q|aryl-bromide|dppf|LiOtBu|MeCN
well_41f6053e3e54537f,6-I-Q,trifluoroborate,AmPhos,CsF,DMF,6-I-Q|trifluoroborate|AmPhos|CsF|DMF
well_41fcf3b5713b36a3,6-OTf-Q,boronic-ester,dtbpf,LiOtBu,MeCN,6-OTf-Q|boronic-ester|dtbpf|LiOtBu|MeCN
well_421512ce967b103f,6-BPin-Q,aryl-bromide,dtbpf,KOH,MeOH,6-BPin-Q|aryl-bromide|dtbpf|KOH|MeOH
well_42385598fb6be587,6-Br-Q,boronic-acid,None,CsF,MeCN,6-Br-Q|boronic-acid|None|CsF|MeCN
well_424abf29804252c6,6-BOH2-Q,aryl-bromide,Xantphos,K3PO4,THF-v2,6-BOH2-Q|aryl-bromide|Xantphos|K3PO4|THF-v2
well_4257356cd39ceb72,6-Br-Q,boronic-ester,Xantphos,LiOtBu,THF,6-Br-Q|boronic-ester|Xantphos|LiOtBu|THF
well_42812bfb0f11d825,6-OTf-Q,trifluoroborate,dtbpf,LiOtBu,THF,6-OTf-Q|trifluoroborate|dtbpf|LiOtBu|THF
well_4293ffd05e865e38,6-OTf-Q,trifluoroborate,SPhos,LiOtBu,DMF,6-OTf-Q|trifluoroborate|SPhos|LiOtBu|DMF
well_429852773db7df8d,6-OTf-Q,boronic-acid,P(Cy)3,NaHCO3,DMF,6-OTf-Q|boronic-acid|P(Cy)3|NaHCO3|DMF
well_429b25f640efc353,6-BPin-Q,aryl-bromide,dtbpf,K3PO4,THF,6-BPin-Q|aryl-bromide|dtbpf|K3PO4|THF
well_429c3b879c21c483,6-I-Q,trifluoroborate,P(tBu)3,LiOtBu,MeCN,6-I-Q|trifluoroborate|P(tBu)3|LiOtBu|MeCN
well_42b84ec89eaab523,6-BF3K-Q,aryl-bromide,P(Ph)3,K3PO4,DMF,6-BF3K-Q|aryl-bromide|P(Ph)3|K3PO4|DMF
well_42cecee5c2d9147b,6-I-Q,trifluoroborate,P(o-Tol)3,K3PO4,DMF,6-I-Q|trifluoroborate|P(o-Tol)3|K3PO4|DMF
well_42d998118010f290,6-OTf-Q,boronic-acid,Xantphos,CsF,THF,6-OTf-Q|boronic-acid|Xantphos|CsF|THF
well_42fcc6d9deafe97f,6-I-Q,boronic-ester,P(Cy)3,KOH,MeOH,6-I-Q|boronic-ester|P(Cy)3|KOH|MeOH
well_4304516ffc5be62b,6-I-Q,boronic-ester,P(o-Tol)3,K3PO4,DMF,6-I-Q|boronic-ester|P(o-Tol)3|K3PO4|DMF
well_430b201b9367ea4e,6-OTf-Q,boronic-ester,dppf,None,MeOH,6-OTf-Q|boronic-ester|dppf|None|MeOH
well_432083cb43288ad0,6-BF3K-Q,aryl-bromide,dppf,None,MeCN,6-BF3K-Q|aryl-bromide|dppf|None|MeCN
well_433088a4cea1ac97,6-OTf-Q,boronic-acid,dtbpf,None,MeOH,6-OTf-Q|boronic-acid|dtbpf|None|MeOH
well_43456791ed98acd8,6-I-Q,trifluoroborate,dtbpf,LiOtBu,THF,6-I-Q|trifluoroborate|dtbpf|LiOtBu|THF
well_434d634d5b63ce1c,6-I-Q,trifluoroborate,P(Cy)3,LiOtBu,DMF,6-I-Q|trifluoroborate|P(Cy)3|LiOtBu|DMF
well_435d48db0d06aa75,6-OTf-Q,trifluoroborate,XPhos,CsF,DMF,6-OTf-Q|trifluoroborate|XPhos|CsF|DMF
well_4384865470a7e20a,6-OTf-Q,trifluoroborate,P(tBu)3,K3PO4,MeCN,6-OTf-Q|trifluoroborate|P(tBu)3|K3PO4|MeCN
well_43aa1208da63275e,6-Br-Q,boronic-ester,XPhos,KOH,THF,6-Br-Q|boronic-ester|XPhos|KOH|THF
well_43d3a3a5e4c5e92b,6-OTf-Q,boronic-acid,Xantphos,KOH,MeOH,6-OTf-Q|boronic-acid|Xantphos|KOH|MeOH
well_44359bf86f0f6378,6-OTf-Q,boronic-acid,CataCXium A,NaHCO3,THF,6-OTf-Q|boronic-acid|CataCXium A|NaHCO3|THF
well_44362451954d04ee,6-I-Q,boronic-ester,SPhos,LiOtBu,MeOH,6-I-Q|boronic-ester|SPhos|LiOtBu|MeOH
well_4474991e12089b04,6-I-Q,boronic-ester,P(Ph)3,None,THF,6-I-Q|boronic-ester|P(Ph)3|None|THF
well_4488dc307a0c149a,6-OTf-Q,trifluoroborate,SPhos,K3PO4,MeOH,6-OTf-Q|trifluoroborate|SPhos|K3PO4|MeOH
well_44a05f04e7290594,6-Br-Q,boronic-acid,dppf,CsF,MeOH,6-Br-Q|boronic-acid|dppf|CsF|MeOH
well_44a328bda2e8746e,6-BOH2-Q,aryl-bromide,dtbpf,NaHCO3,DMF,6-BOH2-Q|aryl-bromide|dtbpf|NaHCO3|DMF
well_44c4f815ba008b7d,6-BPin-Q,aryl-bromide,P(tBu)3,KOH,MeOH,6-BPin-Q|aryl-bromide|P(tBu)3|KOH|MeOH
well_44e8ba1c778feb88,6-Br-Q,trifluoroborate,Xantphos,Et3N,MeCN,6-Br-Q|trifluoroborate|Xantphos|Et3N|MeCN
well_44f14642c7b197e4,6-BF3K-Q,aryl-bromide,dtbpf,NaOH,THF,6-BF3K-Q|aryl-bromide|dtbpf|NaOH|THF
well_44f5c4a5f3798746,6-Br-Q,trifluoroborate,dppf,CsF,MeOH,6-Br-Q|trifluoroborate|dppf|CsF|MeOH
well_450189cd488489a2,6-BPin-Q,aryl-bromide,P(o-Tol)3,K3PO4,DMF,6-BPin-Q|aryl-bromide|P(o-Tol)3|K3PO4|DMF
well_452a43f6a22013ee,6-OTf-Q,boronic-acid,dppf,KOH,MeOH,6-OTf-Q|boronic-acid|dppf|KOH|MeOH
well_457db3dd5c440a15,6-OTf-Q,boronic-ester,Xantphos,NaOH,MeCN,6-OTf-Q|boronic-ester|Xantphos|NaOH|MeCN
well_4591937bc01f7db3,6-OTf-Q,trifluoroborate,XPhos,NaHCO3,THF,6-OTf-Q|trifluoroborate|XPhos|NaHCO3|THF
well_459685680f78837d,6-Br-Q,boronic-ester,P(o-Tol)3,LiOtBu,MeCN,6-Br-Q|boronic-ester|P(o-Tol)3|LiOtBu|MeCN
well_45aec09250de43e5,6-I-Q,boronic-ester,XPhos,CsF,DMF,6-I-Q|boronic-ester|XPhos|CsF|DMF
well_45af6d98d2a0fa04,6-BPin-Q,aryl-bromide,P(Cy)3,Et3N,MeOH,6-BPin-Q|aryl-bromide|P(Cy)3|Et3N|MeOH
well_45b6b613ee492e59,6-OTf-Q,boronic-ester,None,LiOtBu,MeCN,6-OTf-Q|boronic-ester|None|LiOtBu|MeCN
well_45b9a9e0202f708a,6-I-Q,trifluoroborate,dtbpf,None,THF,6-I-Q|trifluoroborate|dtbpf|None|THF
well_45d4cd9d8f29c013,6-I-Q,trifluoroborate,P(Cy)3,KOH,DMF,6-I-Q|trifluoroborate|P(Cy)3|KOH|DMF
well_462d07073a34c5bf,6-BF3K-Q,aryl-bromide,Xantphos,LiOtBu,MeOH,6-BF3K-Q|aryl-bromide|Xantphos|LiOtBu|MeOH
well_465c3a2b160363d5,6-OTf-Q,boronic-acid,XPhos,LiOtBu,MeOH,6-OTf-Q|boronic-acid|XPhos|LiOtBu|MeOH
well_468903428820917e,6-Br-Q,trifluoroborate,dppf,Et3N,THF,6-Br-Q|trifluoroborate|dppf|Et3N|THF
well_46a56175d8ba1daa,6-Br-Q,trifluoroborate,P(Cy)3,NaHCO3,MeOH,6-Br-Q|trifluoroborate|P(Cy)3|NaHCO3|MeOH
well_46acc244eb97fd23,6-OTf-Q,boronic-acid,CataCXium A,Et3N,MeCN,6-OTf-Q|boronic-acid|CataCXium A|Et3N|MeCN
well_46c39ccfb668a98a,6-I-Q,boronic-ester,P(tBu)3,KOH,MeOH,6-I-Q|boronic-ester|P(tBu)3|KOH|MeOH
well_46c80dcc629a4ad6,6-I-Q,boronic-acid,None,LiOtBu,DMF,6-I-Q|boronic-acid|None|LiOtBu|DMF
well_46f87753988ed793,6-Br-Q,boronic-ester,AmPhos,NaHCO3,THF,6-Br-Q|boronic-ester|AmPhos|NaHCO3|THF
well_46f9af7f77b1fb1e,6-OTf-Q,boronic-acid,AmPhos,None,MeOH,6-OTf-Q|boronic-acid|AmPhos|None|MeOH
well_46fbf16600f61a99,6-BF3K-Q,aryl-bromide,Xantphos,CsF,THF,6-BF3K-Q|aryl-bromide|Xantphos|CsF|THF
well_46fe38c358c1151c,6-OTf-Q,boronic-ester,CataCXium A,LiOtBu,THF,6-OTf-Q|boronic-ester|CataCXium A|LiOtBu|THF
well_46ff6a7befe15c22,6-Br-Q,boronic-acid,P(tBu)3,NaOH,THF,6-Br-Q|boronic-acid|P(tBu)3|NaOH|THF
well_47247b9bb04cb3a3,6-I-Q,boronic-acid,XPhos,KOH,DMF,6-I-Q|boronic-acid|XPhos|KOH|DMF
well_473f724ff07d33ad,6-Br-Q,trifluoroborate,P(tBu)3,LiOtBu,MeCN,6-Br-Q|trifluoroborate|P(tBu)3|LiOtBu|MeCN
well_474cd90d2e2ecdac,6-I-Q,boronic-ester,AmPhos,Et3N,DMF,6-I-Q|boronic-ester|AmPhos|Et3N|DMF
well_476f411ecac14991,6-BF3K-Q,aryl-bromide,SPhos,K3PO4,THF,6-BF3K-Q|aryl-bromide|SPhos|K3PO4|THF
well_4777ae2d4ecf29fb,6-Br-Q,trifluoroborate,dppf,CsF,THF,6-Br-Q|trifluoroborate|dppf|CsF|THF
well_47b9834506945006,6-BOH2-Q,aryl-bromide,P(Cy)3,Et3N,MeOH-H2O-v2,6-BOH2-Q|aryl-bromide|P(Cy)3|Et3N|MeOH-H2O-v2
well_47c3e76ddcc3c516,6-Br-Q,trifluoroborate,CataCXium A,Et3N,MeOH,6-Br-Q|trifluoroborate|CataCXium A|Et3N|MeOH
well_47c8d0376407af61,6-BOH2-Q,aryl-bromide,SPhos,K3PO4,DMF,6-BOH2-Q|aryl-bromide|SPhos|K3PO4|DMF
well_47ca5ead5ac1e663,6-OTf-Q,trifluoroborate,AmPhos,Et3N,DMF,6-OTf-Q|trifluoroborate|AmPhos|Et3N|DMF
well_47dec38161b401cd,6-Br-Q,trifluoroborate,SPhos,Et3N,THF,6-Br-Q|trifluoroborate|SPhos|Et3N|THF
well_47e87de155ef101a,6-Br-Q,trifluoroborate,AmPhos,K3PO4,MeOH,6-Br-Q|trifluoroborate|AmPhos|K3PO4|MeOH
well_47fe29fd89210b6c,6-Br-Q,boronic-acid,Xantphos,NaHCO3,MeOH,6-Br-Q|boronic-acid|Xantphos|NaHCO3|MeOH
well_4822b8a81268087e,6-BF3K-Q,aryl-bromide,P(Cy)3,LiOtBu,MeOH,6-BF3K-Q|aryl-bromide|P(Cy)3|LiOtBu|MeOH
well_48552d684c71f3f8,6-Br-Q,boronic-ester,P(Cy)3,K3PO4,THF,6-Br-Q|boronic-ester|P(Cy)3|K3PO4|THF
well_4856e0f304f1fe6d,6-OTf-Q,trifluoroborate,None,Et3N,THF,6-OTf-Q|trifluoroborate|None|Et3N|THF
well_488191fb02be07ea,6-BF3K-Q,aryl-bromide,P(tBu)3,K3PO4,THF,6-BF3K-Q|aryl-bromide|P(tBu)3|K3PO4|THF
well_48896e36e14b6360,6-Br-Q,trifluoroborate,P(Ph)3,None,THF,6-Br-Q|trifluoroborate|P(Ph)3|None|THF
well_48a2628583c14a30,6-Br-Q,trifluoroborate,P(tBu)3,KOH,DMF,6-Br-Q|trifluoroborate|P(tBu)3|KOH|DMF
well_48c89193bfe763a8,6-BOH2-Q,aryl-bromide,CataCXium A,Et3N,THF-v2,6-BOH2-Q|aryl-bromide|CataCXium A|Et3N|THF-v2
well_48dd29decf5a76ab,6-I-Q,boronic-ester,P(Ph)3,KOH,DMF,6-I-Q|boronic-ester|P(Ph)3|KOH|DMF
well_48ed00c8c4cbf7c0,6-I-Q,boronic-ester,P(tBu)3,NaHCO3,THF,6-I-Q|boronic-ester|P(tBu)3|NaHCO3|THF
well_49070ea4401e4dba,6-BPin-Q,aryl-bromide,None,KOH,MeCN,6-BPin-Q|aryl-bromide|None|KOH|MeCN
well_490872e17e379e65,6-BOH2-Q,aryl-bromide,Xantphos,NaOH,MeOH-H2O-v2,6-BOH2-Q|aryl-bromide|Xantphos|NaOH|MeOH-H2O-v2
well_491ead1a58c7a7e5,6-Br-Q,trifluoroborate,CataCXium A,K3PO4,THF,6-Br-Q|trifluoroborate|CataCXium A|K3PO4|THF
well_492128873ab2e139,6-Br-Q,boronic-ester,Xantphos,K3PO4,DMF,6-Br-Q|boronic-ester|Xantphos|K3PO4|DMF
well_49213b1a232e1baf,6-I-Q,trifluoroborate,AmPhos,LiOtBu,THF,6-I-Q|trifluoroborate|AmPhos|LiOtBu|THF
well_4923645e45f3cac9,6-OTf-Q,trifluoroborate,Xantphos,K3PO4,DMF,6-OTf-Q|trifluoroborate|Xantphos|K3PO4|DMF
well_4938dfac10e4c640,6-I-Q,boronic-acid,dppf,LiOtBu,MeCN,6-I-Q|boronic-acid|dppf|LiOtBu|MeCN
well_493ce6bdaf00021d,6-I-Q,boronic-ester,None,NaOH,MeOH,6-I-Q|boronic-ester|None|NaOH|MeOH
well_4940b118dca9c6b4,6-BOH2-Q,aryl-bromide,P(tBu)3,None,DMF,6-BOH2-Q|aryl-bromide|P(tBu)3|None|DMF
well_499a408e3a4c172d,6-Br-Q,boronic-ester,P(tBu)3,Et3N,THF,6-Br-Q|boronic-ester|P(tBu)3|Et3N|THF
well_49a0a8d1bbda05c4,6-Br-Q,boronic-ester,SPhos,K3PO4,DMF,6-Br-Q|boronic-ester|SPhos|K3PO4|DMF
well_49ba27b58aff8d52,6-I-Q,boronic-acid,CataCXium A,KOH,DMF,6-I-Q|boronic-acid|CataCXium A|KOH|DMF
well_49c4a7008bc49104,6-Br-Q,boronic-acid,dtbpf,LiOtBu,THF,6-Br-Q|boronic-acid|dtbpf|LiOtBu|THF
well_49d06dca0dc5465a,6-I-Q,boronic-ester,dppf,Et3N,MeCN,6-I-Q|boronic-ester|dppf|Et3N|MeCN
well_4a0c5a1d07072f9a,6-BOH2-Q,aryl-bromide,Xantphos,NaHCO3,THF-v2,6-BOH2-Q|aryl-bromide|Xantphos|NaHCO3|THF-v2
well_4a18ac2ead922f4f,6-OTf-Q,boronic-ester,P(tBu)3,KOH,MeOH,6-OTf-Q|boronic-ester|P(tBu)3|KOH|MeOH
well_4a1d705e602613a4,6-BOH2-Q,aryl-bromide,dppf,CsF,MeCN,6-BOH2-Q|aryl-bromide|dppf|CsF|MeCN
well_4a600ace750badc7,6-OTf-Q,boronic-ester,dppf,K3PO4,MeOH,6-OTf-Q|boronic-ester|dppf|K3PO4|MeOH
well_4a7fa844f8e7d3ca,6-OTf-Q,boronic-acid,None,LiOtBu,THF,6-OTf-Q|boronic-acid|None|LiOtBu|THF
well_4a89bcb510cdbb6f,6-OTf-Q,trifluoroborate,XPhos,LiOtBu,DMF,6-OTf-Q|trifluoroborate|XPhos|LiOtBu|DMF
well_4aae01a87b60451e,6-BF3K-Q,aryl-bromide,AmPhos,None,MeOH,6-BF3K-Q|aryl-bromide|AmPhos|None|MeOH
well_4adf96ea05e2d28b,6-I-Q,boronic-ester,P(Ph)3,NaHCO3,DMF,6-I-Q|boronic-ester|P(Ph)3|NaHCO3|DMF
well_4b0d3c2fb8424dbe,6-BOH2-Q,aryl-bromide,CataCXium A,LiOtBu,MeCN,6-BOH2-Q|aryl-bromide|CataCXium A|LiOtBu|MeCN
well_4b2639dc6a8518d5,6-BOH2-Q,aryl-bromide,P(Ph)3,None,MeOH-H2O-v2,6-BOH2-Q|aryl-bromide|P(Ph)3|None|MeOH-H2O-v2
well_4b3034a591bd5374,6-Br-Q,trifluoroborate,CataCXium A,NaOH,DMF,6-Br-Q|trifluoroborate|CataCXium A|NaOH|DMF
well_4b37c293b5338f45,6-Br-Q,trifluoroborate,P(Ph)3,NaHCO3,THF,6-Br-Q|trifluoroborate|P(Ph)3|NaHCO3|THF
well_4b420c402e633d81,6-I-Q,boronic-ester,CataCXium A,None,THF,6-I-Q|boronic-ester|CataCXium A|None|THF
well_4b44323217f80ddb,6-Br-Q,boronic-acid,dppf,Et3N,THF,6-Br-Q|boronic-acid|dppf|Et3N|THF
well_4b50498adf630345,6-I-Q,boronic-acid,P(Ph)3,None,DMF,6-I-Q|boronic-acid|P(Ph)3|None|DMF
well_4b5ed4290ce92447,6-I-Q,boronic-ester,AmPhos,Et3N,MeOH,6-I-Q|boronic-ester|AmPhos|Et3N|MeOH
well_4b88120a010dbcb8,6-I-Q,trifluoroborate,P(o-Tol)3,CsF,MeCN,6-I-Q|trifluoroborate|P(o-Tol)3|CsF|MeCN
well_4b95a82198a9e123,6-Br-Q,boronic-acid,AmPhos,KOH,THF,6-Br-Q|boronic-acid|AmPhos|KOH|THF
well_4ba2ab23291d83b7,6-I-Q,trifluoroborate,dppf,CsF,MeOH,6-I-Q|trifluoroborate|dppf|CsF|MeOH
well_4bd49f12b4d51105,6-Br-Q,boronic-ester,P(Ph)3,CsF,MeCN,6-Br-Q|boronic-ester|P(Ph)3|CsF|MeCN
well_4bf293b73f403ec1,6-OTf-Q,boronic-acid,SPhos,LiOtBu,THF,6-OTf-Q|boronic-acid|SPhos|LiOtBu|THF
well_4bf4b38a453440f7,6-BF3K-Q,aryl-bromide,P(Cy)3,K3PO4,DMF,6-BF3K-Q|aryl-bromide|P(Cy)3|K3PO4|DMF
well_4c035ee57cd895ae,6-BOH2-Q,aryl-bromide,P(Ph)3,NaHCO3,DMF,6-BOH2-Q|aryl-bromide|P(Ph)3|NaHCO3|DMF
well_4c1d945836702545,6-OTf-Q,boronic-acid,CataCXium A,NaOH,DMF,6-OTf-Q|boronic-acid|CataCXium A|NaOH|DMF
well_4c62bc1896b39fab,6-BF3K-Q,aryl-bromide,dppf,K3PO4,MeCN,6-BF3K-Q|aryl-bromide|dppf|K3PO4|MeCN
well_4c632e2b308d8000,6-OTf-Q,trifluoroborate,XPhos,K3PO4,MeOH,6-OTf-Q|trifluoroborate|XPhos|K3PO4|MeOH
well_4c66082b49103764,6-BF3K-Q,aryl-bromide,P(Ph)3,KOH,THF,6-BF3K-Q|aryl-bromide|P(Ph)3|KOH|THF
well_4c6771d4bac00fd6,6-BF3K-Q,aryl-bromide,P(Cy)3,K3PO4,THF,6-BF3K-Q|aryl-bromide|P(Cy)3|K3PO4|THF
well_4c74d2d20e141e87,6-OTf-Q,boronic-ester,None,Et3N,MeCN,6-OTf-Q|boronic-ester|None|Et3N|MeCN
well_4c791f3f0cc73693,6-BF3K-Q,aryl-bromide,XPhos,None,DMF,6-BF3K-Q|aryl-bromide|XPhos|None|DMF
well_4c84ec71b7b26d62,6-OTf-Q,boronic-acid,SPhos,NaHCO3,DMF,6-OTf-Q|boronic-acid|SPhos|NaHCO3|DMF
well_4c8e4aac00c0cbf8,6-I-Q,trifluoroborate,XPhos,KOH,DMF,6-I-Q|trifluoroborate|XPhos|KOH|DMF
well_4c9e722cd0f07ff1,6-BPin-Q,aryl-bromide,XPhos,None,MeOH,6-BPin-Q|aryl-bromide|XPhos|None|MeOH
well_4ca9b2b5faed2028,6-OTf-Q,boronic-ester,AmPhos,NaHCO3,DMF,6-OTf-Q|boronic-ester|AmPhos|NaHCO3|DMF
well_4cae94faab62f406,6-I-Q,boronic-acid,Xantphos,NaHCO3,THF,6-I-Q|boronic-acid|Xantphos|NaHCO3|THF
well_4cbfdf063ede1ade,6-BF3K-Q,aryl-bromide,P(tBu)3,Et3N,MeCN,6-BF3K-Q|aryl-bromide|P(tBu)3|Et3N|MeCN
well_4cdf442e247e80ac,6-Br-Q,trifluoroborate,XPhos,NaHCO3,MeOH,6-Br-Q|trifluoroborate|XPhos|NaHCO3|MeOH
well_4d091ee7166a7a08,6-BPin-Q,aryl-bromide,dppf,NaOH,DMF,6-BPin-Q|aryl-bromide|dppf|NaOH|DMF
well_4d1d3087e2dbaace,6-I-Q,boronic-acid,SPhos,CsF,MeOH,6-I-Q|boronic-acid|SPhos|CsF|MeOH
well_4d1ddbded998fcba,6-I-Q,boronic-ester,dtbpf,CsF,THF,6-I-Q|boronic-ester|dtbpf|CsF|THF
well_4d2967deb2796f4f,6-Br-Q,boronic-acid,Xantphos,CsF,MeOH,6-Br-Q|boronic-acid|Xantphos|CsF|MeOH
well_4d4dc8ad1b3d9cb0,6-OTf-Q,boronic-ester,dppf,Et3N,DMF,6-OTf-Q|boronic-ester|dppf|Et3N|DMF
well_4d804950a7a19cff,6-Br-Q,boronic-acid,dppf,LiOtBu,MeCN,6-Br-Q|boronic-acid|dppf|LiOtBu|MeCN
well_4d828aa6818940b8,6-Br-Q,trifluoroborate,Xantphos,LiOtBu,MeCN,6-Br-Q|trifluoroborate|Xantphos|LiOtBu|MeCN
well_4d83652e5330d69d,6-OTf-Q,trifluoroborate,AmPhos,NaOH,DMF,6-OTf-Q|trifluoroborate|AmPhos|NaOH|DMF
well_4d8408bce01b0c29,6-OTf-Q,boronic-ester,dtbpf,CsF,DMF,6-OTf-Q|boronic-ester|dtbpf|CsF|DMF
well_4d99b9f8699a2010,6-I-Q,boronic-ester,SPhos,NaHCO3,MeCN,6-I-Q|boronic-ester|SPhos|NaHCO3|MeCN
well_4da19775211dd72f,6-BPin-Q,aryl-bromide,dtbpf,LiOtBu,MeOH,6-BPin-Q|aryl-bromide|dtbpf|LiOtBu|MeOH
well_4da946ce46520551,6-Br-Q,boronic-ester,P(Cy)3,LiOtBu,MeOH,6-Br-Q|boronic-ester|P(Cy)3|LiOtBu|MeOH
well_4dc9ef30a3ef0ffd,6-OTf-Q,boronic-acid,XPhos,NaOH,MeCN,6-OTf-Q|boronic-acid|XPhos|NaOH|MeCN
well_4dd47eaccebd28cc,6-Br-Q,boronic-ester,CataCXium A,KOH,MeOH,6-Br-Q|boronic-ester|CataCXium A|KOH|MeOH
well_4e079c3302185f93,6-OTf-Q,boronic-ester,CataCXium A,K3PO4,MeCN,6-OTf-Q|boronic-ester|CataCXium A|K3PO4|MeCN
well_4e0cfdc5d020db6b,6-OTf-Q,trifluoroborate,P(o-Tol)3,None,MeOH,6-OTf-Q|trifluoroborate|P(o-Tol)3|None|MeOH
well_4e133a33a1bdfbde,6-BOH2-Q,aryl-bromide,P(tBu)3,LiOtBu,MeCN,6-BOH2-Q|aryl-bromide|P(tBu)3|LiOtBu|MeCN
well_4e1858ae24d5983b,6-Br-Q,trifluoroborate,dtbpf,None,DMF,6-Br-Q|trifluoroborate|dtbpf|None|DMF
well_4e3ae0da76e91688,6-Br-Q,trifluoroborate,CataCXium A,K3PO4,MeOH,6-Br-Q|trifluoroborate|CataCXium A|K3PO4|MeOH
well_4e4c97d67e8848b0,6-I-Q,boronic-acid,dppf,Et3N,THF,6-I-Q|boronic-acid|dppf|Et3N|THF
well_4e5c2e3c7e7698cc,6-OTf-Q,trifluoroborate,None,KOH,MeOH,6-OTf-Q|trifluoroborate|None|KOH|MeOH
well_4e70d3e610022c58,6-Br-Q,trifluoroborate,Xantphos,K3PO4,MeCN,6-Br-Q|trifluoroborate|Xantphos|K3PO4|MeCN
well_4e78ed46fc284300,6-I-Q,boronic-ester,P(tBu)3,CsF,THF,6-I-Q|boronic-ester|P(tBu)3|CsF|THF
well_4e9f4104a1a23de9,6-OTf-Q,boronic-acid,P(Ph)3,NaOH,THF,6-OTf-Q|boronic-acid|P(Ph)3|NaOH|THF
well_4ea6f5c6bdc82ab8,6-BPin-Q,aryl-bromide,dppf,LiOtBu,THF,6-BPin-Q|aryl-bromide|dppf|LiOtBu|THF
well_4eb282f712ce4754,6-BF3K-Q,aryl-bromide,P(Cy)3,KOH,DMF,6-BF3K-Q|aryl-bromide|P(Cy)3|KOH|DMF
well_4eb882b0d165c2d8,6-I-Q,trifluoroborate,P(Ph)3,Et3N,MeCN,6-I-Q|trifluoroborate|P(Ph)3|Et3N|MeCN
well_4ec87e7ef0ecff7b,6-I-Q,boronic-acid,dppf,CsF,MeCN,6-I-Q|boronic-acid|dppf|CsF|MeCN
well_4ed854a581ffb9a5,6-OTf-Q,boronic-ester,None,NaHCO3,THF,6-OTf-Q|boronic-ester|None|NaHCO3|THF
well_4eeccbe04019c0c7,6-Br-Q,boronic-ester,Xantphos,NaHCO3,MeCN,6-Br-Q|boronic-ester|Xantphos|NaHCO3|MeCN
well_4ef295f245b1f381,6-Br-Q,trifluoroborate,P(tBu)3,K3PO4,THF,6-Br-Q|trifluoroborate|P(tBu)3|K3PO4|THF
well_4f25be1dac80a900,6-I-Q,boronic-acid,CataCXium A,K3PO4,MeOH,6-I-Q|boronic-acid|CataCXium A|K3PO4|MeOH
well_4f2ec6ba628f619a,6-BPin-Q,aryl-bromide,P(Cy)3,Et3N,THF,6-BPin-Q|aryl-bromide|P(Cy)3|Et3N|THF
well_4f338d0dbfca93a5,6-OTf-Q,boronic-ester,P(Cy)3,LiOtBu,MeOH,6-OTf-Q|boronic-ester|P(Cy)3|LiOtBu|MeOH
well_4f5d61233d088621,6-BOH2-Q,aryl-bromide,P(Ph)3,NaOH,MeCN,6-BOH2-Q|aryl-bromide|P(Ph)3|NaOH|MeCN
well_4f97c41565e118e0,6-OTf-Q,boronic-ester,None,CsF,THF,6-OTf-Q|boronic-ester|None|CsF|THF
well_4fa21c54f426e645,6-BF3K-Q,aryl-bromide,Xantphos,NaHCO3,MeOH,6-BF3K-Q|aryl-bromide|Xantphos|NaHCO3|MeOH
well_4fc47aaad500772f,6-I-Q,boronic-acid,XPhos,KOH,MeCN,6-I-Q|boronic-acid|XPhos|KOH|MeCN
well_4fcd6fcc08ec5f29,6-I-Q,boronic-ester,XPhos,KOH,DMF,6-I-Q|boronic-ester|XPhos|KOH|DMF
well_50284abd3d4b0874,6-OTf-Q,boronic-acid,AmPhos,NaOH,DMF,6-OTf-Q|boronic-acid|AmPhos|NaOH|DMF
well_5036009b3d70e73d,6-BF3K-Q,aryl-bromide,Xantphos,None,MeCN,6-BF3K-Q|aryl-bromide|Xantphos|None|MeCN
well_504d96ba630aa64a,6-Br-Q,trifluoroborate,dtbpf,LiOtBu,THF,6-Br-Q|trifluoroborate|dtbpf|LiOtBu|THF
well_5067ad3daa11e802,6-I-Q,boronic-acid,None,K3PO4,MeOH,6-I-Q|boronic-acid|None|K3PO4|MeOH
well_507174052d4f2abe,6-OTf-Q,boronic-ester,P(tBu)3,NaHCO3,THF,6-OTf-Q|boronic-ester|P(tBu)3|NaHCO3|THF
well_50927ef939c1d81b,6-BOH2-Q,aryl-bromide,AmPhos,NaOH,DMF,6-BOH2-Q|aryl-bromide|AmPhos|NaOH|DMF
well_50bdfb3db5fe83df,6-BOH2-Q,aryl-bromide,CataCXium A,None,THF-v2,6-BOH2-Q|aryl-bromide|CataCXium A|None|THF-v2
well_5116476d07349550,6-I-Q,boronic-ester,None,NaHCO3,DMF,6-I-Q|boronic-ester|None|NaHCO3|DMF
well_511660f308c08c85,6-BPin-Q,aryl-bromide,P(tBu)3,Et3N,THF,6-BPin-Q|aryl-bromide|P(tBu)3|Et3N|THF
well_51266a31d15b94e9,6-OTf-Q,boronic-ester,XPhos,LiOtBu,THF,6-OTf-Q|boronic-ester|XPhos|LiOtBu|THF
well_513c1a9261fde80e,6-I-Q,trifluoroborate,dtbpf,NaOH,THF,6-I-Q|trifluoroborate|dtbpf|NaOH|THF
well_513f7fea1c9bc384,6-BF3K-Q,aryl-bromide,P(tBu)3,NaHCO3,MeOH,6-BF3K-Q|aryl-bromide|P(tBu)3|NaHCO3|MeOH
well_5145d6003768483f,6-OTf-Q,trifluoroborate,None,LiOtBu,DMF,6-OTf-Q|trifluoroborate|None|LiOtBu|DMF
well_51682b6586274c62,6-OTf-Q,boronic-ester,dtbpf,None,MeOH,6-OTf-Q|boronic-ester|dtbpf|None|MeOH
well_516de5a5281615ff,6-I-Q,trifluoroborate,dtbpf,K3PO4,MeCN,6-I-Q|trifluoroborate|dtbpf|K3PO4|MeCN
well_518f0aa681be7513,6-BPin-Q,aryl-bromide,CataCXium A,K3PO4,DMF,6-BPin-Q|aryl-bromide|CataCXium A|K3PO4|DMF
well_5191727882351802,6-OTf-Q,boronic-ester,dppf,KOH,DMF,6-OTf-Q|boronic-ester|dppf|KOH|DMF
well_5191987511c92838,6-Br-Q,boronic-acid,None,NaOH,THF,6-Br-Q|boronic-acid|None|NaOH|THF
well_51ac525c53e5861c,6-I-Q,trifluoroborate,None,KOH,THF,6-I-Q|trifluoroborate|None|KOH|THF
well_51b00e5f0f934c39,6-I-Q,trifluoroborate,AmPhos,NaHCO3,DMF,6-I-Q|trifluoroborate|AmPhos|NaHCO3|DMF
well_51b78b38a9e38500,6-OTf-Q,trifluoroborate,P(Ph)3,NaHCO3,MeOH,6-OTf-Q|trifluoroborate|P(Ph)3|NaHCO3|MeOH
well_51b8c37e2cce48d2,6-BPin-Q,aryl-bromide,P(tBu)3,LiOtBu,DMF,6-BPin-Q|aryl-bromide|P(tBu)3|LiOtBu|DMF
well_51e997fcc96bb8c5,6-BPin-Q,aryl-bromide,P(Ph)3,CsF,THF,6-BPin-Q|aryl-bromide|P(Ph)3|CsF|THF
well_522d0ba3a5f2f4fa,6-BPin-Q,aryl-bromide,dppf,KOH,THF,6-BPin-Q|aryl-bromide|dppf|KOH|THF
well_52713e62b400245d,6-OTf-Q,boronic-acid,P(Cy)3,LiOtBu,MeCN,6-OTf-Q|boronic-acid|P(Cy)3|LiOtBu|MeCN
well_527787da78083aed,6-Br-Q,trifluoroborate,P(Cy)3,KOH,MeCN,6-Br-Q|trifluoroborate|P(Cy)3|KOH|MeCN
well_5288652aa01d1f7e,6-I-Q,boronic-ester,P(Cy)3,CsF,THF,6-I-Q|boronic-ester|P(Cy)3|CsF|THF
well_52b83431e13837fe,6-BPin-Q,aryl-bromide,XPhos,LiOtBu,THF,6-BPin-Q|aryl-bromide|XPhos|LiOtBu|THF
well_5303dbf09ba406aa,6-Br-Q,boronic-acid,SPhos,None,MeOH,6-Br-Q|boronic-acid|SPhos|None|MeOH
well_53184266b1dc57db,6-I-Q,boronic-ester,Xantphos,KOH,DMF,6-I-Q|boronic-ester|Xantphos|KOH|DMF
well_53185bfc2d143253,6-Br-Q,trifluoroborate,dtbpf,Et3N,MeCN,6-Br-Q|trifluoroborate|dtbpf|Et3N|MeCN
well_5318e931d89410bb,6-OTf-Q,boronic-acid,Xantphos,CsF,DMF,6-OTf-Q|boronic-acid|Xantphos|CsF|DMF
well_532fef9b6c0299ca,6-Br-Q,trifluoroborate,P(o-Tol)3,NaOH,THF,6-Br-Q|trifluoroborate|P(o-Tol)3|NaOH|THF
well_535552450c27f8cf,6-BOH2-Q,aryl-bromide,Xantphos,NaOH,THF-v2,6-BOH2-Q|aryl-bromide|Xantphos|NaOH|THF-v2
well_5394db9de948f3e2,6-Br-Q,trifluoroborate,P(Cy)3,NaHCO3,THF,6-Br-Q|trifluoroborate|P(Cy)3|NaHCO3|THF
well_53c88a2e017101f0,6-Br-Q,trifluoroborate,dtbpf,LiOtBu,MeOH,6-Br-Q|trifluoroborate|dtbpf|LiOtBu|MeOH
well_53cd11fd3a4b3fe7,6-Br-Q,boronic-ester,XPhos,None,MeCN,6-Br-Q|boronic-ester|XPhos|None|MeCN
well_53eb070f3a4aeff8,6-Br-Q,boronic-ester,CataCXium A,K3PO4,MeOH,6-Br-Q|boronic-ester|CataCXium A|K3PO4|MeOH
well_53fba8056750000e,6-OTf-Q,trifluoroborate,SPhos,LiOtBu,THF,6-OTf-Q|trifluoroborate|SPhos|LiOtBu|THF
well_5409e6f5cd9c8a56,6-Br-Q,trifluoroborate,XPhos,NaHCO3,DMF,6-Br-Q|trifluoroborate|XPhos|NaHCO3|DMF
well_5484e72f9b60a42d,6-OTf-Q,boronic-ester,XPhos,None,MeCN,6-OTf-Q|boronic-ester|XPhos|None|MeCN
well_5499c2d7c1c15836,6-Br-Q,boronic-acid,dtbpf,LiOtBu,MeOH,6-Br-Q|boronic-acid|dtbpf|LiOtBu|MeOH
well_549c0fbc19cece0c,6-Br-Q,boronic-acid,SPhos,NaHCO3,THF,6-Br-Q|boronic-acid|SPhos|NaHCO3|THF
well_54d784889f3ec542,6-Br-Q,trifluoroborate,P(Ph)3,NaOH,DMF,6-Br-Q|trifluoroborate|P(Ph)3|NaOH|DMF
well_54f274af851326b7,6-I-Q,boronic-ester,dppf,K3PO4,THF,6-I-Q|boronic-ester|dppf|K3PO4|THF
well_54f896e9d9e84f88,6-I-Q,boronic-acid,AmPhos,Et3N,MeOH,6-I-Q|boronic-acid|AmPhos|Et3N|MeOH
well_550ebc438f2b9f6c,6-OTf-Q,boronic-acid,XPhos,NaHCO3,MeCN,6-OTf-Q|boronic-acid|XPhos|NaHCO3|MeCN
well_5512ba28fe79c4c1,6-BF3K-Q,aryl-bromide,None,NaHCO3,MeOH,6-BF3K-Q|aryl-bromide|None|NaHCO3|MeOH
well_5546289d01ca13be,6-Br-Q,boronic-acid,P(o-Tol)3,NaHCO3,DMF,6-Br-Q|boronic-acid|P(o-Tol)3|NaHCO3|DMF
well_557fd42bf4c5560d,6-Br-Q,boronic-acid,XPhos,KOH,THF,6-Br-Q|boronic-acid|XPhos|KOH|THF
well_55d5eb016649ac41,6-Br-Q,boronic-ester,CataCXium A,KOH,MeCN,6-Br-Q|boronic-ester|CataCXium A|KOH|MeCN
well_55f5aac11eae3a89,6-Br-Q,boronic-acid,dtbpf,LiOtBu,MeCN,6-Br-Q|boronic-acid|dtbpf|LiOtBu|MeCN
well_55f6cc0edc9a0cf0,6-Br-Q,boronic-ester,CataCXium A,K3PO4,THF,6-Br-Q|boronic-ester|CataCXium A|K3PO4|THF
well_55fd8f80de23990e,6-Br-Q,boronic-ester,P(Cy)3,LiOtBu,MeCN,6-Br-Q|boronic-ester|P(Cy)3|LiOtBu|MeCN
well_5600003b61e7a80a,6-I-Q,boronic-acid,None,NaHCO3,MeCN,6-I-Q|boronic-acid|None|NaHCO3|MeCN
well_560e801004235aba,6-OTf-Q,boronic-ester,Xantphos,None,MeOH,6-OTf-Q|boronic-ester|Xantphos|None|MeOH
well_5610b954abe39f73,6-OTf-Q,trifluoroborate,dtbpf,K3PO4,MeOH,6-OTf-Q|trifluoroborate|dtbpf|K3PO4|MeOH
well_5630d0217e138006,6-BOH2-Q,aryl-bromide,CataCXium A,NaHCO3,MeCN,6-BOH2-Q|aryl-bromide|CataCXium A|NaHCO3|MeCN
well_565fbfc9e64429d9,6-BF3K-Q,aryl-bromide,P(tBu)3,NaOH,DMF,6-BF3K-Q|aryl-bromide|P(tBu)3|NaOH|DMF
well_5661230f78eee7f0,6-I-Q,boronic-acid,None,None,MeCN,6-I-Q|boronic-acid|None|None|MeCN
well_56829c73e2b1afbd,6-I-Q,trifluoroborate,SPhos,NaHCO3,THF,6-I-Q|trifluoroborate|SPhos|NaHCO3|THF
well_56863a6f6dc3f9c4,6-BOH2-Q,aryl-bromide,P(Ph)3,None,THF-v2,6-BOH2-Q|aryl-bromide|P(Ph)3|None|THF-v2
well_568919cb67934980,6-I-Q,boronic-ester,P(Cy)3,CsF,MeOH,6-I-Q|boronic-ester|P(Cy)3|CsF|MeOH
well_56cfe9c71587c263,6-BF3K-Q,aryl-bromide,Xantphos,NaOH,DMF,6-BF3K-Q|aryl-bromide|Xantphos|NaOH|DMF
well_56e5dff731a2d516,6-Br-Q,boronic-ester,P(Ph)3,KOH,DMF,6-Br-Q|boronic-ester|P(Ph)3|KOH|DMF
well_56f1c989aaa38904,6-OTf-Q,boronic-acid,SPhos,KOH,MeOH,6-OTf-Q|boronic-acid|SPhos|KOH|MeOH
well_5730a7cc5d7ef40f,6-OTf-Q,boronic-ester,dppf,NaOH,DMF,6-OTf-Q|boronic-ester|dppf|NaOH|DMF
well_573814608c438cfa,6-BPin-Q,aryl-bromide,dppf,NaHCO3,MeOH,6-BPin-Q|aryl-bromide|dppf|NaHCO3|MeOH
well_573eee0372b44fea,6-Br-Q,trifluoroborate,P(tBu)3,CsF,MeOH,6-Br-Q|trifluoroborate|P(tBu)3|CsF|MeOH
well_574783461bf04b02,6-BOH2-Q,aryl-bromide,dtbpf,NaOH,DMF,6-BOH2-Q|aryl-bromide|dtbpf|NaOH|DMF
well_57702a8208383a09,6-Br-Q,boronic-acid,P(tBu)3,KOH,THF,6-Br-Q|boronic-acid|P(tBu)3|KOH|THF
well_57f519c782a9688f,6-OTf-Q,boronic-ester,dppf,CsF,MeOH,6-OTf-Q|boronic-ester|dppf|CsF|MeOH
well_582e41733d5836b0,6-Br-Q,trifluoroborate,XPhos,KOH,MeOH,6-Br-Q|trifluoroborate|XPhos|KOH|MeOH
well_583411270d40c22b,6-BOH2-Q,aryl-bromide,AmPhos,NaHCO3,MeOH-H2O-v2,6-BOH2-Q|aryl-bromide|AmPhos|NaHCO3|MeOH-H2O-v2
well_5843d13edb902f9d,6-I-Q,trifluoroborate,XPhos,Et3N,MeOH,6-I-Q|trifluoroborate|XPhos|Et3N|MeOH
well_584805c46215a9d9,6-OTf-Q,trifluoroborate,None,None,THF,6-OTf-Q|trifluoroborate|None|None|THF
well_58778ceaf67cd6f8,6-Br-Q,boronic-ester,Xantphos,None,THF,6-Br-Q|boronic-ester|Xantphos|None|THF
well_5889911b0cdb9cf7,6-BF3K-Q,aryl-bromide,XPhos,NaOH,MeOH,6-BF3K-Q|aryl-bromide|XPhos|NaOH|MeOH
well_58984df7321f4059,6-OTf-Q,boronic-acid,Xantphos,NaHCO3,THF,6-OTf-Q|boronic-acid|Xantphos|NaHCO3|THF
well_58af4d9eee198ca7,6-I-Q,trifluoroborate,SPhos,NaOH,MeCN,6-I-Q|trifluoroborate|SPhos|NaOH|MeCN
well_58d728dbe8d892ac,6-OTf-Q,boronic-acid,CataCXium A,None,THF,6-OTf-Q|boronic-acid|CataCXium A|None|THF
well_58ee1e7f3156369a,6-OTf-Q,trifluoroborate,dtbpf,NaOH,MeCN,6-OTf-Q|trifluoroborate|dtbpf|NaOH|MeCN
well_58f3fc62af607f0b,6-Br-Q,trifluoroborate,SPhos,KOH,THF,6-Br-Q|trifluoroborate|SPhos|KOH|THF
well_59000159eb958066,6-I-Q,boronic-ester,P(tBu)3,Et3N,MeOH,6-I-Q|boronic-ester|P(tBu)3|Et3N|MeOH
well_590ba6501a92611e,6-BOH2-Q,aryl-bromide,P(Cy)3,NaOH,THF-v2,6-BOH2-Q|aryl-bromide|P(Cy)3|NaOH|THF-v2
well_591714ef907e05e0,6-BF3K-Q,aryl-bromide,None,NaOH,THF,6-BF3K-Q|aryl-bromide|None|NaOH|THF
well_5944417aaf60da94,6-OTf-Q,boronic-ester,CataCXium A,K3PO4,DMF,6-OTf-Q|boronic-ester|CataCXium A|K3PO4|DMF
well_5948619f87754e29,6-OTf-Q,trifluoroborate,SPhos,Et3N,MeOH,6-OTf-Q|trifluoroborate|SPhos|Et3N|MeOH
well_596ee3a34c35c9b7,6-I-Q,boronic-ester,XPhos,LiOtBu,MeCN,6-I-Q|boronic-ester|XPhos|LiOtBu|MeCN
well_599098007721c7bd,6-OTf-Q,boronic-acid,P(o-Tol)3,KOH,THF,6-OTf-Q|boronic-acid|P(o-Tol)3|KOH|THF
well_59939d3711cbc55e,6-I-Q,boronic-acid,P(Cy)3,K3PO4,MeCN,6-I-Q|boronic-acid|P(Cy)3|K3PO4|MeCN
well_599612d910073306,6-OTf-Q,boronic-acid,CataCXium A,None,MeOH,6-OTf-Q|boronic-acid|CataCXium A|None|MeOH
well_59b70be126b4573b,6-Br-Q,boronic-acid,P(Ph)3,CsF,THF,6-Br-Q|boronic-acid|P(Ph)3|CsF|THF
well_59b7a5770a53df24,6-BPin-Q,aryl-bromide,AmPhos,Et3N,MeOH,6-BPin-Q|aryl-bromide|AmPhos|Et3N|MeOH
well_59cdb12148b6a59a,6-I-Q,boronic-acid,XPhos,NaHCO3,MeCN,6-I-Q|boronic-acid|XPhos|NaHCO3|MeCN
well_59cf260938c2d63e,6-BF3K-Q,aryl-bromide,SPhos,NaHCO3,MeCN,6-BF3K-Q|aryl-bromide|SPhos|NaHCO3|MeCN
well_59d806416a0d1781,6-BF3K-Q,aryl-bromide,None,None,MeOH,6-BF3K-Q|aryl-bromide|None|None|MeOH
well_59d8a50ab3fdf5dd,6-BOH2-Q,aryl-bromide,AmPhos,K3PO4,MeCN,6-BOH2-Q|aryl-bromide|AmPhos|K3PO4|MeCN
well_59df289f1eba4400,6-BPin-Q,aryl-bromide,CataCXium A,CsF,DMF,6-BPin-Q|aryl-bromide|CataCXium A|CsF|DMF
well_59eac6cb418a1516,6-I-Q,trifluoroborate,P(Cy)3,Et3N,DMF,6-I-Q|trifluoroborate|P(Cy)3|Et3N|DMF
well_5a0ce4790ec7d133,6-OTf-Q,boronic-acid,XPhos,K3PO4,DMF,6-OTf-Q|boronic-acid|XPhos|K3PO4|DMF
well_5a1f3c154155549b,6-OTf-Q,trifluoroborate,XPhos,NaOH,MeCN,6-OTf-Q|trifluoroborate|XPhos|NaOH|MeCN
well_5a2702f97ef9b869,6-OTf-Q,boronic-ester,CataCXium A,LiOtBu,DMF,6-OTf-Q|boronic-ester|CataCXium A|LiOtBu|DMF
well_5a4d0fdf49ba34c5,6-OTf-Q,trifluoroborate,XPhos,KOH,MeOH,6-OTf-Q|trifluoroborate|XPhos|KOH|MeOH
well_5a560e00e8ae85da,6-Br-Q,trifluoroborate,XPhos,K3PO4,DMF,6-Br-Q|trifluoroborate|XPhos|K3PO4|DMF
well_5a71a43a9117d613,6-Br-Q,boronic-ester,SPhos,CsF,DMF,6-Br-Q|boronic-ester|SPhos|CsF|DMF
well_5a76f05eec70f3aa,6-BOH2-Q,aryl-bromide,P(tBu)3,None,MeCN,6-BOH2-Q|aryl-bromide|P(tBu)3|None|MeCN
well_5a80335f998473bc,6-BOH2-Q,aryl-bromide,CataCXium A,KOH,DMF,6-BOH2-Q|aryl-bromide|CataCXium A|KOH|DMF
well_5a83ccb0a94da6fe,6-Br-Q,trifluoroborate,P(o-Tol)3,KOH,MeCN,6-Br-Q|trifluoroborate|P(o-Tol)3|KOH|MeCN
well_5a8c821359c8443d,6-Br-Q,trifluoroborate,dtbpf,Et3N,DMF,6-Br-Q|trifluoroborate|dtbpf|Et3N|DMF
well_5a9328845bf7f272,6-BPin-Q,aryl-bromide,P(o-Tol)3,K3PO4,THF,6-BPin-Q|aryl-bromide|P(o-Tol)3|K3PO4|THF
well_5ae137dca9202c90,6-Br-Q,boronic-ester,XPhos,NaOH,MeCN,6-Br-Q|boronic-ester|XPhos|NaOH|MeCN
well_5aeb220261e7d0f7,6-OTf-Q,boronic-ester,Xantphos,LiOtBu,MeOH,6-OTf-Q|boronic-ester|Xantphos|LiOtBu|MeOH
well_5b10b307f4c39b14,6-OTf-Q,boronic-ester,CataCXium A,K3PO4,THF,6-OTf-Q|boronic-ester|CataCXium A|K3PO4|THF
well_5b3cb2fbdb85c940,6-I-Q,boronic-ester,CataCXium A,NaOH,MeCN,6-I-Q|boronic-ester|CataCXium A|NaOH|MeCN
well_5b4691cece7d00f0,6-OTf-Q,boronic-ester,SPhos,K3PO4,MeOH,6-OTf-Q|boronic-ester|SPhos|K3PO4|MeOH
well_5b5f56b5257bfceb,6-I-Q,boronic-ester,P(o-Tol)3,NaHCO3,MeOH,6-I-Q|boronic-ester|P(o-Tol)3|NaHCO3|MeOH
well_5b614314d3be2ed1,6-BOH2-Q,aryl-bromide,Xantphos,Et3N,MeCN,6-BOH2-Q|aryl-bromide|Xantphos|Et3N|MeCN
well_5b677d79c6a0abaf,6-Br-Q,trifluoroborate,SPhos,NaOH,MeOH,6-Br-Q|trifluoroborate|SPhos|NaOH|MeOH
well_5b6acdfd04a08533,6-Br-Q,boronic-ester,P(Cy)3,NaOH,MeCN,6-Br-Q|boronic-ester|P(Cy)3|NaOH|MeCN
well_5b850ee9c96438b1,6-BOH2-Q,aryl-bromide,P(o-Tol)3,Et3N,MeOH-H2O-v2,6-BOH2-Q|aryl-bromide|P(o-Tol)3|Et3N|MeOH-H2O-v2
well_5ba4cd7b389db2f3,6-BPin-Q,aryl-bromide,dppf,NaHCO3,MeCN,6-BPin-Q|aryl-bromide|dppf|NaHCO3|MeCN
well_5bc1d2859d5d9792,6-Br-Q,trifluoroborate,dtbpf,LiOtBu,DMF,6-Br-Q|trifluoroborate|dtbpf|LiOtBu|DMF
well_5c1500b781179753,6-BOH2-Q,aryl-bromide,dppf,NaHCO3,THF-v2,6-BOH2-Q|aryl-bromide|dppf|NaHCO3|THF-v2
well_5c18c955a9636245,6-I-Q,boronic-ester,SPhos,KOH,DMF,6-I-Q|boronic-ester|SPhos|KOH|DMF
well_5c23d749df3a0f53,6-Br-Q,boronic-ester,dppf,KOH,DMF,6-Br-Q|boronic-ester|dppf|KOH|DMF
well_5c6076e698c82efb,6-BPin-Q,aryl-bromide,SPhos,K3PO4,MeCN,6-BPin-Q|aryl-bromide|SPhos|K3PO4|MeCN
well_5c70d4e2725d2a19,6-BOH2-Q,aryl-bromide,SPhos,LiOtBu,MeCN,6-BOH2-Q|aryl-bromide|SPhos|LiOtBu|MeCN
well_5c8000af073e987d,6-OTf-Q,boronic-ester,P(Ph)3,NaOH,DMF,6-OTf-Q|boronic-ester|P(Ph)3|NaOH|DMF
well_5c980416b7b91334,6-I-Q,trifluoroborate,None,NaHCO3,MeOH,6-I-Q|trifluoroborate|None|NaHCO3|MeOH
well_5ca31a6dd9bbf017,6-Br-Q,trifluoroborate,SPhos,LiOtBu,MeCN,6-Br-Q|trifluoroborate|SPhos|LiOtBu|MeCN
well_5cab8cdd426acee6,6-OTf-Q,trifluoroborate,P(o-Tol)3,CsF,THF,6-OTf-Q|trifluoroborate|P(o-Tol)3|CsF|THF
well_5cb3ff9b2ff53c02,6-Br-Q,boronic-ester,CataCXium A,LiOtBu,MeCN,6-Br-Q|boronic-ester|CataCXium A|LiOtBu|MeCN
well_5cd60c5ac2c4ceb2,6-BF3K-Q,aryl-bromide,None,KOH,MeCN,6-BF3K-Q|aryl-bromide|None|KOH|MeCN
well_5cda7fb6eda4cbfc,6-OTf-Q,trifluoroborate,AmPhos,None,MeCN,6-OTf-Q|trifluoroborate|AmPhos|None|MeCN
well_5ceb5b64d8cc318a,6-Br-Q,trifluoroborate,dppf,NaOH,THF,6-Br-Q|trifluoroborate|dppf|NaOH|THF
well_5cfb39ffa0af402d,6-Br-Q,trifluoroborate,Xantphos,None,MeCN,6-Br-Q|trifluoroborate|Xantphos|None|MeCN
well_5d0c8221197c923f,6-BOH2-Q,aryl-bromide,Xantphos,None,MeOH-H2O-v2,6-BOH2-Q|aryl-bromide|Xantphos|None|MeOH-H2O-v2
well_5d2fe932bcb10cfc,6-Br-Q,boronic-acid,SPhos,K3PO4,DMF,6-Br-Q|boronic-acid|SPhos|K3PO4|DMF
well_5d72928300605c42,6-I-Q,boronic-ester,dtbpf,CsF,DMF,6-I-Q|boronic-ester|dtbpf|CsF|DMF
well_5d9298e5c1265303,6-OTf-Q,boronic-ester,P(o-Tol)3,NaHCO3,DMF,6-OTf-Q|boronic-ester|P(o-Tol)3|NaHCO3|DMF
well_5d97ae834355934c,6-I-Q,boronic-ester,None,K3PO4,MeOH,6-I-Q|boronic-ester|None|K3PO4|MeOH
well_5d99688b7f8c2850,6-I-Q,trifluoroborate,CataCXium A,LiOtBu,THF,6-I-Q|trifluoroborate|CataCXium A|LiOtBu|THF
well_5d9a838bedfbc255,6-I-Q,boronic-acid,P(o-Tol)3,KOH,THF,6-I-Q|boronic-acid|P(o-Tol)3|KOH|THF
well_5dc02a88c0cac267,6-I-Q,trifluoroborate,CataCXium A,NaHCO3,THF,6-I-Q|trifluoroborate|CataCXium A|NaHCO3|THF
well_5dc8c31b202d8a84,6-Br-Q,boronic-acid,P(Ph)3,None,MeCN,6-Br-Q|boronic-acid|P(Ph)3|None|MeCN
well_5dfa422d9771a5f5,6-BPin-Q,aryl-bromide,P(tBu)3,KOH,THF,6-BPin-Q|aryl-bromide|P(tBu)3|KOH|THF
well_5e19202a5a9a3525,6-Br-Q,trifluoroborate,XPhos,NaOH,MeOH,6-Br-Q|trifluoroborate|XPhos|NaOH|MeOH
well_5e1d616a25f116d1,6-OTf-Q,boronic-ester,dtbpf,None,DMF,6-OTf-Q|boronic-ester|dtbpf|None|DMF
well_5e4d93afa53665b5,6-OTf-Q,boronic-ester,Xantphos,NaHCO3,MeCN,6-OTf-Q|boronic-ester|Xantphos|NaHCO3|MeCN
well_5e50258d1d4b4ca3,6-OTf-Q,trifluoroborate,P(Ph)3,CsF,THF,6-OTf-Q|trifluoroborate|P(Ph)3|CsF|THF
well_5e55d387d5507e91,6-Br-Q,boronic-ester,None,None,MeCN,6-Br-Q|boronic-ester|None|None|MeCN
well_5e6e89e52a483f55,6-BOH2-Q,aryl-bromide,dppf,LiOtBu,MeOH-H2O-v2,6-BOH2-Q|aryl-bromide|dppf|LiOtBu|MeOH-H2O-v2
well_5e83fe0a0bac47ce,6-OTf-Q,boronic-ester,SPhos,Et3N,DMF,6-OTf-Q|boronic-ester|SPhos|Et3N|DMF
well_5e84d1adfec22155,6-BPin-Q,aryl-bromide,None,LiOtBu,DMF,6-BPin-Q|aryl-bromide|None|LiOtBu|DMF
well_5e8635e7c53a9f98,6-OTf-Q,boronic-acid,XPhos,KOH,THF,6-OTf-Q|boronic-acid|XPhos|KOH|THF
well_5e8e203ef122d698,6-OTf-Q,boronic-acid,AmPhos,Et3N,THF,6-OTf-Q|boronic-acid|AmPhos|Et3N|THF
well_5ef63e2881c99d3f,6-I-Q,boronic-acid,dppf,Et3N,DMF,6-I-Q|boronic-acid|dppf|Et3N|DMF
well_5ef84bf62c3dec29,6-Br-Q,trifluoroborate,dtbpf,K3PO4,MeOH,6-Br-Q|trifluoroborate|dtbpf|K3PO4|MeOH
well_5f16d95e69428580,6-OTf-Q,trifluoroborate,P(tBu)3,NaHCO3,MeOH,6-OTf-Q|trifluoroborate|P(tBu)3|NaHCO3|MeOH
well_5f23fbf4852df118,6-I-Q,boronic-acid,P(tBu)3,None,THF,6-I-Q|boronic-acid|P(tBu)3|None|THF
well_5f5d943dfd8b9cf8,6-BOH2-Q,aryl-bromide,SPhos,NaHCO3,MeOH-H2O-v2,6-BOH2-Q|aryl-bromide|SPhos|NaHCO3|MeOH-H2O-v2
well_5f7483e86ed4a907,6-OTf-Q,trifluoroborate,P(o-Tol)3,CsF,MeCN,6-OTf-Q|trifluoroborate|P(o-Tol)3|CsF|MeCN
well_5f7d464894fa38fd,6-I-Q,boronic-acid,P(Ph)3,Et3N,MeCN,6-I-Q|boronic-acid|P(Ph)3|Et3N|MeCN
well_5f83a3ab51ef0ab1,6-I-Q,trifluoroborate,XPhos,K3PO4,DMF,6-I-Q|trifluoroborate|XPhos|K3PO4|DMF
well_5f8f4ae74a1a6010,6-Br-Q,trifluoroborate,CataCXium A,CsF,MeCN,6-Br-Q|trifluoroborate|CataCXium A|CsF|MeCN
well_5f9c716f1476a1ec,6-OTf-Q,boronic-acid,CataCXium A,NaOH,MeOH,6-OTf-Q|boronic-acid|CataCXium A|NaOH|MeOH
well_5fd6ef2e15dfff3a,6-BF3K-Q,aryl-bromide,XPhos,NaHCO3,THF,6-BF3K-Q|aryl-bromide|XPhos|NaHCO3|THF
well_5ffb7a1bab612017,6-I-Q,trifluoroborate,P(Cy)3,KOH,MeCN,6-I-Q|trifluoroborate|P(Cy)3|KOH|MeCN
well_606139ff0b956e96,6-Br-Q,boronic-acid,P(tBu)3,NaOH,MeCN,6-Br-Q|boronic-acid|P(tBu)3|NaOH|MeCN
well_6068a8e1cc869680,6-OTf-Q,boronic-acid,None,KOH,DMF,6-OTf-Q|boronic-acid|None|KOH|DMF
well_60798ada3e92ed0e,6-I-Q,boronic-ester,XPhos,Et3N,MeCN,6-I-Q|boronic-ester|XPhos|Et3N|MeCN
well_60908b7102550f6d,6-OTf-Q,boronic-ester,P(Cy)3,CsF,DMF,6-OTf-Q|boronic-ester|P(Cy)3|CsF|DMF
well_60969c2758afcc11,6-I-Q,trifluoroborate,AmPhos,NaHCO3,MeOH,6-I-Q|trifluoroborate|AmPhos|NaHCO3|MeOH
well_60a9aab99120cb01,6-BPin-Q,aryl-bromide,dtbpf,LiOtBu,MeCN,6-BPin-Q|aryl-bromide|dtbpf|LiOtBu|MeCN
well_60af4b9849463eee,6-Br-Q,boronic-ester,P(o-Tol)3,None,THF,6-Br-Q|boronic-ester|P(o-Tol)3|None|THF
well_60c8c65d52697a66,6-I-Q,boronic-ester,P(Ph)3,KOH,MeOH,6-I-Q|boronic-ester|P(Ph)3|KOH|MeOH
well_60c8e3d1d05e5a6f,6-I-Q,boronic-acid,CataCXium A,K3PO4,MeCN,6-I-Q|boronic-acid|CataCXium A|K3PO4|MeCN
well_60cf53cabc09cf22,6-I-Q,trifluoroborate,P(Ph)3,NaOH,DMF,6-I-Q|trifluoroborate|P(Ph)3|NaOH|DMF
well_60d42cfb133a6d16,6-I-Q,boronic-ester,SPhos,NaOH,DMF,6-I-Q|boronic-ester|SPhos|NaOH|DMF
well_60da1e94a2bc17ba,6-OTf-Q,trifluoroborate,XPhos,NaHCO3,MeCN,6-OTf-Q|trifluoroborate|XPhos|NaHCO3|MeCN
well_6119d46cf95a62f5,6-OTf-Q,boronic-ester,AmPhos,CsF,THF,6-OTf-Q|boronic-ester|AmPhos|CsF|THF
well_612e31cf9c2cf3ea,6-BPin-Q,aryl-bromide,dppf,CsF,DMF,6-BPin-Q|aryl-bromide|dppf|CsF|DMF
well_6149fdf4e4856d65,6-BOH2-Q,aryl-bromide,CataCXium A,Et3N,MeCN,6-BOH2-Q|aryl-bromide|CataCXium A|Et3N|MeCN
well_616a25f21940dd59,6-I-Q,boronic-ester,P(tBu)3,Et3N,DMF,6-I-Q|boronic-ester|P(tBu)3|Et3N|DMF
well_618d8ab334b2f8c8,6-I-Q,boronic-ester,P(tBu)3,K3PO4,THF,6-I-Q|boronic-ester|P(tBu)3|K3PO4|THF
well_6197753376cf8a59,6-BOH2-Q,aryl-bromide,P(tBu)3,None,THF-v2,6-BOH2-Q|aryl-bromide|P(tBu)3|None|THF-v2
well_619c38b52d8b6f7d,6-I-Q,boronic-acid,P(Cy)3,NaHCO3,THF,6-I-Q|boronic-acid|P(Cy)3|NaHCO3|THF
well_61a92c69a8c5a9dd,6-BOH2-Q,aryl-bromide,None,CsF,MeCN,6-BOH2-Q|aryl-bromide|None|CsF|MeCN
well_61bae920c54d72b0,6-OTf-Q,trifluoroborate,XPhos,LiOtBu,THF,6-OTf-Q|trifluoroborate|XPhos|LiOtBu|THF
well_61d49612a1a32668,6-I-Q,boronic-acid,P(Cy)3,NaHCO3,DMF,6-I-Q|boronic-acid|P(Cy)3|NaHCO3|DMF
well_61f81a7ddd729796,6-I-Q,trifluoroborate,dppf,Et3N,DMF,6-I-Q|trifluoroborate|dppf|Et3N|DMF
well_61fa20594595c617,6-OTf-Q,trifluoroborate,AmPhos,NaHCO3,MeCN,6-OTf-Q|trifluoroborate|AmPhos|NaHCO3|MeCN
well_6200ff00b5e805a1,6-BF3K-Q,aryl-bromide,None,Et3N,DMF,6-BF3K-Q|aryl-bromide|None|Et3N|DMF
well_626dcf4873432793,6-BF3K-Q,aryl-bromide,Xantphos,NaOH,MeCN,6-BF3K-Q|aryl-bromide|Xantphos|NaOH|MeCN
well_62b27cb374ac4c70,6-I-Q,trifluoroborate,dppf,NaOH,MeCN,6-I-Q|trifluoroborate|dppf|NaOH|MeCN
well_62bedee53e614cf2,6-BOH2-Q,aryl-bromide,SPhos,LiOtBu,MeOH-H2O-v2,6-BOH2-Q|aryl-bromide|SPhos|LiOtBu|MeOH-H2O-v2
well_62c647345188d094,6-I-Q,boronic-acid,P(Ph)3,Et3N,DMF,6-I-Q|boronic-acid|P(Ph)3|Et3N|DMF
well_631b957228550284,6-BF3K-Q,aryl-bromide,dppf,CsF,THF,6-BF3K-Q|aryl-bromide|dppf|CsF|THF
well_633f53b09ab87999,6-Br-Q,boronic-acid,P(Ph)3,NaOH,DMF,6-Br-Q|boronic-acid|P(Ph)3|NaOH|DMF
well_6387bfbcb45bbb1a,6-I-Q,boronic-ester,None,Et3N,DMF,6-I-Q|boronic-ester|None|Et3N|DMF
well_638acc0875e4f1ec,6-BOH2-Q,aryl-bromide,dppf,NaOH,THF-v2,6-BOH2-Q|aryl-bromide|dppf|NaOH|THF-v2
well_638c2d8a2e0b46c2,6-BPin-Q,aryl-bromide,CataCXium A,KOH,THF,6-BPin-Q|aryl-bromide|CataCXium A|KOH|THF
well_63a9b5379429b271,6-BOH2-Q,aryl-bromide,dtbpf,Et3N,MeCN,6-BOH2-Q|aryl-bromide|dtbpf|Et3N|MeCN
well_63ff4a6466385d93,6-OTf-Q,boronic-ester,CataCXium A,KOH,DMF,6-OTf-Q|boronic-ester|CataCXium A|KOH|DMF
well_6428e2f333e4c824,6-BPin-Q,aryl-bromide,AmPhos,LiOtBu,MeCN,6-BPin-Q|aryl-bromide|AmPhos|LiOtBu|MeCN
well_644486ea44fb47cb,6-BF3K-Q,aryl-bromide,P(tBu)3,NaOH,MeOH,6-BF3K-Q|aryl-bromide|P(tBu)3|NaOH|MeOH
well_6454a19ad6d2bcc0,6-BPin-Q,aryl-bromide,dtbpf,CsF,THF,6-BPin-Q|aryl-bromide|dtbpf|CsF|THF
well_6468291a18ff83be,6-BF3K-Q,aryl-bromide,None,LiOtBu,MeOH,6-BF3K-Q|aryl-bromide|None|LiOtBu|MeOH
well_646a6a2435341d08,6-OTf-Q,boronic-ester,dtbpf,NaOH,MeOH,6-OTf-Q|boronic-ester|dtbpf|NaOH|MeOH
well_647f6520fa3e336a,6-Br-Q,boronic-acid,P(o-Tol)3,CsF,DMF,6-Br-Q|boronic-acid|P(o-Tol)3|CsF|DMF
well_64857b270986b766,6-BOH2-Q,aryl-bromide,CataCXium A,KOH,MeOH-H2O-v2,6-BOH2-Q|aryl-bromide|CataCXium A|KOH|MeOH-H2O-v2
well_64bc39f5c082ec09,6-OTf-Q,boronic-ester,Xantphos,NaHCO3,DMF,6-OTf-Q|boronic-ester|Xantphos|NaHCO3|DMF
well_64c2a2b3d003d66f,6-I-Q,boronic-acid,AmPhos,NaHCO3,MeOH,6-I-Q|boronic-acid|AmPhos|NaHCO3|MeOH
well_64cf7c04d48b3839,6-OTf-Q,boronic-ester,XPhos,None,THF,6-OTf-Q|boronic-ester|XPhos|None|THF
well_64d90fa68ebe3ff6,6-Br-Q,boronic-acid,P(Ph)3,Et3N,MeCN,6-Br-Q|boronic-acid|P(Ph)3|Et3N|MeCN
well_64e72454910033d3,6-BF3K-Q,aryl-bromide,dppf,NaOH,DMF,6-BF3K-Q|aryl-bromide|dppf|NaOH|DMF
well_64f8941d8a4e5efb,6-Br-Q,trifluoroborate,dtbpf,NaOH,DMF,6-Br-Q|trifluoroborate|dtbpf|NaOH|DMF
well_653eafac60d7aab7,6-I-Q,boronic-ester,dtbpf,NaOH,MeCN,6-I-Q|boronic-ester|dtbpf|NaOH|MeCN
well_655fd0d5149033a1,6-BF3K-Q,aryl-bromide,P(tBu)3,NaHCO3,DMF,6-BF3K-Q|aryl-bromide|P(tBu)3|NaHCO3|DMF
well_658a56a68aacaa15,6-OTf-Q,boronic-ester,XPhos,LiOtBu,MeCN,6-OTf-Q|boronic-ester|XPhos|LiOtBu|MeCN
well_658cd0a01cb210e8,6-BPin-Q,aryl-bromide,CataCXium A,Et3N,THF,6-BPin-Q|aryl-bromide|CataCXium A|Et3N|THF
well_65c93d1b81469ee1,6-I-Q,boronic-ester,XPhos,None,MeCN,6-I-Q|boronic-ester|XPhos|None|MeCN
well_65cf66f999b85f1e,6-OTf-Q,trifluoroborate,dppf,NaOH,DMF,6-OTf-Q|trifluoroborate|dppf|NaOH|DMF
well_660886d2c4c470d9,6-BPin-Q,aryl-bromide,dppf,K3PO4,DMF,6-BPin-Q|aryl-bromide|dppf|K3PO4|DMF
well_662cf9a6f9fa3a6c,6-BF3K-Q,aryl-bromide,P(tBu)3,NaHCO3,MeCN,6-BF3K-Q|aryl-bromide|P(tBu)3|NaHCO3|MeCN
well_6676b3daff4feff2,6-OTf-Q,trifluoroborate,dtbpf,K3PO4,DMF,6-OTf-Q|trifluoroborate|dtbpf|K3PO4|DMF
well_6680f65378e4b30e,6-I-Q,trifluoroborate,P(o-Tol)3,Et3N,DMF,6-I-Q|trifluoroborate|P(o-Tol)3|Et3N|DMF
well_66d00695a3102d56,6-I-Q,trifluoroborate,AmPhos,NaOH,MeCN,6-I-Q|trifluoroborate|AmPhos|NaOH|MeCN
well_66e33e0bf301079b,6-Br-Q,boronic-acid,None,K3PO4,MeCN,6-Br-Q|boronic-acid|None|K3PO4|MeCN
well_66ff4c8f892a841b,6-OTf-Q,boronic-acid,P(Cy)3,None,MeOH,6-OTf-Q|boronic-acid|P(Cy)3|None|MeOH
well_66ffdd8ca65a39d3,6-OTf-Q,boronic-ester,None,NaHCO3,MeCN,6-OTf-Q|boronic-ester|None|NaHCO3|MeCN
well_670ded2b8e59d6a5,6-BPin-Q,aryl-bromide,CataCXium A,None,DMF,6-BPin-Q|aryl-bromide|CataCXium A|None|DMF
well_671cd2daacad33fa,6-OTf-Q,boronic-ester,P(o-Tol)3,Et3N,DMF,6-OTf-Q|boronic-ester|P(o-Tol)3|Et3N|DMF
well_672ecb675f7193b6,6-I-Q,boronic-acid,AmPhos,None,DMF,6-I-Q|boronic-acid|AmPhos|None|DMF
well_673aa033c73bfe5f,6-OTf-Q,trifluoroborate,P(Ph)3,K3PO4,DMF,6-OTf-Q|trifluoroborate|P(Ph)3|K3PO4|DMF
well_6761108d6a2212f0,6-OTf-Q,boronic-acid,dppf,CsF,MeOH,6-OTf-Q|boronic-acid|dppf|CsF|MeOH
well_676f1791ac3dc9a5,6-OTf-Q,boronic-acid,XPhos,NaOH,MeOH,6-OTf-Q|boronic-acid|XPhos|NaOH|MeOH
well_67735f22afb51383,6-Br-Q,boronic-ester,dppf,KOH,THF,6-Br-Q|boronic-ester|dppf|KOH|THF
well_6774fe258df89fb3,6-BPin-Q,aryl-bromide,P(Ph)3,K3PO4,MeCN,6-BPin-Q|aryl-bromide|P(Ph)3|K3PO4|MeCN
well_677b2cbbdb229eb3,6-Br-Q,boronic-acid,dtbpf,NaOH,MeCN,6-Br-Q|boronic-acid|dtbpf|NaOH|MeCN
well_679919b5eab10bad,6-I-Q,trifluoroborate,dtbpf,NaHCO3,MeOH,6-I-Q|trifluoroborate|dtbpf|NaHCO3|MeOH
well_679c1e14a16013cc,6-OTf-Q,boronic-ester,P(o-Tol)3,K3PO4,MeOH,6-OTf-Q|boronic-ester|P(o-Tol)3|K3PO4|MeOH
well_67a451dbc0c2223b,6-OTf-Q,boronic-acid,SPhos,NaHCO3,THF,6-OTf-Q|boronic-acid|SPhos|NaHCO3|THF
well_67b8e8c121b1edec,6-I-Q,boronic-acid,CataCXium A,CsF,THF,6-I-Q|boronic-acid|CataCXium A|CsF|THF
well_67c892b0b83d6a54,6-BF3K-Q,aryl-bromide,SPhos,KOH,MeOH,6-BF3K-Q|aryl-bromide|SPhos|KOH|MeOH
well_67d9a7c72aa592d1,6-BF3K-Q,aryl-bromide,SPhos,NaOH,MeCN,6-BF3K-Q|aryl-bromide|SPhos|NaOH|MeCN
well_67f210b7f2770adf,6-I-Q,boronic-ester,CataCXium A,KOH,THF,6-I-Q|boronic-ester|CataCXium A|KOH|THF
well_682972303c7f25f8,6-Br-Q,boronic-acid,None,Et3N,DMF,6-Br-Q|boronic-acid|None|Et3N|DMF
well_683ceb1ccf82f1dd,6-BPin-Q,aryl-bromide,SPhos,NaHCO3,MeOH,6-BPin-Q|aryl-bromide|SPhos|NaHCO3|MeOH
well_6844d9750b440a89,6-Br-Q,boronic-acid,Xantphos,Et3N,MeCN,6-Br-Q|boronic-acid|Xantphos|Et3N|MeCN
well_684b38d655d0c9ca,6-I-Q,boronic-ester,P(tBu)3,None,MeCN,6-I-Q|boronic-ester|P(tBu)3|None|MeCN
well_685924525b2b0e02,6-OTf-Q,trifluoroborate,SPhos,CsF,DMF,6-OTf-Q|trifluoroborate|SPhos|CsF|DMF
well_6859295b3fd7e59a,6-I-Q,boronic-ester,SPhos,Et3N,DMF,6-I-Q|boronic-ester|SPhos|Et3N|DMF
well_685beb9cdbcdb263,6-Br-Q,boronic-acid,dppf,LiOtBu,DMF,6-Br-Q|boronic-acid|dppf|LiOtBu|DMF
well_68a109423f8509ec,6-Br-Q,boronic-ester,P(Cy)3,CsF,DMF,6-Br-Q|boronic-ester|P(Cy)3|CsF|DMF
well_68a7b912e3acbf5e,6-OTf-Q,boronic-ester,P(Ph)3,NaOH,MeOH,6-OTf-Q|boronic-ester|P(Ph)3|NaOH|MeOH
well_690cf8aa162d7a71,6-Br-Q,trifluoroborate,P(tBu)3,NaOH,THF,6-Br-Q|trifluoroborate|P(tBu)3|NaOH|THF
well_692ce052fb43030f,6-I-Q,boronic-ester,Xantphos,KOH,MeOH,6-I-Q|boronic-ester|Xantphos|KOH|MeOH
well_6933469ea2e521a2,6-I-Q,boronic-ester,SPhos,None,THF,6-I-Q|boronic-ester|SPhos|None|THF
well_693cd3ed01de9eb7,6-I-Q,boronic-acid,P(tBu)3,NaHCO3,THF,6-I-Q|boronic-acid|P(tBu)3|NaHCO3|THF
well_6947978a1da272da,6-OTf-Q,boronic-acid,P(Cy)3,K3PO4,DMF,6-OTf-Q|boronic-acid|P(Cy)3|K3PO4|DMF
well_694ded2f82696dc8,6-BF3K-Q,aryl-bromide,dppf,NaOH,THF,6-BF3K-Q|aryl-bromide|dppf|NaOH|THF
well_69a340cf897bd20b,6-OTf-Q,boronic-acid,AmPhos,None,DMF,6-OTf-Q|boronic-acid|AmPhos|None|DMF
well_69aa40a0d21ac704,6-OTf-Q,boronic-ester,Xantphos,KOH,THF,6-OTf-Q|boronic-ester|Xantphos|KOH|THF
well_69c2d983a2bede89,6-Br-Q,trifluoroborate,SPhos,LiOtBu,THF,6-Br-Q|trifluoroborate|SPhos|LiOtBu|THF
well_69d469e7bdb5161d,6-I-Q,boronic-acid,dtbpf,CsF,DMF,6-I-Q|boronic-acid|dtbpf|CsF|DMF
well_6a02c014aa7ae996,6-OTf-Q,trifluoroborate,P(tBu)3,None,MeOH,6-OTf-Q|trifluoroborate|P(tBu)3|None|MeOH
well_6a0792e9577d2420,6-BOH2-Q,aryl-bromide,Xantphos,NaHCO3,MeCN,6-BOH2-Q|aryl-bromide|Xantphos|NaHCO3|MeCN
well_6a07a223063d89c2,6-BF3K-Q,aryl-bromide,dtbpf,Et3N,THF,6-BF3K-Q|aryl-bromide|dtbpf|Et3N|THF
well_6a0f2d51b0058a9e,6-I-Q,boronic-acid,P(tBu)3,KOH,DMF,6-I-Q|boronic-acid|P(tBu)3|KOH|DMF
well_6a19126c7d775fcd,6-Br-Q,trifluoroborate,P(Ph)3,LiOtBu,MeOH,6-Br-Q|trifluoroborate|P(Ph)3|LiOtBu|MeOH
well_6a3290a974ec9d8e,6-BF3K-Q,aryl-bromide,P(Ph)3,KOH,DMF,6-BF3K-Q|aryl-bromide|P(Ph)3|KOH|DMF
well_6a38d4765840ab61,6-Br-Q,boronic-acid,XPhos,K3PO4,DMF,6-Br-Q|boronic-acid|XPhos|K3PO4|DMF
well_6a3b1346e0365c47,6-I-Q,trifluoroborate,None,LiOtBu,MeCN,6-I-Q|trifluoroborate|None|LiOtBu|MeCN
well_6a3de1fb0a42aa91,6-I-Q,boronic-ester,P(Cy)3,LiOtBu,THF,6-I-Q|boronic-ester|P(Cy)3|LiOtBu|THF
well_6a684881cba95095,6-OTf-Q,boronic-ester,CataCXium A,NaOH,MeOH,6-OTf-Q|boronic-ester|CataCXium A|NaOH|MeOH
well_6a857bf1bee1c7c0,6-OTf-Q,boronic-acid,dtbpf,K3PO4,MeOH,6-OTf-Q|boronic-acid|dtbpf|K3PO4|MeOH
well_6aa59bf7901efb55,6-OTf-Q,trifluoroborate,AmPhos,NaOH,MeOH,6-OTf-Q|trifluoroborate|AmPhos|NaOH|MeOH
well_6ad0cdfcddfe9933,6-Br-Q,boronic-acid,AmPhos,Et3N,THF,6-Br-Q|boronic-acid|AmPhos|Et3N|THF
well_6ad894f3b57be83a,6-Br-Q,boronic-acid,XPhos,NaOH,THF,6-Br-Q|boronic-acid|XPhos|NaOH|THF
well_6ae64dadfdc10413,6-Br-Q,boronic-acid,Xantphos,KOH,MeOH,6-Br-Q|boronic-acid|Xantphos|KOH|MeOH
well_6ae9ad58a3e7d0e6,6-BF3K-Q,aryl-bromide,P(o-Tol)3,KOH,THF,6-BF3K-Q|aryl-bromide|P(o-Tol)3|KOH|THF
well_6af974ad1b12851d,6-BPin-Q,aryl-bromide,CataCXium A,NaOH,MeCN,6-BPin-Q|aryl-bromide|CataCXium A|NaOH|MeCN
well_6af9df7561c5f013,6-I-Q,boronic-ester,P(tBu)3,LiOtBu,MeCN,6-I-Q|boronic-ester|P(tBu)3|LiOtBu|MeCN
well_6b09fd44ce565357,6-BF3K-Q,aryl-bromide,CataCXium A,CsF,DMF,6-BF3K-Q|aryl-bromide|CataCXium A|CsF|DMF
well_6b21d8f42bfecfb5,6-OTf-Q,boronic-ester,CataCXium A,KOH,MeOH,6-OTf-Q|boronic-ester|CataCXium A|KOH|MeOH
well_6b40fb90cf4914bd,6-I-Q,trifluoroborate,CataCXium A,KOH,DMF,6-I-Q|trifluoroborate|CataCXium A|KOH|DMF
well_6b59a9927ecbbd44,6-BOH2-Q,aryl-bromide,P(tBu)3,K3PO4,MeOH-H2O-v2,6-BOH2-Q|aryl-bromide|P(tBu)3|K3PO4|MeOH-H2O-v2
well_6b6c712811778d5c,6-I-Q,boronic-acid,AmPhos,CsF,MeCN,6-I-Q|boronic-acid|AmPhos|CsF|MeCN
well_6b6cd0e9e653be4b,6-BF3K-Q,aryl-bromide,SPhos,LiOtBu,THF,6-BF3K-Q|aryl-bromide|SPhos|LiOtBu|THF
well_6b786b2226bc09a9,6-Br-Q,boronic-acid,XPhos,KOH,MeCN,6-Br-Q|boronic-acid|XPhos|KOH|MeCN
well_6b7ba82695cbc7dd,6-I-Q,boronic-acid,AmPhos,None,MeOH,6-I-Q|boronic-acid|AmPhos|None|MeOH
well_6b945d671c9a0c74,6-OTf-Q,trifluoroborate,XPhos,Et3N,MeCN,6-OTf-Q|trifluoroborate|XPhos|Et3N|MeCN
well_6baced4d3217be4b,6-OTf-Q,boronic-acid,CataCXium A,LiOtBu,DMF,6-OTf-Q|boronic-acid|CataCXium A|LiOtBu|DMF
well_6bc48ed3b9603dfc,6-BF3K-Q,aryl-bromide,dppf,LiOtBu,MeOH,6-BF3K-Q|aryl-bromide|dppf|LiOtBu|MeOH
well_6bc5fecd1597407c,6-BPin-Q,aryl-bromide,CataCXium A,KOH,MeOH,6-BPin-Q|aryl-bromide|CataCXium A|KOH|MeOH
well_6bcef4b7fcc7a301,6-BOH2-Q,aryl-bromide,XPhos,None,MeOH-H2O-v2,6-BOH2-Q|aryl-bromide|XPhos|None|MeOH-H2O-v2
well_6be95a6b79811da1,6-OTf-Q,boronic-acid,XPhos,NaHCO3,MeOH,6-OTf-Q|boronic-acid|XPhos|NaHCO3|MeOH
well_6c05847584d42a58,6-Br-Q,boronic-acid,dtbpf,Et3N,DMF,6-Br-Q|boronic-acid|dtbpf|Et3N|DMF
well_6c20a46a92b4f80b,6-Br-Q,boronic-acid,SPhos,CsF,MeCN,6-Br-Q|boronic-acid|SPhos|CsF|MeCN
well_6c2f45a0a77a626e,6-OTf-Q,boronic-acid,P(Ph)3,LiOtBu,THF,6-OTf-Q|boronic-acid|P(Ph)3|LiOtBu|THF
well_6c3ea8269efcc3c6,6-I-Q,boronic-acid,P(o-Tol)3,Et3N,MeOH,6-I-Q|boronic-acid|P(o-Tol)3|Et3N|MeOH
well_6c4679a6916b7aa6,6-BOH2-Q,aryl-bromide,None,None,MeCN,6-BOH2-Q|aryl-bromide|None|None|MeCN
well_6c598441182ddcd7,6-Br-Q,trifluoroborate,P(Ph)3,KOH,MeOH,6-Br-Q|trifluoroborate|P(Ph)3|KOH|MeOH
well_6c64efbb15d513a9,6-BF3K-Q,aryl-bromide,P(Ph)3,CsF,MeOH,6-BF3K-Q|aryl-bromide|P(Ph)3|CsF|MeOH
well_6cab3b14ec90666b,6-I-Q,boronic-ester,XPhos,K3PO4,MeOH,6-I-Q|boronic-ester|XPhos|K3PO4|MeOH
well_6cbfb02830faf0c9,6-I-Q,boronic-acid,CataCXium A,KOH,THF,6-I-Q|boronic-acid|CataCXium A|KOH|THF
well_6cc80c707abe41d9,6-Br-Q,boronic-acid,CataCXium A,NaHCO3,DMF,6-Br-Q|boronic-acid|CataCXium A|NaHCO3|DMF
well_6ced3495b754867f,6-I-Q,boronic-acid,AmPhos,None,THF,6-I-Q|boronic-acid|AmPhos|None|THF
well_6d1373d44ce95abe,6-BPin-Q,aryl-bromide,dtbpf,K3PO4,DMF,6-BPin-Q|aryl-bromide|dtbpf|K3PO4|DMF
well_6d1cc3276388dd17,6-OTf-Q,boronic-acid,P(tBu)3,Et3N,MeCN,6-OTf-Q|boronic-acid|P(tBu)3|Et3N|MeCN
well_6d4d2f046a675ea2,6-OTf-Q,boronic-acid,None,KOH,MeOH,6-OTf-Q|boronic-acid|None|KOH|MeOH
well_6d5cb0fe55e37158,6-OTf-Q,boronic-acid,dtbpf,KOH,DMF,6-OTf-Q|boronic-acid|dtbpf|KOH|DMF
well_6d850573c94af1af,6-Br-Q,boronic-acid,XPhos,NaHCO3,MeCN,6-Br-Q|boronic-acid|XPhos|NaHCO3|MeCN
well_6d8ab65e4071310d,6-Br-Q,trifluoroborate,Xantphos,KOH,MeCN,6-Br-Q|trifluoroborate|Xantphos|KOH|MeCN
well_6dab3a46bf1bbb1f,6-I-Q,boronic-ester,P(Ph)3,CsF,THF,6-I-Q|boronic-ester|P(Ph)3|CsF|THF
well_6dbbf9a4910eca1d,6-Br-Q,trifluoroborate,AmPhos,NaOH,MeCN,6-Br-Q|trifluoroborate|AmPhos|NaOH|MeCN
well_6dd39b63fafac9fe,6-I-Q,boronic-acid,P(o-Tol)3,None,THF,6-I-Q|boronic-acid|P(o-Tol)3|None|THF
well_6e00f4c0748423bc,6-I-Q,trifluoroborate,P(tBu)3,Et3N,THF,6-I-Q|trifluoroborate|P(tBu)3|Et3N|THF
well_6e00f63081c68b1f,6-BF3K-Q,aryl-bromide,XPhos,KOH,MeCN,6-BF3K-Q|aryl-bromide|XPhos|KOH|MeCN
well_6e0d1e02f24f4159,6-Br-Q,boronic-ester,SPhos,K3PO4,THF,6-Br-Q|boronic-ester|SPhos|K3PO4|THF
well_6e24d95d14a62af6,6-BOH2-Q,aryl-bromide,Xantphos,Et3N,MeOH-H2O-v2,6-BOH2-Q|aryl-bromide|Xantphos|Et3N|MeOH-H2O-v2
well_6e7982d0e5362a84,6-OTf-Q,trifluoroborate,SPhos,CsF,MeOH,6-OTf-Q|trifluoroborate|SPhos|CsF|MeOH
well_6e87c4207a43c0fb,6-BF3K-Q,aryl-bromide,dppf,None,DMF,6-BF3K-Q|aryl-bromide|dppf|None|DMF
well_6ea49134f525d1be,6-Br-Q,boronic-acid,P(Ph)3,CsF,DMF,6-Br-Q|boronic-acid|P(Ph)3|CsF|DMF
well_6ea6fc88e4044749,6-OTf-Q,trifluoroborate,Xantphos,NaHCO3,DMF,6-OTf-Q|trifluoroborate|Xantphos|NaHCO3|DMF
well_6eb0a7322a9ca82e,6-Br-Q,trifluoroborate,CataCXium A,LiOtBu,DMF,6-Br-Q|trifluoroborate|CataCXium A|LiOtBu|DMF
well_6eba422c0ffaeb13,6-Br-Q,trifluoroborate,None,CsF,DMF,6-Br-Q|trifluoroborate|None|CsF|DMF
well_6ed0462789dda964,6-I-Q,boronic-ester,AmPhos,None,DMF,6-I-Q|boronic-ester|AmPhos|None|DMF
well_6edc8d859bf24de4,6-OTf-Q,trifluoroborate,P(Ph)3,Et3N,DMF,6-OTf-Q|trifluoroborate|P(Ph)3|Et3N|DMF
well_6edf12e785e8f314,6-I-Q,boronic-ester,P(tBu)3,CsF,DMF,6-I-Q|boronic-ester|P(tBu)3|CsF|DMF
well_6f167d41f9e362c4,6-Br-Q,trifluoroborate,dtbpf,KOH,DMF,6-Br-Q|trifluoroborate|dtbpf|KOH|DMF
well_6f42320e8198f0bd,6-OTf-Q,boronic-ester,None,NaHCO3,MeOH,6-OTf-Q|boronic-ester|None|NaHCO3|MeOH
well_6f45729b4ff96afa,6-OTf-Q,boronic-acid,AmPhos,NaHCO3,MeOH,6-OTf-Q|boronic-acid|AmPhos|NaHCO3|MeOH
well_6f4ccbff3536223b,6-BPin-Q,aryl-bromide,None,K3PO4,DMF,6-BPin-Q|aryl-bromide|None|K3PO4|DMF
well_6f62712ecc034179,6-Br-Q,boronic-ester,P(Cy)3,NaHCO3,DMF,6-Br-Q|boronic-ester|P(Cy)3|NaHCO3|DMF
well_6f6bca0d968609ac,6-Br-Q,trifluoroborate,P(tBu)3,CsF,DMF,6-Br-Q|trifluoroborate|P(tBu)3|CsF|DMF
well_6f74c7fc2cfca785,6-BPin-Q,aryl-bromide,P(o-Tol)3,NaHCO3,MeCN,6-BPin-Q|aryl-bromide|P(o-Tol)3|NaHCO3|MeCN
well_6f9ad62c351f2d47,6-BF3K-Q,aryl-bromide,None,NaOH,DMF,6-BF3K-Q|aryl-bromide|None|NaOH|DMF
well_6faa3c033ccad433,6-Br-Q,boronic-acid,P(Ph)3,NaHCO3,DMF,6-Br-Q|boronic-acid|P(Ph)3|NaHCO3|DMF
well_6fb3e5634dd35fc6,6-I-Q,trifluoroborate,CataCXium A,Et3N,MeCN,6-I-Q|trifluoroborate|CataCXium A|Et3N|MeCN
well_6fb8bdf3d672903f,6-I-Q,boronic-ester,None,KOH,THF,6-I-Q|boronic-ester|None|KOH|THF
well_6fba9d79fd53a1bb,6-I-Q,boronic-ester,P(Cy)3,CsF,MeCN,6-I-Q|boronic-ester|P(Cy)3|CsF|MeCN
well_700adb45ce14b9bd,6-BOH2-Q,aryl-bromide,P(Cy)3,None,THF-v2,6-BOH2-Q|aryl-bromide|P(Cy)3|None|THF-v2
well_7018bed3816839c3,6-BPin-Q,aryl-bromide,dppf,LiOtBu,MeOH,6-BPin-Q|aryl-bromide|dppf|LiOtBu|MeOH
well_701994b0ea17dbb5,6-BF3K-Q,aryl-bromide,dppf,LiOtBu,THF,6-BF3K-Q|aryl-bromide|dppf|LiOtBu|THF
well_7024cc983a19ff6a,6-BOH2-Q,aryl-bromide,CataCXium A,NaOH,MeOH-H2O-v2,6-BOH2-Q|aryl-bromide|CataCXium A|NaOH|MeOH-H2O-v2
well_706a5317cfec2d47,6-I-Q,trifluoroborate,CataCXium A,NaHCO3,DMF,6-I-Q|trifluoroborate|CataCXium A|NaHCO3|DMF
well_70901a05d1cd3b15,6-BOH2-Q,aryl-bromide,XPhos,KOH,DMF,6-BOH2-Q|aryl-bromide|XPhos|KOH|DMF
well_70a7201b3175feb0,6-BOH2-Q,aryl-bromide,SPhos,None,MeCN,6-BOH2-Q|aryl-bromide|SPhos|None|MeCN
well_70bc4e8b80061e1b,6-I-Q,boronic-acid,dppf,CsF,MeOH,6-I-Q|boronic-acid|dppf|CsF|MeOH
well_70c817af46f9f4cf,6-BPin-Q,aryl-bromide,dppf,None,THF,6-BPin-Q|aryl-bromide|dppf|None|THF
well_70dc2b72dcd7e265,6-OTf-Q,boronic-ester,P(Ph)3,LiOtBu,MeCN,6-OTf-Q|boronic-ester|P(Ph)3|LiOtBu|MeCN
well_71126012d37bcad5,6-Br-Q,boronic-acid,CataCXium A,NaOH,MeOH,6-Br-Q|boronic-acid|CataCXium A|NaOH|MeOH
well_71162f8561bc5efa,6-BPin-Q,aryl-bromide,P(Ph)3,None,DMF,6-BPin-Q|aryl-bromide|P(Ph)3|None|DMF
well_7118dea9e306f64b,6-BPin-Q,aryl-bromide,XPhos,CsF,MeOH,6-BPin-Q|aryl-bromide|XPhos|CsF|MeOH
well_7136f419ad2055fa,6-I-Q,boronic-acid,P(o-Tol)3,Et3N,DMF,6-I-Q|boronic-acid|P(o-Tol)3|Et3N|DMF
well_7144e033f747296c,6-Br-Q,trifluoroborate,Xantphos,NaHCO3,MeCN,6-Br-Q|trifluoroborate|Xantphos|NaHCO3|MeCN
well_719292443c0c56f4,6-BPin-Q,aryl-bromide,SPhos,NaOH,MeCN,6-BPin-Q|aryl-bromide|SPhos|NaOH|MeCN
well_71b3cf3649f517d9,6-BOH2-Q,aryl-bromide,P(Ph)3,NaHCO3,MeOH-H2O-v2,6-BOH2-Q|aryl-bromide|P(Ph)3|NaHCO3|MeOH-H2O-v2
well_71c3cfc6645204cb,6-OTf-Q,boronic-acid,SPhos,Et3N,MeCN,6-OTf-Q|boronic-acid|SPhos|Et3N|MeCN
well_71cb55801ea9bd5a,6-Br-Q,trifluoroborate,P(Ph)3,CsF,DMF,6-Br-Q|trifluoroborate|P(Ph)3|CsF|DMF
well_71cee053b4531b85,6-OTf-Q,boronic-ester,P(o-Tol)3,CsF,MeOH,6-OTf-Q|boronic-ester|P(o-Tol)3|CsF|MeOH
well_71dfc3f9089b9916,6-BPin-Q,aryl-bromide,None,KOH,MeOH,6-BPin-Q|aryl-bromide|None|KOH|MeOH
well_72014017a5155c25,6-I-Q,trifluoroborate,XPhos,LiOtBu,MeCN,6-I-Q|trifluoroborate|XPhos|LiOtBu|MeCN
well_720db8a582d2c900,6-OTf-Q,boronic-acid,P(tBu)3,NaOH,MeCN,6-OTf-Q|boronic-acid|P(tBu)3|NaOH|MeCN
well_7261d54e3ccb62b2,6-Br-Q,trifluoroborate,XPhos,NaOH,MeCN,6-Br-Q|trifluoroborate|XPhos|NaOH|MeCN
well_7263c094041db079,6-OTf-Q,boronic-ester,P(Ph)3,NaOH,MeCN,6-OTf-Q|boronic-ester|P(Ph)3|NaOH|MeCN
well_726aaaae2c6f99f6,6-OTf-Q,trifluoroborate,dppf,NaHCO3,THF,6-OTf-Q|trifluoroborate|dppf|NaHCO3|THF
well_72705d08a74c2e34,6-I-Q,boronic-acid,P(tBu)3,K3PO4,MeCN,6-I-Q|boronic-acid|P(tBu)3|K3PO4|MeCN
well_727765a2e3ea14b4,6-OTf-Q,boronic-ester,P(Ph)3,Et3N,MeCN,6-OTf-Q|boronic-ester|P(Ph)3|Et3N|MeCN
well_72a30bc4c09d6794,6-OTf-Q,boronic-acid,P(tBu)3,NaOH,MeOH,6-OTf-Q|boronic-acid|P(tBu)3|NaOH|MeOH
well_72c003d3d2e532f4,6-I-Q,boronic-acid,P(Cy)3,Et3N,MeCN,6-I-Q|boronic-acid|P(Cy)3|Et3N|MeCN
well_72c1e12b370bc76c,6-OTf-Q,trifluoroborate,P(Cy)3,None,MeCN,6-OTf-Q|trifluoroborate|P(Cy)3|None|MeCN
well_72dad381806b200f,6-OTf-Q,boronic-acid,AmPhos,KOH,MeCN,6-OTf-Q|boronic-acid|AmPhos|KOH|MeCN
well_73024030795af0b6,6-OTf-Q,boronic-acid,None,KOH,MeCN,6-OTf-Q|boronic-acid|None|KOH|MeCN
well_730b858d1615bf35,6-I-Q,boronic-ester,CataCXium A,KOH,DMF,6-I-Q|boronic-ester|CataCXium A|KOH|DMF
well_732440ffb7c37691,6-I-Q,trifluoroborate,P(Cy)3,Et3N,MeOH,6-I-Q|trifluoroborate|P(Cy)3|Et3N|MeOH
well_73a9ec8e9d43b8af,6-OTf-Q,boronic-acid,None,None,DMF,6-OTf-Q|boronic-acid|None|None|DMF
well_73bbad2ad333ff48,6-OTf-Q,boronic-ester,None,None,MeOH,6-OTf-Q|boronic-ester|None|None|MeOH
well_73d4f6ddb629c1a0,6-BOH2-Q,aryl-bromide,dtbpf,K3PO4,THF-v2,6-BOH2-Q|aryl-bromide|dtbpf|K3PO4|THF-v2
well_73d898ff5abf8eb6,6-I-Q,boronic-acid,P(tBu)3,Et3N,THF,6-I-Q|boronic-acid|P(tBu)3|Et3N|THF
well_73dbb55be2f25327,6-I-Q,trifluoroborate,P(Cy)3,K3PO4,MeOH,6-I-Q|trifluoroborate|P(Cy)3|K3PO4|MeOH
well_74091c003055b036,6-BOH2-Q,aryl-bromide,P(tBu)3,K3PO4,THF-v2,6-BOH2-Q|aryl-bromide|P(tBu)3|K3PO4|THF-v2
well_74260af77a0a482c,6-Br-Q,trifluoroborate,XPhos,Et3N,MeCN,6-Br-Q|trifluoroborate|XPhos|Et3N|MeCN
well_7438800bd44efc9b,6-I-Q,boronic-acid,P(Ph)3,NaHCO3,THF,6-I-Q|boronic-acid|P(Ph)3|NaHCO3|THF
well_74685e6bb2b2cd64,6-OTf-Q,boronic-acid,SPhos,K3PO4,MeOH,6-OTf-Q|boronic-acid|SPhos|K3PO4|MeOH
well_74b542a45b809f9c,6-BF3K-Q,aryl-bromide,XPhos,CsF,DMF,6-BF3K-Q|aryl-bromide|XPhos|CsF|DMF
well_74b94f4423232383,6-I-Q,trifluoroborate,P(Ph)3,NaOH,MeOH,6-I-Q|trifluoroborate|P(Ph)3|NaOH|MeOH
well_74bd123ca5cfea96,6-Br-Q,trifluoroborate,dtbpf,K3PO4,DMF,6-Br-Q|trifluoroborate|dtbpf|K3PO4|DMF
well_74d964b5f9423302,6-OTf-Q,boronic-acid,Xantphos,CsF,MeCN,6-OTf-Q|boronic-acid|Xantphos|CsF|MeCN
well_751d2a41ea352128,6-BF3K-Q,aryl-bromide,None,Et3N,THF,6-BF3K-Q|aryl-bromide|None|Et3N|THF
well_7534b659b61a8a09,6-Br-Q,boronic-acid,P(o-Tol)3,None,MeCN,6-Br-Q|boronic-acid|P(o-Tol)3|None|MeCN
well_7568c615176c77cc,6-I-Q,boronic-ester,dppf,NaOH,DMF,6-I-Q|boronic-ester|dppf|NaOH|DMF
well_756b7f4db772474f,6-BOH2-Q,aryl-bromide,AmPhos,LiOtBu,DMF,6-BOH2-Q|aryl-bromide|AmPhos|LiOtBu|DMF
well_7573f351446dc406,6-OTf-Q,trifluoroborate,Xantphos,None,DMF,6-OTf-Q|trifluoroborate|Xantphos|None|DMF
well_757ed82fa52bfb08,6-BPin-Q,aryl-bromide,P(Ph)3,NaHCO3,DMF,6-BPin-Q|aryl-bromide|P(Ph)3|NaHCO3|DMF
well_75a1af84f8ec3e8c,6-OTf-Q,boronic-ester,P(Cy)3,NaOH,MeCN,6-OTf-Q|boronic-ester|P(Cy)3|NaOH|MeCN
well_75b1cab67f41c44e,6-Br-Q,boronic-acid,AmPhos,CsF,MeCN,6-Br-Q|boronic-acid|AmPhos|CsF|MeCN
well_75b5fbc14d683304,6-I-Q,boronic-ester,AmPhos,NaHCO3,DMF,6-I-Q|boronic-ester|AmPhos|NaHCO3|DMF
well_760423bc30588c96,6-Br-Q,trifluoroborate,None,NaHCO3,THF,6-Br-Q|trifluoroborate|None|NaHCO3|THF
well_760a69d74e1ffa24,6-OTf-Q,boronic-ester,P(o-Tol)3,LiOtBu,DMF,6-OTf-Q|boronic-ester|P(o-Tol)3|LiOtBu|DMF
well_763756704d4884fa,6-Br-Q,trifluoroborate,SPhos,CsF,MeOH,6-Br-Q|trifluoroborate|SPhos|CsF|MeOH
well_763f44827bc91cdf,6-OTf-Q,trifluoroborate,P(tBu)3,NaOH,MeOH,6-OTf-Q|trifluoroborate|P(tBu)3|NaOH|MeOH
well_7645e168532f6d26,6-BPin-Q,aryl-bromide,dtbpf,Et3N,THF,6-BPin-Q|aryl-bromide|dtbpf|Et3N|THF
well_764b9bdefaed53fe,6-Br-Q,boronic-ester,dppf,CsF,DMF,6-Br-Q|boronic-ester|dppf|CsF|DMF
well_7650899537a0d257,6-I-Q,trifluoroborate,Xantphos,NaHCO3,DMF,6-I-Q|trifluoroborate|Xantphos|NaHCO3|DMF
well_765205eac14bc414,6-I-Q,boronic-ester,Xantphos,KOH,THF,6-I-Q|boronic-ester|Xantphos|KOH|THF
well_76c3d446c23efad8,6-BOH2-Q,aryl-bromide,P(o-Tol)3,NaHCO3,DMF,6-BOH2-Q|aryl-bromide|P(o-Tol)3|NaHCO3|DMF
well_76d33e68f838d9cc,6-OTf-Q,boronic-acid,P(o-Tol)3,CsF,MeOH,6-OTf-Q|boronic-acid|P(o-Tol)3|CsF|MeOH
well_76f7d3bd7bd66955,6-I-Q,trifluoroborate,P(o-Tol)3,KOH,MeCN,6-I-Q|trifluoroborate|P(o-Tol)3|KOH|MeCN
well_76fbfe878697f31d,6-I-Q,boronic-ester,SPhos,NaOH,THF,6-I-Q|boronic-ester|SPhos|NaOH|THF
well_76ff5ae6ef5c638d,6-BOH2-Q,aryl-bromide,SPhos,None,THF-v2,6-BOH2-Q|aryl-bromide|SPhos|None|THF-v2
well_77318acc29dac11d,6-Br-Q,boronic-acid,AmPhos,LiOtBu,THF,6-Br-Q|boronic-acid|AmPhos|LiOtBu|THF
well_777081331e0e7027,6-OTf-Q,boronic-acid,P(Ph)3,Et3N,DMF,6-OTf-Q|boronic-acid|P(Ph)3|Et3N|DMF
well_777131c56396d291,6-OTf-Q,trifluoroborate,P(o-Tol)3,NaOH,MeCN,6-OTf-Q|trifluoroborate|P(o-Tol)3|NaOH|MeCN
well_777ec779fb86a1ae,6-OTf-Q,boronic-ester,AmPhos,K3PO4,DMF,6-OTf-Q|boronic-ester|AmPhos|K3PO4|DMF
well_779630cd90252f9d,6-Br-Q,boronic-ester,P(o-Tol)3,K3PO4,MeOH,6-Br-Q|boronic-ester|P(o-Tol)3|K3PO4|MeOH
well_779d9054a802fc94,6-BOH2-Q,aryl-bromide,P(o-Tol)3,Et3N,THF-v2,6-BOH2-Q|aryl-bromide|P(o-Tol)3|Et3N|THF-v2
well_779ee276ab95d7d2,6-BOH2-Q,aryl-bromide,dtbpf,NaHCO3,MeCN,6-BOH2-Q|aryl-bromide|dtbpf|NaHCO3|MeCN
well_77aa2fed40019dcc,6-BF3K-Q,aryl-bromide,CataCXium A,None,THF,6-BF3K-Q|aryl-bromide|CataCXium A|None|THF
well_77c60b2d7cbbe3c2,6-OTf-Q,boronic-acid,AmPhos,Et3N,DMF,6-OTf-Q|boronic-acid|AmPhos|Et3N|DMF
well_77c6de8c80502e82,6-I-Q,trifluoroborate,dtbpf,CsF,THF,6-I-Q|trifluoroborate|dtbpf|CsF|THF
well_77d64c8ee3617f49,6-Br-Q,boronic-acid,dppf,LiOtBu,MeOH,6-Br-Q|boronic-acid|dppf|LiOtBu|MeOH
well_77dce4c42ab5d18c,6-I-Q,trifluoroborate,CataCXium A,None,DMF,6-I-Q|trifluoroborate|CataCXium A|None|DMF
well_77e22eac797e7994,6-BPin-Q,aryl-bromide,P(o-Tol)3,K3PO4,MeOH,6-BPin-Q|aryl-bromide|P(o-Tol)3|K3PO4|MeOH
well_77ef1ea5e2cfbc68,6-Br-Q,boronic-acid,Xantphos,Et3N,MeOH,6-Br-Q|boronic-acid|Xantphos|Et3N|MeOH
well_77f54cf9f763863f,6-BPin-Q,aryl-bromide,P(o-Tol)3,K3PO4,MeCN,6-BPin-Q|aryl-bromide|P(o-Tol)3|K3PO4|MeCN
well_781fd4d966b7e5ed,6-Br-Q,trifluoroborate,P(Cy)3,LiOtBu,THF,6-Br-Q|trifluoroborate|P(Cy)3|LiOtBu|THF
well_78791bab1423647d,6-I-Q,trifluoroborate,P(tBu)3,CsF,MeCN,6-I-Q|trifluoroborate|P(tBu)3|CsF|MeCN
well_788159d151124ac2,6-I-Q,trifluoroborate,CataCXium A,KOH,MeCN,6-I-Q|trifluoroborate|CataCXium A|KOH|MeCN
well_78885ceca9502e82,6-I-Q,boronic-acid,dtbpf,CsF,MeCN,6-I-Q|boronic-acid|dtbpf|CsF|MeCN
well_788bc5cdd22c9581,6-BOH2-Q,aryl-bromide,AmPhos,KOH,MeCN,6-BOH2-Q|aryl-bromide|AmPhos|KOH|MeCN
well_789260bb5b59327f,6-Br-Q,boronic-ester,P(Cy)3,K3PO4,DMF,6-Br-Q|boronic-ester|P(Cy)3|K3PO4|DMF
well_7894825a230f9561,6-OTf-Q,boronic-ester,P(o-Tol)3,None,DMF,6-OTf-Q|boronic-ester|P(o-Tol)3|None|DMF
well_78a008a8cb68467b,6-BF3K-Q,aryl-bromide,AmPhos,K3PO4,THF,6-BF3K-Q|aryl-bromide|AmPhos|K3PO4|THF
well_78b9044f9a319b9d,6-Br-Q,boronic-acid,dppf,KOH,MeCN,6-Br-Q|boronic-acid|dppf|KOH|MeCN
well_78c4af4353527d47,6-I-Q,boronic-acid,None,LiOtBu,MeOH,6-I-Q|boronic-acid|None|LiOtBu|MeOH
well_78d7a5584501ff99,6-OTf-Q,boronic-acid,CataCXium A,K3PO4,DMF,6-OTf-Q|boronic-acid|CataCXium A|K3PO4|DMF
well_78dfad69fb539c23,6-Br-Q,trifluoroborate,SPhos,Et3N,MeOH,6-Br-Q|trifluoroborate|SPhos|Et3N|MeOH
well_78e1086b5cda80af,6-BPin-Q,aryl-bromide,None,LiOtBu,THF,6-BPin-Q|aryl-bromide|None|LiOtBu|THF
well_78e9e027fb57aff6,6-I-Q,trifluoroborate,Xantphos,Et3N,DMF,6-I-Q|trifluoroborate|Xantphos|Et3N|DMF
well_78f0e4ac4d92b0a0,6-BOH2-Q,aryl-bromide,XPhos,NaOH,DMF,6-BOH2-Q|aryl-bromide|XPhos|NaOH|DMF
well_78f70c92e4ddb91f,6-Br-Q,boronic-acid,Xantphos,NaHCO3,MeCN,6-Br-Q|boronic-acid|Xantphos|NaHCO3|MeCN
well_78fa58e5b46c5f3a,6-OTf-Q,boronic-ester,None,K3PO4,MeOH,6-OTf-Q|boronic-ester|None|K3PO4|MeOH
well_791e19a6a87e7d82,6-BPin-Q,aryl-bromide,AmPhos,None,THF,6-BPin-Q|aryl-bromide|AmPhos|None|THF
well_7922098762262ac9,6-OTf-Q,boronic-acid,SPhos,CsF,MeOH,6-OTf-Q|boronic-acid|SPhos|CsF|MeOH
well_7935bf0f604dbb15,6-I-Q,boronic-ester,P(o-Tol)3,K3PO4,MeOH,6-I-Q|boronic-ester|P(o-Tol)3|K3PO4|MeOH
well_794af4ac13ff8971,6-OTf-Q,trifluoroborate,dtbpf,KOH,THF,6-OTf-Q|trifluoroborate|dtbpf|KOH|THF
well_795ed64111dab305,6-I-Q,boronic-acid,Xantphos,CsF,DMF,6-I-Q|boronic-acid|Xantphos|CsF|DMF
well_798847f9b4427bcf,6-Br-Q,boronic-ester,XPhos,NaOH,THF,6-Br-Q|boronic-ester|XPhos|NaOH|THF
well_7993b1d5ec52e0d3,6-I-Q,boronic-acid,dtbpf,LiOtBu,MeOH,6-I-Q|boronic-acid|dtbpf|LiOtBu|MeOH
well_7996c93114568324,6-Br-Q,trifluoroborate,P(tBu)3,NaHCO3,MeCN,6-Br-Q|trifluoroborate|P(tBu)3|NaHCO3|MeCN
well_79d286f1d82b5330,6-BOH2-Q,aryl-bromide,P(tBu)3,None,MeOH-H2O-v2,6-BOH2-Q|aryl-bromide|P(tBu)3|None|MeOH-H2O-v2
well_79d6ccdca0b1baa8,6-Br-Q,boronic-ester,XPhos,NaHCO3,THF,6-Br-Q|boronic-ester|XPhos|NaHCO3|THF
well_79dae9ab82695b80,6-I-Q,trifluoroborate,Xantphos,None,DMF,6-I-Q|trifluoroborate|Xantphos|None|DMF
well_79de10a3a5072b7e,6-I-Q,boronic-ester,dppf,NaOH,MeOH,6-I-Q|boronic-ester|dppf|NaOH|MeOH
well_79f450e7fcfa7c4f,6-OTf-Q,boronic-acid,dppf,LiOtBu,THF,6-OTf-Q|boronic-acid|dppf|LiOtBu|THF
well_7a1126ad034c2469,6-BF3K-Q,aryl-bromide,P(Cy)3,None,DMF,6-BF3K-Q|aryl-bromide|P(Cy)3|None|DMF
well_7a24a0d1ee3fc64c,6-I-Q,boronic-ester,dtbpf,None,MeCN,6-I-Q|boronic-ester|dtbpf|None|MeCN
well_7a55ac85c319e81a,6-BOH2-Q,aryl-bromide,P(o-Tol)3,KOH,MeCN,6-BOH2-Q|aryl-bromide|P(o-Tol)3|KOH|MeCN
well_7a96461911e95e1a,6-BPin-Q,aryl-bromide,SPhos,Et3N,MeCN,6-BPin-Q|aryl-bromide|SPhos|Et3N|MeCN
well_7aa17c63610f5912,6-Br-Q,boronic-ester,AmPhos,None,DMF,6-Br-Q|boronic-ester|AmPhos|None|DMF
well_7ab1401434ed8b74,6-Br-Q,trifluoroborate,P(Ph)3,NaHCO3,DMF,6-Br-Q|trifluoroborate|P(Ph)3|NaHCO3|DMF
well_7ab71d24410ea596,6-OTf-Q,boronic-acid,P(o-Tol)3,K3PO4,MeCN,6-OTf-Q|boronic-acid|P(o-Tol)3|K3PO4|MeCN
well_7aba3b4a07133290,6-I-Q,boronic-ester,CataCXium A,LiOtBu,MeOH,6-I-Q|boronic-ester|CataCXium A|LiOtBu|MeOH
well_7b1931107f300c04,6-OTf-Q,boronic-ester,dtbpf,CsF,MeOH,6-OTf-Q|boronic-ester|dtbpf|CsF|MeOH
well_7b1ab654fe0314be,6-BPin-Q,aryl-bromide,XPhos,Et3N,DMF,6-BPin-Q|aryl-bromide|XPhos|Et3N|DMF
well_7b3168915b457f7c,6-BOH2-Q,aryl-bromide,P(Cy)3,LiOtBu,MeOH-H2O-v2,6-BOH2-Q|aryl-bromide|P(Cy)3|LiOtBu|MeOH-H2O-v2
well_7b51fd3b8154f0dc,6-I-Q,boronic-acid,P(Ph)3,LiOtBu,DMF,6-I-Q|boronic-acid|P(Ph)3|LiOtBu|DMF
well_7b521ac0ad619e7a,6-OTf-Q,boronic-ester,dtbpf,KOH,MeOH,6-OTf-Q|boronic-ester|dtbpf|KOH|MeOH
well_7b97c6ce4fc6c172,6-Br-Q,trifluoroborate,P(Ph)3,NaOH,MeOH,6-Br-Q|trifluoroborate|P(Ph)3|NaOH|MeOH
well_7bbf8676243edc61,6-Br-Q,boronic-acid,SPhos,Et3N,THF,6-Br-Q|boronic-acid|SPhos|Et3N|THF
well_7bc420a0c76abfe0,6-BOH2-Q,aryl-bromide,XPhos,None,THF-v2,6-BOH2-Q|aryl-bromide|XPhos|None|THF-v2
well_7bf3acd11250614e,6-I-Q,trifluoroborate,dtbpf,LiOtBu,DMF,6-I-Q|trifluoroborate|dtbpf|LiOtBu|DMF
well_7c154acdb5c9b3ec,6-BF3K-Q,aryl-bromide,dtbpf,KOH,MeOH,6-BF3K-Q|aryl-bromide|dtbpf|KOH|MeOH
well_7c235c3e5eea0ed1,6-I-Q,boronic-ester,P(Ph)3,NaHCO3,MeOH,6-I-Q|boronic-ester|P(Ph)3|NaHCO3|MeOH
well_7c3c9947354f23a6,6-BOH2-Q,aryl-bromide,SPhos,KOH,DMF,6-BOH2-Q|aryl-bromide|SPhos|KOH|DMF
well_7c5730995fd7c1c9,6-OTf-Q,trifluoroborate,SPhos,K3PO4,THF,6-OTf-Q|trifluoroborate|SPhos|K3PO4|THF
well_7c6938b926b946aa,6-I-Q,boronic-acid,None,K3PO4,DMF,6-I-Q|boronic-acid|None|K3PO4|DMF
well_7c8937a97e5c6b20,6-I-Q,boronic-ester,P(Ph)3,Et3N,DMF,6-I-Q|boronic-ester|P(Ph)3|Et3N|DMF
well_7c92a6425cc6e9ba,6-Br-Q,boronic-acid,CataCXium A,NaHCO3,MeOH,6-Br-Q|boronic-acid|CataCXium A|NaHCO3|MeOH
well_7c9699f00b84cd49,6-Br-Q,boronic-ester,None,KOH,THF,6-Br-Q|boronic-ester|None|KOH|THF
well_7ca017e4df76b3f5,6-OTf-Q,boronic-ester,None,LiOtBu,THF,6-OTf-Q|boronic-ester|None|LiOtBu|THF
well_7ca4753299e2ef6a,6-BF3K-Q,aryl-bromide,P(Cy)3,NaOH,MeCN,6-BF3K-Q|aryl-bromide|P(Cy)3|NaOH|MeCN
well_7caa3973c6605b8c,6-OTf-Q,trifluoroborate,CataCXium A,None,MeCN,6-OTf-Q|trifluoroborate|CataCXium A|None|MeCN
well_7cbbdf56155bccef,6-OTf-Q,trifluoroborate,AmPhos,NaOH,THF,6-OTf-Q|trifluoroborate|AmPhos|NaOH|THF
well_7cc2609d90f1469c,6-OTf-Q,trifluoroborate,P(tBu)3,K3PO4,DMF,6-OTf-Q|trifluoroborate|P(tBu)3|K3PO4|DMF
well_7cdbc2937f543deb,6-Br-Q,trifluoroborate,Xantphos,CsF,MeCN,6-Br-Q|trifluoroborate|Xantphos|CsF|MeCN
well_7cdf326d25b3ee2b,6-BOH2-Q,aryl-bromide,P(Ph)3,CsF,DMF,6-BOH2-Q|aryl-bromide|P(Ph)3|CsF|DMF
well_7cebcb2fc00b80fb,6-Br-Q,boronic-acid,XPhos,LiOtBu,THF,6-Br-Q|boronic-acid|XPhos|LiOtBu|THF
well_7d28162877e97881,6-BPin-Q,aryl-bromide,XPhos,KOH,MeCN,6-BPin-Q|aryl-bromide|XPhos|KOH|MeCN
well_7d2bca2aeeb56627,6-Br-Q,trifluoroborate,SPhos,None,MeCN,6-Br-Q|trifluoroborate|SPhos|None|MeCN
well_7d4850a26baef1ff,6-OTf-Q,trifluoroborate,dtbpf,CsF,MeOH,6-OTf-Q|trifluoroborate|dtbpf|CsF|MeOH
well_7d4ad9c9b9f4ff1b,6-Br-Q,trifluoroborate,CataCXium A,KOH,MeCN,6-Br-Q|trifluoroborate|CataCXium A|KOH|MeCN
well_7d5d5da132fc00cc,6-I-Q,trifluoroborate,XPhos,Et3N,THF,6-I-Q|trifluoroborate|XPhos|Et3N|THF
well_7d8619c26d5b3a55,6-OTf-Q,boronic-ester,P(tBu)3,Et3N,DMF,6-OTf-Q|boronic-ester|P(tBu)3|Et3N|DMF
well_7d8639f91ce83677,6-OTf-Q,boronic-acid,P(tBu)3,KOH,DMF,6-OTf-Q|boronic-acid|P(tBu)3|KOH|DMF
well_7db884cfb8e605c8,6-Br-Q,trifluoroborate,P(o-Tol)3,CsF,MeOH,6-Br-Q|trifluoroborate|P(o-Tol)3|CsF|MeOH
well_7dd8fc56d9fffd24,6-OTf-Q,boronic-ester,SPhos,None,THF,6-OTf-Q|boronic-ester|SPhos|None|THF
well_7deae5e4ead96830,6-OTf-Q,boronic-acid,XPhos,K3PO4,THF,6-OTf-Q|boronic-acid|XPhos|K3PO4|THF
well_7e062f1f6512e15d,6-I-Q,boronic-acid,P(tBu)3,LiOtBu,MeOH,6-I-Q|boronic-acid|P(tBu)3|LiOtBu|MeOH
well_7e123e76629971b0,6-OTf-Q,trifluoroborate,P(o-Tol)3,LiOtBu,MeCN,6-OTf-Q|trifluoroborate|P(o-Tol)3|LiOtBu|MeCN
well_7e2f5b7aedf5f32a,6-Br-Q,trifluoroborate,None,None,DMF,6-Br-Q|trifluoroborate|None|None|DMF
well_7e3116ebd918da06,6-BF3K-Q,aryl-bromide,XPhos,NaOH,DMF,6-BF3K-Q|aryl-bromide|XPhos|NaOH|DMF
well_7e614e76ceedb5d9,6-Br-Q,boronic-ester,SPhos,KOH,THF,6-Br-Q|boronic-ester|SPhos|KOH|THF
well_7e6bcf122c3fe01e,6-BF3K-Q,aryl-bromide,None,NaHCO3,DMF,6-BF3K-Q|aryl-bromide|None|NaHCO3|DMF
well_7e7cd77cfa286640,6-I-Q,trifluoroborate,P(Cy)3,NaOH,DMF,6-I-Q|trifluoroborate|P(Cy)3|NaOH|DMF
well_7e7e98f634c9d257,6-BF3K-Q,aryl-bromide,P(Cy)3,NaOH,DMF,6-BF3K-Q|aryl-bromide|P(Cy)3|NaOH|DMF
well_7e8c7c3c2c239b14,6-I-Q,boronic-ester,P(tBu)3,LiOtBu,DMF,6-I-Q|boronic-ester|P(tBu)3|LiOtBu|DMF
well_7e8f1eedfd3c6ef6,6-BF3K-Q,aryl-bromide,P(Cy)3,KOH,THF,6-BF3K-Q|aryl-bromide|P(Cy)3|KOH|THF
well_7ec5ab07428634da,6-I-Q,boronic-acid,SPhos,LiOtBu,MeCN,6-I-Q|boronic-acid|SPhos|LiOtBu|MeCN
well_7eda3d66f372c494,6-BPin-Q,aryl-bromide,dtbpf,NaHCO3,THF,6-BPin-Q|aryl-bromide|dtbpf|NaHCO3|THF
well_7edcbf77bfb9373b,6-Br-Q,boronic-ester,P(Ph)3,LiOtBu,MeOH,6-Br-Q|boronic-ester|P(Ph)3|LiOtBu|MeOH
well_7eec4f7a2378dd8a,6-BF3K-Q,aryl-bromide,CataCXium A,None,MeOH,6-BF3K-Q|aryl-bromide|CataCXium A|None|MeOH
well_7ef4b376f1f0ec66,6-I-Q,boronic-ester,XPhos,KOH,THF,6-I-Q|boronic-ester|XPhos|KOH|THF
well_7f198e329bd115dc,6-Br-Q,boronic-acid,SPhos,Et3N,MeCN,6-Br-Q|boronic-acid|SPhos|Et3N|MeCN
well_7f357062841c395e,6-OTf-Q,boronic-ester,None,KOH,MeOH,6-OTf-Q|boronic-ester|None|KOH|MeOH
well_7f41fdb4b73b716c,6-OTf-Q,boronic-ester,P(tBu)3,NaHCO3,MeCN,6-OTf-Q|boronic-ester|P(tBu)3|NaHCO3|MeCN
well_7f711b712d8240a1,6-I-Q,trifluoroborate,AmPhos,Et3N,MeCN,6-I-Q|trifluoroborate|AmPhos|Et3N|MeCN
well_7f9f14ef55fbcfca,6-BF3K-Q,aryl-bromide,CataCXium A,K3PO4,MeCN,6-BF3K-Q|aryl-bromide|CataCXium A|K3PO4|MeCN
well_7fad02ef06ad192f,6-I-Q,boronic-ester,SPhos,Et3N,MeOH,6-I-Q|boronic-ester|SPhos|Et3N|MeOH
well_7fccccf7767de532,6-BOH2-Q,aryl-bromide,None,KOH,THF-v2,6-BOH2-Q|aryl-bromide|None|KOH|THF-v2
well_7fec76a03ed4adae,6-Br-Q,boronic-acid,P(Cy)3,CsF,DMF,6-Br-Q|boronic-acid|P(Cy)3|CsF|DMF
well_7ff96ba5a10a1497,6-OTf-Q,boronic-ester,XPhos,K3PO4,MeOH,6-OTf-Q|boronic-ester|XPhos|K3PO4|MeOH
well_7fff5cd2f1d5fe04,6-I-Q,boronic-ester,Xantphos,KOH,MeCN,6-I-Q|boronic-ester|Xantphos|KOH|MeCN
well_8036453fab1e9716,6-BOH2-Q,aryl-bromide,SPhos,Et3N,DMF,6-BOH2-Q|aryl-bromide|SPhos|Et3N|DMF
well_803fd659a40617f9,6-I-Q,boronic-acid,XPhos,LiOtBu,MeOH,6-I-Q|boronic-acid|XPhos|LiOtBu|MeOH
well_80632af951f89a39,6-OTf-Q,boronic-ester,XPhos,KOH,MeOH,6-OTf-Q|boronic-ester|XPhos|KOH|MeOH
well_80647cb9a1f9a32d,6-BOH2-Q,aryl-bromide,dtbpf,CsF,THF-v2,6-BOH2-Q|aryl-bromide|dtbpf|CsF|THF-v2
well_8077b8eaac28fac1,6-BPin-Q,aryl-bromide,CataCXium A,CsF,MeCN,6-BPin-Q|aryl-bromide|CataCXium A|CsF|MeCN
well_808a71f89a989248,6-BOH2-Q,aryl-bromide,XPhos,NaOH,MeOH-H2O-v2,6-BOH2-Q|aryl-bromide|XPhos|NaOH|MeOH-H2O-v2
well_80d04b1600866629,6-Br-Q,boronic-acid,P(Cy)3,CsF,THF,6-Br-Q|boronic-acid|P(Cy)3|CsF|THF
well_80e16c722449b4f8,6-Br-Q,boronic-ester,Xantphos,K3PO4,MeOH,6-Br-Q|boronic-ester|Xantphos|K3PO4|MeOH
well_80e358b0b29fa76a,6-Br-Q,boronic-acid,P(tBu)3,NaOH,MeOH,6-Br-Q|boronic-acid|P(tBu)3|NaOH|MeOH
well_80f939256f932f40,6-BF3K-Q,aryl-bromide,dtbpf,LiOtBu,DMF,6-BF3K-Q|aryl-bromide|dtbpf|LiOtBu|DMF
well_80ffc12985a411b5,6-OTf-Q,boronic-acid,dppf,NaOH,MeOH,6-OTf-Q|boronic-acid|dppf|NaOH|MeOH
well_8107f665535e0fd0,6-I-Q,boronic-ester,Xantphos,CsF,THF,6-I-Q|boronic-ester|Xantphos|CsF|THF
well_810b151ba837f4da,6-Br-Q,boronic-acid,CataCXium A,NaOH,MeCN,6-Br-Q|boronic-acid|CataCXium A|NaOH|MeCN
well_8116160169f33a9d,6-BPin-Q,aryl-bromide,dppf,None,DMF,6-BPin-Q|aryl-bromide|dppf|None|DMF
well_81a27b87aaf8de63,6-BOH2-Q,aryl-bromide,Xantphos,CsF,DMF,6-BOH2-Q|aryl-bromide|Xantphos|CsF|DMF
well_81a6aae670543097,6-Br-Q,trifluoroborate,dppf,KOH,MeCN,6-Br-Q|trifluoroborate|dppf|KOH|MeCN
well_81a9ad79aebf094f,6-I-Q,boronic-ester,Xantphos,LiOtBu,MeCN,6-I-Q|boronic-ester|Xantphos|LiOtBu|MeCN
well_81aa902163dbbb1c,6-Br-Q,boronic-acid,Xantphos,NaOH,DMF,6-Br-Q|boronic-acid|Xantphos|NaOH|DMF
well_81afdbe514f75ffe,6-BOH2-Q,aryl-bromide,Xantphos,LiOtBu,MeOH-H2O-v2,6-BOH2-Q|aryl-bromide|Xantphos|LiOtBu|MeOH-H2O-v2
well_81ca2ca0bb8d2645,6-Br-Q,boronic-acid,XPhos,LiOtBu,MeOH,6-Br-Q|boronic-acid|XPhos|LiOtBu|MeOH
well_81d4720e7a5e74d9,6-OTf-Q,trifluoroborate,CataCXium A,KOH,MeOH,6-OTf-Q|trifluoroborate|CataCXium A|KOH|MeOH
well_81de4f85e1e8b5d9,6-Br-Q,boronic-ester,P(Ph)3,LiOtBu,DMF,6-Br-Q|boronic-ester|P(Ph)3|LiOtBu|DMF
well_81e3221d132c5415,6-Br-Q,boronic-ester,Xantphos,Et3N,MeCN,6-Br-Q|boronic-ester|Xantphos|Et3N|MeCN
well_81f87bde2a601e24,6-I-Q,boronic-ester,XPhos,CsF,THF,6-I-Q|boronic-ester|XPhos|CsF|THF
well_8216064b84b596da,6-OTf-Q,boronic-ester,dtbpf,Et3N,THF,6-OTf-Q|boronic-ester|dtbpf|Et3N|THF
well_82284b8550df7cc1,6-OTf-Q,boronic-ester,P(tBu)3,NaOH,THF,6-OTf-Q|boronic-ester|P(tBu)3|NaOH|THF
well_824e67547131fd33,6-BOH2-Q,aryl-bromide,P(tBu)3,K3PO4,DMF,6-BOH2-Q|aryl-bromide|P(tBu)3|K3PO4|DMF
well_827b4ee2d0723d4d,6-I-Q,boronic-acid,AmPhos,NaOH,MeCN,6-I-Q|boronic-acid|AmPhos|NaOH|MeCN
well_82803929c37627bd,6-BF3K-Q,aryl-bromide,P(Ph)3,Et3N,MeCN,6-BF3K-Q|aryl-bromide|P(Ph)3|Et3N|MeCN
well_8291b4b74a5f902a,6-I-Q,boronic-ester,AmPhos,NaOH,DMF,6-I-Q|boronic-ester|AmPhos|NaOH|DMF
well_82afad9ef7517d23,6-BOH2-Q,aryl-bromide,None,Et3N,MeCN,6-BOH2-Q|aryl-bromide|None|Et3N|MeCN
well_82ce32a0e58b7b10,6-OTf-Q,trifluoroborate,dtbpf,None,THF,6-OTf-Q|trifluoroborate|dtbpf|None|THF
well_82d74f17bc4b2828,6-OTf-Q,boronic-ester,P(Ph)3,KOH,MeOH,6-OTf-Q|boronic-ester|P(Ph)3|KOH|MeOH
well_82d8843dd2f6497b,6-BF3K-Q,aryl-bromide,dppf,NaOH,MeCN,6-BF3K-Q|aryl-bromide|dppf|NaOH|MeCN
well_82f5d6876d7c7e6c,6-I-Q,boronic-ester,dppf,NaOH,THF,6-I-Q|boronic-ester|dppf|NaOH|THF
well_8328c9ea52ff5455,6-I-Q,boronic-ester,SPhos,CsF,MeOH,6-I-Q|boronic-ester|SPhos|CsF|MeOH
well_832bc6d23157022c,6-Br-Q,trifluoroborate,XPhos,NaHCO3,MeCN,6-Br-Q|trifluoroborate|XPhos|NaHCO3|MeCN
well_834b14620e980d29,6-Br-Q,trifluoroborate,CataCXium A,NaOH,MeCN,6-Br-Q|trifluoroborate|CataCXium A|NaOH|MeCN
well_8364a686ba0691cf,6-OTf-Q,boronic-acid,None,CsF,MeCN,6-OTf-Q|boronic-acid|None|CsF|MeCN
well_836a63148bd1790f,6-OTf-Q,trifluoroborate,None,None,MeOH,6-OTf-Q|trifluoroborate|None|None|MeOH
well_836b65e03d6ea0a2,6-I-Q,boronic-ester,XPhos,NaOH,MeOH,6-I-Q|boronic-ester|XPhos|NaOH|MeOH
well_8382f86da48bfac7,6-I-Q,boronic-acid,XPhos,K3PO4,DMF,6-I-Q|boronic-acid|XPhos|K3PO4|DMF
well_83ae926376b596c4,6-BPin-Q,aryl-bromide,Xantphos,LiOtBu,MeOH,6-BPin-Q|aryl-bromide|Xantphos|LiOtBu|MeOH
well_83c9ef9363622296,6-OTf-Q,trifluoroborate,AmPhos,NaHCO3,DMF,6-OTf-Q|trifluoroborate|AmPhos|NaHCO3|DMF
well_83e8ea0cacb76e91,6-OTf-Q,trifluoroborate,dppf,None,THF,6-OTf-Q|trifluoroborate|dppf|None|THF
well_83f106cbe2d9fdb6,6-OTf-Q,boronic-ester,AmPhos,LiOtBu,THF,6-OTf-Q|boronic-ester|AmPhos|LiOtBu|THF
well_83f1197b5f75dab7,6-BPin-Q,aryl-bromide,P(Ph)3,CsF,MeCN,6-BPin-Q|aryl-bromide|P(Ph)3|CsF|MeCN
well_841c089f5db369ce,6-Br-Q,trifluoroborate,None,Et3N,THF,6-Br-Q|trifluoroborate|None|Et3N|THF
well_841dbb270a10e273,6-BOH2-Q,aryl-bromide,CataCXium A,None,MeOH-H2O-v2,6-BOH2-Q|aryl-bromide|CataCXium A|None|MeOH-H2O-v2
well_841e24ca4851e800,6-OTf-Q,boronic-acid,P(o-Tol)3,KOH,MeOH,6-OTf-Q|boronic-acid|P(o-Tol)3|KOH|MeOH
well_84372798b3016465,6-BOH2-Q,aryl-bromide,Xantphos,CsF,MeOH-H2O-v2,6-BOH2-Q|aryl-bromide|Xantphos|CsF|MeOH-H2O-v2
well_843ff0dc10f80009,6-Br-Q,boronic-acid,SPhos,CsF,THF,6-Br-Q|boronic-acid|SPhos|CsF|THF
well_845f79271c49365c,6-OTf-Q,boronic-acid,dtbpf,NaHCO3,MeCN,6-OTf-Q|boronic-acid|dtbpf|NaHCO3|MeCN
well_84afb8860eb1fe38,6-Br-Q,boronic-ester,P(Cy)3,CsF,MeCN,6-Br-Q|boronic-ester|P(Cy)3|CsF|MeCN
well_84c56e61df2e9408,6-Br-Q,trifluoroborate,P(Ph)3,CsF,MeCN,6-Br-Q|trifluoroborate|P(Ph)3|CsF|MeCN
well_84cace2ecadf5deb,6-BOH2-Q,aryl-bromide,CataCXium A,CsF,MeCN,6-BOH2-Q|aryl-bromide|CataCXium A|CsF|MeCN
well_84deb35b1708b2c2,6-BF3K-Q,aryl-bromide,P(Ph)3,K3PO4,THF,6-BF3K-Q|aryl-bromide|P(Ph)3|K3PO4|THF
well_84e7dbd359b6b97f,6-Br-Q,boronic-acid,SPhos,KOH,MeOH,6-Br-Q|boronic-acid|SPhos|KOH|MeOH
well_84f16c411056b9dc,6-OTf-Q,boronic-ester,None,KOH,MeCN,6-OTf-Q|boronic-ester|None|KOH|MeCN
well_84f6c2089907ff15,6-Br-Q,boronic-ester,XPhos,LiOtBu,MeCN,6-Br-Q|boronic-ester|XPhos|LiOtBu|MeCN
well_84febc63596a4424,6-I-Q,boronic-acid,None,NaHCO3,MeOH,6-I-Q|boronic-acid|None|NaHCO3|MeOH
well_85082e8edcb19560,6-Br-Q,boronic-ester,dppf,NaHCO3,THF,6-Br-Q|boronic-ester|dppf|NaHCO3|THF
well_852a5e6a346defe9,6-BPin-Q,aryl-bromide,dtbpf,K3PO4,MeCN,6-BPin-Q|aryl-bromide|dtbpf|K3PO4|MeCN
well_854bae155008634d,6-Br-Q,trifluoroborate,P(Ph)3,KOH,THF,6-Br-Q|trifluoroborate|P(Ph)3|KOH|THF
well_8558a98dfd43d7a7,6-Br-Q,boronic-acid,P(Cy)3,LiOtBu,THF,6-Br-Q|boronic-acid|P(Cy)3|LiOtBu|THF
well_85d656c5826622ae,6-BPin-Q,aryl-bromide,P(Ph)3,Et3N,DMF,6-BPin-Q|aryl-bromide|P(Ph)3|Et3N|DMF
well_85fddf164ce356d8,6-BF3K-Q,aryl-bromide,dtbpf,Et3N,MeOH,6-BF3K-Q|aryl-bromide|dtbpf|Et3N|MeOH
well_8607bb490d8da6e6,6-I-Q,boronic-acid,dtbpf,None,THF,6-I-Q|boronic-acid|dtbpf|None|THF
well_8615a5b00d891ae9,6-I-Q,trifluoroborate,AmPhos,NaOH,DMF,6-I-Q|trifluoroborate|AmPhos|NaOH|DMF
well_868485fbb7db1114,6-BOH2-Q,aryl-bromide,dtbpf,CsF,MeCN,6-BOH2-Q|aryl-bromide|dtbpf|CsF|MeCN
well_868e2b0a63c1ae5c,6-OTf-Q,boronic-acid,P(Ph)3,KOH,MeOH,6-OTf-Q|boronic-acid|P(Ph)3|KOH|MeOH
well_869d8a887651385f,6-I-Q,boronic-ester,Xantphos,K3PO4,DMF,6-I-Q|boronic-ester|Xantphos|K3PO4|DMF
well_86a129a2f59737d7,6-Br-Q,boronic-acid,P(Ph)3,LiOtBu,THF,6-Br-Q|boronic-acid|P(Ph)3|LiOtBu|THF
well_86a41862571ba70e,6-I-Q,trifluoroborate,P(tBu)3,LiOtBu,THF,6-I-Q|trifluoroborate|P(tBu)3|LiOtBu|THF
well_86cbb6c7fe0a5484,6-OTf-Q,boronic-acid,AmPhos,CsF,MeCN,6-OTf-Q|boronic-acid|AmPhos|CsF|MeCN
well_86f07aceff4882ca,6-Br-Q,boronic-ester,P(tBu)3,NaOH,MeOH,6-Br-Q|boronic-ester|P(tBu)3|NaOH|MeOH
well_871bdf1d39a9684f,6-Br-Q,boronic-acid,P(Cy)3,K3PO4,DMF,6-Br-Q|boronic-acid|P(Cy)3|K3PO4|DMF
well_875336714dddc169,6-I-Q,trifluoroborate,P(Ph)3,LiOtBu,DMF,6-I-Q|trifluoroborate|P(Ph)3|LiOtBu|DMF
well_8772ab93c816e7e4,6-BF3K-Q,aryl-bromide,P(o-Tol)3,Et3N,MeOH,6-BF3K-Q|aryl-bromide|P(o-Tol)3|Et3N|MeOH
well_8773e2bd0e9b1407,6-I-Q,trifluoroborate,CataCXium A,CsF,DMF,6-I-Q|trifluoroborate|CataCXium A|CsF|DMF
well_87b4267ae68f9e78,6-I-Q,boronic-ester,P(Cy)3,NaOH,THF,6-I-Q|boronic-ester|P(Cy)3|NaOH|THF
well_87ca9ef0b7191e58,6-I-Q,boronic-ester,dtbpf,KOH,MeCN,6-I-Q|boronic-ester|dtbpf|KOH|MeCN
well_87d074f882bac28b,6-I-Q,boronic-ester,dppf,NaHCO3,MeCN,6-I-Q|boronic-ester|dppf|NaHCO3|MeCN
well_87d81415ddd0c2d4,6-Br-Q,boronic-ester,None,KOH,MeOH,6-Br-Q|boronic-ester|None|KOH|MeOH
well_87f250ea70fd3aa2,6-Br-Q,trifluoroborate,P(Cy)3,KOH,THF,6-Br-Q|trifluoroborate|P(Cy)3|KOH|THF
well_88186c1cca8f64b9,6-Br-Q,boronic-acid,P(tBu)3,NaHCO3,DMF,6-Br-Q|boronic-acid|P(tBu)3|NaHCO3|DMF
well_8844acf4e6180399,6-I-Q,boronic-ester,SPhos,NaOH,MeOH,6-I-Q|boronic-ester|SPhos|NaOH|MeOH
well_885225dcee179a35,6-OTf-Q,boronic-acid,P(Cy)3,K3PO4,MeOH,6-OTf-Q|boronic-acid|P(Cy)3|K3PO4|MeOH
well_8888daccdd1d9c07,6-BF3K-Q,aryl-bromide,XPhos,None,THF,6-BF3K-Q|aryl-bromide|XPhos|None|THF
well_888b698e9d87e54f,6-Br-Q,boronic-acid,XPhos,NaHCO3,MeOH,6-Br-Q|boronic-acid|XPhos|NaHCO3|MeOH
well_88c2e5fafe763bd3,6-I-Q,boronic-ester,dppf,None,THF,6-I-Q|boronic-ester|dppf|None|THF
well_88c2fc340a5a98f0,6-BPin-Q,aryl-bromide,P(Ph)3,KOH,THF,6-BPin-Q|aryl-bromide|P(Ph)3|KOH|THF
well_89005da3f1128f6c,6-BPin-Q,aryl-bromide,SPhos,None,THF,6-BPin-Q|aryl-bromide|SPhos|None|THF
well_8918d0709ac33d8a,6-Br-Q,boronic-acid,dtbpf,Et3N,MeCN,6-Br-Q|boronic-acid|dtbpf|Et3N|MeCN
well_89373d588b852104,6-OTf-Q,boronic-acid,P(tBu)3,NaHCO3,THF,6-OTf-Q|boronic-acid|P(tBu)3|NaHCO3|THF
well_89497304103a4c77,6-I-Q,boronic-ester,dppf,KOH,THF,6-I-Q|boronic-ester|dppf|KOH|THF
well_897e5a74caaf88e5,6-OTf-Q,trifluoroborate,None,K3PO4,DMF,6-OTf-Q|trifluoroborate|None|K3PO4|DMF
well_89db799573ee9186,6-BPin-Q,aryl-bromide,AmPhos,NaOH,MeOH,6-BPin-Q|aryl-bromide|AmPhos|NaOH|MeOH
well_89dee312a005d804,6-OTf-Q,boronic-acid,CataCXium A,Et3N,DMF,6-OTf-Q|boronic-acid|CataCXium A|Et3N|DMF
well_89ee15c5592cfc1c,6-OTf-Q,boronic-acid,AmPhos,NaHCO3,MeCN,6-OTf-Q|boronic-acid|AmPhos|NaHCO3|MeCN
well_89f41ffe2b58b559,6-OTf-Q,boronic-acid,Xantphos,None,THF,6-OTf-Q|boronic-acid|Xantphos|None|THF
well_89ff9dd6b3719926,6-OTf-Q,boronic-acid,XPhos,LiOtBu,MeCN,6-OTf-Q|boronic-acid|XPhos|LiOtBu|MeCN
well_8a0050b81e858da6,6-Br-Q,boronic-ester,SPhos,Et3N,MeOH,6-Br-Q|boronic-ester|SPhos|Et3N|MeOH
well_8a1a43993eb3f60b,6-Br-Q,boronic-acid,dtbpf,K3PO4,MeOH,6-Br-Q|boronic-acid|dtbpf|K3PO4|MeOH
well_8a1dd57d97e73d0d,6-BF3K-Q,aryl-bromide,Xantphos,CsF,DMF,6-BF3K-Q|aryl-bromide|Xantphos|CsF|DMF
well_8a1e0368a89089d1,6-Br-Q,trifluoroborate,CataCXium A,Et3N,MeCN,6-Br-Q|trifluoroborate|CataCXium A|Et3N|MeCN
well_8a4e3088be5f8e92,6-BOH2-Q,aryl-bromide,P(tBu)3,K3PO4,MeCN,6-BOH2-Q|aryl-bromide|P(tBu)3|K3PO4|MeCN
well_8aa4bfad075013d8,6-OTf-Q,trifluoroborate,AmPhos,Et3N,THF,6-OTf-Q|trifluoroborate|AmPhos|Et3N|THF
well_8ab768b48ab3b688,6-I-Q,boronic-ester,SPhos,KOH,MeCN,6-I-Q|boronic-ester|SPhos|KOH|MeCN
well_8ac70ec5c89c6e93,6-Br-Q,boronic-ester,None,KOH,MeCN,6-Br-Q|boronic-ester|None|KOH|MeCN
well_8adfc896118bcf3c,6-BPin-Q,aryl-bromide,P(o-Tol)3,None,MeOH,6-BPin-Q|aryl-bromide|P(o-Tol)3|None|MeOH
well_8b063983b4b51ea7,6-Br-Q,boronic-acid,dtbpf,NaOH,MeOH,6-Br-Q|boronic-acid|dtbpf|NaOH|MeOH
well_8b3155851cfd956d,6-BF3K-Q,aryl-bromide,Xantphos,NaHCO3,MeCN,6-BF3K-Q|aryl-bromide|Xantphos|NaHCO3|MeCN
well_8b383984d1c55368,6-OTf-Q,trifluoroborate,dppf,Et3N,DMF,6-OTf-Q|trifluoroborate|dppf|Et3N|DMF
well_8b6326e0f6599fab,6-OTf-Q,boronic-acid,dtbpf,LiOtBu,MeOH,6-OTf-Q|boronic-acid|dtbpf|LiOtBu|MeOH
well_8b8c8c40abf58b44,6-Br-Q,boronic-acid,dppf,CsF,THF,6-Br-Q|boronic-acid|dppf|CsF|THF
well_8bf3ad93b3110bd8,6-OTf-Q,boronic-acid,dppf,LiOtBu,DMF,6-OTf-Q|boronic-acid|dppf|LiOtBu|DMF
well_8c20f2b1f83fda76,6-I-Q,boronic-acid,P(Cy)3,Et3N,DMF,6-I-Q|boronic-acid|P(Cy)3|Et3N|DMF
well_8c4734acc78eba64,6-Br-Q,boronic-ester,XPhos,LiOtBu,MeOH,6-Br-Q|boronic-ester|XPhos|LiOtBu|MeOH
well_8c5b14c7616b4a4c,6-BOH2-Q,aryl-bromide,P(Cy)3,NaOH,MeOH-H2O-v2,6-BOH2-Q|aryl-bromide|P(Cy)3|NaOH|MeOH-H2O-v2
well_8c5e05024ec901cf,6-Br-Q,boronic-acid,XPhos,K3PO4,THF,6-Br-Q|boronic-acid|XPhos|K3PO4|THF
well_8c5f2a7ac109e096,6-OTf-Q,boronic-acid,AmPhos,LiOtBu,MeCN,6-OTf-Q|boronic-acid|AmPhos|LiOtBu|MeCN
well_8c6a1e09fb47fe45,6-Br-Q,boronic-ester,AmPhos,NaOH,THF,6-Br-Q|boronic-ester|AmPhos|NaOH|THF
well_8c9c9fc544343369,6-BOH2-Q,aryl-bromide,dppf,NaOH,MeCN,6-BOH2-Q|aryl-bromide|dppf|NaOH|MeCN
well_8cb247670d46fbce,6-BOH2-Q,aryl-bromide,Xantphos,Et3N,THF-v2,6-BOH2-Q|aryl-bromide|Xantphos|Et3N|THF-v2
well_8cdd86c720dd3177,6-OTf-Q,boronic-acid,None,NaHCO3,THF,6-OTf-Q|boronic-acid|None|NaHCO3|THF
well_8cedea76a1bda798,6-Br-Q,trifluoroborate,dtbpf,NaHCO3,MeCN,6-Br-Q|trifluoroborate|dtbpf|NaHCO3|MeCN
well_8d053bbc5ba34e2e,6-I-Q,trifluoroborate,None,Et3N,THF,6-I-Q|trifluoroborate|None|Et3N|THF
well_8d0990845d4aac79,6-OTf-Q,boronic-acid,XPhos,K3PO4,MeCN,6-OTf-Q|boronic-acid|XPhos|K3PO4|MeCN
well_8d0bf0d6658a23d5,6-I-Q,boronic-ester,P(tBu)3,K3PO4,DMF,6-I-Q|boronic-ester|P(tBu)3|K3PO4|DMF
well_8d2531e8a027dbd2,6-Br-Q,boronic-acid,dtbpf,NaHCO3,DMF,6-Br-Q|boronic-acid|dtbpf|NaHCO3|DMF
well_8d3e48594c80a94a,6-BPin-Q,aryl-bromide,AmPhos,NaHCO3,MeCN,6-BPin-Q|aryl-bromide|AmPhos|NaHCO3|MeCN
well_8d448c0eab51edd2,6-OTf-Q,boronic-acid,P(Ph)3,K3PO4,THF,6-OTf-Q|boronic-acid|P(Ph)3|K3PO4|THF
well_8d6b4e79a15e9f16,6-OTf-Q,boronic-acid,None,None,MeCN,6-OTf-Q|boronic-acid|None|None|MeCN
well_8d8020123aef54c1,6-BF3K-Q,aryl-bromide,dtbpf,NaHCO3,DMF,6-BF3K-Q|aryl-bromide|dtbpf|NaHCO3|DMF
well_8d82919c4cc3e823,6-I-Q,boronic-ester,P(o-Tol)3,CsF,DMF,6-I-Q|boronic-ester|P(o-Tol)3|CsF|DMF
well_8d84c5359b00274d,6-Br-Q,boronic-ester,P(Ph)3,LiOtBu,MeCN,6-Br-Q|boronic-ester|P(Ph)3|LiOtBu|MeCN
well_8d8e9d2f7fc46e5a,6-I-Q,boronic-acid,P(tBu)3,Et3N,MeOH,6-I-Q|boronic-acid|P(tBu)3|Et3N|MeOH
well_8d9b3f075fdc5cdb,6-I-Q,trifluoroborate,None,KOH,MeOH,6-I-Q|trifluoroborate|None|KOH|MeOH
well_8da088c57331df66,6-BPin-Q,aryl-bromide,P(tBu)3,Et3N,MeCN,6-BPin-Q|aryl-bromide|P(tBu)3|Et3N|MeCN
well_8dc197fe395be03f,6-BPin-Q,aryl-bromide,dppf,Et3N,THF,6-BPin-Q|aryl-bromide|dppf|Et3N|THF
well_8ddfa518a3825704,6-Br-Q,boronic-ester,P(o-Tol)3,None,MeOH,6-Br-Q|boronic-ester|P(o-Tol)3|None|MeOH
well_8deaff34fe02153d,6-OTf-Q,boronic-ester,AmPhos,CsF,MeOH,6-OTf-Q|boronic-ester|AmPhos|CsF|MeOH
well_8deb0470fbe20642,6-BF3K-Q,aryl-bromide,CataCXium A,KOH,DMF,6-BF3K-Q|aryl-bromide|CataCXium A|KOH|DMF
well_8df78b893691cebd,6-BF3K-Q,aryl-bromide,CataCXium A,CsF,MeOH,6-BF3K-Q|aryl-bromide|CataCXium A|CsF|MeOH
well_8e2264e18bc50e8f,6-OTf-Q,trifluoroborate,dtbpf,None,MeOH,6-OTf-Q|trifluoroborate|dtbpf|None|MeOH
well_8e37662574ae8845,6-OTf-Q,trifluoroborate,AmPhos,LiOtBu,MeCN,6-OTf-Q|trifluoroborate|AmPhos|LiOtBu|MeCN
well_8e38ec0b8ac07f5b,6-BF3K-Q,aryl-bromide,P(o-Tol)3,LiOtBu,MeOH,6-BF3K-Q|aryl-bromide|P(o-Tol)3|LiOtBu|MeOH
well_8e475ee62cd372b2,6-BF3K-Q,aryl-bromide,CataCXium A,NaHCO3,MeCN,6-BF3K-Q|aryl-bromide|CataCXium A|NaHCO3|MeCN
well_8e6a2d3b2400d47b,6-OTf-Q,trifluoroborate,P(Cy)3,NaOH,MeOH,6-OTf-Q|trifluoroborate|P(Cy)3|NaOH|MeOH
well_8e7a1465b9c9ced9,6-OTf-Q,boronic-acid,P(o-Tol)3,Et3N,MeCN,6-OTf-Q|boronic-acid|P(o-Tol)3|Et3N|MeCN
well_8e92d4bbce1abc8a,6-BOH2-Q,aryl-bromide,dtbpf,KOH,THF-v2,6-BOH2-Q|aryl-bromide|dtbpf|KOH|THF-v2
well_8e97140ceaf64b23,6-I-Q,boronic-acid,P(Cy)3,None,MeCN,6-I-Q|boronic-acid|P(Cy)3|None|MeCN
well_8ea8b83af315ec52,6-I-Q,boronic-acid,SPhos,KOH,THF,6-I-Q|boronic-acid|SPhos|KOH|THF
well_8eb29c0195e29495,6-BOH2-Q,aryl-bromide,XPhos,NaHCO3,MeOH-H2O-v2,6-BOH2-Q|aryl-bromide|XPhos|NaHCO3|MeOH-H2O-v2
well_8f7563e5f528d97e,6-I-Q,boronic-acid,AmPhos,NaOH,DMF,6-I-Q|boronic-acid|AmPhos|NaOH|DMF
well_8f90ebabad46481c,6-BOH2-Q,aryl-bromide,AmPhos,Et3N,DMF,6-BOH2-Q|aryl-bromide|AmPhos|Et3N|DMF
well_8fc451ccfbe33f37,6-I-Q,trifluoroborate,dtbpf,LiOtBu,MeOH,6-I-Q|trifluoroborate|dtbpf|LiOtBu|MeOH
well_9024f6e4c0b752fe,6-BF3K-Q,aryl-bromide,SPhos,NaHCO3,DMF,6-BF3K-Q|aryl-bromide|SPhos|NaHCO3|DMF
well_9035cc75f973e2a5,6-Br-Q,boronic-ester,P(Ph)3,NaHCO3,DMF,6-Br-Q|boronic-ester|P(Ph)3|NaHCO3|DMF
well_90406e1cb0cef009,6-Br-Q,boronic-acid,P(Ph)3,KOH,MeCN,6-Br-Q|boronic-acid|P(Ph)3|KOH|MeCN
well_904cf55bf8cedc97,6-Br-Q,boronic-acid,Xantphos,None,MeCN,6-Br-Q|boronic-acid|Xantphos|None|MeCN
well_905bd03dc6a5ba51,6-OTf-Q,boronic-acid,None,NaOH,MeCN,6-OTf-Q|boronic-acid|None|NaOH|MeCN
well_906b2e6e5951a9de,6-Br-Q,trifluoroborate,dtbpf,K3PO4,THF,6-Br-Q|trifluoroborate|dtbpf|K3PO4|THF
well_9076ee5d6b210901,6-Br-Q,boronic-acid,SPhos,NaOH,MeCN,6-Br-Q|boronic-acid|SPhos|NaOH|MeCN
well_9084e8e1c227b4af,6-Br-Q,boronic-acid,None,Et3N,THF,6-Br-Q|boronic-acid|None|Et3N|THF
well_909284bb7b8ab15f,6-Br-Q,trifluoroborate,P(tBu)3,KOH,MeOH,6-Br-Q|trifluoroborate|P(tBu)3|KOH|MeOH
well_9095f2913691d40a,6-Br-Q,boronic-ester,P(o-Tol)3,None,DMF,6-Br-Q|boronic-ester|P(o-Tol)3|None|DMF
well_909c9375455908ce,6-I-Q,trifluoroborate,P(tBu)3,None,MeCN,6-I-Q|trifluoroborate|P(tBu)3|None|MeCN
well_90a1ec50698dbb92,6-I-Q,boronic-ester,None,Et3N,MeCN,6-I-Q|boronic-ester|None|Et3N|MeCN
well_90b02d3e78b4efca,6-OTf-Q,trifluoroborate,P(Cy)3,CsF,MeOH,6-OTf-Q|trifluoroborate|P(Cy)3|CsF|MeOH
well_90ede66569062bfc,6-BPin-Q,aryl-bromide,Xantphos,NaHCO3,MeOH,6-BPin-Q|aryl-bromide|Xantphos|NaHCO3|MeOH
well_90efdbf7b36abe85,6-BPin-Q,aryl-bromide,None,None,DMF,6-BPin-Q|aryl-bromide|None|None|DMF
well_910fdfb3536bf2dd,6-I-Q,boronic-ester,dtbpf,None,THF,6-I-Q|boronic-ester|dtbpf|None|THF
well_9116a039f1cef2e4,6-OTf-Q,trifluoroborate,None,None,DMF,6-OTf-Q|trifluoroborate|None|None|DMF
well_9119b929295a7a70,6-Br-Q,trifluoroborate,AmPhos,NaHCO3,MeCN,6-Br-Q|trifluoroborate|AmPhos|NaHCO3|MeCN
well_9136f5a2e7db1e0b,6-OTf-Q,boronic-ester,P(Cy)3,NaOH,DMF,6-OTf-Q|boronic-ester|P(Cy)3|NaOH|DMF
well_9146c5d787b20c2b,6-OTf-Q,boronic-acid,Xantphos,LiOtBu,MeCN,6-OTf-Q|boronic-acid|Xantphos|LiOtBu|MeCN
well_9157076fb2a40d30,6-BPin-Q,aryl-bromide,CataCXium A,KOH,MeCN,6-BPin-Q|aryl-bromide|CataCXium A|KOH|MeCN
well_917aa2a8294c6ef1,6-I-Q,boronic-ester,XPhos,None,DMF,6-I-Q|boronic-ester|XPhos|None|DMF
well_9184bbbb1feb5f72,6-I-Q,trifluoroborate,P(Cy)3,K3PO4,MeCN,6-I-Q|trifluoroborate|P(Cy)3|K3PO4|MeCN
well_91a11f9ac1968d45,6-Br-Q,boronic-acid,None,K3PO4,THF,6-Br-Q|boronic-acid|None|K3PO4|THF
well_91ad0070c1420c86,6-OTf-Q,boronic-ester,Xantphos,CsF,MeCN,6-OTf-Q|boronic-ester|Xantphos|CsF|MeCN
well_91b3ec883ebe1856,6-BPin-Q,aryl-bromide,P(Ph)3,Et3N,MeOH,6-BPin-Q|aryl-bromide|P(Ph)3|Et3N|MeOH
well_91ca2781f0844503,6-OTf-Q,boronic-acid,P(tBu)3,LiOtBu,MeCN,6-OTf-Q|boronic-acid|P(tBu)3|LiOtBu|MeCN
well_91e60a642023c49d,6-OTf-Q,boronic-acid,P(Ph)3,NaOH,MeCN,6-OTf-Q|boronic-acid|P(Ph)3|NaOH|MeCN
well_91eaecfe21716316,6-OTf-Q,boronic-acid,None,Et3N,DMF,6-OTf-Q|boronic-acid|None|Et3N|DMF
well_91ec0a3189eb38cc,6-I-Q,boronic-ester,SPhos,NaHCO3,MeOH,6-I-Q|boronic-ester|SPhos|NaHCO3|MeOH
well_920f60a1bb5398e4,6-I-Q,trifluoroborate,AmPhos,KOH,THF,6-I-Q|trifluoroborate|AmPhos|KOH|THF
well_9241b91001261f9c,6-BOH2-Q,aryl-bromide,P(o-Tol)3,None,MeCN,6-BOH2-Q|aryl-bromide|P(o-Tol)3|None|MeCN
well_9261326039ae4e0f,6-Br-Q,boronic-acid,dtbpf,K3PO4,THF,6-Br-Q|boronic-acid|dtbpf|K3PO4|THF
well_926344536f234f94,6-Br-Q,boronic-acid,CataCXium A,KOH,THF,6-Br-Q|boronic-acid|CataCXium A|KOH|THF
well_92649045562ede44,6-OTf-Q,trifluoroborate,P(o-Tol)3,NaOH,MeOH,6-OTf-Q|trifluoroborate|P(o-Tol)3|NaOH|MeOH
well_9264fd83ee50f80d,6-Br-Q,trifluoroborate,Xantphos,KOH,THF,6-Br-Q|trifluoroborate|Xantphos|KOH|THF
well_92c5a4d0b3dbf818,6-I-Q,trifluoroborate,dppf,NaHCO3,MeCN,6-I-Q|trifluoroborate|dppf|NaHCO3|MeCN
well_92eec67d975ac58c,6-BPin-Q,aryl-bromide,dtbpf,Et3N,MeCN,6-BPin-Q|aryl-bromide|dtbpf|Et3N|MeCN
well_92f2dd995fbf3ac0,6-Br-Q,boronic-ester,AmPhos,KOH,MeOH,6-Br-Q|boronic-ester|AmPhos|KOH|MeOH
well_92fd44ae6e84da1a,6-Br-Q,boronic-acid,P(Ph)3,CsF,MeOH,6-Br-Q|boronic-acid|P(Ph)3|CsF|MeOH
well_92fe65fed87d56ed,6-BOH2-Q,aryl-bromide,SPhos,KOH,MeCN,6-BOH2-Q|aryl-bromide|SPhos|KOH|MeCN
well_930d87e47c1c213a,6-I-Q,trifluoroborate,None,None,DMF,6-I-Q|trifluoroborate|None|None|DMF
well_930e2cc692409650,6-Br-Q,boronic-acid,None,KOH,MeCN,6-Br-Q|boronic-acid|None|KOH|MeCN
well_930f72f38f41d2c1,6-I-Q,boronic-ester,None,NaHCO3,MeOH,6-I-Q|boronic-ester|None|NaHCO3|MeOH
well_9346c9d32ea86cf9,6-Br-Q,boronic-ester,P(tBu)3,None,THF,6-Br-Q|boronic-ester|P(tBu)3|None|THF
well_936f4bda5e769d8b,6-Br-Q,boronic-acid,dppf,CsF,DMF,6-Br-Q|boronic-acid|dppf|CsF|DMF
well_939785d2d8c47ffe,6-BF3K-Q,aryl-bromide,SPhos,KOH,MeCN,6-BF3K-Q|aryl-bromide|SPhos|KOH|MeCN
well_939869e564eef391,6-I-Q,boronic-ester,CataCXium A,K3PO4,MeCN,6-I-Q|boronic-ester|CataCXium A|K3PO4|MeCN
well_93a6f1664e94bf3b,6-I-Q,trifluoroborate,dtbpf,NaHCO3,DMF,6-I-Q|trifluoroborate|dtbpf|NaHCO3|DMF
well_93c60dd00ef8bb4b,6-Br-Q,boronic-acid,P(tBu)3,None,MeCN,6-Br-Q|boronic-acid|P(tBu)3|None|MeCN
well_93c78e79687cc64a,6-BOH2-Q,aryl-bromide,XPhos,CsF,THF-v2,6-BOH2-Q|aryl-bromide|XPhos|CsF|THF-v2
well_93dbfaf8a34d4060,6-OTf-Q,boronic-acid,P(tBu)3,NaOH,DMF,6-OTf-Q|boronic-acid|P(tBu)3|NaOH|DMF
well_940250591235601f,6-OTf-Q,boronic-ester,dtbpf,None,THF,6-OTf-Q|boronic-ester|dtbpf|None|THF
well_94671add87ec6639,6-Br-Q,trifluoroborate,Xantphos,Et3N,MeOH,6-Br-Q|trifluoroborate|Xantphos|Et3N|MeOH
well_948cfff713048cfe,6-BPin-Q,aryl-bromide,Xantphos,None,MeCN,6-BPin-Q|aryl-bromide|Xantphos|None|MeCN
well_948da1a05ef028ec,6-OTf-Q,trifluoroborate,dppf,CsF,THF,6-OTf-Q|trifluoroborate|dppf|CsF|THF
well_949640e719c21d76,6-BOH2-Q,aryl-bromide,CataCXium A,KOH,MeCN,6-BOH2-Q|aryl-bromide|CataCXium A|KOH|MeCN
well_94993e398b173af1,6-OTf-Q,boronic-ester,dtbpf,None,MeCN,6-OTf-Q|boronic-ester|dtbpf|None|MeCN
well_94dfc61a626b393f,6-I-Q,boronic-acid,XPhos,K3PO4,MeCN,6-I-Q|boronic-acid|XPhos|K3PO4|MeCN
well_94eb53a9dd69bd7f,6-OTf-Q,trifluoroborate,CataCXium A,Et3N,DMF,6-OTf-Q|trifluoroborate|CataCXium A|Et3N|DMF
well_94f1ad063b4713a0,6-I-Q,boronic-ester,AmPhos,Et3N,MeCN,6-I-Q|boronic-ester|AmPhos|Et3N|MeCN
well_95344009abc4eade,6-BPin-Q,aryl-bromide,XPhos,None,THF,6-BPin-Q|aryl-bromide|XPhos|None|THF
well_9554382ab4ed1668,6-I-Q,trifluoroborate,P(Ph)3,KOH,DMF,6-I-Q|trifluoroborate|P(Ph)3|KOH|DMF
well_955d984e7cfb5d8d,6-I-Q,boronic-acid,P(Cy)3,CsF,MeCN,6-I-Q|boronic-acid|P(Cy)3|CsF|MeCN
well_956876d16557e974,6-I-Q,trifluoroborate,P(Cy)3,None,DMF,6-I-Q|trifluoroborate|P(Cy)3|None|DMF
well_957ec87375cdef79,6-BPin-Q,aryl-bromide,AmPhos,KOH,DMF,6-BPin-Q|aryl-bromide|AmPhos|KOH|DMF
well_95828ab4620ee774,6-BOH2-Q,aryl-bromide,XPhos,K3PO4,DMF,6-BOH2-Q|aryl-bromide|XPhos|K3PO4|DMF
well_9587e30c5b0da585,6-BOH2-Q,aryl-bromide,CataCXium A,NaOH,MeCN,6-BOH2-Q|aryl-bromide|CataCXium A|NaOH|MeCN
well_95ba9ccd280680eb,6-Br-Q,trifluoroborate,P(Cy)3,Et3N,THF,6-Br-Q|trifluoroborate|P(Cy)3|Et3N|THF
well_95cb7c18cbb3f3c0,6-Br-Q,boronic-ester,dppf,None,DMF,6-Br-Q|boronic-ester|dppf|None|DMF
well_962e806110de390d,6-OTf-Q,boronic-ester,P(tBu)3,LiOtBu,MeCN,6-OTf-Q|boronic-ester|P(tBu)3|LiOtBu|MeCN
well_965434ba4e616ca0,6-BF3K-Q,aryl-bromide,P(Cy)3,Et3N,MeOH,6-BF3K-Q|aryl-bromide|P(Cy)3|Et3N|MeOH
well_966dc7782b5eae53,6-Br-Q,boronic-ester,AmPhos,CsF,MeCN,6-Br-Q|boronic-ester|AmPhos|CsF|MeCN
well_966fb33d9c48ed56,6-OTf-Q,trifluoroborate,P(Ph)3,NaOH,DMF,6-OTf-Q|trifluoroborate|P(Ph)3|NaOH|DMF
well_96aa58651793a236,6-OTf-Q,boronic-acid,None,K3PO4,THF,6-OTf-Q|boronic-acid|None|K3PO4|THF
well_96c56d43440aec5c,6-OTf-Q,trifluoroborate,XPhos,None,MeOH,6-OTf-Q|trifluoroborate|XPhos|None|MeOH
well_96d7818d7a0d88a1,6-Br-Q,trifluoroborate,P(o-Tol)3,K3PO4,THF,6-Br-Q|trifluoroborate|P(o-Tol)3|K3PO4|THF
well_96f8287f1c4e1d1d,6-I-Q,trifluoroborate,SPhos,None,DMF,6-I-Q|trifluoroborate|SPhos|None|DMF
well_97048f0c21e8537b,6-I-Q,boronic-acid,P(o-Tol)3,CsF,THF,6-I-Q|boronic-acid|P(o-Tol)3|CsF|THF
well_972eb99a0d6b49e3,6-OTf-Q,boronic-ester,P(Ph)3,LiOtBu,DMF,6-OTf-Q|boronic-ester|P(Ph)3|LiOtBu|DMF
well_974d514bc464d38c,6-Br-Q,trifluoroborate,P(o-Tol)3,K3PO4,MeCN,6-Br-Q|trifluoroborate|P(o-Tol)3|K3PO4|MeCN
well_979234f8044a7cd0,6-BPin-Q,aryl-bromide,SPhos,NaHCO3,DMF,6-BPin-Q|aryl-bromide|SPhos|NaHCO3|DMF
well_979ac62723c7f235,6-Br-Q,trifluoroborate,AmPhos,LiOtBu,DMF,6-Br-Q|trifluoroborate|AmPhos|LiOtBu|DMF
well_97de113d277386cc,6-OTf-Q,trifluoroborate,SPhos,K3PO4,MeCN,6-OTf-Q|trifluoroborate|SPhos|K3PO4|MeCN
well_97f517e38fb07289,6-Br-Q,boronic-acid,P(tBu)3,KOH,DMF,6-Br-Q|boronic-acid|P(tBu)3|KOH|DMF
well_97fe2cd5a10af00c,6-I-Q,boronic-acid,dppf,NaOH,DMF,6-I-Q|boronic-acid|dppf|NaOH|DMF
well_980413031eef48fb,6-OTf-Q,boronic-acid,P(o-Tol)3,NaHCO3,DMF,6-OTf-Q|boronic-acid|P(o-Tol)3|NaHCO3|DMF
well_9822f240adb8841c,6-BF3K-Q,aryl-bromide,XPhos,K3PO4,MeCN,6-BF3K-Q|aryl-bromide|XPhos|K3PO4|MeCN
well_984af1975be1e6f2,6-I-Q,boronic-ester,None,NaHCO3,MeCN,6-I-Q|boronic-ester|None|NaHCO3|MeCN
well_987f6203587e4218,6-Br-Q,boronic-ester,P(Cy)3,None,MeCN,6-Br-Q|boronic-ester|P(Cy)3|None|MeCN
well_988705e36e900410,6-Br-Q,boronic-acid,P(Ph)3,KOH,THF,6-Br-Q|boronic-acid|P(Ph)3|KOH|THF
well_988e363a9fbfd9f3,6-OTf-Q,boronic-acid,P(o-Tol)3,Et3N,MeOH,6-OTf-Q|boronic-acid|P(o-Tol)3|Et3N|MeOH
well_98a33165490848e9,6-Br-Q,trifluoroborate,None,Et3N,DMF,6-Br-Q|trifluoroborate|None|Et3N|DMF
well_98da0d65566604c6,6-BPin-Q,aryl-bromide,P(Ph)3,NaOH,DMF,6-BPin-Q|aryl-bromide|P(Ph)3|NaOH|DMF
well_98fd52ba3a505710,6-BF3K-Q,aryl-bromide,AmPhos,CsF,MeCN,6-BF3K-Q|aryl-bromide|AmPhos|CsF|MeCN
well_9919889286d0c6ce,6-I-Q,boronic-ester,P(Cy)3,None,THF,6-I-Q|boronic-ester|P(Cy)3|None|THF
well_991d38670c78d5fe,6-OTf-Q,boronic-acid,SPhos,LiOtBu,MeOH,6-OTf-Q|boronic-acid|SPhos|LiOtBu|MeOH
well_99293b62f14f93f3,6-BF3K-Q,aryl-bromide,AmPhos,NaHCO3,THF,6-BF3K-Q|aryl-bromide|AmPhos|NaHCO3|THF
well_993264104e8648ff,6-BF3K-Q,aryl-bromide,Xantphos,K3PO4,THF,6-BF3K-Q|aryl-bromide|Xantphos|K3PO4|THF
well_99548facf156a234,6-I-Q,trifluoroborate,P(o-Tol)3,Et3N,MeOH,6-I-Q|trifluoroborate|P(o-Tol)3|Et3N|MeOH
well_9959a9170d0dd562,6-I-Q,boronic-acid,None,NaOH,THF,6-I-Q|boronic-acid|None|NaOH|THF
well_996de850bb202a8d,6-BPin-Q,aryl-bromide,P(o-Tol)3,Et3N,MeOH,6-BPin-Q|aryl-bromide|P(o-Tol)3|Et3N|MeOH
well_99751cf4ed920a37,6-I-Q,boronic-acid,dppf,NaOH,MeCN,6-I-Q|boronic-acid|dppf|NaOH|MeCN
well_997b8d9a8f8225db,6-BF3K-Q,aryl-bromide,CataCXium A,LiOtBu,DMF,6-BF3K-Q|aryl-bromide|CataCXium A|LiOtBu|DMF
well_998e79d58fa2862b,6-OTf-Q,boronic-acid,CataCXium A,LiOtBu,THF,6-OTf-Q|boronic-acid|CataCXium A|LiOtBu|THF
well_999b5ee26e8714c1,6-I-Q,boronic-ester,P(Cy)3,KOH,THF,6-I-Q|boronic-ester|P(Cy)3|KOH|THF
well_99d88a924991c08c,6-BPin-Q,aryl-bromide,None,CsF,THF,6-BPin-Q|aryl-bromide|None|CsF|THF
well_99da8d7c30c1c6db,6-I-Q,boronic-ester,Xantphos,K3PO4,MeOH,6-I-Q|boronic-ester|Xantphos|K3PO4|MeOH
well_99df6bda8f44023f,6-I-Q,trifluoroborate,CataCXium A,CsF,THF,6-I-Q|trifluoroborate|CataCXium A|CsF|THF
well_99ef80677cb4033d,6-OTf-Q,boronic-ester,P(o-Tol)3,NaOH,MeCN,6-OTf-Q|boronic-ester|P(o-Tol)3|NaOH|MeCN
well_99f4449d6f53047f,6-BPin-Q,aryl-bromide,XPhos,LiOtBu,DMF,6-BPin-Q|aryl-bromide|XPhos|LiOtBu|DMF
well_9a1e6ee8c93c4858,6-BPin-Q,aryl-bromide,XPhos,K3PO4,DMF,6-BPin-Q|aryl-bromide|XPhos|K3PO4|DMF
well_9a2679ea7b65a33c,6-BPin-Q,aryl-bromide,CataCXium A,NaHCO3,THF,6-BPin-Q|aryl-bromide|CataCXium A|NaHCO3|THF
well_9a28d84c6b5797ff,6-BOH2-Q,aryl-bromide,None,NaHCO3,MeOH-H2O-v2,6-BOH2-Q|aryl-bromide|None|NaHCO3|MeOH-H2O-v2
well_9a32c76d9bca03eb,6-I-Q,boronic-acid,AmPhos,NaOH,THF,6-I-Q|boronic-acid|AmPhos|NaOH|THF
well_9a393d952fed1aae,6-Br-Q,boronic-acid,AmPhos,KOH,MeOH,6-Br-Q|boronic-acid|AmPhos|KOH|MeOH
well_9a44f5ecfd28b5ef,6-BPin-Q,aryl-bromide,AmPhos,CsF,THF,6-BPin-Q|aryl-bromide|AmPhos|CsF|THF
well_9a452738c769bcba,6-OTf-Q,boronic-acid,dtbpf,NaOH,DMF,6-OTf-Q|boronic-acid|dtbpf|NaOH|DMF
well_9a49a9dc482c3c0a,6-OTf-Q,trifluoroborate,dppf,NaOH,MeCN,6-OTf-Q|trifluoroborate|dppf|NaOH|MeCN
well_9a53653ab2be7ee6,6-OTf-Q,trifluoroborate,CataCXium A,LiOtBu,MeCN,6-OTf-Q|trifluoroborate|CataCXium A|LiOtBu|MeCN
well_9a738623f2da684e,6-I-Q,boronic-ester,Xantphos,Et3N,THF,6-I-Q|boronic-ester|Xantphos|Et3N|THF
well_9aa8d8868aef5175,6-I-Q,boronic-acid,dppf,KOH,MeCN,6-I-Q|boronic-acid|dppf|KOH|MeCN
well_9ac3be8d8a9b2df1,6-OTf-Q,trifluoroborate,P(o-Tol)3,CsF,MeOH,6-OTf-Q|trifluoroborate|P(o-Tol)3|CsF|MeOH
well_9b169008d64a62ad,6-BPin-Q,aryl-bromide,SPhos,K3PO4,MeOH,6-BPin-Q|aryl-bromide|SPhos|K3PO4|MeOH
well_9b2bb3a749069343,6-BOH2-Q,aryl-bromide,SPhos,None,DMF,6-BOH2-Q|aryl-bromide|SPhos|None|DMF
well_9b338940c5c1f3a1,6-Br-Q,boronic-acid,None,K3PO4,DMF,6-Br-Q|boronic-acid|None|K3PO4|DMF
well_9b647b48d0b42ae1,6-Br-Q,trifluoroborate,P(o-Tol)3,KOH,DMF,6-Br-Q|trifluoroborate|P(o-Tol)3|KOH|DMF
well_9b8952d4b5029d37,6-BF3K-Q,aryl-bromide,P(Ph)3,NaOH,THF,6-BF3K-Q|aryl-bromide|P(Ph)3|NaOH|THF
well_9b8d048a381d5716,6-I-Q,boronic-acid,P(Cy)3,Et3N,MeOH,6-I-Q|boronic-acid|P(Cy)3|Et3N|MeOH
well_9ba69feb9ea6ff7e,6-Br-Q,boronic-acid,dppf,Et3N,DMF,6-Br-Q|boronic-acid|dppf|Et3N|DMF
well_9bb8daaf74c13c95,6-BF3K-Q,aryl-bromide,P(o-Tol)3,K3PO4,THF,6-BF3K-Q|aryl-bromide|P(o-Tol)3|K3PO4|THF
well_9bc3b20ca90303c3,6-I-Q,boronic-acid,P(tBu)3,KOH,MeCN,6-I-Q|boronic-acid|P(tBu)3|KOH|MeCN
well_9beb5d672f2287fe,6-I-Q,boronic-acid,AmPhos,K3PO4,MeOH,6-I-Q|boronic-acid|AmPhos|K3PO4|MeOH
well_9bf35cdac5701a3f,6-I-Q,trifluoroborate,P(tBu)3,LiOtBu,DMF,6-I-Q|trifluoroborate|P(tBu)3|LiOtBu|DMF
well_9c3861d9b7922df1,6-OTf-Q,trifluoroborate,dppf,Et3N,MeOH,6-OTf-Q|trifluoroborate|dppf|Et3N|MeOH
well_9c4e70b7d2cd0c7d,6-I-Q,boronic-ester,SPhos,Et3N,MeCN,6-I-Q|boronic-ester|SPhos|Et3N|MeCN
well_9c51f7270e63bca0,6-BPin-Q,aryl-bromide,CataCXium A,None,MeOH,6-BPin-Q|aryl-bromide|CataCXium A|None|MeOH
well_9c6b323fd97c6309,6-OTf-Q,boronic-ester,P(Ph)3,Et3N,DMF,6-OTf-Q|boronic-ester|P(Ph)3|Et3N|DMF
well_9c82f14e500eae54,6-Br-Q,boronic-acid,P(o-Tol)3,Et3N,THF,6-Br-Q|boronic-acid|P(o-Tol)3|Et3N|THF
well_9ca73bf290035a95,6-BOH2-Q,aryl-bromide,dppf,K3PO4,MeCN,6-BOH2-Q|aryl-bromide|dppf|K3PO4|MeCN
well_9cc17d77a8124167,6-BF3K-Q,aryl-bromide,None,NaHCO3,THF,6-BF3K-Q|aryl-bromide|None|NaHCO3|THF
well_9cc56bbe40ce414f,6-BF3K-Q,aryl-bromide,Xantphos,NaOH,MeOH,6-BF3K-Q|aryl-bromide|Xantphos|NaOH|MeOH
well_9d17d8d0c5ab0409,6-BPin-Q,aryl-bromide,P(o-Tol)3,NaOH,MeCN,6-BPin-Q|aryl-bromide|P(o-Tol)3|NaOH|MeCN
well_9d391a98fb6795fa,6-I-Q,boronic-ester,Xantphos,LiOtBu,MeOH,6-I-Q|boronic-ester|Xantphos|LiOtBu|MeOH
well_9d4303aa6001772e,6-I-Q,trifluoroborate,P(tBu)3,Et3N,DMF,6-I-Q|trifluoroborate|P(tBu)3|Et3N|DMF
well_9d5f9473b538ce19,6-Br-Q,boronic-ester,P(Cy)3,NaOH,THF,6-Br-Q|boronic-ester|P(Cy)3|NaOH|THF
well_9d6549a84f49111c,6-OTf-Q,boronic-acid,dtbpf,CsF,MeOH,6-OTf-Q|boronic-acid|dtbpf|CsF|MeOH
well_9d7ca99c80412df1,6-OTf-Q,trifluoroborate,P(Ph)3,None,DMF,6-OTf-Q|trifluoroborate|P(Ph)3|None|DMF
well_9d8b37ee77d617e4,6-Br-Q,boronic-ester,P(Cy)3,KOH,THF,6-Br-Q|boronic-ester|P(Cy)3|KOH|THF
well_9da310a13911abe4,6-I-Q,boronic-acid,SPhos,None,THF,6-I-Q|boronic-acid|SPhos|None|THF
well_9dbbd1aad6334052,6-OTf-Q,boronic-ester,Xantphos,None,THF,6-OTf-Q|boronic-ester|Xantphos|None|THF
well_9dd6e2a0cbef3c09,6-BF3K-Q,aryl-bromide,AmPhos,KOH,DMF,6-BF3K-Q|aryl-bromide|AmPhos|KOH|DMF
well_9def0c3f77172f58,6-I-Q,boronic-acid,SPhos,NaHCO3,THF,6-I-Q|boronic-acid|SPhos|NaHCO3|THF
well_9e22fa62e3617c18,6-Br-Q,boronic-acid,dppf,None,MeCN,6-Br-Q|boronic-acid|dppf|None|MeCN
well_9e677d0bed77c1fa,6-I-Q,trifluoroborate,dppf,NaHCO3,MeOH,6-I-Q|trifluoroborate|dppf|NaHCO3|MeOH
well_9e8829367807d4bb,6-BOH2-Q,aryl-bromide,P(tBu)3,NaHCO3,MeCN,6-BOH2-Q|aryl-bromide|P(tBu)3|NaHCO3|MeCN
well_9eb57dd1dc0b9659,6-OTf-Q,trifluoroborate,P(o-Tol)3,KOH,MeCN,6-OTf-Q|trifluoroborate|P(o-Tol)3|KOH|MeCN
well_9ee47cc9a3e82a22,6-Br-Q,boronic-ester,SPhos,K3PO4,MeCN,6-Br-Q|boronic-ester|SPhos|K3PO4|MeCN
well_9eef73493caad1dc,6-Br-Q,boronic-ester,SPhos,Et3N,DMF,6-Br-Q|boronic-ester|SPhos|Et3N|DMF
well_9f1bc4ea886bf6eb,6-I-Q,trifluoroborate,Xantphos,None,MeCN,6-I-Q|trifluoroborate|Xantphos|None|MeCN
well_9f3c39d62411d659,6-BOH2-Q,aryl-bromide,dppf,None,MeOH-H2O-v2,6-BOH2-Q|aryl-bromide|dppf|None|MeOH-H2O-v2
well_9f4eb1678d2e64a2,6-Br-Q,boronic-ester,dppf,NaHCO3,DMF,6-Br-Q|boronic-ester|dppf|NaHCO3|DMF
well_9f517226a29823a1,6-Br-Q,boronic-ester,Xantphos,LiOtBu,MeOH,6-Br-Q|boronic-ester|Xantphos|LiOtBu|MeOH
well_9f53b37810007dc1,6-OTf-Q,trifluoroborate,P(Cy)3,NaHCO3,MeOH,6-OTf-Q|trifluoroborate|P(Cy)3|NaHCO3|MeOH
well_9f5c6c96bb449fd8,6-OTf-Q,boronic-ester,None,CsF,DMF,6-OTf-Q|boronic-ester|None|CsF|DMF
well_9f85657765503620,6-BOH2-Q,aryl-bromide,P(Ph)3,NaHCO3,MeCN,6-BOH2-Q|aryl-bromide|P(Ph)3|NaHCO3|MeCN
well_9fa0ead9914050ed,6-BPin-Q,aryl-bromide,P(tBu)3,K3PO4,MeOH,6-BPin-Q|aryl-bromide|P(tBu)3|K3PO4|MeOH
well_a00b5ac5b20fc536,6-Br-Q,trifluoroborate,P(Ph)3,K3PO4,MeCN,6-Br-Q|trifluoroborate|P(Ph)3|K3PO4|MeCN
well_a0128cbdda2453fb,6-Br-Q,boronic-acid,P(Ph)3,K3PO4,MeOH,6-Br-Q|boronic-acid|P(Ph)3|K3PO4|MeOH
well_a015676636182511,6-OTf-Q,boronic-ester,P(Cy)3,KOH,MeCN,6-OTf-Q|boronic-ester|P(Cy)3|KOH|MeCN
well_a01cc8acbff4286e,6-Br-Q,boronic-ester,P(Ph)3,NaHCO3,MeCN,6-Br-Q|boronic-ester|P(Ph)3|NaHCO3|MeCN
well_a01f84bf261d9361,6-OTf-Q,boronic-acid,P(Ph)3,None,MeOH,6-OTf-Q|boronic-acid|P(Ph)3|None|MeOH
well_a067bfd3688389fa,6-Br-Q,trifluoroborate,None,K3PO4,MeOH,6-Br-Q|trifluoroborate|None|K3PO4|MeOH
well_a0862a8873070ac0,6-I-Q,boronic-acid,SPhos,Et3N,DMF,6-I-Q|boronic-acid|SPhos|Et3N|DMF
well_a0ba67bde0761807,6-BOH2-Q,aryl-bromide,None,KOH,DMF,6-BOH2-Q|aryl-bromide|None|KOH|DMF
well_a0c9e6ff7e565e98,6-OTf-Q,trifluoroborate,dppf,NaHCO3,DMF,6-OTf-Q|trifluoroborate|dppf|NaHCO3|DMF
well_a10e1383e0fe38f5,6-OTf-Q,boronic-acid,P(Cy)3,Et3N,MeOH,6-OTf-Q|boronic-acid|P(Cy)3|Et3N|MeOH
well_a10f3584a5ca98ed,6-I-Q,boronic-ester,Xantphos,NaOH,DMF,6-I-Q|boronic-ester|Xantphos|NaOH|DMF
well_a11904b53230beaf,6-OTf-Q,trifluoroborate,CataCXium A,NaHCO3,THF,6-OTf-Q|trifluoroborate|CataCXium A|NaHCO3|THF
well_a13417953c432183,6-BPin-Q,aryl-bromide,CataCXium A,KOH,DMF,6-BPin-Q|aryl-bromide|CataCXium A|KOH|DMF
well_a13d9d33939cb4a2,6-BOH2-Q,aryl-bromide,Xantphos,NaOH,DMF,6-BOH2-Q|aryl-bromide|Xantphos|NaOH|DMF
well_a13f28a54205e152,6-BPin-Q,aryl-bromide,Xantphos,None,MeOH,6-BPin-Q|aryl-bromide|Xantphos|None|MeOH
well_a188edcccffdf2f8,6-I-Q,boronic-ester,P(o-Tol)3,NaHCO3,MeCN,6-I-Q|boronic-ester|P(o-Tol)3|NaHCO3|MeCN
well_a1c3450204b79bed,6-I-Q,trifluoroborate,CataCXium A,Et3N,MeOH,6-I-Q|trifluoroborate|CataCXium A|Et3N|MeOH
well_a1c51e66e06aeb18,6-OTf-Q,boronic-acid,P(Ph)3,NaHCO3,THF,6-OTf-Q|boronic-acid|P(Ph)3|NaHCO3|THF
well_a1e044c663a5a057,6-BOH2-Q,aryl-bromide,Xantphos,Et3N,DMF,6-BOH2-Q|aryl-bromide|Xantphos|Et3N|DMF
well_a1f524a80b9b0e21,6-OTf-Q,boronic-acid,dtbpf,CsF,DMF,6-OTf-Q|boronic-acid|dtbpf|CsF|DMF
well_a207096a8ddb4036,6-Br-Q,boronic-ester,None,K3PO4,THF,6-Br-Q|boronic-ester|None|K3PO4|THF
well_a2088bde71185f22,6-BOH2-Q,aryl-bromide,None,NaOH,DMF,6-BOH2-Q|aryl-bromide|None|NaOH|DMF
well_a25bfa2980a15128,6-I-Q,boronic-acid,None,NaOH,MeOH,6-I-Q|boronic-acid|None|NaOH|MeOH
well_a265acda02ecc8de,6-OTf-Q,boronic-acid,CataCXium A,NaOH,MeCN,6-OTf-Q|boronic-acid|CataCXium A|NaOH|MeCN
well_a27a793327d81615,6-I-Q,trifluoroborate,AmPhos,Et3N,DMF,6-I-Q|trifluoroborate|AmPhos|Et3N|DMF
well_a28f8228a0f565fb,6-BPin-Q,aryl-bromide,P(Cy)3,NaHCO3,THF,6-BPin-Q|aryl-bromide|P(Cy)3|NaHCO3|THF
well_a29aa452920a664e,6-OTf-Q,trifluoroborate,CataCXium A,None,THF,6-OTf-Q|trifluoroborate|CataCXium A|None|THF
well_a2c1a5b42e903841,6-Br-Q,boronic-acid,XPhos,None,THF,6-Br-Q|boronic-acid|XPhos|None|THF
well_a2c4b2067fa0c03f,6-OTf-Q,boronic-ester,AmPhos,NaOH,MeOH,6-OTf-Q|boronic-ester|AmPhos|NaOH|MeOH
well_a2ec2f18ad46e81f,6-Br-Q,boronic-acid,dtbpf,K3PO4,DMF,6-Br-Q|boronic-acid|dtbpf|K3PO4|DMF
well_a31aabfef9317843,6-BPin-Q,aryl-bromide,dppf,KOH,DMF,6-BPin-Q|aryl-bromide|dppf|KOH|DMF
well_a31f5c33c56d434c,6-Br-Q,trifluoroborate,P(tBu)3,Et3N,MeCN,6-Br-Q|trifluoroborate|P(tBu)3|Et3N|MeCN
well_a34f9adbda94423b,6-OTf-Q,boronic-ester,dtbpf,KOH,MeCN,6-OTf-Q|boronic-ester|dtbpf|KOH|MeCN
well_a35876b010794065,6-I-Q,boronic-acid,P(Ph)3,CsF,THF,6-I-Q|boronic-acid|P(Ph)3|CsF|THF
well_a39b36415e3d7724,6-BPin-Q,aryl-bromide,dtbpf,NaHCO3,MeCN,6-BPin-Q|aryl-bromide|dtbpf|NaHCO3|MeCN
well_a3b61d00cc510197,6-Br-Q,trifluoroborate,dppf,None,MeCN,6-Br-Q|trifluoroborate|dppf|None|MeCN
well_a3e8db691241b6ae,6-Br-Q,trifluoroborate,P(Ph)3,K3PO4,MeOH,6-Br-Q|trifluoroborate|P(Ph)3|K3PO4|MeOH
well_a41252396d70b81c,6-I-Q,boronic-acid,dtbpf,None,DMF,6-I-Q|boronic-acid|dtbpf|None|DMF
well_a427103f99c45c41,6-OTf-Q,boronic-acid,AmPhos,CsF,MeOH,6-OTf-Q|boronic-acid|AmPhos|CsF|MeOH
well_a43ff5c9103accf7,6-I-Q,trifluoroborate,Xantphos,K3PO4,MeOH,6-I-Q|trifluoroborate|Xantphos|K3PO4|MeOH
well_a463e12d2a9438ff,6-BF3K-Q,aryl-bromide,Xantphos,None,THF,6-BF3K-Q|aryl-bromide|Xantphos|None|THF
well_a4651a9e27cfdaa8,6-Br-Q,boronic-ester,dtbpf,KOH,THF,6-Br-Q|boronic-ester|dtbpf|KOH|THF
well_a4852fdc6e916d1a,6-BOH2-Q,aryl-bromide,SPhos,NaOH,MeOH-H2O-v2,6-BOH2-Q|aryl-bromide|SPhos|NaOH|MeOH-H2O-v2
well_a48fe4b3c2b89a33,6-BOH2-Q,aryl-bromide,CataCXium A,Et3N,MeOH-H2O-v2,6-BOH2-Q|aryl-bromide|CataCXium A|Et3N|MeOH-H2O-v2
well_a49299c8869f231c,6-OTf-Q,trifluoroborate,P(Cy)3,K3PO4,MeCN,6-OTf-Q|trifluoroborate|P(Cy)3|K3PO4|MeCN
well_a49abcc7cbc897c1,6-Br-Q,boronic-ester,dtbpf,NaOH,THF,6-Br-Q|boronic-ester|dtbpf|NaOH|THF
well_a4bbc8132f9ff83d,6-BPin-Q,aryl-bromide,CataCXium A,K3PO4,MeOH,6-BPin-Q|aryl-bromide|CataCXium A|K3PO4|MeOH
well_a4dff35f196d65c2,6-BOH2-Q,aryl-bromide,dppf,Et3N,DMF,6-BOH2-Q|aryl-bromide|dppf|Et3N|DMF
well_a4f110f4bd0d3ea2,6-BF3K-Q,aryl-bromide,XPhos,K3PO4,MeOH,6-BF3K-Q|aryl-bromide|XPhos|K3PO4|MeOH
well_a505fdc2c17ca72f,6-OTf-Q,boronic-acid,Xantphos,NaOH,THF,6-OTf-Q|boronic-acid|Xantphos|NaOH|THF
well_a53fbd5a8b7a15fa,6-I-Q,boronic-ester,P(tBu)3,CsF,MeOH,6-I-Q|boronic-ester|P(tBu)3|CsF|MeOH
well_a55b304f171baab5,6-BF3K-Q,aryl-bromide,Xantphos,Et3N,MeOH,6-BF3K-Q|aryl-bromide|Xantphos|Et3N|MeOH
well_a5966f2c7510dc02,6-Br-Q,trifluoroborate,P(Cy)3,KOH,DMF,6-Br-Q|trifluoroborate|P(Cy)3|KOH|DMF
well_a5a164026119ceed,6-OTf-Q,boronic-acid,P(Ph)3,K3PO4,DMF,6-OTf-Q|boronic-acid|P(Ph)3|K3PO4|DMF
well_a5a97867ebad7119,6-I-Q,boronic-ester,XPhos,LiOtBu,MeOH,6-I-Q|boronic-ester|XPhos|LiOtBu|MeOH
well_a5f299ffb97e7be3,6-Br-Q,trifluoroborate,dtbpf,CsF,MeOH,6-Br-Q|trifluoroborate|dtbpf|CsF|MeOH
well_a60c4245c2664e5b,6-BOH2-Q,aryl-bromide,Xantphos,KOH,MeOH-H2O-v2,6-BOH2-Q|aryl-bromide|Xantphos|KOH|MeOH-H2O-v2
well_a61484eb2a57f89d,6-OTf-Q,boronic-ester,Xantphos,Et3N,DMF,6-OTf-Q|boronic-ester|Xantphos|Et3N|DMF
well_a6175b052c4e8acc,6-I-Q,trifluoroborate,P(Cy)3,NaOH,MeCN,6-I-Q|trifluoroborate|P(Cy)3|NaOH|MeCN
well_a61a2569ca6bd822,6-I-Q,boronic-acid,P(tBu)3,NaOH,MeOH,6-I-Q|boronic-acid|P(tBu)3|NaOH|MeOH
well_a6212591ce337618,6-OTf-Q,trifluoroborate,P(tBu)3,CsF,DMF,6-OTf-Q|trifluoroborate|P(tBu)3|CsF|DMF
well_a635d161d714080a,6-Br-Q,boronic-ester,AmPhos,LiOtBu,DMF,6-Br-Q|boronic-ester|AmPhos|LiOtBu|DMF
well_a636c3a79a4d85c8,6-OTf-Q,trifluoroborate,None,CsF,MeOH,6-OTf-Q|trifluoroborate|None|CsF|MeOH
well_a66aad2b86394742,6-BOH2-Q,aryl-bromide,XPhos,CsF,MeCN,6-BOH2-Q|aryl-bromide|XPhos|CsF|MeCN
well_a66e96a2fc9421b1,6-Br-Q,boronic-ester,P(Cy)3,LiOtBu,DMF,6-Br-Q|boronic-ester|P(Cy)3|LiOtBu|DMF
well_a6aba933bd0e36b0,6-OTf-Q,boronic-ester,Xantphos,LiOtBu,THF,6-OTf-Q|boronic-ester|Xantphos|LiOtBu|THF
well_a6f6c4108850e82b,6-I-Q,boronic-acid,P(tBu)3,KOH,THF,6-I-Q|boronic-acid|P(tBu)3|KOH|THF
well_a6f889ee62df29d9,6-I-Q,trifluoroborate,P(Cy)3,None,MeOH,6-I-Q|trifluoroborate|P(Cy)3|None|MeOH
well_a716680728c6d192,6-BPin-Q,aryl-bromide,P(Cy)3,CsF,DMF,6-BPin-Q|aryl-bromide|P(Cy)3|CsF|DMF
well_a73120932f07920d,6-I-Q,boronic-ester,P(Cy)3,LiOtBu,MeCN,6-I-Q|boronic-ester|P(Cy)3|LiOtBu|MeCN
well_a74889805b5b0953,6-BF3K-Q,aryl-bromide,P(Cy)3,NaHCO3,MeCN,6-BF3K-Q|aryl-bromide|P(Cy)3|NaHCO3|MeCN
well_a74b41b3bec74885,6-Br-Q,trifluoroborate,P(Ph)3,LiOtBu,DMF,6-Br-Q|trifluoroborate|P(Ph)3|LiOtBu|DMF
well_a775938f88582e6d,6-Br-Q,boronic-ester,SPhos,None,MeOH,6-Br-Q|boronic-ester|SPhos|None|MeOH
well_a79f1d5611b6ae16,6-Br-Q,boronic-acid,AmPhos,CsF,MeOH,6-Br-Q|boronic-acid|AmPhos|CsF|MeOH
well_a7b1d6691155033c,6-I-Q,boronic-acid,CataCXium A,Et3N,DMF,6-I-Q|boronic-acid|CataCXium A|Et3N|DMF
well_a7c75706194db1d6,6-I-Q,boronic-acid,AmPhos,KOH,DMF,6-I-Q|boronic-acid|AmPhos|KOH|DMF
well_a7d0942668a7b809,6-BPin-Q,aryl-bromide,SPhos,LiOtBu,MeOH,6-BPin-Q|aryl-bromide|SPhos|LiOtBu|MeOH
well_a7d586fbc4e30603,6-BPin-Q,aryl-bromide,P(Ph)3,NaHCO3,THF,6-BPin-Q|aryl-bromide|P(Ph)3|NaHCO3|THF
well_a7d9088e935022a7,6-OTf-Q,trifluoroborate,CataCXium A,LiOtBu,THF,6-OTf-Q|trifluoroborate|CataCXium A|LiOtBu|THF
well_a7e9bf8c29f5643c,6-I-Q,boronic-acid,P(Ph)3,None,MeCN,6-I-Q|boronic-acid|P(Ph)3|None|MeCN
well_a7efb5b228e6e539,6-BF3K-Q,aryl-bromide,SPhos,K3PO4,MeOH,6-BF3K-Q|aryl-bromide|SPhos|K3PO4|MeOH
well_a7f3b638af4abf27,6-Br-Q,boronic-ester,P(Cy)3,CsF,MeOH,6-Br-Q|boronic-ester|P(Cy)3|CsF|MeOH
well_a80917e4e306d37f,6-I-Q,boronic-acid,XPhos,None,DMF,6-I-Q|boronic-acid|XPhos|None|DMF
well_a816109d9a5add80,6-I-Q,boronic-acid,dtbpf,LiOtBu,MeCN,6-I-Q|boronic-acid|dtbpf|LiOtBu|MeCN
well_a81ab96f1a4aca45,6-I-Q,boronic-acid,XPhos,Et3N,DMF,6-I-Q|boronic-acid|XPhos|Et3N|DMF
well_a837f1de97c2156b,6-I-Q,trifluoroborate,XPhos,None,MeOH,6-I-Q|trifluoroborate|XPhos|None|MeOH
well_a85dc7f8d45d074f,6-OTf-Q,trifluoroborate,SPhos,NaOH,MeCN,6-OTf-Q|trifluoroborate|SPhos|NaOH|MeCN
well_a85f43c9eb0851bb,6-I-Q,trifluoroborate,Xantphos,LiOtBu,MeOH,6-I-Q|trifluoroborate|Xantphos|LiOtBu|MeOH
well_a86d6e86e49bb85b,6-BPin-Q,aryl-bromide,dppf,NaHCO3,THF,6-BPin-Q|aryl-bromide|dppf|NaHCO3|THF
well_a8726beb0ff8fe1d,6-Br-Q,boronic-ester,P(tBu)3,NaOH,THF,6-Br-Q|boronic-ester|P(tBu)3|NaOH|THF
well_a8781d5f68e277ad,6-BOH2-Q,aryl-bromide,P(Cy)3,NaHCO3,MeOH-H2O-v2,6-BOH2-Q|aryl-bromide|P(Cy)3|NaHCO3|MeOH-H2O-v2
well_a8e718a7ca019c57,6-I-Q,boronic-acid,P(o-Tol)3,NaHCO3,MeOH,6-I-Q|boronic-acid|P(o-Tol)3|NaHCO3|MeOH
well_a9033239ffe62549,6-OTf-Q,boronic-ester,P(tBu)3,NaHCO3,DMF,6-OTf-Q|boronic-ester|P(tBu)3|NaHCO3|DMF
well_a9297ce86d94dde8,6-Br-Q,boronic-ester,P(Cy)3,Et3N,DMF,6-Br-Q|boronic-ester|P(Cy)3|Et3N|DMF
well_a92eb90149cdb09c,6-Br-Q,boronic-acid,dppf,NaHCO3,THF,6-Br-Q|boronic-acid|dppf|NaHCO3|THF
well_a94518f46b600215,6-Br-Q,boronic-acid,Xantphos,KOH,DMF,6-Br-Q|boronic-acid|Xantphos|KOH|DMF
well_a96b75280b464178,6-BF3K-Q,aryl-bromide,AmPhos,KOH,THF,6-BF3K-Q|aryl-bromide|AmPhos|KOH|THF
well_a9785652f9b8316e,6-BF3K-Q,aryl-bromide,P(o-Tol)3,Et3N,MeCN,6-BF3K-Q|aryl-bromide|P(o-Tol)3|Et3N|MeCN
well_a97a28ef7c0eb04b,6-BOH2-Q,aryl-bromide,dtbpf,NaOH,THF-v2,6-BOH2-Q|aryl-bromide|dtbpf|NaOH|THF-v2
well_a98058001ab8dbbc,6-BOH2-Q,aryl-bromide,P(Cy)3,CsF,THF-v2,6-BOH2-Q|aryl-bromide|P(Cy)3|CsF|THF-v2
well_a982164c82ba5735,6-Br-Q,boronic-acid,P(o-Tol)3,K3PO4,MeOH,6-Br-Q|boronic-acid|P(o-Tol)3|K3PO4|MeOH
well_a9aaf727794162a9,6-BPin-Q,aryl-bromide,P(o-Tol)3,CsF,DMF,6-BPin-Q|aryl-bromide|P(o-Tol)3|CsF|DMF
well_a9cd9069193e3b7b,6-OTf-Q,trifluoroborate,AmPhos,None,DMF,6-OTf-Q|trifluoroborate|AmPhos|None|DMF
well_a9cfcc826ff363ca,6-I-Q,boronic-ester,P(Ph)3,Et3N,MeCN,6-I-Q|boronic-ester|P(Ph)3|Et3N|MeCN
well_a9d1e4bd8174963e,6-Br-Q,trifluoroborate,P(Cy)3,LiOtBu,DMF,6-Br-Q|trifluoroborate|P(Cy)3|LiOtBu|DMF
well_a9d77e7393c5802e,6-OTf-Q,boronic-acid,P(o-Tol)3,None,DMF,6-OTf-Q|boronic-acid|P(o-Tol)3|None|DMF
well_a9d8d354f495c662,6-Br-Q,boronic-ester,XPhos,KOH,MeOH,6-Br-Q|boronic-ester|XPhos|KOH|MeOH
well_aa0091fd53879927,6-BPin-Q,aryl-bromide,dtbpf,None,THF,6-BPin-Q|aryl-bromide|dtbpf|None|THF
well_aa06199a7d0dea0b,6-Br-Q,boronic-ester,SPhos,Et3N,THF,6-Br-Q|boronic-ester|SPhos|Et3N|THF
well_aa1a1beafcf1c3bd,6-OTf-Q,boronic-acid,P(o-Tol)3,LiOtBu,MeOH,6-OTf-Q|boronic-acid|P(o-Tol)3|LiOtBu|MeOH
well_aa97812069d82ae5,6-BF3K-Q,aryl-bromide,dppf,Et3N,MeOH,6-BF3K-Q|aryl-bromide|dppf|Et3N|MeOH
well_aa996c38d1a2d4cb,6-I-Q,boronic-acid,P(Ph)3,Et3N,THF,6-I-Q|boronic-acid|P(Ph)3|Et3N|THF
well_aac4c22282a0cd94,6-OTf-Q,trifluoroborate,AmPhos,Et3N,MeCN,6-OTf-Q|trifluoroborate|AmPhos|Et3N|MeCN
well_aae8ab4b58641e6f,6-OTf-Q,trifluoroborate,P(tBu)3,K3PO4,THF,6-OTf-Q|trifluoroborate|P(tBu)3|K3PO4|THF
well_ab068f74ac1370ce,6-OTf-Q,boronic-acid,None,K3PO4,MeCN,6-OTf-Q|boronic-acid|None|K3PO4|MeCN
well_ab716c73e9bd12e7,6-OTf-Q,boronic-ester,dppf,KOH,MeOH,6-OTf-Q|boronic-ester|dppf|KOH|MeOH
well_aba2ddd66dabf80a,6-I-Q,boronic-ester,None,LiOtBu,MeOH,6-I-Q|boronic-ester|None|LiOtBu|MeOH
well_abbdc68d30ec7e2d,6-BOH2-Q,aryl-bromide,P(Ph)3,KOH,MeOH-H2O-v2,6-BOH2-Q|aryl-bromide|P(Ph)3|KOH|MeOH-H2O-v2
well_abc9200b219e5c96,6-Br-Q,boronic-ester,SPhos,CsF,MeCN,6-Br-Q|boronic-ester|SPhos|CsF|MeCN
well_abd7373ba3ac4901,6-BPin-Q,aryl-bromide,XPhos,Et3N,THF,6-BPin-Q|aryl-bromide|XPhos|Et3N|THF
well_abdf5df080db24b6,6-OTf-Q,boronic-ester,AmPhos,NaOH,DMF,6-OTf-Q|boronic-ester|AmPhos|NaOH|DMF
well_abec8019a82f1f26,6-I-Q,boronic-acid,P(o-Tol)3,CsF,MeOH,6-I-Q|boronic-acid|P(o-Tol)3|CsF|MeOH
well_ac1d3af853d9a460,6-OTf-Q,trifluoroborate,dppf,K3PO4,MeCN,6-OTf-Q|trifluoroborate|dppf|K3PO4|MeCN
well_ac2cd6a97fa54247,6-OTf-Q,boronic-acid,SPhos,None,THF,6-OTf-Q|boronic-acid|SPhos|None|THF
well_ac3a74be601b75f7,6-BF3K-Q,aryl-bromide,CataCXium A,NaOH,MeOH,6-BF3K-Q|aryl-bromide|CataCXium A|NaOH|MeOH
well_ac3b9d40c28f6f51,6-OTf-Q,boronic-acid,XPhos,Et3N,THF,6-OTf-Q|boronic-acid|XPhos|Et3N|THF
well_ac5ec529f65396a4,6-I-Q,boronic-acid,Xantphos,Et3N,DMF,6-I-Q|boronic-acid|Xantphos|Et3N|DMF
well_ac6184d3c7bb67dd,6-BOH2-Q,aryl-bromide,P(Ph)3,LiOtBu,DMF,6-BOH2-Q|aryl-bromide|P(Ph)3|LiOtBu|DMF
well_ac6ad033946f552d,6-I-Q,boronic-ester,P(tBu)3,None,THF,6-I-Q|boronic-ester|P(tBu)3|None|THF
well_ac7a6a2b470e75f7,6-BPin-Q,aryl-bromide,P(Cy)3,NaOH,MeCN,6-BPin-Q|aryl-bromide|P(Cy)3|NaOH|MeCN
well_ac9762099d1c5571,6-Br-Q,boronic-acid,CataCXium A,Et3N,MeOH,6-Br-Q|boronic-acid|CataCXium A|Et3N|MeOH
well_acbb8fcd98c2d0ea,6-BPin-Q,aryl-bromide,CataCXium A,LiOtBu,DMF,6-BPin-Q|aryl-bromide|CataCXium A|LiOtBu|DMF
well_acd81895ba04afa0,6-OTf-Q,boronic-acid,XPhos,CsF,MeOH,6-OTf-Q|boronic-acid|XPhos|CsF|MeOH
well_acea7768eba70329,6-BOH2-Q,aryl-bromide,P(Cy)3,LiOtBu,THF-v2,6-BOH2-Q|aryl-bromide|P(Cy)3|LiOtBu|THF-v2
well_acecd2063db2b88d,6-I-Q,boronic-ester,Xantphos,NaOH,THF,6-I-Q|boronic-ester|Xantphos|NaOH|THF
well_acf76802688be772,6-Br-Q,trifluoroborate,Xantphos,NaOH,DMF,6-Br-Q|trifluoroborate|Xantphos|NaOH|DMF
well_ad20f69cfc68c317,6-Br-Q,boronic-acid,dtbpf,Et3N,THF,6-Br-Q|boronic-acid|dtbpf|Et3N|THF
well_ad2729033d39243e,6-Br-Q,trifluoroborate,AmPhos,Et3N,MeOH,6-Br-Q|trifluoroborate|AmPhos|Et3N|MeOH
well_ad2e6579f5737124,6-BPin-Q,aryl-bromide,Xantphos,K3PO4,MeOH,6-BPin-Q|aryl-bromide|Xantphos|K3PO4|MeOH
well_ad31eb95394da1c7,6-BPin-Q,aryl-bromide,Xantphos,CsF,DMF,6-BPin-Q|aryl-bromide|Xantphos|CsF|DMF
well_ad421b34b0ad5ed1,6-OTf-Q,boronic-acid,dppf,CsF,THF,6-OTf-Q|boronic-acid|dppf|CsF|THF
well_ad5028d374427c56,6-OTf-Q,trifluoroborate,P(Cy)3,LiOtBu,MeCN,6-OTf-Q|trifluoroborate|P(Cy)3|LiOtBu|MeCN
well_ad7b8437b2d795c8,6-OTf-Q,trifluoroborate,P(o-Tol)3,KOH,THF,6-OTf-Q|trifluoroborate|P(o-Tol)3|KOH|THF
well_ad84c10c37b10823,6-I-Q,trifluoroborate,P(Ph)3,K3PO4,MeCN,6-I-Q|trifluoroborate|P(Ph)3|K3PO4|MeCN
well_ad8642e4ecdd2129,6-OTf-Q,trifluoroborate,P(Cy)3,NaHCO3,DMF,6-OTf-Q|trifluoroborate|P(Cy)3|NaHCO3|DMF
well_ad99777c3ffca5a6,6-BOH2-Q,aryl-bromide,dtbpf,Et3N,THF-v2,6-BOH2-Q|aryl-bromide|dtbpf|Et3N|THF-v2
well_ad9c31b330e0294b,6-Br-Q,boronic-ester,dppf,K3PO4,DMF,6-Br-Q|boronic-ester|dppf|K3PO4|DMF
well_adb378338550a1f7,6-BPin-Q,aryl-bromide,AmPhos,CsF,MeCN,6-BPin-Q|aryl-bromide|AmPhos|CsF|MeCN
well_adeb038b10b17cbe,6-I-Q,trifluoroborate,P(Cy)3,K3PO4,THF,6-I-Q|trifluoroborate|P(Cy)3|K3PO4|THF
well_ae064a63ff4b4488,6-Br-Q,boronic-ester,SPhos,NaHCO3,THF,6-Br-Q|boronic-ester|SPhos|NaHCO3|THF
well_ae127335a735d9e7,6-OTf-Q,boronic-acid,SPhos,NaOH,MeCN,6-OTf-Q|boronic-acid|SPhos|NaOH|MeCN
well_ae1b918c3dba38c9,6-Br-Q,boronic-ester,dtbpf,CsF,MeCN,6-Br-Q|boronic-ester|dtbpf|CsF|MeCN
well_ae20c8d35dacd4a5,6-Br-Q,boronic-ester,Xantphos,NaOH,DMF,6-Br-Q|boronic-ester|Xantphos|NaOH|DMF
well_ae3fcb3cf58e255f,6-I-Q,boronic-ester,AmPhos,CsF,MeOH,6-I-Q|boronic-ester|AmPhos|CsF|MeOH
well_ae50907934482c54,6-Br-Q,boronic-ester,None,LiOtBu,DMF,6-Br-Q|boronic-ester|None|LiOtBu|DMF
well_ae8638423fea0e0a,6-Br-Q,boronic-acid,dppf,NaOH,MeOH,6-Br-Q|boronic-acid|dppf|NaOH|MeOH
well_ae9d80830a275d06,6-Br-Q,boronic-ester,P(Cy)3,K3PO4,MeOH,6-Br-Q|boronic-ester|P(Cy)3|K3PO4|MeOH
well_ae9f3b715172e5f4,6-OTf-Q,boronic-acid,Xantphos,NaOH,MeCN,6-OTf-Q|boronic-acid|Xantphos|NaOH|MeCN
well_ae9f9a51e54a3c8a,6-Br-Q,boronic-acid,dppf,None,THF,6-Br-Q|boronic-acid|dppf|None|THF
well_aeba0faac1f4bf28,6-Br-Q,boronic-acid,dppf,Et3N,MeOH,6-Br-Q|boronic-acid|dppf|Et3N|MeOH
well_aeca9d2fa4410316,6-I-Q,boronic-acid,dppf,None,THF,6-I-Q|boronic-acid|dppf|None|THF
well_aed2072c0b4aaf36,6-BPin-Q,aryl-bromide,SPhos,KOH,MeCN,6-BPin-Q|aryl-bromide|SPhos|KOH|MeCN
well_aedc7594a1a443b9,6-I-Q,trifluoroborate,SPhos,LiOtBu,MeCN,6-I-Q|trifluoroborate|SPhos|LiOtBu|MeCN
well_aee1081539e8367a,6-OTf-Q,boronic-ester,SPhos,None,MeOH,6-OTf-Q|boronic-ester|SPhos|None|MeOH
well_aee3b720ce4c3d80,6-Br-Q,boronic-ester,P(tBu)3,K3PO4,THF,6-Br-Q|boronic-ester|P(tBu)3|K3PO4|THF
well_af226b8ed36a3d03,6-I-Q,boronic-acid,P(Cy)3,LiOtBu,MeOH,6-I-Q|boronic-acid|P(Cy)3|LiOtBu|MeOH
well_af3201bbdc97bd99,6-Br-Q,boronic-ester,dppf,NaOH,MeCN,6-Br-Q|boronic-ester|dppf|NaOH|MeCN
well_af3d0a4bf6e78908,6-Br-Q,trifluoroborate,None,K3PO4,MeCN,6-Br-Q|trifluoroborate|None|K3PO4|MeCN
well_af5e4e030b040360,6-Br-Q,boronic-ester,dtbpf,NaOH,MeCN,6-Br-Q|boronic-ester|dtbpf|NaOH|MeCN
well_af68e95853afcfe6,6-BPin-Q,aryl-bromide,P(Cy)3,Et3N,DMF,6-BPin-Q|aryl-bromide|P(Cy)3|Et3N|DMF
well_af75c5d2d8dcf6af,6-I-Q,boronic-acid,P(Cy)3,None,DMF,6-I-Q|boronic-acid|P(Cy)3|None|DMF
well_af82205afceb8431,6-OTf-Q,boronic-acid,P(Ph)3,NaHCO3,MeOH,6-OTf-Q|boronic-acid|P(Ph)3|NaHCO3|MeOH
well_af84985bc2bb2660,6-Br-Q,trifluoroborate,SPhos,LiOtBu,DMF,6-Br-Q|trifluoroborate|SPhos|LiOtBu|DMF
well_afcd74c6a4e6148c,6-I-Q,trifluoroborate,Xantphos,NaOH,MeOH,6-I-Q|trifluoroborate|Xantphos|NaOH|MeOH
well_afdd3a1376354d9f,6-Br-Q,boronic-ester,dtbpf,LiOtBu,MeCN,6-Br-Q|boronic-ester|dtbpf|LiOtBu|MeCN
well_afe5e8e9377df2c3,6-I-Q,boronic-acid,P(Ph)3,NaOH,MeCN,6-I-Q|boronic-acid|P(Ph)3|NaOH|MeCN
well_afe85dc01249a28a,6-I-Q,boronic-acid,dtbpf,NaHCO3,DMF,6-I-Q|boronic-acid|dtbpf|NaHCO3|DMF
well_b021e9e54cf561ba,6-Br-Q,boronic-ester,XPhos,CsF,MeOH,6-Br-Q|boronic-ester|XPhos|CsF|MeOH
well_b0298a6fd4403d15,6-OTf-Q,boronic-ester,XPhos,KOH,DMF,6-OTf-Q|boronic-ester|XPhos|KOH|DMF
well_b053ebb3d655af25,6-Br-Q,trifluoroborate,dtbpf,KOH,THF,6-Br-Q|trifluoroborate|dtbpf|KOH|THF
well_b055f3fab469ff3d,6-BPin-Q,aryl-bromide,P(o-Tol)3,CsF,THF,6-BPin-Q|aryl-bromide|P(o-Tol)3|CsF|THF
well_b06355ed449df006,6-I-Q,boronic-ester,P(Cy)3,None,MeCN,6-I-Q|boronic-ester|P(Cy)3|None|MeCN
well_b0649250603034ea,6-Br-Q,boronic-acid,None,LiOtBu,DMF,6-Br-Q|boronic-acid|None|LiOtBu|DMF
well_b078afcc9a17d2cd,6-BF3K-Q,aryl-bromide,SPhos,NaOH,THF,6-BF3K-Q|aryl-bromide|SPhos|NaOH|THF
well_b09aa837b8ab5089,6-Br-Q,trifluoroborate,dppf,NaHCO3,MeOH,6-Br-Q|trifluoroborate|dppf|NaHCO3|MeOH
well_b09c3849e1ecc04b,6-Br-Q,trifluoroborate,Xantphos,NaHCO3,THF,6-Br-Q|trifluoroborate|Xantphos|NaHCO3|THF
well_b09e432383d83d63,6-BPin-Q,aryl-bromide,P(Ph)3,LiOtBu,MeCN,6-BPin-Q|aryl-bromide|P(Ph)3|LiOtBu|MeCN
well_b09ea56ddb44b713,6-I-Q,boronic-ester,P(Cy)3,NaOH,MeCN,6-I-Q|boronic-ester|P(Cy)3|NaOH|MeCN
well_b0aad5be4ff785aa,6-OTf-Q,boronic-acid,P(Ph)3,None,THF,6-OTf-Q|boronic-acid|P(Ph)3|None|THF
well_b0ba768369be4f1b,6-I-Q,trifluoroborate,P(tBu)3,NaHCO3,DMF,6-I-Q|trifluoroborate|P(tBu)3|NaHCO3|DMF
well_b0e255d6d0c77f4d,6-I-Q,boronic-acid,dtbpf,NaOH,MeCN,6-I-Q|boronic-acid|dtbpf|NaOH|MeCN
well_b0f74daa978143ca,6-I-Q,boronic-ester,AmPhos,LiOtBu,DMF,6-I-Q|boronic-ester|AmPhos|LiOtBu|DMF
well_b0ffd2321cc8135e,6-BF3K-Q,aryl-bromide,P(o-Tol)3,NaHCO3,MeOH,6-BF3K-Q|aryl-bromide|P(o-Tol)3|NaHCO3|MeOH
well_b152dca323225b9c,6-I-Q,trifluoroborate,None,NaHCO3,MeCN,6-I-Q|trifluoroborate|None|NaHCO3|MeCN
well_b17d7f1334b0455e,6-Br-Q,trifluoroborate,P(tBu)3,NaHCO3,DMF,6-Br-Q|trifluoroborate|P(tBu)3|NaHCO3|DMF
well_b17db20e122123cf,6-OTf-Q,trifluoroborate,CataCXium A,NaHCO3,DMF,6-OTf-Q|trifluoroborate|CataCXium A|NaHCO3|DMF
well_b19c163f25f18dfb,6-Br-Q,trifluoroborate,XPhos,NaHCO3,THF,6-Br-Q|trifluoroborate|XPhos|NaHCO3|THF
well_b19f343dcb63899f,6-BF3K-Q,aryl-bromide,Xantphos,NaHCO3,DMF,6-BF3K-Q|aryl-bromide|Xantphos|NaHCO3|DMF
well_b1abdc52c3bd7951,6-I-Q,boronic-acid,CataCXium A,LiOtBu,MeCN,6-I-Q|boronic-acid|CataCXium A|LiOtBu|MeCN
well_b1bdf8163ecb6078,6-BPin-Q,aryl-bromide,P(Ph)3,K3PO4,THF,6-BPin-Q|aryl-bromide|P(Ph)3|K3PO4|THF
well_b1d96552b8e48360,6-OTf-Q,boronic-acid,P(Ph)3,NaHCO3,DMF,6-OTf-Q|boronic-acid|P(Ph)3|NaHCO3|DMF
well_b22f0023e04560b5,6-I-Q,boronic-ester,dppf,NaHCO3,THF,6-I-Q|boronic-ester|dppf|NaHCO3|THF
well_b25d31ac27507f9f,6-I-Q,boronic-ester,SPhos,None,MeOH,6-I-Q|boronic-ester|SPhos|None|MeOH
well_b27fb371be3985d2,6-Br-Q,boronic-ester,P(tBu)3,NaOH,MeCN,6-Br-Q|boronic-ester|P(tBu)3|NaOH|MeCN
well_b2b3cb3dbd787581,6-OTf-Q,boronic-ester,None,NaOH,THF,6-OTf-Q|boronic-ester|None|NaOH|THF
well_b2b682778f6d6e86,6-I-Q,boronic-acid,None,None,MeOH,6-I-Q|boronic-acid|None|None|MeOH
well_b2bb8c88cff5235d,6-BF3K-Q,aryl-bromide,dtbpf,None,MeCN,6-BF3K-Q|aryl-bromide|dtbpf|None|MeCN
well_b2c58e597b50bf68,6-I-Q,boronic-acid,dtbpf,NaHCO3,MeOH,6-I-Q|boronic-acid|dtbpf|NaHCO3|MeOH
well_b2d3e7e88c6ce8ca,6-Br-Q,trifluoroborate,P(tBu)3,None,DMF,6-Br-Q|trifluoroborate|P(tBu)3|None|DMF
well_b2d4fff91690b7c5,6-OTf-Q,boronic-acid,P(o-Tol)3,LiOtBu,THF,6-OTf-Q|boronic-acid|P(o-Tol)3|LiOtBu|THF
well_b2d9f2754f9f064a,6-BF3K-Q,aryl-bromide,P(tBu)3,KOH,MeCN,6-BF3K-Q|aryl-bromide|P(tBu)3|KOH|MeCN
well_b2e375fc05a1ccc1,6-OTf-Q,boronic-acid,dtbpf,NaOH,THF,6-OTf-Q|boronic-acid|dtbpf|NaOH|THF
well_b2f889c95a1a0bbd,6-BF3K-Q,aryl-bromide,CataCXium A,KOH,MeCN,6-BF3K-Q|aryl-bromide|CataCXium A|KOH|MeCN
well_b30adecadd650601,6-OTf-Q,trifluoroborate,None,NaOH,DMF,6-OTf-Q|trifluoroborate|None|NaOH|DMF
well_b318142b000291b1,6-BPin-Q,aryl-bromide,CataCXium A,CsF,MeOH,6-BPin-Q|aryl-bromide|CataCXium A|CsF|MeOH
well_b361cd3d1ba092f2,6-Br-Q,trifluoroborate,Xantphos,NaOH,MeCN,6-Br-Q|trifluoroborate|Xantphos|NaOH|MeCN
well_b3697ad12f6447fc,6-OTf-Q,boronic-acid,P(tBu)3,K3PO4,MeCN,6-OTf-Q|boronic-acid|P(tBu)3|K3PO4|MeCN
well_b39809d2a9e5a0f7,6-I-Q,boronic-ester,XPhos,Et3N,THF,6-I-Q|boronic-ester|XPhos|Et3N|THF
well_b3df6ec289948eb2,6-Br-Q,boronic-acid,dtbpf,CsF,DMF,6-Br-Q|boronic-acid|dtbpf|CsF|DMF
well_b3e4c387cd0f6ece,6-OTf-Q,boronic-ester,Xantphos,KOH,MeCN,6-OTf-Q|boronic-ester|Xantphos|KOH|MeCN
well_b3f8519ab03f444b,6-Br-Q,boronic-acid,XPhos,K3PO4,MeCN,6-Br-Q|boronic-acid|XPhos|K3PO4|MeCN
well_b3f867d2c543751a,6-BPin-Q,aryl-bromide,SPhos,KOH,DMF,6-BPin-Q|aryl-bromide|SPhos|KOH|DMF
well_b414b355066112c0,6-I-Q,trifluoroborate,dtbpf,NaHCO3,THF,6-I-Q|trifluoroborate|dtbpf|NaHCO3|THF
well_b460253b428d2009,6-I-Q,boronic-acid,dppf,Et3N,MeOH,6-I-Q|boronic-acid|dppf|Et3N|MeOH
well_b461296a4fdc52e6,6-BF3K-Q,aryl-bromide,P(Ph)3,NaOH,MeOH,6-BF3K-Q|aryl-bromide|P(Ph)3|NaOH|MeOH
well_b4761ecafbcf3984,6-Br-Q,trifluoroborate,XPhos,KOH,THF,6-Br-Q|trifluoroborate|XPhos|KOH|THF
well_b4ae9fb37e96eb31,6-OTf-Q,boronic-ester,XPhos,Et3N,THF,6-OTf-Q|boronic-ester|XPhos|Et3N|THF
well_b4cb1246c401cc02,6-I-Q,boronic-acid,SPhos,NaHCO3,MeOH,6-I-Q|boronic-acid|SPhos|NaHCO3|MeOH
well_b4d4f76878384ea1,6-OTf-Q,trifluoroborate,dtbpf,CsF,MeCN,6-OTf-Q|trifluoroborate|dtbpf|CsF|MeCN
well_b505d12ac5a2b49b,6-Br-Q,boronic-acid,P(Ph)3,K3PO4,MeCN,6-Br-Q|boronic-acid|P(Ph)3|K3PO4|MeCN
well_b53544448fbab04b,6-BF3K-Q,aryl-bromide,AmPhos,Et3N,MeCN,6-BF3K-Q|aryl-bromide|AmPhos|Et3N|MeCN
well_b5678c751461e6e6,6-OTf-Q,boronic-ester,P(Ph)3,K3PO4,DMF,6-OTf-Q|boronic-ester|P(Ph)3|K3PO4|DMF
well_b584e17b1446799d,6-BF3K-Q,aryl-bromide,XPhos,NaHCO3,MeOH,6-BF3K-Q|aryl-bromide|XPhos|NaHCO3|MeOH
well_b59c0564ac61a765,6-Br-Q,boronic-ester,P(o-Tol)3,KOH,DMF,6-Br-Q|boronic-ester|P(o-Tol)3|KOH|DMF
well_b5c5f82ad17312e6,6-I-Q,boronic-ester,dppf,LiOtBu,MeCN,6-I-Q|boronic-ester|dppf|LiOtBu|MeCN
well_b5c74923f03383fb,6-I-Q,trifluoroborate,dppf,CsF,DMF,6-I-Q|trifluoroborate|dppf|CsF|DMF
well_b5d4ef46647ac9b0,6-Br-Q,boronic-ester,CataCXium A,NaOH,MeCN,6-Br-Q|boronic-ester|CataCXium A|NaOH|MeCN
well_b628a48a07be190e,6-OTf-Q,boronic-acid,SPhos,CsF,MeCN,6-OTf-Q|boronic-acid|SPhos|CsF|MeCN
well_b696213df9f5e688,6-OTf-Q,boronic-acid,AmPhos,NaHCO3,THF,6-OTf-Q|boronic-acid|AmPhos|NaHCO3|THF
well_b6a595c6e667031a,6-BF3K-Q,aryl-bromide,P(tBu)3,CsF,DMF,6-BF3K-Q|aryl-bromide|P(tBu)3|CsF|DMF
well_b6f3348db904cd99,6-OTf-Q,trifluoroborate,P(Ph)3,Et3N,MeCN,6-OTf-Q|trifluoroborate|P(Ph)3|Et3N|MeCN
well_b7149d3d9c1f7216,6-I-Q,boronic-ester,None,None,THF,6-I-Q|boronic-ester|None|None|THF
well_b718b322f69613c1,6-Br-Q,trifluoroborate,P(Cy)3,NaOH,DMF,6-Br-Q|trifluoroborate|P(Cy)3|NaOH|DMF
well_b7401523482e8842,6-OTf-Q,boronic-acid,P(tBu)3,KOH,MeCN,6-OTf-Q|boronic-acid|P(tBu)3|KOH|MeCN
well_b74285cec0aaab8f,6-Br-Q,boronic-ester,SPhos,CsF,THF,6-Br-Q|boronic-ester|SPhos|CsF|THF
well_b743c3c359d55be7,6-Br-Q,boronic-ester,AmPhos,KOH,MeCN,6-Br-Q|boronic-ester|AmPhos|KOH|MeCN
well_b750bbbb536b4c19,6-I-Q,boronic-acid,P(o-Tol)3,KOH,MeCN,6-I-Q|boronic-acid|P(o-Tol)3|KOH|MeCN
well_b79bbd4a3e6d47fd,6-OTf-Q,trifluoroborate,dtbpf,CsF,THF,6-OTf-Q|trifluoroborate|dtbpf|CsF|THF
well_b7a3882f23d539fc,6-I-Q,boronic-acid,AmPhos,CsF,MeOH,6-I-Q|boronic-acid|AmPhos|CsF|MeOH
well_b7aff1cfd19b999c,6-OTf-Q,boronic-ester,P(Cy)3,Et3N,MeCN,6-OTf-Q|boronic-ester|P(Cy)3|Et3N|MeCN
well_b7e668472feda0c5,6-OTf-Q,trifluoroborate,XPhos,CsF,THF,6-OTf-Q|trifluoroborate|XPhos|CsF|THF
well_b7ec06a069107841,6-BF3K-Q,aryl-bromide,AmPhos,None,THF,6-BF3K-Q|aryl-bromide|AmPhos|None|THF
well_b81b450b01d7cbed,6-BOH2-Q,aryl-bromide,XPhos,LiOtBu,MeOH-H2O-v2,6-BOH2-Q|aryl-bromide|XPhos|LiOtBu|MeOH-H2O-v2
well_b81f1d77ec2ccfbc,6-OTf-Q,trifluoroborate,None,Et3N,MeCN,6-OTf-Q|trifluoroborate|None|Et3N|MeCN
well_b82decb308a5412e,6-I-Q,trifluoroborate,P(tBu)3,K3PO4,THF,6-I-Q|trifluoroborate|P(tBu)3|K3PO4|THF
well_b830318379a004f5,6-I-Q,boronic-ester,P(o-Tol)3,LiOtBu,DMF,6-I-Q|boronic-ester|P(o-Tol)3|LiOtBu|DMF
well_b848c0b85e24db3d,6-BF3K-Q,aryl-bromide,P(Ph)3,Et3N,THF,6-BF3K-Q|aryl-bromide|P(Ph)3|Et3N|THF
well_b8682d9ddba9bb7b,6-I-Q,boronic-ester,P(o-Tol)3,None,MeCN,6-I-Q|boronic-ester|P(o-Tol)3|None|MeCN
well_b890edf40a79ca80,6-BF3K-Q,aryl-bromide,P(tBu)3,KOH,THF,6-BF3K-Q|aryl-bromide|P(tBu)3|KOH|THF
well_b8dae46b1c9de0a2,6-BF3K-Q,aryl-bromide,None,KOH,DMF,6-BF3K-Q|aryl-bromide|None|KOH|DMF
well_b8ec64968a835c19,6-I-Q,boronic-ester,None,CsF,THF,6-I-Q|boronic-ester|None|CsF|THF
well_b905b21a36d46528,6-BPin-Q,aryl-bromide,SPhos,Et3N,DMF,6-BPin-Q|aryl-bromide|SPhos|Et3N|DMF
well_b90c86f9439b3e62,6-Br-Q,boronic-acid,Xantphos,CsF,DMF,6-Br-Q|boronic-acid|Xantphos|CsF|DMF
well_b91ad8f0d2b33a62,6-Br-Q,boronic-ester,SPhos,Et3N,MeCN,6-Br-Q|boronic-ester|SPhos|Et3N|MeCN
well_b93e3dbe8a36a0e7,6-I-Q,boronic-acid,CataCXium A,CsF,DMF,6-I-Q|boronic-acid|CataCXium A|CsF|DMF
well_b94f5b0901887b63,6-I-Q,boronic-acid,None,None,DMF,6-I-Q|boronic-acid|None|None|DMF
well_b9518e421a5a9f87,6-I-Q,boronic-ester,SPhos,LiOtBu,MeCN,6-I-Q|boronic-ester|SPhos|LiOtBu|MeCN
well_b952028cd6dbd3b8,6-Br-Q,trifluoroborate,None,LiOtBu,THF,6-Br-Q|trifluoroborate|None|LiOtBu|THF
well_b96d130ee2cf7d67,6-Br-Q,boronic-ester,dppf,Et3N,THF,6-Br-Q|boronic-ester|dppf|Et3N|THF
well_b979b207ec03beeb,6-OTf-Q,trifluoroborate,dtbpf,LiOtBu,MeCN,6-OTf-Q|trifluoroborate|dtbpf|LiOtBu|MeCN
well_b989a9186bd99876,6-BOH2-Q,aryl-bromide,dtbpf,NaOH,MeCN,6-BOH2-Q|aryl-bromide|dtbpf|NaOH|MeCN
well_b99bb3a6563eabdf,6-BPin-Q,aryl-bromide,P(o-Tol)3,NaHCO3,THF,6-BPin-Q|aryl-bromide|P(o-Tol)3|NaHCO3|THF
well_b99d0e2412668790,6-Br-Q,boronic-ester,AmPhos,K3PO4,DMF,6-Br-Q|boronic-ester|AmPhos|K3PO4|DMF
well_b9b242991c4a74b4,6-OTf-Q,boronic-ester,P(Ph)3,None,THF,6-OTf-Q|boronic-ester|P(Ph)3|None|THF
well_b9b441c551212a85,6-Br-Q,boronic-ester,Xantphos,K3PO4,MeCN,6-Br-Q|boronic-ester|Xantphos|K3PO4|MeCN
well_b9eeb4fdd8154a95,6-Br-Q,trifluoroborate,AmPhos,None,MeCN,6-Br-Q|trifluoroborate|AmPhos|None|MeCN
well_b9f300980c3d8fec,6-Br-Q,boronic-acid,P(Ph)3,K3PO4,THF,6-Br-Q|boronic-acid|P(Ph)3|K3PO4|THF
well_ba352834eafabcc7,6-BF3K-Q,aryl-bromide,Xantphos,NaOH,THF,6-BF3K-Q|aryl-bromide|Xantphos|NaOH|THF
well_ba36a8f7223f35c3,6-OTf-Q,boronic-ester,P(o-Tol)3,NaHCO3,THF,6-OTf-Q|boronic-ester|P(o-Tol)3|NaHCO3|THF
well_ba42fd14f065f409,6-OTf-Q,boronic-ester,None,None,DMF,6-OTf-Q|boronic-ester|None|None|DMF
well_ba49d4816f636b8f,6-OTf-Q,boronic-acid,P(tBu)3,CsF,MeCN,6-OTf-Q|boronic-acid|P(tBu)3|CsF|MeCN
well_ba684c4058e5ecd1,6-Br-Q,boronic-ester,P(o-Tol)3,NaHCO3,MeCN,6-Br-Q|boronic-ester|P(o-Tol)3|NaHCO3|MeCN
well_baa9c484a0694b35,6-I-Q,trifluoroborate,CataCXium A,Et3N,DMF,6-I-Q|trifluoroborate|CataCXium A|Et3N|DMF
well_babe65d2beeea7dd,6-Br-Q,trifluoroborate,XPhos,Et3N,MeOH,6-Br-Q|trifluoroborate|XPhos|Et3N|MeOH
well_bae005e498bd78a2,6-I-Q,boronic-ester,AmPhos,K3PO4,MeOH,6-I-Q|boronic-ester|AmPhos|K3PO4|MeOH
well_bae3d3322448216d,6-BOH2-Q,aryl-bromide,CataCXium A,NaHCO3,DMF,6-BOH2-Q|aryl-bromide|CataCXium A|NaHCO3|DMF
well_baecd2068098c63d,6-BPin-Q,aryl-bromide,AmPhos,LiOtBu,THF,6-BPin-Q|aryl-bromide|AmPhos|LiOtBu|THF
well_baefe91cda946d45,6-I-Q,trifluoroborate,SPhos,None,THF,6-I-Q|trifluoroborate|SPhos|None|THF
well_baf733c83128b587,6-BOH2-Q,aryl-bromide,AmPhos,Et3N,MeOH-H2O-v2,6-BOH2-Q|aryl-bromide|AmPhos|Et3N|MeOH-H2O-v2
well_bafe05bc4935012f,6-BOH2-Q,aryl-bromide,dppf,LiOtBu,THF-v2,6-BOH2-Q|aryl-bromide|dppf|LiOtBu|THF-v2
well_bb2178a5a528ba4d,6-Br-Q,trifluoroborate,dppf,None,DMF,6-Br-Q|trifluoroborate|dppf|None|DMF
well_bb270236543402da,6-OTf-Q,trifluoroborate,P(Cy)3,K3PO4,MeOH,6-OTf-Q|trifluoroborate|P(Cy)3|K3PO4|MeOH
well_bb54adecb6746cb9,6-I-Q,trifluoroborate,Xantphos,K3PO4,THF,6-I-Q|trifluoroborate|Xantphos|K3PO4|THF
well_bb7e316187d92f78,6-Br-Q,boronic-ester,dppf,Et3N,MeCN,6-Br-Q|boronic-ester|dppf|Et3N|MeCN
well_bb86c3e59cbcccfb,6-Br-Q,boronic-acid,P(tBu)3,LiOtBu,THF,6-Br-Q|boronic-acid|P(tBu)3|LiOtBu|THF
well_bba6b91f2ed7e958,6-OTf-Q,trifluoroborate,P(Cy)3,NaOH,MeCN,6-OTf-Q|trifluoroborate|P(Cy)3|NaOH|MeCN
well_bba76cde989a7f08,6-OTf-Q,boronic-acid,CataCXium A,CsF,THF,6-OTf-Q|boronic-acid|CataCXium A|CsF|THF
well_bbb97fdead7e7a56,6-OTf-Q,trifluoroborate,P(o-Tol)3,NaOH,THF,6-OTf-Q|trifluoroborate|P(o-Tol)3|NaOH|THF
well_bbbcbe64caabe956,6-Br-Q,trifluoroborate,P(tBu)3,KOH,MeCN,6-Br-Q|trifluoroborate|P(tBu)3|KOH|MeCN
well_bbbd5279f6526790,6-I-Q,trifluoroborate,Xantphos,CsF,DMF,6-I-Q|trifluoroborate|Xantphos|CsF|DMF
well_bbca1487f9382987,6-I-Q,boronic-ester,P(o-Tol)3,NaOH,DMF,6-I-Q|boronic-ester|P(o-Tol)3|NaOH|DMF
well_bbcdfce8640db250,6-I-Q,trifluoroborate,dtbpf,None,MeCN,6-I-Q|trifluoroborate|dtbpf|None|MeCN
well_bbcf86c0f12e793d,6-I-Q,boronic-acid,XPhos,CsF,MeCN,6-I-Q|boronic-acid|XPhos|CsF|MeCN
well_bbe2ea07f92ac6dd,6-BPin-Q,aryl-bromide,None,NaOH,MeCN,6-BPin-Q|aryl-bromide|None|NaOH|MeCN
well_bbe894fe1f64efd9,6-Br-Q,trifluoroborate,P(o-Tol)3,CsF,MeCN,6-Br-Q|trifluoroborate|P(o-Tol)3|CsF|MeCN
well_bbeb7bf13859cc83,6-OTf-Q,boronic-acid,dtbpf,NaOH,MeOH,6-OTf-Q|boronic-acid|dtbpf|NaOH|MeOH
well_bbfd66a601572f14,6-Br-Q,trifluoroborate,XPhos,None,MeOH,6-Br-Q|trifluoroborate|XPhos|None|MeOH
well_bc1368ef3d111b28,6-I-Q,trifluoroborate,CataCXium A,KOH,THF,6-I-Q|trifluoroborate|CataCXium A|KOH|THF
well_bc17fc82e288ad89,6-I-Q,trifluoroborate,Xantphos,KOH,MeOH,6-I-Q|trifluoroborate|Xantphos|KOH|MeOH
well_bc793d7d542d8fa5,6-OTf-Q,trifluoroborate,None,LiOtBu,THF,6-OTf-Q|trifluoroborate|None|LiOtBu|THF
well_bc82af0d664174d6,6-I-Q,boronic-ester,AmPhos,CsF,DMF,6-I-Q|boronic-ester|AmPhos|CsF|DMF
well_bc99e4f65d02f90f,6-BF3K-Q,aryl-bromide,P(tBu)3,KOH,DMF,6-BF3K-Q|aryl-bromide|P(tBu)3|KOH|DMF
well_bc9c5f34f84947cf,6-BPin-Q,aryl-bromide,SPhos,None,MeCN,6-BPin-Q|aryl-bromide|SPhos|None|MeCN
well_bc9f39359c70cf41,6-BOH2-Q,aryl-bromide,dtbpf,K3PO4,MeCN,6-BOH2-Q|aryl-bromide|dtbpf|K3PO4|MeCN
well_bcab373e16e0ac88,6-OTf-Q,trifluoroborate,AmPhos,None,THF,6-OTf-Q|trifluoroborate|AmPhos|None|THF
well_bcb865fbe9209ade,6-BPin-Q,aryl-bromide,P(o-Tol)3,Et3N,THF,6-BPin-Q|aryl-bromide|P(o-Tol)3|Et3N|THF
well_bcc4cd6c64ee63a0,6-I-Q,boronic-ester,P(tBu)3,NaHCO3,DMF,6-I-Q|boronic-ester|P(tBu)3|NaHCO3|DMF
well_bcd445608b16f69a,6-BF3K-Q,aryl-bromide,SPhos,LiOtBu,DMF,6-BF3K-Q|aryl-bromide|SPhos|LiOtBu|DMF
well_bce8c01d11c4fb87,6-I-Q,boronic-acid,dppf,LiOtBu,THF,6-I-Q|boronic-acid|dppf|LiOtBu|THF
well_bd28eb5853d286cf,6-BOH2-Q,aryl-bromide,XPhos,NaOH,MeCN,6-BOH2-Q|aryl-bromide|XPhos|NaOH|MeCN
well_bd331a4e1fc2f586,6-Br-Q,trifluoroborate,P(o-Tol)3,None,MeCN,6-Br-Q|trifluoroborate|P(o-Tol)3|None|MeCN
well_bd47c990ce698bc8,6-Br-Q,boronic-acid,P(Ph)3,NaOH,MeOH,6-Br-Q|boronic-acid|P(Ph)3|NaOH|MeOH
well_bd811e57165fc47b,6-OTf-Q,boronic-acid,P(tBu)3,None,THF,6-OTf-Q|boronic-acid|P(tBu)3|None|THF
well_bd97c2479675254b,6-OTf-Q,boronic-ester,SPhos,KOH,DMF,6-OTf-Q|boronic-ester|SPhos|KOH|DMF
well_bdd458436e00b55a,6-I-Q,boronic-ester,dtbpf,None,MeOH,6-I-Q|boronic-ester|dtbpf|None|MeOH
well_bde6d3021a984678,6-Br-Q,trifluoroborate,AmPhos,NaHCO3,DMF,6-Br-Q|trifluoroborate|AmPhos|NaHCO3|DMF
well_bdf82b1fa06d5e3f,6-OTf-Q,boronic-acid,P(Ph)3,KOH,DMF,6-OTf-Q|boronic-acid|P(Ph)3|KOH|DMF
well_be3a3088c48093da,6-OTf-Q,trifluoroborate,None,Et3N,MeOH,6-OTf-Q|trifluoroborate|None|Et3N|MeOH
well_be3ec330e4dcfd53,6-I-Q,boronic-acid,dppf,KOH,MeOH,6-I-Q|boronic-acid|dppf|KOH|MeOH
well_be439fc4e16567d0,6-I-Q,boronic-acid,dppf,NaHCO3,THF,6-I-Q|boronic-acid|dppf|NaHCO3|THF
well_be47ba5765c99cef,6-OTf-Q,trifluoroborate,CataCXium A,Et3N,THF,6-OTf-Q|trifluoroborate|CataCXium A|Et3N|THF
well_be6125d47946c348,6-BOH2-Q,aryl-bromide,AmPhos,Et3N,THF-v2,6-BOH2-Q|aryl-bromide|AmPhos|Et3N|THF-v2
well_be7d902a10235a29,6-BPin-Q,aryl-bromide,XPhos,KOH,MeOH,6-BPin-Q|aryl-bromide|XPhos|KOH|MeOH
well_be87d535bdb46375,6-BPin-Q,aryl-bromide,CataCXium A,CsF,THF,6-BPin-Q|aryl-bromide|CataCXium A|CsF|THF
well_beae94a48eaf6ec2,6-OTf-Q,boronic-ester,XPhos,None,DMF,6-OTf-Q|boronic-ester|XPhos|None|DMF
well_beaf23f00199a851,6-BF3K-Q,aryl-bromide,P(o-Tol)3,KOH,MeOH,6-BF3K-Q|aryl-bromide|P(o-Tol)3|KOH|MeOH
well_bec089e3f2ae0eef,6-I-Q,boronic-acid,CataCXium A,NaOH,MeCN,6-I-Q|boronic-acid|CataCXium A|NaOH|MeCN
well_bec29528b5bce7e3,6-OTf-Q,boronic-acid,Xantphos,KOH,THF,6-OTf-Q|boronic-acid|Xantphos|KOH|THF
well_bedcb9e2e821f317,6-Br-Q,trifluoroborate,SPhos,Et3N,MeCN,6-Br-Q|trifluoroborate|SPhos|Et3N|MeCN
well_bf05f735ff12af78,6-OTf-Q,boronic-ester,P(o-Tol)3,Et3N,MeOH,6-OTf-Q|boronic-ester|P(o-Tol)3|Et3N|MeOH
well_bf1fed8899846d53,6-OTf-Q,boronic-ester,P(o-Tol)3,NaOH,DMF,6-OTf-Q|boronic-ester|P(o-Tol)3|NaOH|DMF
well_bf29d6f8dbffc508,6-OTf-Q,boronic-ester,None,NaOH,MeOH,6-OTf-Q|boronic-ester|None|NaOH|MeOH
well_bf5728f9472b1bb3,6-I-Q,boronic-acid,CataCXium A,NaHCO3,MeCN,6-I-Q|boronic-acid|CataCXium A|NaHCO3|MeCN
well_bf5a3adecd0d0826,6-BF3K-Q,aryl-bromide,XPhos,K3PO4,DMF,6-BF3K-Q|aryl-bromide|XPhos|K3PO4|DMF
well_bf703fb9fd31ec4a,6-Br-Q,trifluoroborate,P(Ph)3,LiOtBu,THF,6-Br-Q|trifluoroborate|P(Ph)3|LiOtBu|THF
well_bf8416e69a9491fc,6-I-Q,boronic-ester,P(o-Tol)3,Et3N,MeOH,6-I-Q|boronic-ester|P(o-Tol)3|Et3N|MeOH
well_bf846a178c5243b0,6-OTf-Q,boronic-ester,dtbpf,NaOH,DMF,6-OTf-Q|boronic-ester|dtbpf|NaOH|DMF
well_bfb2d9c999d30b5d,6-BPin-Q,aryl-bromide,SPhos,NaOH,THF,6-BPin-Q|aryl-bromide|SPhos|NaOH|THF
well_bfbf901ba00dedfa,6-BF3K-Q,aryl-bromide,XPhos,NaHCO3,DMF,6-BF3K-Q|aryl-bromide|XPhos|NaHCO3|DMF
well_bfd6904994b6f45c,6-OTf-Q,boronic-acid,AmPhos,Et3N,MeCN,6-OTf-Q|boronic-acid|AmPhos|Et3N|MeCN
well_bfd69c20edfba25a,6-BF3K-Q,aryl-bromide,AmPhos,K3PO4,DMF,6-BF3K-Q|aryl-bromide|AmPhos|K3PO4|DMF
well_bfda396c2a21e29a,6-Br-Q,boronic-ester,P(Cy)3,Et3N,THF,6-Br-Q|boronic-ester|P(Cy)3|Et3N|THF
well_bfeadc9a672af16a,6-BOH2-Q,aryl-bromide,P(o-Tol)3,LiOtBu,THF-v2,6-BOH2-Q|aryl-bromide|P(o-Tol)3|LiOtBu|THF-v2
well_bff962e122bb5851,6-OTf-Q,trifluoroborate,None,K3PO4,MeCN,6-OTf-Q|trifluoroborate|None|K3PO4|MeCN
well_c005a2c99a1a2118,6-I-Q,trifluoroborate,P(o-Tol)3,KOH,MeOH,6-I-Q|trifluoroborate|P(o-Tol)3|KOH|MeOH
well_c054506b794d37eb,6-BF3K-Q,aryl-bromide,SPhos,LiOtBu,MeOH,6-BF3K-Q|aryl-bromide|SPhos|LiOtBu|MeOH
well_c0726dbf88d52142,6-I-Q,boronic-acid,Xantphos,CsF,MeOH,6-I-Q|boronic-acid|Xantphos|CsF|MeOH
well_c092ce8dc2389c5d,6-OTf-Q,trifluoroborate,P(tBu)3,KOH,MeOH,6-OTf-Q|trifluoroborate|P(tBu)3|KOH|MeOH
well_c09f5e2298893231,6-OTf-Q,trifluoroborate,P(Cy)3,KOH,MeCN,6-OTf-Q|trifluoroborate|P(Cy)3|KOH|MeCN
well_c0b75d954b072518,6-OTf-Q,boronic-acid,dtbpf,KOH,MeOH,6-OTf-Q|boronic-acid|dtbpf|KOH|MeOH
well_c0d158c56c59d5de,6-BPin-Q,aryl-bromide,dppf,Et3N,MeCN,6-BPin-Q|aryl-bromide|dppf|Et3N|MeCN
well_c0d82943a7b4460d,6-I-Q,boronic-acid,AmPhos,NaHCO3,MeCN,6-I-Q|boronic-acid|AmPhos|NaHCO3|MeCN
well_c0dbc79d151caf93,6-BPin-Q,aryl-bromide,P(Cy)3,LiOtBu,MeOH,6-BPin-Q|aryl-bromide|P(Cy)3|LiOtBu|MeOH
well_c125acfdd1506aec,6-OTf-Q,boronic-acid,P(Cy)3,NaOH,THF,6-OTf-Q|boronic-acid|P(Cy)3|NaOH|THF
well_c20ef357fa49ecdb,6-I-Q,boronic-acid,SPhos,NaOH,THF,6-I-Q|boronic-acid|SPhos|NaOH|THF
well_c21e4f618a9aaeb0,6-Br-Q,boronic-acid,P(Ph)3,Et3N,THF,6-Br-Q|boronic-acid|P(Ph)3|Et3N|THF
well_c22ef9a0b32589e7,6-OTf-Q,boronic-acid,P(o-Tol)3,None,MeCN,6-OTf-Q|boronic-acid|P(o-Tol)3|None|MeCN
well_c271142366748629,6-BPin-Q,aryl-bromide,P(o-Tol)3,NaHCO3,DMF,6-BPin-Q|aryl-bromide|P(o-Tol)3|NaHCO3|DMF
well_c2a43184a321c708,6-I-Q,trifluoroborate,P(Ph)3,NaOH,THF,6-I-Q|trifluoroborate|P(Ph)3|NaOH|THF
well_c2c3bb04ae6e5dd5,6-BOH2-Q,aryl-bromide,P(o-Tol)3,Et3N,DMF,6-BOH2-Q|aryl-bromide|P(o-Tol)3|Et3N|DMF
well_c30a893ad367608b,6-I-Q,boronic-acid,P(Cy)3,CsF,DMF,6-I-Q|boronic-acid|P(Cy)3|CsF|DMF
well_c31ea8f5bd6d980e,6-I-Q,boronic-acid,None,CsF,DMF,6-I-Q|boronic-acid|None|CsF|DMF
well_c32d3cb9bc739d52,6-Br-Q,trifluoroborate,P(Cy)3,NaOH,THF,6-Br-Q|trifluoroborate|P(Cy)3|NaOH|THF
well_c32e62b0d5e26b95,6-BOH2-Q,aryl-bromide,None,LiOtBu,MeCN,6-BOH2-Q|aryl-bromide|None|LiOtBu|MeCN
well_c32fa016b5cfad29,6-Br-Q,trifluoroborate,CataCXium A,NaHCO3,MeOH,6-Br-Q|trifluoroborate|CataCXium A|NaHCO3|MeOH
well_c33f0f37c990c254,6-I-Q,trifluoroborate,P(Cy)3,K3PO4,DMF,6-I-Q|trifluoroborate|P(Cy)3|K3PO4|DMF
well_c352db7103165e24,6-Br-Q,trifluoroborate,None,NaOH,THF,6-Br-Q|trifluoroborate|None|NaOH|THF
well_c387604ce24205f9,6-OTf-Q,boronic-acid,dppf,NaOH,DMF,6-OTf-Q|boronic-acid|dppf|NaOH|DMF
well_c38a27adbbf85bff,6-I-Q,boronic-acid,SPhos,Et3N,MeCN,6-I-Q|boronic-acid|SPhos|Et3N|MeCN
well_c38c7da38dc7ff59,6-Br-Q,trifluoroborate,dppf,LiOtBu,MeCN,6-Br-Q|trifluoroborate|dppf|LiOtBu|MeCN
well_c390d4e07ced5721,6-Br-Q,trifluoroborate,Xantphos,None,THF,6-Br-Q|trifluoroborate|Xantphos|None|THF
well_c3a38daa64670b98,6-I-Q,trifluoroborate,dtbpf,Et3N,MeOH,6-I-Q|trifluoroborate|dtbpf|Et3N|MeOH
well_c3a7f52a718a057a,6-Br-Q,boronic-acid,dppf,K3PO4,MeOH,6-Br-Q|boronic-acid|dppf|K3PO4|MeOH
well_c3abc01548b0cd91,6-OTf-Q,trifluoroborate,Xantphos,Et3N,DMF,6-OTf-Q|trifluoroborate|Xantphos|Et3N|DMF
well_c3affaccece9bd8e,6-I-Q,trifluoroborate,P(tBu)3,KOH,DMF,6-I-Q|trifluoroborate|P(tBu)3|KOH|DMF
well_c3c18ebee65e9ee1,6-BF3K-Q,aryl-bromide,dtbpf,CsF,MeCN,6-BF3K-Q|aryl-bromide|dtbpf|CsF|MeCN
well_c406bd362ad1b4ac,6-OTf-Q,boronic-acid,P(o-Tol)3,LiOtBu,MeCN,6-OTf-Q|boronic-acid|P(o-Tol)3|LiOtBu|MeCN
well_c40d4cda0af66e54,6-I-Q,boronic-ester,P(tBu)3,K3PO4,MeOH,6-I-Q|boronic-ester|P(tBu)3|K3PO4|MeOH
well_c44b92aff5a850da,6-Br-Q,boronic-acid,P(o-Tol)3,KOH,THF,6-Br-Q|boronic-acid|P(o-Tol)3|KOH|THF
well_c45442b2f56f4962,6-OTf-Q,trifluoroborate,dppf,K3PO4,THF,6-OTf-Q|trifluoroborate|dppf|K3PO4|THF
well_c45974aaaa27bc49,6-I-Q,boronic-ester,P(Cy)3,NaOH,MeOH,6-I-Q|boronic-ester|P(Cy)3|NaOH|MeOH
well_c461b026f44f01d8,6-I-Q,boronic-ester,CataCXium A,Et3N,DMF,6-I-Q|boronic-ester|CataCXium A|Et3N|DMF
well_c468ac8fd435f2f4,6-BOH2-Q,aryl-bromide,dtbpf,LiOtBu,THF-v2,6-BOH2-Q|aryl-bromide|dtbpf|LiOtBu|THF-v2
well_c47653a345cc30b7,6-OTf-Q,boronic-acid,P(tBu)3,Et3N,THF,6-OTf-Q|boronic-acid|P(tBu)3|Et3N|THF
well_c48c8f07927e38e9,6-I-Q,boronic-acid,SPhos,NaOH,MeCN,6-I-Q|boronic-acid|SPhos|NaOH|MeCN
well_c4b1a8afd9fb133a,6-Br-Q,boronic-acid,SPhos,None,DMF,6-Br-Q|boronic-acid|SPhos|None|DMF
well_c4baee248e8b5803,6-I-Q,trifluoroborate,SPhos,NaOH,DMF,6-I-Q|trifluoroborate|SPhos|NaOH|DMF
well_c4d3436078d32c12,6-I-Q,boronic-acid,dppf,Et3N,MeCN,6-I-Q|boronic-acid|dppf|Et3N|MeCN
well_c4dbd23f78f09002,6-BPin-Q,aryl-bromide,None,NaHCO3,MeOH,6-BPin-Q|aryl-bromide|None|NaHCO3|MeOH
well_c4e4b8a02da7ec9f,6-Br-Q,trifluoroborate,XPhos,None,THF,6-Br-Q|trifluoroborate|XPhos|None|THF
well_c4e539f80a74b71e,6-Br-Q,boronic-ester,P(Ph)3,NaHCO3,THF,6-Br-Q|boronic-ester|P(Ph)3|NaHCO3|THF
well_c4fdf56c449eeebb,6-Br-Q,boronic-ester,dtbpf,KOH,MeCN,6-Br-Q|boronic-ester|dtbpf|KOH|MeCN
well_c4ffac2e29db1c6e,6-Br-Q,boronic-ester,SPhos,KOH,MeOH,6-Br-Q|boronic-ester|SPhos|KOH|MeOH
well_c5218158b12ee084,6-OTf-Q,boronic-acid,dtbpf,None,DMF,6-OTf-Q|boronic-acid|dtbpf|None|DMF
well_c58c3aeab5b5e4d9,6-BOH2-Q,aryl-bromide,dtbpf,KOH,MeCN,6-BOH2-Q|aryl-bromide|dtbpf|KOH|MeCN
well_c58f30542ced91f3,6-BF3K-Q,aryl-bromide,P(Ph)3,NaOH,MeCN,6-BF3K-Q|aryl-bromide|P(Ph)3|NaOH|MeCN
well_c594fcc0f36f703d,6-I-Q,trifluoroborate,XPhos,LiOtBu,THF,6-I-Q|trifluoroborate|XPhos|LiOtBu|THF
well_c5a0dc586779c77b,6-I-Q,boronic-ester,SPhos,Et3N,THF,6-I-Q|boronic-ester|SPhos|Et3N|THF
well_c5a94c2f88676bd5,6-BF3K-Q,aryl-bromide,dtbpf,NaOH,DMF,6-BF3K-Q|aryl-bromide|dtbpf|NaOH|DMF
well_c5dab7bc49a8a364,6-Br-Q,boronic-ester,dtbpf,KOH,DMF,6-Br-Q|boronic-ester|dtbpf|KOH|DMF
well_c602e27a845a2985,6-OTf-Q,boronic-ester,None,None,THF,6-OTf-Q|boronic-ester|None|None|THF
well_c638fcc5c52c2ab7,6-OTf-Q,boronic-ester,SPhos,NaHCO3,THF,6-OTf-Q|boronic-ester|SPhos|NaHCO3|THF
well_c63cf0502c9e0e1a,6-I-Q,boronic-acid,P(tBu)3,CsF,DMF,6-I-Q|boronic-acid|P(tBu)3|CsF|DMF
well_c652369be55056d7,6-OTf-Q,trifluoroborate,None,CsF,DMF,6-OTf-Q|trifluoroborate|None|CsF|DMF
well_c68a1d1a4aee21e9,6-BF3K-Q,aryl-bromide,None,Et3N,MeCN,6-BF3K-Q|aryl-bromide|None|Et3N|MeCN
well_c68eb354dc9d0b40,6-BPin-Q,aryl-bromide,SPhos,KOH,THF,6-BPin-Q|aryl-bromide|SPhos|KOH|THF
well_c6af4504dd158e05,6-BPin-Q,aryl-bromide,dtbpf,NaOH,MeCN,6-BPin-Q|aryl-bromide|dtbpf|NaOH|MeCN
well_c6b34be1956f599a,6-BOH2-Q,aryl-bromide,None,NaHCO3,DMF,6-BOH2-Q|aryl-bromide|None|NaHCO3|DMF
well_c6cdf9499faa32ea,6-I-Q,boronic-ester,dppf,K3PO4,MeCN,6-I-Q|boronic-ester|dppf|K3PO4|MeCN
well_c6da3268a0c2c4bb,6-Br-Q,trifluoroborate,P(tBu)3,None,MeCN,6-Br-Q|trifluoroborate|P(tBu)3|None|MeCN
well_c7188736662b9a2b,6-Br-Q,boronic-ester,XPhos,Et3N,DMF,6-Br-Q|boronic-ester|XPhos|Et3N|DMF
well_c728a9ddfeec1091,6-BOH2-Q,aryl-bromide,Xantphos,LiOtBu,DMF,6-BOH2-Q|aryl-bromide|Xantphos|LiOtBu|DMF
well_c73a67b40ba8cb21,6-I-Q,boronic-acid,P(Ph)3,NaHCO3,DMF,6-I-Q|boronic-acid|P(Ph)3|NaHCO3|DMF
well_c74d28c48ca30727,6-I-Q,boronic-ester,CataCXium A,None,MeCN,6-I-Q|boronic-ester|CataCXium A|None|MeCN
well_c74f8a7018c44eda,6-I-Q,boronic-acid,CataCXium A,LiOtBu,DMF,6-I-Q|boronic-acid|CataCXium A|LiOtBu|DMF
well_c763f417a643947e,6-OTf-Q,trifluoroborate,P(o-Tol)3,K3PO4,MeOH,6-OTf-Q|trifluoroborate|P(o-Tol)3|K3PO4|MeOH
well_c7734b450ab0efc7,6-BPin-Q,aryl-bromide,P(Ph)3,None,THF,6-BPin-Q|aryl-bromide|P(Ph)3|None|THF
well_c7737e939792cf65,6-I-Q,boronic-acid,P(o-Tol)3,K3PO4,DMF,6-I-Q|boronic-acid|P(o-Tol)3|K3PO4|DMF
well_c787a0289fb44ac3,6-BOH2-Q,aryl-bromide,SPhos,CsF,DMF,6-BOH2-Q|aryl-bromide|SPhos|CsF|DMF
well_c7d9e974725739f5,6-I-Q,boronic-ester,Xantphos,LiOtBu,THF,6-I-Q|boronic-ester|Xantphos|LiOtBu|THF
well_c80ec894e0c2d457,6-BF3K-Q,aryl-bromide,SPhos,Et3N,THF,6-BF3K-Q|aryl-bromide|SPhos|Et3N|THF
well_c83dec64371015b2,6-Br-Q,boronic-ester,SPhos,CsF,MeOH,6-Br-Q|boronic-ester|SPhos|CsF|MeOH
well_c83e72969776c4e8,6-Br-Q,boronic-acid,SPhos,NaOH,DMF,6-Br-Q|boronic-acid|SPhos|NaOH|DMF
well_c845e8f03db877d8,6-OTf-Q,boronic-ester,XPhos,CsF,THF,6-OTf-Q|boronic-ester|XPhos|CsF|THF
well_c8b2e1e2c3de924f,6-Br-Q,boronic-ester,dtbpf,LiOtBu,DMF,6-Br-Q|boronic-ester|dtbpf|LiOtBu|DMF
well_c8d515183d72c5fe,6-OTf-Q,boronic-ester,Xantphos,Et3N,MeOH,6-OTf-Q|boronic-ester|Xantphos|Et3N|MeOH
well_c9114f7be71a050e,6-Br-Q,boronic-ester,P(o-Tol)3,NaOH,THF,6-Br-Q|boronic-ester|P(o-Tol)3|NaOH|THF
well_c92c80b840d3f6cf,6-BF3K-Q,aryl-bromide,XPhos,KOH,MeOH,6-BF3K-Q|aryl-bromide|XPhos|KOH|MeOH
well_c93161ebcfb944ef,6-OTf-Q,boronic-ester,CataCXium A,CsF,THF,6-OTf-Q|boronic-ester|CataCXium A|CsF|THF
well_c93bdb2f6cbb98e1,6-OTf-Q,boronic-acid,dtbpf,Et3N,MeOH,6-OTf-Q|boronic-acid|dtbpf|Et3N|MeOH
well_c93f6e91b0fa8023,6-Br-Q,boronic-ester,dppf,KOH,MeOH,6-Br-Q|boronic-ester|dppf|KOH|MeOH
well_c94e98d4ce092131,6-I-Q,boronic-acid,None,NaOH,DMF,6-I-Q|boronic-acid|None|NaOH|DMF
well_c95645fd86b02df9,6-BOH2-Q,aryl-bromide,P(tBu)3,KOH,MeCN,6-BOH2-Q|aryl-bromide|P(tBu)3|KOH|MeCN
well_c96e46e173a1aea0,6-Br-Q,trifluoroborate,None,NaOH,MeOH,6-Br-Q|trifluoroborate|None|NaOH|MeOH
well_c971e1b6ed1eaa54,6-BOH2-Q,aryl-bromide,None,CsF,MeOH-H2O-v2,6-BOH2-Q|aryl-bromide|None|CsF|MeOH-H2O-v2
well_c97854eda8774ed4,6-Br-Q,boronic-ester,P(Cy)3,Et3N,MeOH,6-Br-Q|boronic-ester|P(Cy)3|Et3N|MeOH
well_c99359db864965f4,6-BPin-Q,aryl-bromide,P(Cy)3,KOH,THF,6-BPin-Q|aryl-bromide|P(Cy)3|KOH|THF
well_c9a5139dc9ddcffc,6-BF3K-Q,aryl-bromide,dppf,K3PO4,DMF,6-BF3K-Q|aryl-bromide|dppf|K3PO4|DMF
well_c9aaeac3a4e065d7,6-BPin-Q,aryl-bromide,Xantphos,NaHCO3,THF,6-BPin-Q|aryl-bromide|Xantphos|NaHCO3|THF
well_c9bae324dc75713a,6-BPin-Q,aryl-bromide,None,CsF,DMF,6-BPin-Q|aryl-bromide|None|CsF|DMF
well_c9cdaaec21d3fb29,6-I-Q,boronic-acid,dppf,K3PO4,DMF,6-I-Q|boronic-acid|dppf|K3PO4|DMF
well_c9d5afc070c83972,6-OTf-Q,boronic-ester,CataCXium A,None,THF,6-OTf-Q|boronic-ester|CataCXium A|None|THF
well_c9e35004ceae8a8c,6-I-Q,boronic-ester,XPhos,CsF,MeOH,6-I-Q|boronic-ester|XPhos|CsF|MeOH
well_c9e5cdd4d34940aa,6-OTf-Q,trifluoroborate,dtbpf,LiOtBu,DMF,6-OTf-Q|trifluoroborate|dtbpf|LiOtBu|DMF
well_c9f76259c84bef49,6-Br-Q,boronic-ester,None,CsF,MeOH,6-Br-Q|boronic-ester|None|CsF|MeOH
well_ca0058c2a4517b79,6-I-Q,boronic-acid,dtbpf,KOH,MeCN,6-I-Q|boronic-acid|dtbpf|KOH|MeCN
well_ca259ebe31e9571c,6-OTf-Q,boronic-ester,Xantphos,None,MeCN,6-OTf-Q|boronic-ester|Xantphos|None|MeCN
well_ca3fc9c7301a5522,6-I-Q,boronic-ester,P(tBu)3,K3PO4,MeCN,6-I-Q|boronic-ester|P(tBu)3|K3PO4|MeCN
well_ca4a3b99ab821fc7,6-OTf-Q,boronic-ester,AmPhos,NaOH,MeCN,6-OTf-Q|boronic-ester|AmPhos|NaOH|MeCN
well_ca5b9e74e8f67b64,6-I-Q,boronic-ester,P(Ph)3,Et3N,THF,6-I-Q|boronic-ester|P(Ph)3|Et3N|THF
well_ca8a6546f27dc6f7,6-BF3K-Q,aryl-bromide,P(tBu)3,None,MeOH,6-BF3K-Q|aryl-bromide|P(tBu)3|None|MeOH
well_ca949c57c0b64bad,6-Br-Q,trifluoroborate,P(Ph)3,None,MeCN,6-Br-Q|trifluoroborate|P(Ph)3|None|MeCN
well_cab9dbbfca11a498,6-OTf-Q,boronic-ester,P(Ph)3,Et3N,THF,6-OTf-Q|boronic-ester|P(Ph)3|Et3N|THF
well_cae4b762f1042947,6-OTf-Q,boronic-ester,AmPhos,KOH,MeOH,6-OTf-Q|boronic-ester|AmPhos|KOH|MeOH
well_cb12acb11d5317f4,6-Br-Q,boronic-acid,Xantphos,CsF,THF,6-Br-Q|boronic-acid|Xantphos|CsF|THF
well_cb33ca9cc92bd457,6-Br-Q,boronic-acid,CataCXium A,None,MeOH,6-Br-Q|boronic-acid|CataCXium A|None|MeOH
well_cb3702440fa784ba,6-BOH2-Q,aryl-bromide,dtbpf,CsF,DMF,6-BOH2-Q|aryl-bromide|dtbpf|CsF|DMF
well_cb46b78671140f9e,6-OTf-Q,trifluoroborate,dppf,Et3N,THF,6-OTf-Q|trifluoroborate|dppf|Et3N|THF
well_cb4fe81f8217d906,6-OTf-Q,trifluoroborate,CataCXium A,K3PO4,THF,6-OTf-Q|trifluoroborate|CataCXium A|K3PO4|THF
well_cb9d351f965ab6a2,6-OTf-Q,boronic-ester,SPhos,NaOH,MeOH,6-OTf-Q|boronic-ester|SPhos|NaOH|MeOH
well_cbce1b3bf1bd0102,6-I-Q,boronic-ester,dtbpf,LiOtBu,DMF,6-I-Q|boronic-ester|dtbpf|LiOtBu|DMF
well_cc00e1f35fae0638,6-OTf-Q,boronic-acid,P(tBu)3,CsF,THF,6-OTf-Q|boronic-acid|P(tBu)3|CsF|THF
well_cc09d16aa73cb081,6-OTf-Q,trifluoroborate,P(Cy)3,None,THF,6-OTf-Q|trifluoroborate|P(Cy)3|None|THF
well_cc184b6d54e30877,6-BPin-Q,aryl-bromide,dppf,KOH,MeCN,6-BPin-Q|aryl-bromide|dppf|KOH|MeCN
well_cc1968feebeeabf1,6-I-Q,trifluoroborate,P(Ph)3,KOH,MeOH,6-I-Q|trifluoroborate|P(Ph)3|KOH|MeOH
well_cc22f609f3ac16c1,6-BOH2-Q,aryl-bromide,XPhos,LiOtBu,MeCN,6-BOH2-Q|aryl-bromide|XPhos|LiOtBu|MeCN
well_cc3c91e00935e01d,6-BPin-Q,aryl-bromide,dtbpf,CsF,MeCN,6-BPin-Q|aryl-bromide|dtbpf|CsF|MeCN
well_cc3e9cd8b2d68476,6-Br-Q,boronic-ester,P(o-Tol)3,KOH,MeOH,6-Br-Q|boronic-ester|P(o-Tol)3|KOH|MeOH
well_cc4b606d6d207924,6-I-Q,boronic-ester,Xantphos,CsF,MeOH,6-I-Q|boronic-ester|Xantphos|CsF|MeOH
well_cc66ed038842162f,6-Br-Q,boronic-acid,CataCXium A,LiOtBu,MeOH,6-Br-Q|boronic-acid|CataCXium A|LiOtBu|MeOH
well_cc6ec2a3f29fbb0d,6-I-Q,boronic-acid,P(Ph)3,K3PO4,DMF,6-I-Q|boronic-acid|P(Ph)3|K3PO4|DMF
well_cc9fbb2d76ef9333,6-BF3K-Q,aryl-bromide,P(o-Tol)3,NaOH,DMF,6-BF3K-Q|aryl-bromide|P(o-Tol)3|NaOH|DMF
well_ccb269957ac6fec6,6-BPin-Q,aryl-bromide,dppf,K3PO4,THF,6-BPin-Q|aryl-bromide|dppf|K3PO4|THF
well_ccc092bf416713cb,6-OTf-Q,trifluoroborate,AmPhos,K3PO4,THF,6-OTf-Q|trifluoroborate|AmPhos|K3PO4|THF
well_ccf1466e31d75527,6-I-Q,trifluoroborate,dtbpf,K3PO4,DMF,6-I-Q|trifluoroborate|dtbpf|K3PO4|DMF
well_cd1fadb1a08b7288,6-BF3K-Q,aryl-bromide,AmPhos,Et3N,DMF,6-BF3K-Q|aryl-bromide|AmPhos|Et3N|DMF
well_cd4496a9feea3a6f,6-Br-Q,boronic-ester,P(tBu)3,CsF,THF,6-Br-Q|boronic-ester|P(tBu)3|CsF|THF
well_cd45c882786b4f91,6-Br-Q,boronic-ester,dtbpf,NaHCO3,MeCN,6-Br-Q|boronic-ester|dtbpf|NaHCO3|MeCN
well_cd61e5b043b662a9,6-I-Q,boronic-ester,Xantphos,NaOH,MeCN,6-I-Q|boronic-ester|Xantphos|NaOH|MeCN
well_cd659f29e10f86fa,6-I-Q,boronic-ester,AmPhos,None,THF,6-I-Q|boronic-ester|AmPhos|None|THF
well_cd931ca3dab4eb0f,6-I-Q,boronic-acid,AmPhos,Et3N,THF,6-I-Q|boronic-acid|AmPhos|Et3N|THF
well_cdaceca103a1a927,6-BF3K-Q,aryl-bromide,None,KOH,MeOH,6-BF3K-Q|aryl-bromide|None|KOH|MeOH
well_cdc6902ff1607f58,6-I-Q,boronic-ester,P(o-Tol)3,KOH,MeCN,6-I-Q|boronic-ester|P(o-Tol)3|KOH|MeCN
well_cdcb49105b65784a,6-OTf-Q,boronic-acid,P(Ph)3,LiOtBu,DMF,6-OTf-Q|boronic-acid|P(Ph)3|LiOtBu|DMF
well_cde6c3699e10b1ef,6-Br-Q,boronic-ester,AmPhos,LiOtBu,THF,6-Br-Q|boronic-ester|AmPhos|LiOtBu|THF
well_ce30e20cf54014e7,6-OTf-Q,trifluoroborate,AmPhos,NaHCO3,MeOH,6-OTf-Q|trifluoroborate|AmPhos|NaHCO3|MeOH
well_ce4a0375d5ca5037,6-Br-Q,trifluoroborate,dtbpf,Et3N,MeOH,6-Br-Q|trifluoroborate|dtbpf|Et3N|MeOH
well_cef3d4aa33eb34a2,6-Br-Q,trifluoroborate,dppf,NaHCO3,THF,6-Br-Q|trifluoroborate|dppf|NaHCO3|THF
well_cf0c617a6b5576e2,6-BPin-Q,aryl-bromide,XPhos,CsF,THF,6-BPin-Q|aryl-bromide|XPhos|CsF|THF
well_cf31f28f75327539,6-OTf-Q,boronic-ester,XPhos,NaHCO3,MeCN,6-OTf-Q|boronic-ester|XPhos|NaHCO3|MeCN
well_cf32aed5f80a3fcb,6-BF3K-Q,aryl-bromide,P(Ph)3,LiOtBu,MeCN,6-BF3K-Q|aryl-bromide|P(Ph)3|LiOtBu|MeCN
well_cf35c4ab82b9c36e,6-I-Q,boronic-ester,XPhos,Et3N,MeOH,6-I-Q|boronic-ester|XPhos|Et3N|MeOH
well_cf495f64f0e15ecc,6-I-Q,trifluoroborate,AmPhos,NaHCO3,MeCN,6-I-Q|trifluoroborate|AmPhos|NaHCO3|MeCN
well_cf4e1eb35d968f1a,6-Br-Q,trifluoroborate,AmPhos,CsF,DMF,6-Br-Q|trifluoroborate|AmPhos|CsF|DMF
well_cf6a4f2c2b195a25,6-BF3K-Q,aryl-bromide,P(o-Tol)3,Et3N,THF,6-BF3K-Q|aryl-bromide|P(o-Tol)3|Et3N|THF
well_cf716a9fd403b899,6-I-Q,boronic-acid,None,Et3N,DMF,6-I-Q|boronic-acid|None|Et3N|DMF
well_cf80c73c5f111391,6-Br-Q,boronic-acid,P(Cy)3,K3PO4,MeOH,6-Br-Q|boronic-acid|P(Cy)3|K3PO4|MeOH
well_cf8a315ce202e04a,6-I-Q,trifluoroborate,XPhos,None,DMF,6-I-Q|trifluoroborate|XPhos|None|DMF
well_cfb4e5d206a27b17,6-OTf-Q,trifluoroborate,P(o-Tol)3,LiOtBu,THF,6-OTf-Q|trifluoroborate|P(o-Tol)3|LiOtBu|THF
well_cfd324e37a0829f8,6-OTf-Q,boronic-ester,AmPhos,None,MeCN,6-OTf-Q|boronic-ester|AmPhos|None|MeCN
well_d008729303a2e71c,6-Br-Q,boronic-ester,None,None,THF,6-Br-Q|boronic-ester|None|None|THF
well_d00a64f7d6b66863,6-OTf-Q,boronic-ester,P(o-Tol)3,None,MeOH,6-OTf-Q|boronic-ester|P(o-Tol)3|None|MeOH
well_d01389799f612732,6-OTf-Q,boronic-acid,P(tBu)3,NaOH,THF,6-OTf-Q|boronic-acid|P(tBu)3|NaOH|THF
well_d01cb92d44bac9f3,6-I-Q,boronic-acid,dtbpf,LiOtBu,DMF,6-I-Q|boronic-acid|dtbpf|LiOtBu|DMF
well_d035c2955c64442b,6-Br-Q,boronic-ester,CataCXium A,NaOH,MeOH,6-Br-Q|boronic-ester|CataCXium A|NaOH|MeOH
well_d05bea63fef43d67,6-OTf-Q,trifluoroborate,dppf,KOH,MeOH,6-OTf-Q|trifluoroborate|dppf|KOH|MeOH
well_d06e7c171183751e,6-I-Q,boronic-ester,Xantphos,None,DMF,6-I-Q|boronic-ester|Xantphos|None|DMF
well_d07641f856e5bc68,6-BPin-Q,aryl-bromide,CataCXium A,Et3N,DMF,6-BPin-Q|aryl-bromide|CataCXium A|Et3N|DMF
well_d091370e3264a9c9,6-BPin-Q,aryl-bromide,None,K3PO4,MeOH,6-BPin-Q|aryl-bromide|None|K3PO4|MeOH
well_d0915f5ffb403596,6-OTf-Q,boronic-ester,None,K3PO4,THF,6-OTf-Q|boronic-ester|None|K3PO4|THF
well_d09dbb1373021849,6-BF3K-Q,aryl-bromide,P(tBu)3,None,DMF,6-BF3K-Q|aryl-bromide|P(tBu)3|None|DMF
well_d0e151130bab7750,6-BF3K-Q,aryl-bromide,XPhos,LiOtBu,THF,6-BF3K-Q|aryl-bromide|XPhos|LiOtBu|THF
well_d11f614081e06891,6-BPin-Q,aryl-bromide,CataCXium A,LiOtBu,THF,6-BPin-Q|aryl-bromide|CataCXium A|LiOtBu|THF
well_d12ccf94d9c594f9,6-OTf-Q,trifluoroborate,Xantphos,NaOH,MeOH,6-OTf-Q|trifluoroborate|Xantphos|NaOH|MeOH
well_d13da3299d57cdf5,6-OTf-Q,boronic-ester,AmPhos,None,MeOH,6-OTf-Q|boronic-ester|AmPhos|None|MeOH
well_d17d8f05b5df1c71,6-Br-Q,boronic-acid,P(tBu)3,Et3N,DMF,6-Br-Q|boronic-acid|P(tBu)3|Et3N|DMF
well_d18263396509fd85,6-Br-Q,boronic-ester,Xantphos,KOH,THF,6-Br-Q|boronic-ester|Xantphos|KOH|THF
well_d187efa17f82d009,6-OTf-Q,boronic-ester,SPhos,CsF,MeCN,6-OTf-Q|boronic-ester|SPhos|CsF|MeCN
well_d189a7c2e4db83fe,6-OTf-Q,boronic-acid,AmPhos,CsF,DMF,6-OTf-Q|boronic-acid|AmPhos|CsF|DMF
well_d19c5faa0eafcc83,6-I-Q,boronic-acid,SPhos,NaOH,MeOH,6-I-Q|boronic-acid|SPhos|NaOH|MeOH
well_d1c6bb57410d3b6f,6-BF3K-Q,aryl-bromide,Xantphos,LiOtBu,THF,6-BF3K-Q|aryl-bromide|Xantphos|LiOtBu|THF
well_d1e57afd2fd1aa7f,6-OTf-Q,boronic-ester,P(Cy)3,None,MeOH,6-OTf-Q|boronic-ester|P(Cy)3|None|MeOH
well_d1e710549596b68a,6-Br-Q,trifluoroborate,dppf,LiOtBu,DMF,6-Br-Q|trifluoroborate|dppf|LiOtBu|DMF
well_d1e71a15381b62a6,6-OTf-Q,boronic-acid,None,Et3N,MeCN,6-OTf-Q|boronic-acid|None|Et3N|MeCN
well_d1f520f230386441,6-I-Q,trifluoroborate,P(Ph)3,NaHCO3,DMF,6-I-Q|trifluoroborate|P(Ph)3|NaHCO3|DMF
well_d2308595ace06660,6-Br-Q,trifluoroborate,P(Cy)3,CsF,MeOH,6-Br-Q|trifluoroborate|P(Cy)3|CsF|MeOH
well_d235274e69667341,6-Br-Q,boronic-acid,P(tBu)3,LiOtBu,DMF,6-Br-Q|boronic-acid|P(tBu)3|LiOtBu|DMF
well_d25545b4ef6aadd2,6-I-Q,boronic-ester,CataCXium A,KOH,MeCN,6-I-Q|boronic-ester|CataCXium A|KOH|MeCN
well_d2575c262f767012,6-OTf-Q,boronic-ester,dtbpf,NaHCO3,THF,6-OTf-Q|boronic-ester|dtbpf|NaHCO3|THF
well_d25db49aa0abc58d,6-Br-Q,boronic-ester,XPhos,KOH,DMF,6-Br-Q|boronic-ester|XPhos|KOH|DMF
well_d284b29ded2050a6,6-I-Q,boronic-acid,P(o-Tol)3,NaOH,DMF,6-I-Q|boronic-acid|P(o-Tol)3|NaOH|DMF
well_d2a35096234e3aaf,6-BF3K-Q,aryl-bromide,P(Cy)3,NaOH,THF,6-BF3K-Q|aryl-bromide|P(Cy)3|NaOH|THF
well_d2ad64b204b239f7,6-OTf-Q,boronic-acid,dtbpf,Et3N,DMF,6-OTf-Q|boronic-acid|dtbpf|Et3N|DMF
well_d2bbba0124117481,6-BOH2-Q,aryl-bromide,P(tBu)3,CsF,DMF,6-BOH2-Q|aryl-bromide|P(tBu)3|CsF|DMF
well_d2c2d874624b72d4,6-Br-Q,boronic-acid,XPhos,NaHCO3,THF,6-Br-Q|boronic-acid|XPhos|NaHCO3|THF
well_d2d2cff11511ea76,6-I-Q,boronic-acid,Xantphos,K3PO4,THF,6-I-Q|boronic-acid|Xantphos|K3PO4|THF
well_d2f1f66af190ca31,6-BPin-Q,aryl-bromide,CataCXium A,NaHCO3,MeCN,6-BPin-Q|aryl-bromide|CataCXium A|NaHCO3|MeCN
well_d30135fa9189f3ea,6-BF3K-Q,aryl-bromide,P(o-Tol)3,NaHCO3,MeCN,6-BF3K-Q|aryl-bromide|P(o-Tol)3|NaHCO3|MeCN
well_d31fce5260b0754b,6-Br-Q,trifluoroborate,Xantphos,KOH,DMF,6-Br-Q|trifluoroborate|Xantphos|KOH|DMF
well_d3366dadb46ca1c2,6-BOH2-Q,aryl-bromide,P(o-Tol)3,CsF,MeOH-H2O-v2,6-BOH2-Q|aryl-bromide|P(o-Tol)3|CsF|MeOH-H2O-v2
well_d35b74dcc28bc5a3,6-OTf-Q,boronic-ester,XPhos,Et3N,MeCN,6-OTf-Q|boronic-ester|XPhos|Et3N|MeCN
well_d376ace479931327,6-OTf-Q,boronic-ester,Xantphos,KOH,DMF,6-OTf-Q|boronic-ester|Xantphos|KOH|DMF
well_d3b266491bb585ea,6-Br-Q,boronic-acid,CataCXium A,None,THF,6-Br-Q|boronic-acid|CataCXium A|None|THF
well_d3df4b6b256f72ab,6-Br-Q,boronic-ester,P(Cy)3,NaHCO3,MeOH,6-Br-Q|boronic-ester|P(Cy)3|NaHCO3|MeOH
well_d4083bca677ca368,6-BOH2-Q,aryl-bromide,P(o-Tol)3,NaOH,MeCN,6-BOH2-Q|aryl-bromide|P(o-Tol)3|NaOH|MeCN
well_d4119bffb1ef26a1,6-Br-Q,boronic-ester,XPhos,None,THF,6-Br-Q|boronic-ester|XPhos|None|THF
well_d45f178925c0b638,6-I-Q,boronic-ester,P(o-Tol)3,KOH,THF,6-I-Q|boronic-ester|P(o-Tol)3|KOH|THF
well_d4798ed09c02ad48,6-BF3K-Q,aryl-bromide,Xantphos,KOH,THF,6-BF3K-Q|aryl-bromide|Xantphos|KOH|THF
well_d491712fdeac20ae,6-BF3K-Q,aryl-bromide,P(Cy)3,K3PO4,MeCN,6-BF3K-Q|aryl-bromide|P(Cy)3|K3PO4|MeCN
well_d49d7a9113cdb878,6-Br-Q,trifluoroborate,dtbpf,Et3N,THF,6-Br-Q|trifluoroborate|dtbpf|Et3N|THF
well_d4fd9d1bb63c8fd9,6-BPin-Q,aryl-bromide,P(o-Tol)3,NaOH,DMF,6-BPin-Q|aryl-bromide|P(o-Tol)3|NaOH|DMF
well_d50bfb47e5c365bc,6-OTf-Q,boronic-acid,dtbpf,None,MeCN,6-OTf-Q|boronic-acid|dtbpf|None|MeCN
well_d531def1eae9df05,6-Br-Q,boronic-ester,XPhos,LiOtBu,DMF,6-Br-Q|boronic-ester|XPhos|LiOtBu|DMF
well_d5568adb9509b4f6,6-OTf-Q,boronic-acid,dtbpf,CsF,THF,6-OTf-Q|boronic-acid|dtbpf|CsF|THF
well_d5614cad86244aaf,6-I-Q,boronic-ester,Xantphos,LiOtBu,DMF,6-I-Q|boronic-ester|Xantphos|LiOtBu|DMF
well_d56381d205621c5f,6-Br-Q,boronic-acid,P(Cy)3,KOH,MeCN,6-Br-Q|boronic-acid|P(Cy)3|KOH|MeCN
well_d56efd411f419091,6-I-Q,boronic-acid,P(Cy)3,Et3N,THF,6-I-Q|boronic-acid|P(Cy)3|Et3N|THF
well_d581cdbcc52465e1,6-I-Q,boronic-ester,P(tBu)3,NaOH,DMF,6-I-Q|boronic-ester|P(tBu)3|NaOH|DMF
well_d58e386a531959ba,6-OTf-Q,trifluoroborate,Xantphos,NaOH,MeCN,6-OTf-Q|trifluoroborate|Xantphos|NaOH|MeCN
well_d5a03038089df487,6-BOH2-Q,aryl-bromide,CataCXium A,None,DMF,6-BOH2-Q|aryl-bromide|CataCXium A|None|DMF
well_d5a8a0c07ef55aed,6-Br-Q,trifluoroborate,CataCXium A,CsF,THF,6-Br-Q|trifluoroborate|CataCXium A|CsF|THF
well_d5ae07801f78b4c6,6-Br-Q,trifluoroborate,AmPhos,LiOtBu,MeOH,6-Br-Q|trifluoroborate|AmPhos|LiOtBu|MeOH
well_d5bf12e77b3abc54,6-I-Q,boronic-ester,CataCXium A,None,DMF,6-I-Q|boronic-ester|CataCXium A|None|DMF
well_d5bf5c46adf5f9ff,6-OTf-Q,trifluoroborate,dtbpf,KOH,DMF,6-OTf-Q|trifluoroborate|dtbpf|KOH|DMF
well_d5c4cdab6f0a609e,6-Br-Q,trifluoroborate,SPhos,NaHCO3,DMF,6-Br-Q|trifluoroborate|SPhos|NaHCO3|DMF
well_d5d7f61f7756cc22,6-BOH2-Q,aryl-bromide,dppf,KOH,MeOH-H2O-v2,6-BOH2-Q|aryl-bromide|dppf|KOH|MeOH-H2O-v2
well_d608ce2aef78b4b2,6-Br-Q,boronic-ester,CataCXium A,CsF,THF,6-Br-Q|boronic-ester|CataCXium A|CsF|THF
well_d62c75354a202adb,6-I-Q,trifluoroborate,dtbpf,KOH,MeCN,6-I-Q|trifluoroborate|dtbpf|KOH|MeCN
well_d64d065bbf919d49,6-BPin-Q,aryl-bromide,P(Ph)3,Et3N,THF,6-BPin-Q|aryl-bromide|P(Ph)3|Et3N|THF
well_d6bb42ffb637266d,6-Br-Q,trifluoroborate,XPhos,CsF,MeOH,6-Br-Q|trifluoroborate|XPhos|CsF|MeOH
well_d6e1c57b35294a26,6-BOH2-Q,aryl-bromide,P(Ph)3,CsF,MeCN,6-BOH2-Q|aryl-bromide|P(Ph)3|CsF|MeCN
well_d6f19403be7cdaae,6-BPin-Q,aryl-bromide,dtbpf,NaHCO3,MeOH,6-BPin-Q|aryl-bromide|dtbpf|NaHCO3|MeOH
well_d6fcd6bfa71c25d3,6-OTf-Q,boronic-acid,P(Cy)3,NaOH,DMF,6-OTf-Q|boronic-acid|P(Cy)3|NaOH|DMF
well_d704306e902460c2,6-I-Q,boronic-ester,XPhos,LiOtBu,DMF,6-I-Q|boronic-ester|XPhos|LiOtBu|DMF
well_d70e84792c87aaee,6-Br-Q,boronic-ester,SPhos,None,DMF,6-Br-Q|boronic-ester|SPhos|None|DMF
well_d7313f969ec79450,6-I-Q,boronic-acid,P(Ph)3,CsF,MeOH,6-I-Q|boronic-acid|P(Ph)3|CsF|MeOH
well_d7336f141b00b1eb,6-OTf-Q,boronic-ester,P(o-Tol)3,K3PO4,MeCN,6-OTf-Q|boronic-ester|P(o-Tol)3|K3PO4|MeCN
well_d751843781162bcf,6-I-Q,trifluoroborate,None,CsF,THF,6-I-Q|trifluoroborate|None|CsF|THF
well_d751917a5b1f243a,6-I-Q,boronic-ester,XPhos,Et3N,DMF,6-I-Q|boronic-ester|XPhos|Et3N|DMF
well_d75e08263bc4f1b1,6-BPin-Q,aryl-bromide,None,NaOH,THF,6-BPin-Q|aryl-bromide|None|NaOH|THF
well_d768a0e4f3a16a9a,6-OTf-Q,trifluoroborate,P(Ph)3,LiOtBu,DMF,6-OTf-Q|trifluoroborate|P(Ph)3|LiOtBu|DMF
well_d79b682e2de59b59,6-BOH2-Q,aryl-bromide,P(Cy)3,None,DMF,6-BOH2-Q|aryl-bromide|P(Cy)3|None|DMF
well_d7b541c8ed6ad4a2,6-Br-Q,boronic-ester,P(Ph)3,None,THF,6-Br-Q|boronic-ester|P(Ph)3|None|THF
well_d7ee01b8a0f3075a,6-Br-Q,boronic-ester,dppf,CsF,MeCN,6-Br-Q|boronic-ester|dppf|CsF|MeCN
well_d7f4dab35592dfbd,6-BF3K-Q,aryl-bromide,P(tBu)3,K3PO4,MeCN,6-BF3K-Q|aryl-bromide|P(tBu)3|K3PO4|MeCN
well_d82775aa0de32ec8,6-OTf-Q,boronic-ester,CataCXium A,LiOtBu,MeCN,6-OTf-Q|boronic-ester|CataCXium A|LiOtBu|MeCN
well_d86ab533baf4994b,6-BPin-Q,aryl-bromide,AmPhos,Et3N,THF,6-BPin-Q|aryl-bromide|AmPhos|Et3N|THF
well_d86b4272a9828eda,6-I-Q,boronic-ester,Xantphos,NaHCO3,MeOH,6-I-Q|boronic-ester|Xantphos|NaHCO3|MeOH
well_d88673208d090b3e,6-Br-Q,trifluoroborate,P(o-Tol)3,None,THF,6-Br-Q|trifluoroborate|P(o-Tol)3|None|THF
well_d888f56779d66536,6-BPin-Q,aryl-bromide,XPhos,NaOH,THF,6-BPin-Q|aryl-bromide|XPhos|NaOH|THF
well_d891cccc698dd221,6-BF3K-Q,aryl-bromide,P(Cy)3,CsF,DMF,6-BF3K-Q|aryl-bromide|P(Cy)3|CsF|DMF
well_d898bb53c988456e,6-Br-Q,boronic-acid,AmPhos,NaOH,MeCN,6-Br-Q|boronic-acid|AmPhos|NaOH|MeCN
well_d89901c935761ac3,6-BF3K-Q,aryl-bromide,SPhos,Et3N,DMF,6-BF3K-Q|aryl-bromide|SPhos|Et3N|DMF
well_d8b2dde03da60978,6-OTf-Q,trifluoroborate,P(Cy)3,KOH,MeOH,6-OTf-Q|trifluoroborate|P(Cy)3|KOH|MeOH
well_d8bb891677b3b368,6-Br-Q,boronic-ester,Xantphos,CsF,THF,6-Br-Q|boronic-ester|Xantphos|CsF|THF
well_d8c967a9a0d1d2e0,6-OTf-Q,boronic-acid,dppf,KOH,DMF,6-OTf-Q|boronic-acid|dppf|KOH|DMF
well_d916148aeba7000a,6-I-Q,trifluoroborate,P(tBu)3,None,THF,6-I-Q|trifluoroborate|P(tBu)3|None|THF
well_d95e872cc1b75694,6-OTf-Q,boronic-acid,P(tBu)3,NaHCO3,MeOH,6-OTf-Q|boronic-acid|P(tBu)3|NaHCO3|MeOH
well_d95fa50bae0cdf00,6-OTf-Q,boronic-ester,None,KOH,THF,6-OTf-Q|boronic-ester|None|KOH|THF
well_d97472fa82df867c,6-I-Q,boronic-acid,P(o-Tol)3,NaOH,MeCN,6-I-Q|boronic-acid|P(o-Tol)3|NaOH|MeCN
well_d985f0b4c258fec0,6-BOH2-Q,aryl-bromide,P(Ph)3,CsF,MeOH-H2O-v2,6-BOH2-Q|aryl-bromide|P(Ph)3|CsF|MeOH-H2O-v2
well_d99069413fe673de,6-Br-Q,trifluoroborate,dtbpf,KOH,MeOH,6-Br-Q|trifluoroborate|dtbpf|KOH|MeOH
well_d9bb221212327ccd,6-I-Q,trifluoroborate,P(Cy)3,CsF,THF,6-I-Q|trifluoroborate|P(Cy)3|CsF|THF
well_d9d1f8db7046d221,6-OTf-Q,boronic-ester,Xantphos,CsF,DMF,6-OTf-Q|boronic-ester|Xantphos|CsF|DMF
well_da1a63cda3d2bb2a,6-I-Q,boronic-ester,SPhos,NaOH,MeCN,6-I-Q|boronic-ester|SPhos|NaOH|MeCN
well_da1bfd1446f78519,6-I-Q,boronic-acid,AmPhos,KOH,MeOH,6-I-Q|boronic-acid|AmPhos|KOH|MeOH
well_da500315a123c96f,6-BPin-Q,aryl-bromide,None,K3PO4,MeCN,6-BPin-Q|aryl-bromide|None|K3PO4|MeCN
well_da5f0a59a81d94d5,6-OTf-Q,boronic-acid,Xantphos,KOH,DMF,6-OTf-Q|boronic-acid|Xantphos|KOH|DMF
well_da610e1781ec79e9,6-I-Q,boronic-ester,SPhos,K3PO4,MeOH,6-I-Q|boronic-ester|SPhos|K3PO4|MeOH
well_da62c7412035b5d4,6-Br-Q,boronic-acid,AmPhos,NaHCO3,DMF,6-Br-Q|boronic-acid|AmPhos|NaHCO3|DMF
well_da63f69dabff7dfa,6-I-Q,trifluoroborate,dtbpf,NaOH,MeCN,6-I-Q|trifluoroborate|dtbpf|NaOH|MeCN
well_da82da6f8c80f52f,6-BF3K-Q,aryl-bromide,P(Ph)3,NaHCO3,DMF,6-BF3K-Q|aryl-bromide|P(Ph)3|NaHCO3|DMF
well_da9028321565b114,6-I-Q,boronic-ester,None,NaOH,MeCN,6-I-Q|boronic-ester|None|NaOH|MeCN
well_dac8ef630984b896,6-I-Q,boronic-ester,None,LiOtBu,MeCN,6-I-Q|boronic-ester|None|LiOtBu|MeCN
well_dace445e4820a29d,6-OTf-Q,boronic-ester,Xantphos,KOH,MeOH,6-OTf-Q|boronic-ester|Xantphos|KOH|MeOH
well_dada6be0dcd99765,6-I-Q,boronic-acid,SPhos,K3PO4,MeOH,6-I-Q|boronic-acid|SPhos|K3PO4|MeOH
well_daea0888915b97ad,6-Br-Q,boronic-ester,XPhos,NaOH,DMF,6-Br-Q|boronic-ester|XPhos|NaOH|DMF
well_db14eb1a8ef22e4e,6-OTf-Q,boronic-acid,P(Ph)3,CsF,DMF,6-OTf-Q|boronic-acid|P(Ph)3|CsF|DMF
well_db17a5ba366d66a5,6-BF3K-Q,aryl-bromide,None,LiOtBu,DMF,6-BF3K-Q|aryl-bromide|None|LiOtBu|DMF
well_db2c3a9e43912c8f,6-OTf-Q,boronic-ester,P(tBu)3,K3PO4,MeCN,6-OTf-Q|boronic-ester|P(tBu)3|K3PO4|MeCN
well_db3d0d300eb1b4ff,6-OTf-Q,boronic-ester,AmPhos,None,DMF,6-OTf-Q|boronic-ester|AmPhos|None|DMF
well_db5500c3d07186dd,6-I-Q,trifluoroborate,P(Cy)3,LiOtBu,MeCN,6-I-Q|trifluoroborate|P(Cy)3|LiOtBu|MeCN
well_db72b66e4a8c54ee,6-OTf-Q,boronic-ester,P(o-Tol)3,NaHCO3,MeOH,6-OTf-Q|boronic-ester|P(o-Tol)3|NaHCO3|MeOH
well_db9b7593a8502599,6-OTf-Q,trifluoroborate,P(Cy)3,K3PO4,DMF,6-OTf-Q|trifluoroborate|P(Cy)3|K3PO4|DMF
well_db9d0986e8690629,6-BPin-Q,aryl-bromide,CataCXium A,NaHCO3,DMF,6-BPin-Q|aryl-bromide|CataCXium A|NaHCO3|DMF
well_dbe3902be953a45d,6-I-Q,boronic-acid,dtbpf,NaOH,MeOH,6-I-Q|boronic-acid|dtbpf|NaOH|MeOH
well_dc1580d3f9a0cca2,6-OTf-Q,boronic-ester,P(Ph)3,KOH,DMF,6-OTf-Q|boronic-ester|P(Ph)3|KOH|DMF
well_dc4070cdfdb9a045,6-Br-Q,boronic-ester,CataCXium A,None,MeOH,6-Br-Q|boronic-ester|CataCXium A|None|MeOH
well_dc535bb0475ef614,6-OTf-Q,boronic-acid,P(Cy)3,KOH,DMF,6-OTf-Q|boronic-acid|P(Cy)3|KOH|DMF
well_dc6071acdeba1840,6-OTf-Q,trifluoroborate,dtbpf,NaOH,MeOH,6-OTf-Q|trifluoroborate|dtbpf|NaOH|MeOH
well_dc7e10add369c213,6-BF3K-Q,aryl-bromide,dppf,Et3N,MeCN,6-BF3K-Q|aryl-bromide|dppf|Et3N|MeCN
well_dc8da9ef64c7e1d0,6-I-Q,boronic-ester,P(tBu)3,None,MeOH,6-I-Q|boronic-ester|P(tBu)3|None|MeOH
well_dc9d6ad57a26ca7e,6-OTf-Q,boronic-acid,AmPhos,None,MeCN,6-OTf-Q|boronic-acid|AmPhos|None|MeCN
well_dca4e56993fa37e1,6-BPin-Q,aryl-bromide,None,Et3N,DMF,6-BPin-Q|aryl-bromide|None|Et3N|DMF
well_dce9d3d65ffcf8c1,6-I-Q,boronic-acid,P(o-Tol)3,KOH,MeOH,6-I-Q|boronic-acid|P(o-Tol)3|KOH|MeOH
well_dcf006b612d5cc3a,6-OTf-Q,boronic-acid,None,KOH,THF,6-OTf-Q|boronic-acid|None|KOH|THF
well_dcf77fa60a7fc7c9,6-I-Q,boronic-ester,dtbpf,NaHCO3,DMF,6-I-Q|boronic-ester|dtbpf|NaHCO3|DMF
well_dcfd6e50b9288344,6-I-Q,boronic-acid,XPhos,NaOH,DMF,6-I-Q|boronic-acid|XPhos|NaOH|DMF
well_dd1595fea511f238,6-BF3K-Q,aryl-bromide,dtbpf,NaOH,MeOH,6-BF3K-Q|aryl-bromide|dtbpf|NaOH|MeOH
well_dd20c34334e60fa3,6-Br-Q,trifluoroborate,Xantphos,KOH,MeOH,6-Br-Q|trifluoroborate|Xantphos|KOH|MeOH
well_dd5aa070e86b924f,6-BPin-Q,aryl-bromide,SPhos,CsF,DMF,6-BPin-Q|aryl-bromide|SPhos|CsF|DMF
well_dd6739dd0ccb8bd4,6-BPin-Q,aryl-bromide,None,NaOH,DMF,6-BPin-Q|aryl-bromide|None|NaOH|DMF
well_dd789b85db8338a4,6-OTf-Q,boronic-acid,P(o-Tol)3,Et3N,DMF,6-OTf-Q|boronic-acid|P(o-Tol)3|Et3N|DMF
well_ddca6328f6676ad6,6-Br-Q,trifluoroborate,None,CsF,MeOH,6-Br-Q|trifluoroborate|None|CsF|MeOH
well_ddd16122d53bd565,6-Br-Q,boronic-acid,AmPhos,None,MeOH,6-Br-Q|boronic-acid|AmPhos|None|MeOH
well_dddf13cb25dfcbd6,6-I-Q,boronic-acid,SPhos,Et3N,MeOH,6-I-Q|boronic-acid|SPhos|Et3N|MeOH
well_dddfc4030f61b695,6-Br-Q,boronic-acid,XPhos,NaOH,DMF,6-Br-Q|boronic-acid|XPhos|NaOH|DMF
well_ddffde055802b28c,6-Br-Q,boronic-ester,P(tBu)3,NaHCO3,MeCN,6-Br-Q|boronic-ester|P(tBu)3|NaHCO3|MeCN
well_de041cb388ad434f,6-I-Q,trifluoroborate,Xantphos,K3PO4,DMF,6-I-Q|trifluoroborate|Xantphos|K3PO4|DMF
well_de3a5bf31dd90658,6-OTf-Q,boronic-acid,dppf,K3PO4,MeCN,6-OTf-Q|boronic-acid|dppf|K3PO4|MeCN
well_de3b57e136a18d0a,6-I-Q,boronic-ester,dtbpf,NaHCO3,MeOH,6-I-Q|boronic-ester|dtbpf|NaHCO3|MeOH
well_de49acf8a1cf2312,6-Br-Q,boronic-acid,SPhos,KOH,MeCN,6-Br-Q|boronic-acid|SPhos|KOH|MeCN
well_de6201adfd7a093e,6-BPin-Q,aryl-bromide,P(Cy)3,None,MeOH,6-BPin-Q|aryl-bromide|P(Cy)3|None|MeOH
well_de80608c5a0e82e5,6-OTf-Q,boronic-acid,P(Cy)3,KOH,THF,6-OTf-Q|boronic-acid|P(Cy)3|KOH|THF
well_de9b2b2dff184b31,6-I-Q,trifluoroborate,P(o-Tol)3,LiOtBu,THF,6-I-Q|trifluoroborate|P(o-Tol)3|LiOtBu|THF
well_de9f1b8d6239de6c,6-OTf-Q,boronic-ester,XPhos,NaOH,MeCN,6-OTf-Q|boronic-ester|XPhos|NaOH|MeCN
well_df249d1dd5fb1490,6-OTf-Q,boronic-ester,dppf,None,DMF,6-OTf-Q|boronic-ester|dppf|None|DMF
well_df39cbffb7250d45,6-Br-Q,trifluoroborate,SPhos,NaOH,DMF,6-Br-Q|trifluoroborate|SPhos|NaOH|DMF
well_df518d78b209d024,6-Br-Q,boronic-acid,XPhos,CsF,MeOH,6-Br-Q|boronic-acid|XPhos|CsF|MeOH
well_df59ecba523875d3,6-Br-Q,trifluoroborate,SPhos,NaOH,MeCN,6-Br-Q|trifluoroborate|SPhos|NaOH|MeCN
well_df67b596f3f9d993,6-Br-Q,boronic-acid,CataCXium A,CsF,MeOH,6-Br-Q|boronic-acid|CataCXium A|CsF|MeOH
well_dfa04534f7526dd6,6-OTf-Q,boronic-acid,P(Ph)3,NaHCO3,MeCN,6-OTf-Q|boronic-acid|P(Ph)3|NaHCO3|MeCN
well_dfa86fe31ed036b2,6-Br-Q,trifluoroborate,None,None,MeOH,6-Br-Q|trifluoroborate|None|None|MeOH
well_dfd08c45a01c3fab,6-Br-Q,trifluoroborate,P(o-Tol)3,LiOtBu,MeCN,6-Br-Q|trifluoroborate|P(o-Tol)3|LiOtBu|MeCN
well_dfe6642d39e7f00e,6-OTf-Q,trifluoroborate,CataCXium A,NaOH,MeOH,6-OTf-Q|trifluoroborate|CataCXium A|NaOH|MeOH
well_dff3b4953910e1e4,6-I-Q,trifluoroborate,XPhos,LiOtBu,MeOH,6-I-Q|trifluoroborate|XPhos|LiOtBu|MeOH
well_e04380172f4cfd9d,6-OTf-Q,boronic-ester,AmPhos,K3PO4,MeCN,6-OTf-Q|boronic-ester|AmPhos|K3PO4|MeCN
well_e061e2a812e752f3,6-OTf-Q,trifluoroborate,SPhos,CsF,MeCN,6-OTf-Q|trifluoroborate|SPhos|CsF|MeCN
well_e066e8a62d9764ea,6-Br-Q,boronic-ester,CataCXium A,KOH,THF,6-Br-Q|boronic-ester|CataCXium A|KOH|THF
well_e084cf07e5174b1e,6-OTf-Q,boronic-acid,P(tBu)3,LiOtBu,MeOH,6-OTf-Q|boronic-acid|P(tBu)3|LiOtBu|MeOH
well_e10aad19aa31f6e0,6-BOH2-Q,aryl-bromide,AmPhos,LiOtBu,MeOH-H2O-v2,6-BOH2-Q|aryl-bromide|AmPhos|LiOtBu|MeOH-H2O-v2
well_e10e04d0877f1260,6-BPin-Q,aryl-bromide,P(Ph)3,NaOH,MeCN,6-BPin-Q|aryl-bromide|P(Ph)3|NaOH|MeCN
well_e1136beee61687e6,6-I-Q,trifluoroborate,CataCXium A,Et3N,THF,6-I-Q|trifluoroborate|CataCXium A|Et3N|THF
well_e114972214986660,6-I-Q,boronic-acid,P(Cy)3,CsF,MeOH,6-I-Q|boronic-acid|P(Cy)3|CsF|MeOH
well_e11893e3cd74ed09,6-BF3K-Q,aryl-bromide,P(tBu)3,CsF,THF,6-BF3K-Q|aryl-bromide|P(tBu)3|CsF|THF
well_e13fd68d330ecc50,6-BPin-Q,aryl-bromide,None,None,MeOH,6-BPin-Q|aryl-bromide|None|None|MeOH
well_e16bf9910d665ee3,6-OTf-Q,boronic-ester,Xantphos,LiOtBu,MeCN,6-OTf-Q|boronic-ester|Xantphos|LiOtBu|MeCN
well_e17b02b6b6ee4164,6-OTf-Q,boronic-ester,SPhos,LiOtBu,DMF,6-OTf-Q|boronic-ester|SPhos|LiOtBu|DMF
well_e17e109775de7f34,6-OTf-Q,trifluoroborate,P(Ph)3,None,MeCN,6-OTf-Q|trifluoroborate|P(Ph)3|None|MeCN
well_e191e32f30dae9c9,6-OTf-Q,boronic-acid,None,NaOH,MeOH,6-OTf-Q|boronic-acid|None|NaOH|MeOH
well_e19804742301a27a,6-Br-Q,boronic-ester,XPhos,Et3N,THF,6-Br-Q|boronic-ester|XPhos|Et3N|THF
well_e19d6c7605e59ef1,6-Br-Q,boronic-ester,P(tBu)3,Et3N,MeCN,6-Br-Q|boronic-ester|P(tBu)3|Et3N|MeCN
well_e1bf60684fb566c1,6-Br-Q,boronic-ester,CataCXium A,Et3N,MeOH,6-Br-Q|boronic-ester|CataCXium A|Et3N|MeOH
well_e1c8f489b7aab5d3,6-Br-Q,boronic-acid,XPhos,Et3N,DMF,6-Br-Q|boronic-acid|XPhos|Et3N|DMF
well_e1ede804a956beb7,6-OTf-Q,trifluoroborate,P(tBu)3,LiOtBu,THF,6-OTf-Q|trifluoroborate|P(tBu)3|LiOtBu|THF
well_e1f5c303a544f966,6-Br-Q,trifluoroborate,dtbpf,NaOH,MeCN,6-Br-Q|trifluoroborate|dtbpf|NaOH|MeCN
well_e1fbfbeb5116ecc9,6-BPin-Q,aryl-bromide,dtbpf,None,MeOH,6-BPin-Q|aryl-bromide|dtbpf|None|MeOH
well_e22b83a5cc10e30d,6-OTf-Q,trifluoroborate,Xantphos,KOH,THF,6-OTf-Q|trifluoroborate|Xantphos|KOH|THF
well_e23f519b6a56e4ec,6-Br-Q,boronic-ester,AmPhos,None,MeOH,6-Br-Q|boronic-ester|AmPhos|None|MeOH
well_e25d67727946dffb,6-Br-Q,trifluoroborate,XPhos,LiOtBu,MeOH,6-Br-Q|trifluoroborate|XPhos|LiOtBu|MeOH
well_e28d7e07f3c766d6,6-I-Q,trifluoroborate,CataCXium A,None,MeOH,6-I-Q|trifluoroborate|CataCXium A|None|MeOH
well_e2a6331fd9040883,6-BOH2-Q,aryl-bromide,Xantphos,NaHCO3,MeOH-H2O-v2,6-BOH2-Q|aryl-bromide|Xantphos|NaHCO3|MeOH-H2O-v2
well_e2b685311958fe16,6-Br-Q,boronic-acid,XPhos,NaOH,MeOH,6-Br-Q|boronic-acid|XPhos|NaOH|MeOH
well_e2c141c860743d73,6-I-Q,boronic-acid,AmPhos,CsF,DMF,6-I-Q|boronic-acid|AmPhos|CsF|DMF
well_e2d69a03e77329f1,6-Br-Q,boronic-ester,AmPhos,KOH,THF,6-Br-Q|boronic-ester|AmPhos|KOH|THF
well_e2f734b1528f039b,6-Br-Q,boronic-acid,P(Cy)3,None,THF,6-Br-Q|boronic-acid|P(Cy)3|None|THF
well_e2ff238edf86ac36,6-Br-Q,trifluoroborate,P(tBu)3,LiOtBu,THF,6-Br-Q|trifluoroborate|P(tBu)3|LiOtBu|THF
well_e300c2515c7185a6,6-I-Q,trifluoroborate,XPhos,KOH,MeOH,6-I-Q|trifluoroborate|XPhos|KOH|MeOH
well_e31a3b99ca2501b4,6-OTf-Q,boronic-acid,dppf,CsF,MeCN,6-OTf-Q|boronic-acid|dppf|CsF|MeCN
well_e32b5eb34fc0b115,6-I-Q,trifluoroborate,AmPhos,CsF,THF,6-I-Q|trifluoroborate|AmPhos|CsF|THF
well_e375a1b5cac65189,6-I-Q,trifluoroborate,P(o-Tol)3,LiOtBu,MeOH,6-I-Q|trifluoroborate|P(o-Tol)3|LiOtBu|MeOH
well_e3820c0dd186e332,6-OTf-Q,trifluoroborate,dppf,K3PO4,MeOH,6-OTf-Q|trifluoroborate|dppf|K3PO4|MeOH
well_e38a3f6eec69a491,6-OTf-Q,boronic-ester,CataCXium A,Et3N,THF,6-OTf-Q|boronic-ester|CataCXium A|Et3N|THF
well_e395ee9f28ed74d1,6-Br-Q,trifluoroborate,AmPhos,NaHCO3,MeOH,6-Br-Q|trifluoroborate|AmPhos|NaHCO3|MeOH
well_e3b9f2881c9ca703,6-Br-Q,boronic-ester,CataCXium A,Et3N,DMF,6-Br-Q|boronic-ester|CataCXium A|Et3N|DMF
well_e3c3408d6941eeff,6-Br-Q,trifluoroborate,P(o-Tol)3,NaHCO3,MeOH,6-Br-Q|trifluoroborate|P(o-Tol)3|NaHCO3|MeOH
well_e3da5d36db13e2cf,6-I-Q,trifluoroborate,P(o-Tol)3,LiOtBu,MeCN,6-I-Q|trifluoroborate|P(o-Tol)3|LiOtBu|MeCN
well_e3e791ad6eb66097,6-I-Q,boronic-acid,P(Cy)3,None,MeOH,6-I-Q|boronic-acid|P(Cy)3|None|MeOH
well_e3ec8f43bbde60d6,6-OTf-Q,boronic-acid,Xantphos,K3PO4,THF,6-OTf-Q|boronic-acid|Xantphos|K3PO4|THF
well_e41410fb00a53524,6-BF3K-Q,aryl-bromide,dppf,NaHCO3,THF,6-BF3K-Q|aryl-bromide|dppf|NaHCO3|THF
well_e4194e2594562fc0,6-I-Q,trifluoroborate,CataCXium A,CsF,MeOH,6-I-Q|trifluoroborate|CataCXium A|CsF|MeOH
well_e41b5350da5a4d79,6-BOH2-Q,aryl-bromide,XPhos,Et3N,THF-v2,6-BOH2-Q|aryl-bromide|XPhos|Et3N|THF-v2
well_e456a4360b748db6,6-I-Q,trifluoroborate,XPhos,LiOtBu,DMF,6-I-Q|trifluoroborate|XPhos|LiOtBu|DMF
well_e456e82f4df510b0,6-I-Q,boronic-ester,SPhos,CsF,MeCN,6-I-Q|boronic-ester|SPhos|CsF|MeCN
well_e46b8b496a87af5e,6-OTf-Q,boronic-acid,P(Cy)3,CsF,THF,6-OTf-Q|boronic-acid|P(Cy)3|CsF|THF
well_e48b927d7adce890,6-OTf-Q,trifluoroborate,dtbpf,NaHCO3,DMF,6-OTf-Q|trifluoroborate|dtbpf|NaHCO3|DMF
well_e4bee5e1cdf2d2d7,6-I-Q,trifluoroborate,P(Ph)3,K3PO4,DMF,6-I-Q|trifluoroborate|P(Ph)3|K3PO4|DMF
well_e4f75335d5bd80b5,6-Br-Q,boronic-ester,P(o-Tol)3,K3PO4,MeCN,6-Br-Q|boronic-ester|P(o-Tol)3|K3PO4|MeCN
well_e5094f093eac7719,6-BPin-Q,aryl-bromide,P(Cy)3,LiOtBu,THF,6-BPin-Q|aryl-bromide|P(Cy)3|LiOtBu|THF
well_e50a2f8ff94b5b61,6-BOH2-Q,aryl-bromide,dtbpf,Et3N,MeOH-H2O-v2,6-BOH2-Q|aryl-bromide|dtbpf|Et3N|MeOH-H2O-v2
well_e520a1216ff82c61,6-BF3K-Q,aryl-bromide,P(o-Tol)3,LiOtBu,MeCN,6-BF3K-Q|aryl-bromide|P(o-Tol)3|LiOtBu|MeCN
well_e52afe15f37b52d0,6-OTf-Q,boronic-acid,None,Et3N,MeOH,6-OTf-Q|boronic-acid|None|Et3N|MeOH
well_e5721cce3e2098a3,6-Br-Q,boronic-ester,SPhos,NaOH,THF,6-Br-Q|boronic-ester|SPhos|NaOH|THF
well_e58162c977bb97c1,6-OTf-Q,trifluoroborate,XPhos,None,THF,6-OTf-Q|trifluoroborate|XPhos|None|THF
well_e59639491eeeea28,6-I-Q,boronic-ester,None,Et3N,THF,6-I-Q|boronic-ester|None|Et3N|THF
well_e59beb3dc9b30372,6-OTf-Q,boronic-ester,P(Cy)3,KOH,THF,6-OTf-Q|boronic-ester|P(Cy)3|KOH|THF
well_e5b2234a583ebdf8,6-I-Q,trifluoroborate,dppf,LiOtBu,THF,6-I-Q|trifluoroborate|dppf|LiOtBu|THF
well_e5ba97e5edfee83c,6-Br-Q,trifluoroborate,AmPhos,K3PO4,DMF,6-Br-Q|trifluoroborate|AmPhos|K3PO4|DMF
well_e5e267979af73f04,6-OTf-Q,trifluoroborate,dppf,CsF,MeCN,6-OTf-Q|trifluoroborate|dppf|CsF|MeCN
well_e5e91d12dc102625,6-I-Q,boronic-ester,P(Ph)3,None,MeOH,6-I-Q|boronic-ester|P(Ph)3|None|MeOH
well_e61bc51e7ffeca32,6-I-Q,trifluoroborate,Xantphos,K3PO4,MeCN,6-I-Q|trifluoroborate|Xantphos|K3PO4|MeCN
well_e61f48d3b1f09aea,6-BF3K-Q,aryl-bromide,XPhos,Et3N,THF,6-BF3K-Q|aryl-bromide|XPhos|Et3N|THF
well_e632ef4f5309cc65,6-OTf-Q,boronic-acid,CataCXium A,LiOtBu,MeOH,6-OTf-Q|boronic-acid|CataCXium A|LiOtBu|MeOH
well_e65e260fbb23bb4a,6-Br-Q,boronic-ester,dppf,K3PO4,MeOH,6-Br-Q|boronic-ester|dppf|K3PO4|MeOH
well_e66073977f593c29,6-I-Q,boronic-ester,XPhos,None,THF,6-I-Q|boronic-ester|XPhos|None|THF
well_e67669ca99e17de9,6-I-Q,trifluoroborate,P(Ph)3,None,THF,6-I-Q|trifluoroborate|P(Ph)3|None|THF
well_e686cd9c16308a21,6-Br-Q,trifluoroborate,P(Ph)3,CsF,MeOH,6-Br-Q|trifluoroborate|P(Ph)3|CsF|MeOH
well_e6a01ecba772b644,6-I-Q,trifluoroborate,None,NaHCO3,THF,6-I-Q|trifluoroborate|None|NaHCO3|THF
well_e6a5a7f715345e5b,6-BF3K-Q,aryl-bromide,AmPhos,None,MeCN,6-BF3K-Q|aryl-bromide|AmPhos|None|MeCN
well_e6acf0a5435f806e,6-OTf-Q,trifluoroborate,SPhos,LiOtBu,MeOH,6-OTf-Q|trifluoroborate|SPhos|LiOtBu|MeOH
well_e6c72c84d09bd3ea,6-OTf-Q,trifluoroborate,CataCXium A,CsF,MeOH,6-OTf-Q|trifluoroborate|CataCXium A|CsF|MeOH
well_e6fd0d101766a8ce,6-I-Q,boronic-acid,P(tBu)3,Et3N,MeCN,6-I-Q|boronic-acid|P(tBu)3|Et3N|MeCN
well_e71a42d4afd393ac,6-Br-Q,boronic-ester,P(Ph)3,CsF,MeOH,6-Br-Q|boronic-ester|P(Ph)3|CsF|MeOH
well_e720f170facd36a7,6-I-Q,trifluoroborate,Xantphos,CsF,THF,6-I-Q|trifluoroborate|Xantphos|CsF|THF
well_e737db31aacd3f3a,6-BF3K-Q,aryl-bromide,P(o-Tol)3,CsF,THF,6-BF3K-Q|aryl-bromide|P(o-Tol)3|CsF|THF
well_e7419151057ac6cc,6-Br-Q,boronic-acid,P(tBu)3,None,DMF,6-Br-Q|boronic-acid|P(tBu)3|None|DMF
well_e758ffce00bd4d75,6-Br-Q,trifluoroborate,P(Cy)3,None,MeCN,6-Br-Q|trifluoroborate|P(Cy)3|None|MeCN
well_e76129f2921f7e6e,6-OTf-Q,trifluoroborate,None,NaHCO3,MeCN,6-OTf-Q|trifluoroborate|None|NaHCO3|MeCN
well_e7702f46e84716f4,6-OTf-Q,boronic-ester,XPhos,NaHCO3,THF,6-OTf-Q|boronic-ester|XPhos|NaHCO3|THF
well_e7852fc4043a9b09,6-Br-Q,trifluoroborate,XPhos,NaOH,DMF,6-Br-Q|trifluoroborate|XPhos|NaOH|DMF
well_e7b5bd6abfaf17e9,6-I-Q,boronic-ester,P(Ph)3,KOH,THF,6-I-Q|boronic-ester|P(Ph)3|KOH|THF
well_e7b9f8c89bff43f4,6-Br-Q,boronic-acid,AmPhos,CsF,DMF,6-Br-Q|boronic-acid|AmPhos|CsF|DMF
well_e7bf6509bbd07f46,6-I-Q,boronic-ester,AmPhos,K3PO4,THF,6-I-Q|boronic-ester|AmPhos|K3PO4|THF
well_e7ca01b2bea8c725,6-Br-Q,boronic-ester,AmPhos,K3PO4,MeOH,6-Br-Q|boronic-ester|AmPhos|K3PO4|MeOH
well_e7df99b1be83bd64,6-I-Q,boronic-ester,dppf,LiOtBu,DMF,6-I-Q|boronic-ester|dppf|LiOtBu|DMF
well_e811cc3317023806,6-Br-Q,trifluoroborate,None,KOH,THF,6-Br-Q|trifluoroborate|None|KOH|THF
well_e81bf7188ce0e0f0,6-OTf-Q,boronic-acid,CataCXium A,None,DMF,6-OTf-Q|boronic-acid|CataCXium A|None|DMF
well_e82d5c9348a29246,6-OTf-Q,trifluoroborate,None,NaOH,THF,6-OTf-Q|trifluoroborate|None|NaOH|THF
well_e83539e83f8f813f,6-OTf-Q,boronic-ester,P(o-Tol)3,NaOH,THF,6-OTf-Q|boronic-ester|P(o-Tol)3|NaOH|THF
well_e83aa0441d70aeab,6-Br-Q,boronic-acid,Xantphos,K3PO4,DMF,6-Br-Q|boronic-acid|Xantphos|K3PO4|DMF
well_e8628346acd9b507,6-BF3K-Q,aryl-bromide,dtbpf,NaHCO3,MeOH,6-BF3K-Q|aryl-bromide|dtbpf|NaHCO3|MeOH
well_e87bcb3c648a4c94,6-I-Q,boronic-acid,P(Cy)3,NaOH,DMF,6-I-Q|boronic-acid|P(Cy)3|NaOH|DMF
well_e884caa46ef99a2b,6-OTf-Q,trifluoroborate,P(tBu)3,LiOtBu,MeOH,6-OTf-Q|trifluoroborate|P(tBu)3|LiOtBu|MeOH
well_e88a26fbefa9dfc5,6-I-Q,boronic-acid,AmPhos,NaOH,MeOH,6-I-Q|boronic-acid|AmPhos|NaOH|MeOH
well_e88ae331786c8d54,6-I-Q,trifluoroborate,dtbpf,LiOtBu,MeCN,6-I-Q|trifluoroborate|dtbpf|LiOtBu|MeCN
well_e893b7bb2f222c41,6-I-Q,boronic-ester,P(Cy)3,NaHCO3,MeCN,6-I-Q|boronic-ester|P(Cy)3|NaHCO3|MeCN
well_e89c09b828de9fdc,6-OTf-Q,trifluoroborate,dtbpf,LiOtBu,MeOH,6-OTf-Q|trifluoroborate|dtbpf|LiOtBu|MeOH
well_e8a64a9b4ed0e640,6-BPin-Q,aryl-bromide,P(tBu)3,LiOtBu,THF,6-BPin-Q|aryl-bromide|P(tBu)3|LiOtBu|THF
well_e8a719fe50485a0e,6-BOH2-Q,aryl-bromide,CataCXium A,Et3N,DMF,6-BOH2-Q|aryl-bromide|CataCXium A|Et3N|DMF
well_e8b49d2b9865977d,6-BF3K-Q,aryl-bromide,P(o-Tol)3,K3PO4,DMF,6-BF3K-Q|aryl-bromide|P(o-Tol)3|K3PO4|DMF
well_e8d3660fda63b821,6-OTf-Q,trifluoroborate,None,CsF,MeCN,6-OTf-Q|trifluoroborate|None|CsF|MeCN
well_e8dc464ee34c2a6b,6-BOH2-Q,aryl-bromide,None,None,MeOH-H2O-v2,6-BOH2-Q|aryl-bromide|None|None|MeOH-H2O-v2
well_e9063d59e3a7be77,6-BF3K-Q,aryl-bromide,AmPhos,NaOH,MeOH,6-BF3K-Q|aryl-bromide|AmPhos|NaOH|MeOH
well_e90e4078f82a5a1b,6-I-Q,trifluoroborate,P(tBu)3,CsF,THF,6-I-Q|trifluoroborate|P(tBu)3|CsF|THF
well_e923e569781064ac,6-I-Q,boronic-acid,CataCXium A,None,MeOH,6-I-Q|boronic-acid|CataCXium A|None|MeOH
well_e9371209d9290b1c,6-I-Q,boronic-ester,P(Ph)3,NaOH,THF,6-I-Q|boronic-ester|P(Ph)3|NaOH|THF
well_e946cffe8cc4ba7e,6-OTf-Q,boronic-acid,AmPhos,LiOtBu,MeOH,6-OTf-Q|boronic-acid|AmPhos|LiOtBu|MeOH
well_e94ffe83e8dfe702,6-BPin-Q,aryl-bromide,Xantphos,K3PO4,MeCN,6-BPin-Q|aryl-bromide|Xantphos|K3PO4|MeCN
well_e96a1f44253e8798,6-BOH2-Q,aryl-bromide,dtbpf,LiOtBu,DMF,6-BOH2-Q|aryl-bromide|dtbpf|LiOtBu|DMF
well_e9ab50caae874080,6-OTf-Q,boronic-ester,P(Cy)3,NaHCO3,MeOH,6-OTf-Q|boronic-ester|P(Cy)3|NaHCO3|MeOH
well_e9c218ecb298f059,6-I-Q,boronic-acid,P(Ph)3,LiOtBu,THF,6-I-Q|boronic-acid|P(Ph)3|LiOtBu|THF
well_e9d89f2db6313db4,6-I-Q,boronic-ester,dppf,KOH,DMF,6-I-Q|boronic-ester|dppf|KOH|DMF
well_e9f865b7fc4f9969,6-OTf-Q,boronic-ester,P(o-Tol)3,NaOH,MeOH,6-OTf-Q|boronic-ester|P(o-Tol)3|NaOH|MeOH
well_ea276610b05165f6,6-I-Q,trifluoroborate,P(tBu)3,NaOH,MeOH,6-I-Q|trifluoroborate|P(tBu)3|NaOH|MeOH
well_ea47025778fc5143,6-BOH2-Q,aryl-bromide,P(tBu)3,NaOH,THF-v2,6-BOH2-Q|aryl-bromide|P(tBu)3|NaOH|THF-v2
well_ea5d921ae639c069,6-BOH2-Q,aryl-bromide,CataCXium A,CsF,THF-v2,6-BOH2-Q|aryl-bromide|CataCXium A|CsF|THF-v2
well_ea952634506bbb4e,6-OTf-Q,boronic-ester,dppf,NaHCO3,MeOH,6-OTf-Q|boronic-ester|dppf|NaHCO3|MeOH
well_ea9ecf06392b0dff,6-Br-Q,boronic-acid,P(Cy)3,KOH,MeOH,6-Br-Q|boronic-acid|P(Cy)3|KOH|MeOH
well_ead1ecafccc11e69,6-I-Q,boronic-acid,P(Ph)3,None,MeOH,6-I-Q|boronic-acid|P(Ph)3|None|MeOH
well_eae23514b910f67d,6-BOH2-Q,aryl-bromide,P(tBu)3,Et3N,MeOH-H2O-v2,6-BOH2-Q|aryl-bromide|P(tBu)3|Et3N|MeOH-H2O-v2
well_eb0f1bc549e2fe67,6-Br-Q,boronic-ester,P(o-Tol)3,LiOtBu,MeOH,6-Br-Q|boronic-ester|P(o-Tol)3|LiOtBu|MeOH
well_eb11f4bd24680f43,6-Br-Q,boronic-ester,XPhos,NaHCO3,MeOH,6-Br-Q|boronic-ester|XPhos|NaHCO3|MeOH
well_eb2c488f655bd5ee,6-OTf-Q,trifluoroborate,P(o-Tol)3,None,THF,6-OTf-Q|trifluoroborate|P(o-Tol)3|None|THF
well_eb4e3967ac31d002,6-I-Q,trifluoroborate,Xantphos,LiOtBu,DMF,6-I-Q|trifluoroborate|Xantphos|LiOtBu|DMF
well_eb518332e3ebe449,6-Br-Q,trifluoroborate,P(Cy)3,K3PO4,THF,6-Br-Q|trifluoroborate|P(Cy)3|K3PO4|THF
well_eb61ce509b16953d,6-OTf-Q,boronic-ester,CataCXium A,CsF,DMF,6-OTf-Q|boronic-ester|CataCXium A|CsF|DMF
well_eb6db88dbd6f8b47,6-BOH2-Q,aryl-bromide,P(Cy)3,K3PO4,MeOH-H2O-v2,6-BOH2-Q|aryl-bromide|P(Cy)3|K3PO4|MeOH-H2O-v2
well_eb99f65b0d8bdf38,6-OTf-Q,boronic-ester,XPhos,Et3N,DMF,6-OTf-Q|boronic-ester|XPhos|Et3N|DMF
well_ebaa1940f3593bf0,6-OTf-Q,boronic-ester,SPhos,KOH,THF,6-OTf-Q|boronic-ester|SPhos|KOH|THF
well_ebac8e3921f0e69e,6-BPin-Q,aryl-bromide,Xantphos,NaOH,MeOH,6-BPin-Q|aryl-bromide|Xantphos|NaOH|MeOH
well_ebacfe0352c3058a,6-Br-Q,boronic-ester,CataCXium A,None,DMF,6-Br-Q|boronic-ester|CataCXium A|None|DMF
well_ebb22c6eaf62b1b2,6-OTf-Q,boronic-acid,Xantphos,None,MeCN,6-OTf-Q|boronic-acid|Xantphos|None|MeCN
well_ebe17e546de1b8b6,6-OTf-Q,boronic-ester,P(Cy)3,NaOH,MeOH,6-OTf-Q|boronic-ester|P(Cy)3|NaOH|MeOH
well_ebec69e836dad8a2,6-I-Q,trifluoroborate,XPhos,NaHCO3,THF,6-I-Q|trifluoroborate|XPhos|NaHCO3|THF
well_ebf4cfcd4eb7a4a2,6-BOH2-Q,aryl-bromide,CataCXium A,NaHCO3,THF-v2,6-BOH2-Q|aryl-bromide|CataCXium A|NaHCO3|THF-v2
well_ec0931be3c2cf156,6-BPin-Q,aryl-bromide,None,K3PO4,THF,6-BPin-Q|aryl-bromide|None|K3PO4|THF
well_ec18932a88ace57f,6-I-Q,boronic-acid,dppf,LiOtBu,DMF,6-I-Q|boronic-acid|dppf|LiOtBu|DMF
well_ec253e20a5fe5a26,6-OTf-Q,boronic-acid,P(Cy)3,CsF,MeCN,6-OTf-Q|boronic-acid|P(Cy)3|CsF|MeCN
well_ec27c7fa3bc2cc20,6-I-Q,boronic-ester,Xantphos,None,THF,6-I-Q|boronic-ester|Xantphos|None|THF
well_ec3b4667969e6478,6-OTf-Q,boronic-acid,Xantphos,K3PO4,DMF,6-OTf-Q|boronic-acid|Xantphos|K3PO4|DMF
well_ec5ab399835f069f,6-I-Q,boronic-acid,CataCXium A,Et3N,THF,6-I-Q|boronic-acid|CataCXium A|Et3N|THF
well_ec5f79f60598f72d,6-I-Q,trifluoroborate,AmPhos,LiOtBu,MeCN,6-I-Q|trifluoroborate|AmPhos|LiOtBu|MeCN
well_ec651fe32ccee109,6-Br-Q,trifluoroborate,P(tBu)3,LiOtBu,MeOH,6-Br-Q|trifluoroborate|P(tBu)3|LiOtBu|MeOH
well_ec96f1c2d282077b,6-Br-Q,boronic-acid,dppf,NaOH,THF,6-Br-Q|boronic-acid|dppf|NaOH|THF
well_ec9edef7005e55b2,6-BPin-Q,aryl-bromide,P(tBu)3,LiOtBu,MeOH,6-BPin-Q|aryl-bromide|P(tBu)3|LiOtBu|MeOH
well_eca1ccfb2d316647,6-Br-Q,boronic-acid,P(o-Tol)3,Et3N,MeOH,6-Br-Q|boronic-acid|P(o-Tol)3|Et3N|MeOH
well_ecbf2f92da188f03,6-I-Q,boronic-acid,AmPhos,LiOtBu,DMF,6-I-Q|boronic-acid|AmPhos|LiOtBu|DMF
well_ecd170433e58a897,6-OTf-Q,boronic-acid,P(o-Tol)3,LiOtBu,DMF,6-OTf-Q|boronic-acid|P(o-Tol)3|LiOtBu|DMF
well_eceb49619d4cabb0,6-I-Q,boronic-ester,None,K3PO4,DMF,6-I-Q|boronic-ester|None|K3PO4|DMF
well_ecfbda25dffb3268,6-BPin-Q,aryl-bromide,None,NaHCO3,MeCN,6-BPin-Q|aryl-bromide|None|NaHCO3|MeCN
well_ecfdc5758b4a9d46,6-I-Q,boronic-acid,Xantphos,NaOH,MeCN,6-I-Q|boronic-acid|Xantphos|NaOH|MeCN
well_ed03bda4e3d0dec7,6-I-Q,trifluoroborate,P(tBu)3,KOH,THF,6-I-Q|trifluoroborate|P(tBu)3|KOH|THF
well_ed0f1d6151fd03a5,6-I-Q,boronic-acid,Xantphos,K3PO4,MeOH,6-I-Q|boronic-acid|Xantphos|K3PO4|MeOH
well_ed1025f54da4d1f0,6-OTf-Q,trifluoroborate,SPhos,NaOH,THF,6-OTf-Q|trifluoroborate|SPhos|NaOH|THF
well_ed1872426ae4609e,6-OTf-Q,trifluoroborate,SPhos,Et3N,THF,6-OTf-Q|trifluoroborate|SPhos|Et3N|THF
well_ed1e472a95df5378,6-BF3K-Q,aryl-bromide,dtbpf,CsF,MeOH,6-BF3K-Q|aryl-bromide|dtbpf|CsF|MeOH
well_ed37cec6872333f1,6-I-Q,trifluoroborate,XPhos,K3PO4,MeCN,6-I-Q|trifluoroborate|XPhos|K3PO4|MeCN
well_ed5618fca7336e14,6-OTf-Q,trifluoroborate,P(o-Tol)3,KOH,DMF,6-OTf-Q|trifluoroborate|P(o-Tol)3|KOH|DMF
well_ed67fa4fa051c062,6-Br-Q,boronic-acid,None,NaOH,MeOH,6-Br-Q|boronic-acid|None|NaOH|MeOH
well_ed6e36f42cd5931a,6-BF3K-Q,aryl-bromide,XPhos,LiOtBu,MeOH,6-BF3K-Q|aryl-bromide|XPhos|LiOtBu|MeOH
well_eda0373b8403928b,6-I-Q,trifluoroborate,dtbpf,Et3N,MeCN,6-I-Q|trifluoroborate|dtbpf|Et3N|MeCN
well_eda613f021276e15,6-Br-Q,boronic-ester,XPhos,K3PO4,MeCN,6-Br-Q|boronic-ester|XPhos|K3PO4|MeCN
well_edc361c7beae919d,6-BPin-Q,aryl-bromide,dppf,LiOtBu,DMF,6-BPin-Q|aryl-bromide|dppf|LiOtBu|DMF
well_edf6fcf908caa1ee,6-I-Q,boronic-ester,P(Ph)3,CsF,MeOH,6-I-Q|boronic-ester|P(Ph)3|CsF|MeOH
well_edf89ef06cee37c9,6-Br-Q,boronic-ester,None,NaOH,MeCN,6-Br-Q|boronic-ester|None|NaOH|MeCN
well_ee100efaf9d076e5,6-BPin-Q,aryl-bromide,P(tBu)3,NaOH,THF,6-BPin-Q|aryl-bromide|P(tBu)3|NaOH|THF
well_ee3f49dcab6ad5ad,6-I-Q,trifluoroborate,AmPhos,K3PO4,MeCN,6-I-Q|trifluoroborate|AmPhos|K3PO4|MeCN
well_ee75f22412b9897e,6-I-Q,boronic-acid,dppf,LiOtBu,MeOH,6-I-Q|boronic-acid|dppf|LiOtBu|MeOH
well_ee77724530618813,6-BOH2-Q,aryl-bromide,dtbpf,NaOH,MeOH-H2O-v2,6-BOH2-Q|aryl-bromide|dtbpf|NaOH|MeOH-H2O-v2
well_ee77f3c80acf03b8,6-Br-Q,boronic-acid,CataCXium A,K3PO4,DMF,6-Br-Q|boronic-acid|CataCXium A|K3PO4|DMF
well_ee81dd4bc7b4a3cb,6-OTf-Q,boronic-acid,dppf,K3PO4,DMF,6-OTf-Q|boronic-acid|dppf|K3PO4|DMF
well_ee9a95f7f625cc31,6-BF3K-Q,aryl-bromide,XPhos,CsF,MeOH,6-BF3K-Q|aryl-bromide|XPhos|CsF|MeOH
well_ee9c3762495afdb8,6-I-Q,boronic-ester,CataCXium A,None,MeOH,6-I-Q|boronic-ester|CataCXium A|None|MeOH
well_eea5fa2d9694b8b4,6-BPin-Q,aryl-bromide,dtbpf,K3PO4,MeOH,6-BPin-Q|aryl-bromide|dtbpf|K3PO4|MeOH
well_eea7b49cf5cc7fd3,6-BOH2-Q,aryl-bromide,AmPhos,None,MeCN,6-BOH2-Q|aryl-bromide|AmPhos|None|MeCN
well_eeab84e248cee372,6-BOH2-Q,aryl-bromide,dppf,CsF,THF-v2,6-BOH2-Q|aryl-bromide|dppf|CsF|THF-v2
well_eeb56c1e6a38e0d9,6-Br-Q,boronic-ester,None,CsF,THF,6-Br-Q|boronic-ester|None|CsF|THF
well_eeeb300c9f547239,6-OTf-Q,boronic-acid,P(o-Tol)3,NaOH,THF,6-OTf-Q|boronic-acid|P(o-Tol)3|NaOH|THF
well_eeecf9c0d93c2a83,6-BOH2-Q,aryl-bromide,dppf,K3PO4,DMF,6-BOH2-Q|aryl-bromide|dppf|K3PO4|DMF
well_eef8ad415586da82,6-BPin-Q,aryl-bromide,dppf,CsF,MeOH,6-BPin-Q|aryl-bromide|dppf|CsF|MeOH
well_ef2bab5cbfd4810b,6-BF3K-Q,aryl-bromide,dppf,K3PO4,MeOH,6-BF3K-Q|aryl-bromide|dppf|K3PO4|MeOH
well_ef402990a3e2715c,6-I-Q,trifluoroborate,SPhos,LiOtBu,MeOH,6-I-Q|trifluoroborate|SPhos|LiOtBu|MeOH
well_ef409896c00e5999,6-OTf-Q,trifluoroborate,SPhos,NaOH,MeOH,6-OTf-Q|trifluoroborate|SPhos|NaOH|MeOH
well_ef4b576d4624c597,6-OTf-Q,boronic-ester,P(tBu)3,NaOH,MeOH,6-OTf-Q|boronic-ester|P(tBu)3|NaOH|MeOH
well_ef5733e3a6419b9f,6-I-Q,boronic-acid,dppf,NaOH,THF,6-I-Q|boronic-acid|dppf|NaOH|THF
well_ef719ef911cc6ba7,6-I-Q,boronic-acid,dppf,NaHCO3,MeOH,6-I-Q|boronic-acid|dppf|NaHCO3|MeOH
well_ef74da283c0f5602,6-BPin-Q,aryl-bromide,P(Cy)3,CsF,MeOH,6-BPin-Q|aryl-bromide|P(Cy)3|CsF|MeOH
well_ef8aafbc747b76b0,6-OTf-Q,boronic-acid,SPhos,NaHCO3,MeOH,6-OTf-Q|boronic-acid|SPhos|NaHCO3|MeOH
well_ef9cdf756914b85c,6-BOH2-Q,aryl-bromide,None,Et3N,DMF,6-BOH2-Q|aryl-bromide|None|Et3N|DMF
well_efa48c3e8b69a067,6-Br-Q,boronic-acid,SPhos,CsF,MeOH,6-Br-Q|boronic-acid|SPhos|CsF|MeOH
well_efa6cee586e24cd0,6-OTf-Q,boronic-acid,P(Cy)3,NaOH,MeOH,6-OTf-Q|boronic-acid|P(Cy)3|NaOH|MeOH
well_efece8b028f7b607,6-OTf-Q,trifluoroborate,P(Ph)3,KOH,THF,6-OTf-Q|trifluoroborate|P(Ph)3|KOH|THF
well_efede68f6c280146,6-Br-Q,boronic-acid,AmPhos,K3PO4,MeOH,6-Br-Q|boronic-acid|AmPhos|K3PO4|MeOH
well_efeede35725b0be4,6-I-Q,boronic-ester,None,KOH,DMF,6-I-Q|boronic-ester|None|KOH|DMF
well_eff2d4cc208014b7,6-Br-Q,boronic-acid,P(Cy)3,CsF,MeOH,6-Br-Q|boronic-acid|P(Cy)3|CsF|MeOH
well_f0103737cd69a0b1,6-I-Q,boronic-acid,P(o-Tol)3,NaHCO3,THF,6-I-Q|boronic-acid|P(o-Tol)3|NaHCO3|THF
well_f0165d97aa3e3711,6-I-Q,boronic-ester,P(Cy)3,KOH,DMF,6-I-Q|boronic-ester|P(Cy)3|KOH|DMF
well_f0208fd6993dda09,6-I-Q,boronic-acid,P(tBu)3,K3PO4,THF,6-I-Q|boronic-acid|P(tBu)3|K3PO4|THF
well_f02b9542aeea1983,6-I-Q,trifluoroborate,AmPhos,NaOH,MeOH,6-I-Q|trifluoroborate|AmPhos|NaOH|MeOH
well_f039bcf7a5afb5ed,6-OTf-Q,trifluoroborate,P(Ph)3,NaOH,THF,6-OTf-Q|trifluoroborate|P(Ph)3|NaOH|THF
well_f06335111ed7f29d,6-BOH2-Q,aryl-bromide,P(tBu)3,LiOtBu,MeOH-H2O-v2,6-BOH2-Q|aryl-bromide|P(tBu)3|LiOtBu|MeOH-H2O-v2
well_f06e3a7ea3275c4e,6-Br-Q,boronic-acid,CataCXium A,KOH,DMF,6-Br-Q|boronic-acid|CataCXium A|KOH|DMF
well_f0c776f66459e23b,6-OTf-Q,boronic-acid,dppf,NaOH,MeCN,6-OTf-Q|boronic-acid|dppf|NaOH|MeCN
well_f0e2332261afb145,6-BF3K-Q,aryl-bromide,dppf,KOH,DMF,6-BF3K-Q|aryl-bromide|dppf|KOH|DMF
well_f15f0e3e8f9c9fd4,6-I-Q,boronic-acid,P(o-Tol)3,LiOtBu,MeOH,6-I-Q|boronic-acid|P(o-Tol)3|LiOtBu|MeOH
well_f1738ea730c2f525,6-Br-Q,boronic-acid,P(Cy)3,NaHCO3,MeOH,6-Br-Q|boronic-acid|P(Cy)3|NaHCO3|MeOH
well_f212e48c71ccc694,6-I-Q,boronic-acid,P(Cy)3,KOH,DMF,6-I-Q|boronic-acid|P(Cy)3|KOH|DMF
well_f2209ed9703ff98e,6-OTf-Q,trifluoroborate,SPhos,KOH,DMF,6-OTf-Q|trifluoroborate|SPhos|KOH|DMF
well_f22993d7a99863d6,6-BPin-Q,aryl-bromide,dtbpf,LiOtBu,DMF,6-BPin-Q|aryl-bromide|dtbpf|LiOtBu|DMF
well_f24c145979d90e8d,6-BPin-Q,aryl-bromide,P(tBu)3,KOH,MeCN,6-BPin-Q|aryl-bromide|P(tBu)3|KOH|MeCN
well_f28221e922bf27fe,6-BPin-Q,aryl-bromide,SPhos,KOH,MeOH,6-BPin-Q|aryl-bromide|SPhos|KOH|MeOH
well_f28ce8ded9c1143d,6-OTf-Q,trifluoroborate,dppf,None,MeCN,6-OTf-Q|trifluoroborate|dppf|None|MeCN
well_f28fe611887b79f4,6-OTf-Q,boronic-ester,dtbpf,NaHCO3,MeOH,6-OTf-Q|boronic-ester|dtbpf|NaHCO3|MeOH
well_f2af535ae4e35708,6-OTf-Q,boronic-acid,P(tBu)3,None,DMF,6-OTf-Q|boronic-acid|P(tBu)3|None|DMF
well_f2ffe1741bc3d331,6-Br-Q,boronic-acid,dppf,K3PO4,DMF,6-Br-Q|boronic-acid|dppf|K3PO4|DMF
well_f324f4bf06afcd77,6-BOH2-Q,aryl-bromide,P(tBu)3,NaOH,MeCN,6-BOH2-Q|aryl-bromide|P(tBu)3|NaOH|MeCN
well_f34d6d3b8a999dad,6-Br-Q,trifluoroborate,P(o-Tol)3,CsF,THF,6-Br-Q|trifluoroborate|P(o-Tol)3|CsF|THF
well_f355e8dafd909815,6-Br-Q,boronic-ester,XPhos,NaHCO3,DMF,6-Br-Q|boronic-ester|XPhos|NaHCO3|DMF
well_f364b3a38e185f5b,6-OTf-Q,boronic-acid,P(Cy)3,KOH,MeCN,6-OTf-Q|boronic-acid|P(Cy)3|KOH|MeCN
well_f3686d82e8a1406b,6-Br-Q,boronic-acid,P(Cy)3,KOH,DMF,6-Br-Q|boronic-acid|P(Cy)3|KOH|DMF
well_f380d9aa853e3f9e,6-I-Q,trifluoroborate,P(Ph)3,NaHCO3,THF,6-I-Q|trifluoroborate|P(Ph)3|NaHCO3|THF
well_f3a3de480ff0c1cd,6-BOH2-Q,aryl-bromide,XPhos,CsF,MeOH-H2O-v2,6-BOH2-Q|aryl-bromide|XPhos|CsF|MeOH-H2O-v2
well_f3c1ddb58f12bd1d,6-BF3K-Q,aryl-bromide,XPhos,Et3N,MeOH,6-BF3K-Q|aryl-bromide|XPhos|Et3N|MeOH
well_f3c5f0617c9ab597,6-BOH2-Q,aryl-bromide,SPhos,Et3N,THF-v2,6-BOH2-Q|aryl-bromide|SPhos|Et3N|THF-v2
well_f3d04f586d7edffc,6-BF3K-Q,aryl-bromide,Xantphos,None,DMF,6-BF3K-Q|aryl-bromide|Xantphos|None|DMF
well_f3dd32f0fb9db709,6-I-Q,trifluoroborate,P(Cy)3,NaHCO3,MeCN,6-I-Q|trifluoroborate|P(Cy)3|NaHCO3|MeCN
well_f41a3a83d162af73,6-OTf-Q,boronic-ester,AmPhos,NaOH,THF,6-OTf-Q|boronic-ester|AmPhos|NaOH|THF
well_f41eb9661b2a2865,6-I-Q,boronic-acid,dppf,NaHCO3,MeCN,6-I-Q|boronic-acid|dppf|NaHCO3|MeCN
well_f45afcc6b4ed476b,6-Br-Q,boronic-acid,Xantphos,K3PO4,MeCN,6-Br-Q|boronic-acid|Xantphos|K3PO4|MeCN
well_f45c49b415f29162,6-BOH2-Q,aryl-bromide,P(Ph)3,NaOH,THF-v2,6-BOH2-Q|aryl-bromide|P(Ph)3|NaOH|THF-v2
well_f4720b40593ffceb,6-BPin-Q,aryl-bromide,None,None,THF,6-BPin-Q|aryl-bromide|None|None|THF
well_f4971a86605335fd,6-Br-Q,boronic-acid,XPhos,NaHCO3,DMF,6-Br-Q|boronic-acid|XPhos|NaHCO3|DMF
well_f4dad5f4330b7bae,6-I-Q,boronic-ester,CataCXium A,NaHCO3,DMF,6-I-Q|boronic-ester|CataCXium A|NaHCO3|DMF
well_f4fa29f402bc3a50,6-I-Q,boronic-acid,SPhos,KOH,DMF,6-I-Q|boronic-acid|SPhos|KOH|DMF
well_f54667bae7bbbf6d,6-Br-Q,trifluoroborate,XPhos,NaOH,THF,6-Br-Q|trifluoroborate|XPhos|NaOH|THF
well_f54a929acb464998,6-BF3K-Q,aryl-bromide,SPhos,NaHCO3,THF,6-BF3K-Q|aryl-bromide|SPhos|NaHCO3|THF
well_f55194e758943ba4,6-I-Q,boronic-acid,None,NaOH,MeCN,6-I-Q|boronic-acid|None|NaOH|MeCN
well_f57121c04c73813d,6-I-Q,boronic-acid,P(tBu)3,None,MeOH,6-I-Q|boronic-acid|P(tBu)3|None|MeOH
well_f5aaced7c84b02d2,6-I-Q,boronic-acid,P(tBu)3,NaHCO3,MeCN,6-I-Q|boronic-acid|P(tBu)3|NaHCO3|MeCN
well_f5bb7f40345669c4,6-BPin-Q,aryl-bromide,CataCXium A,None,THF,6-BPin-Q|aryl-bromide|CataCXium A|None|THF
well_f5e164903b2b0a2e,6-BOH2-Q,aryl-bromide,Xantphos,LiOtBu,MeCN,6-BOH2-Q|aryl-bromide|Xantphos|LiOtBu|MeCN
well_f60ab76771d62aa9,6-Br-Q,boronic-acid,None,Et3N,MeOH,6-Br-Q|boronic-acid|None|Et3N|MeOH
well_f60d55536b60ac85,6-Br-Q,boronic-ester,dppf,CsF,THF,6-Br-Q|boronic-ester|dppf|CsF|THF
well_f60f921d67bc5760,6-OTf-Q,boronic-acid,CataCXium A,KOH,DMF,6-OTf-Q|boronic-acid|CataCXium A|KOH|DMF
well_f660b0c99ce1cedc,6-Br-Q,boronic-acid,SPhos,K3PO4,THF,6-Br-Q|boronic-acid|SPhos|K3PO4|THF
well_f661de20b463b399,6-BOH2-Q,aryl-bromide,None,Et3N,THF-v2,6-BOH2-Q|aryl-bromide|None|Et3N|THF-v2
well_f7129dcf8c6c60e0,6-OTf-Q,boronic-acid,SPhos,NaOH,MeOH,6-OTf-Q|boronic-acid|SPhos|NaOH|MeOH
well_f76ad83d3bbea394,6-I-Q,boronic-acid,P(Cy)3,LiOtBu,THF,6-I-Q|boronic-acid|P(Cy)3|LiOtBu|THF
well_f77453761e247b5d,6-OTf-Q,boronic-ester,SPhos,Et3N,MeCN,6-OTf-Q|boronic-ester|SPhos|Et3N|MeCN
well_f7a8e6397c3bb9de,6-BF3K-Q,aryl-bromide,SPhos,NaOH,MeOH,6-BF3K-Q|aryl-bromide|SPhos|NaOH|MeOH
well_f7a90d6a20a080bf,6-Br-Q,trifluoroborate,dppf,LiOtBu,MeOH,6-Br-Q|trifluoroborate|dppf|LiOtBu|MeOH
well_f7b34f129999895d,6-Br-Q,boronic-acid,CataCXium A,None,DMF,6-Br-Q|boronic-acid|CataCXium A|None|DMF
well_f7bca2e13f673ade,6-OTf-Q,trifluoroborate,P(o-Tol)3,KOH,MeOH,6-OTf-Q|trifluoroborate|P(o-Tol)3|KOH|MeOH
well_f7c4ad40be284597,6-Br-Q,boronic-ester,Xantphos,K3PO4,THF,6-Br-Q|boronic-ester|Xantphos|K3PO4|THF
well_f7f11ee4f95c80df,6-BOH2-Q,aryl-bromide,AmPhos,NaHCO3,MeCN,6-BOH2-Q|aryl-bromide|AmPhos|NaHCO3|MeCN
well_f7f3e736ca4d8f53,6-BPin-Q,aryl-bromide,Xantphos,K3PO4,DMF,6-BPin-Q|aryl-bromide|Xantphos|K3PO4|DMF
well_f80731ab379c8343,6-Br-Q,trifluoroborate,CataCXium A,NaOH,MeOH,6-Br-Q|trifluoroborate|CataCXium A|NaOH|MeOH
well_f81c2013784db93c,6-BPin-Q,aryl-bromide,P(tBu)3,KOH,DMF,6-BPin-Q|aryl-bromide|P(tBu)3|KOH|DMF
well_f840ca6898a26b93,6-BOH2-Q,aryl-bromide,None,K3PO4,DMF,6-BOH2-Q|aryl-bromide|None|K3PO4|DMF
well_f857b95f7ff21da6,6-Br-Q,trifluoroborate,P(o-Tol)3,LiOtBu,THF,6-Br-Q|trifluoroborate|P(o-Tol)3|LiOtBu|THF
well_f866f699fb6ec258,6-OTf-Q,boronic-acid,CataCXium A,Et3N,MeOH,6-OTf-Q|boronic-acid|CataCXium A|Et3N|MeOH
well_f87c87a5363db3a2,6-BOH2-Q,aryl-bromide,CataCXium A,K3PO4,MeOH-H2O-v2,6-BOH2-Q|aryl-bromide|CataCXium A|K3PO4|MeOH-H2O-v2
well_f89e0e98096608dd,6-OTf-Q,boronic-ester,None,LiOtBu,MeOH,6-OTf-Q|boronic-ester|None|LiOtBu|MeOH
well_f8de3d6df7bee921,6-OTf-Q,trifluoroborate,XPhos,NaOH,THF,6-OTf-Q|trifluoroborate|XPhos|NaOH|THF
well_f8f9f0b0782fd580,6-BPin-Q,aryl-bromide,CataCXium A,K3PO4,THF,6-BPin-Q|aryl-bromide|CataCXium A|K3PO4|THF
well_f8fcdc3ba64a1a25,6-BOH2-Q,aryl-bromide,P(Cy)3,Et3N,MeCN,6-BOH2-Q|aryl-bromide|P(Cy)3|Et3N|MeCN
well_f939128843f9a26c,6-BOH2-Q,aryl-bromide,SPhos,Et3N,MeCN,6-BOH2-Q|aryl-bromide|SPhos|Et3N|MeCN
well_f96be712355e0be2,6-BF3K-Q,aryl-bromide,AmPhos,NaHCO3,MeCN,6-BF3K-Q|aryl-bromide|AmPhos|NaHCO3|MeCN
well_f96db7cf381a7400,6-I-Q,trifluoroborate,dtbpf,K3PO4,MeOH,6-I-Q|trifluoroborate|dtbpf|K3PO4|MeOH
well_f9720c8d50d7bf83,6-I-Q,boronic-acid,CataCXium A,NaHCO3,THF,6-I-Q|boronic-acid|CataCXium A|NaHCO3|THF
well_f97307ca3c4fcc1d,6-OTf-Q,boronic-ester,P(o-Tol)3,None,MeCN,6-OTf-Q|boronic-ester|P(o-Tol)3|None|MeCN
well_f98c7ddbc02f163d,6-Br-Q,boronic-ester,CataCXium A,NaHCO3,MeOH,6-Br-Q|boronic-ester|CataCXium A|NaHCO3|MeOH
well_f9a6469e559e3890,6-Br-Q,boronic-acid,XPhos,None,DMF,6-Br-Q|boronic-acid|XPhos|None|DMF
well_f9e33e3c6607b815,6-Br-Q,boronic-ester,AmPhos,NaHCO3,MeCN,6-Br-Q|boronic-ester|AmPhos|NaHCO3|MeCN
well_f9fa9c332617797b,6-OTf-Q,boronic-ester,CataCXium A,NaOH,THF,6-OTf-Q|boronic-ester|CataCXium A|NaOH|THF
well_f9fe4b40b2095e47,6-BOH2-Q,aryl-bromide,CataCXium A,NaHCO3,MeOH-H2O-v2,6-BOH2-Q|aryl-bromide|CataCXium A|NaHCO3|MeOH-H2O-v2
well_fa090f1018e4f4cf,6-Br-Q,boronic-acid,P(Ph)3,NaHCO3,MeCN,6-Br-Q|boronic-acid|P(Ph)3|NaHCO3|MeCN
well_fa136e86d5dc6f82,6-Br-Q,boronic-acid,dppf,NaHCO3,MeCN,6-Br-Q|boronic-acid|dppf|NaHCO3|MeCN
well_fa1779acab95171e,6-OTf-Q,trifluoroborate,P(Cy)3,Et3N,MeCN,6-OTf-Q|trifluoroborate|P(Cy)3|Et3N|MeCN
well_fa3f13ff2f3fde17,6-Br-Q,trifluoroborate,Xantphos,K3PO4,MeOH,6-Br-Q|trifluoroborate|Xantphos|K3PO4|MeOH
well_fa40c4b6d5d36f49,6-OTf-Q,trifluoroborate,P(Ph)3,LiOtBu,MeOH,6-OTf-Q|trifluoroborate|P(Ph)3|LiOtBu|MeOH
well_fa56af7217997e55,6-OTf-Q,boronic-acid,P(Cy)3,NaHCO3,THF,6-OTf-Q|boronic-acid|P(Cy)3|NaHCO3|THF
well_fa600dd042c1604d,6-BPin-Q,aryl-bromide,SPhos,CsF,THF,6-BPin-Q|aryl-bromide|SPhos|CsF|THF
well_fa9d9d016ea3a018,6-OTf-Q,trifluoroborate,dtbpf,K3PO4,THF,6-OTf-Q|trifluoroborate|dtbpf|K3PO4|THF
well_fabe126206e15028,6-OTf-Q,trifluoroborate,CataCXium A,K3PO4,MeOH,6-OTf-Q|trifluoroborate|CataCXium A|K3PO4|MeOH
well_fac9d321ff15a611,6-OTf-Q,boronic-acid,SPhos,None,DMF,6-OTf-Q|boronic-acid|SPhos|None|DMF
well_fad0f6a0a43db4d2,6-Br-Q,boronic-acid,P(tBu)3,NaHCO3,THF,6-Br-Q|boronic-acid|P(tBu)3|NaHCO3|THF
well_fad4bffe82ae1e3f,6-Br-Q,boronic-ester,P(Ph)3,KOH,MeCN,6-Br-Q|boronic-ester|P(Ph)3|KOH|MeCN
well_fb070941db64f30b,6-I-Q,trifluoroborate,dppf,None,MeCN,6-I-Q|trifluoroborate|dppf|None|MeCN
well_fb1e71608044625d,6-Br-Q,boronic-acid,dppf,KOH,THF,6-Br-Q|boronic-acid|dppf|KOH|THF
well_fb2b79771c41cdbd,6-BOH2-Q,aryl-bromide,SPhos,CsF,MeOH-H2O-v2,6-BOH2-Q|aryl-bromide|SPhos|CsF|MeOH-H2O-v2
well_fb45d7b6436bec11,6-Br-Q,boronic-ester,None,NaOH,THF,6-Br-Q|boronic-ester|None|NaOH|THF
well_fb9470091f4d020a,6-BPin-Q,aryl-bromide,SPhos,LiOtBu,DMF,6-BPin-Q|aryl-bromide|SPhos|LiOtBu|DMF
well_fba55470648a85b8,6-I-Q,trifluoroborate,None,NaOH,MeOH,6-I-Q|trifluoroborate|None|NaOH|MeOH
well_fbce20cb95fa4606,6-I-Q,boronic-ester,Xantphos,CsF,DMF,6-I-Q|boronic-ester|Xantphos|CsF|DMF
well_fbd6853c40101a3e,6-I-Q,boronic-ester,AmPhos,KOH,MeCN,6-I-Q|boronic-ester|AmPhos|KOH|MeCN
well_fbdd60f9501558a7,6-Br-Q,boronic-acid,CataCXium A,NaHCO3,THF,6-Br-Q|boronic-acid|CataCXium A|NaHCO3|THF
well_fc4c088ef4e846b2,6-Br-Q,boronic-acid,XPhos,CsF,THF,6-Br-Q|boronic-acid|XPhos|CsF|THF
well_fc5b44eb785ff20c,6-BF3K-Q,aryl-bromide,dtbpf,CsF,THF,6-BF3K-Q|aryl-bromide|dtbpf|CsF|THF
well_fc7c3e6df9056fee,6-Br-Q,trifluoroborate,P(tBu)3,Et3N,DMF,6-Br-Q|trifluoroborate|P(tBu)3|Et3N|DMF
well_fc897ce8ee457d41,6-BPin-Q,aryl-bromide,P(o-Tol)3,KOH,MeOH,6-BPin-Q|aryl-bromide|P(o-Tol)3|KOH|MeOH
well_fcaee972a1c8be81,6-Br-Q,trifluoroborate,P(Cy)3,NaOH,MeOH,6-Br-Q|trifluoroborate|P(Cy)3|NaOH|MeOH
well_fce10fbaead3a6e5,6-I-Q,trifluoroborate,P(Cy)3,None,MeCN,6-I-Q|trifluoroborate|P(Cy)3|None|MeCN
well_fd096dc0d82e8e83,6-BOH2-Q,aryl-bromide,P(Cy)3,None,MeOH-H2O-v2,6-BOH2-Q|aryl-bromide|P(Cy)3|None|MeOH-H2O-v2
well_fd1a3b8be65ad1a6,6-BPin-Q,aryl-bromide,XPhos,NaOH,DMF,6-BPin-Q|aryl-bromide|XPhos|NaOH|DMF
well_fd29a73b10db37b1,6-BOH2-Q,aryl-bromide,None,Et3N,MeOH-H2O-v2,6-BOH2-Q|aryl-bromide|None|Et3N|MeOH-H2O-v2
well_fd2a299521548e87,6-OTf-Q,trifluoroborate,Xantphos,NaOH,DMF,6-OTf-Q|trifluoroborate|Xantphos|NaOH|DMF
well_fd38c7d9748dc352,6-Br-Q,trifluoroborate,Xantphos,LiOtBu,MeOH,6-Br-Q|trifluoroborate|Xantphos|LiOtBu|MeOH
well_fd4489b0c4de7e14,6-I-Q,boronic-ester,SPhos,LiOtBu,THF,6-I-Q|boronic-ester|SPhos|LiOtBu|THF
well_fd5205e6027590cb,6-I-Q,boronic-acid,Xantphos,None,THF,6-I-Q|boronic-acid|Xantphos|None|THF
well_fd5d55d85dd22708,6-BOH2-Q,aryl-bromide,P(Ph)3,Et3N,THF-v2,6-BOH2-Q|aryl-bromide|P(Ph)3|Et3N|THF-v2
well_fd63844260ae87f5,6-I-Q,boronic-ester,dppf,None,DMF,6-I-Q|boronic-ester|dppf|None|DMF
well_fdb4dbe385ac07fc,6-I-Q,trifluoroborate,CataCXium A,NaOH,MeOH,6-I-Q|trifluoroborate|CataCXium A|NaOH|MeOH
well_fdd8181fbf713273,6-I-Q,boronic-ester,Xantphos,NaOH,MeOH,6-I-Q|boronic-ester|Xantphos|NaOH|MeOH
well_fde5355e490326ea,6-Br-Q,trifluoroborate,dppf,NaHCO3,DMF,6-Br-Q|trifluoroborate|dppf|NaHCO3|DMF
well_fe1ebf42b0ffc351,6-BPin-Q,aryl-bromide,SPhos,CsF,MeOH,6-BPin-Q|aryl-bromide|SPhos|CsF|MeOH
well_fe27686aac454ee6,6-Br-Q,boronic-ester,P(o-Tol)3,CsF,MeCN,6-Br-Q|boronic-ester|P(o-Tol)3|CsF|MeCN
well_fe4db48db6dceed7,6-Br-Q,trifluoroborate,P(tBu)3,Et3N,THF,6-Br-Q|trifluoroborate|P(tBu)3|Et3N|THF
well_fe917a7575df7980,6-OTf-Q,trifluoroborate,P(Ph)3,CsF,DMF,6-OTf-Q|trifluoroborate|P(Ph)3|CsF|DMF
well_fe941cea6b18b98f,6-Br-Q,boronic-ester,P(o-Tol)3,NaOH,MeCN,6-Br-Q|boronic-ester|P(o-Tol)3|NaOH|MeCN
well_fe9bface31cd34a1,6-Br-Q,trifluoroborate,None,NaHCO3,MeOH,6-Br-Q|trifluoroborate|None|NaHCO3|MeOH
well_fe9f4138669831ba,6-Br-Q,boronic-ester,P(Cy)3,Et3N,MeCN,6-Br-Q|boronic-ester|P(Cy)3|Et3N|MeCN
well_feb45493c892e666,6-OTf-Q,trifluoroborate,P(o-Tol)3,None,DMF,6-OTf-Q|trifluoroborate|P(o-Tol)3|None|DMF
well_fec119c271768d81,6-BF3K-Q,aryl-bromide,SPhos,None,THF,6-BF3K-Q|aryl-bromide|SPhos|None|THF
well_fed815a823de76e2,6-Br-Q,trifluoroborate,AmPhos,Et3N,MeCN,6-Br-Q|trifluoroborate|AmPhos|Et3N|MeCN
well_fee13ce2622de1d8,6-OTf-Q,boronic-acid,SPhos,KOH,DMF,6-OTf-Q|boronic-acid|SPhos|KOH|DMF
well_ff629394d395f40b,6-I-Q,boronic-ester,CataCXium A,NaHCO3,MeOH,6-I-Q|boronic-ester|CataCXium A|NaHCO3|MeOH
well_ff6a226a1db01fde,6-BOH2-Q,aryl-bromide,P(tBu)3,NaOH,MeOH-H2O-v2,6-BOH2-Q|aryl-bromide|P(tBu)3|NaOH|MeOH-H2O-v2
well_ff6cc9352f608b60,6-Br-Q,trifluoroborate,P(Cy)3,CsF,DMF,6-Br-Q|trifluoroborate|P(Cy)3|CsF|DMF
well_ff98c93d4794bcff,6-BPin-Q,aryl-bromide,Xantphos,NaHCO3,DMF,6-BPin-Q|aryl-bromide|Xantphos|NaHCO3|DMF
well_ffa9f86ab46cd1ef,6-BOH2-Q,aryl-bromide,CataCXium A,K3PO4,THF-v2,6-BOH2-Q|aryl-bromide|CataCXium A|K3PO4|THF-v2
well_ffaaa423972fe97d,6-OTf-Q,trifluoroborate,P(tBu)3,CsF,MeCN,6-OTf-Q|trifluoroborate|P(tBu)3|CsF|MeCN
well_ffb53cbd34b33d31,6-BOH2-Q,aryl-bromide,XPhos,CsF,DMF,6-BOH2-Q|aryl-bromide|XPhos|CsF|DMF
well_ffbe2790e41c90c8,6-OTf-Q,boronic-ester,SPhos,NaHCO3,MeOH,6-OTf-Q|boronic-ester|SPhos|NaHCO3|MeOH
